x y solution
0 0 0
0.00787402 0 0
0.015748 0 0
0.023622 0 0
0.0314961 0 0
0.0393701 0 0
0.0472441 0 0
0.0551181 0 0
0.0629921 0 0
0.0708661 0 0
0.0787402 0 0
0.0866142 0 0
0.0944882 0 0
0.102362 0 0
0.110236 0 0
0.11811 0 0
0.125984 0 0
0.133858 0 0
0.141732 0 0
0.149606 0 0
0.15748 0 0
0.165354 0 0
0.173228 0 0
0.181102 0 0
0.188976 0 0
0.19685 0 0
0.204724 0 0
0.212598 0 0
0.220472 0 0
0.228346 0 0
0.23622 0 0
0.244094 0 0
0.251969 0 0
0.259843 0 0
0.267717 0 0
0.275591 0 0
0.283465 0 0
0.291339 0 0
0.299213 0 0
0.307087 0 0
0.314961 0 0
0.322835 0 0
0.330709 0 0
0.338583 0 0
0.346457 0 0
0.354331 0 0
0.362205 0 0
0.370079 0 0
0.377953 0 0
0.385827 0 0
0.393701 0 0
0.401575 0 0
0.409449 0 0
0.417323 0 0
0.425197 0 0
0.433071 0 0
0.440945 0 0
0.448819 0 0
0.456693 0 0
0.464567 0 0
0.472441 0 0
0.480315 0 0
0.488189 0 0
0.496063 0 0
0.503937 0 0
0.511811 0 0
0.519685 0 0
0.527559 0 0
0.535433 0 0
0.543307 0 0
0.551181 0 0
0.559055 0 0
0.566929 0 0
0.574803 0 0
0.582677 0 0
0.590551 0 0
0.598425 0 0
0.606299 0 0
0.614173 0 0
0.622047 0 0
0.629921 0 0
0.637795 0 0
0.645669 0 0
0.653543 0 0
0.661417 0 0
0.669291 0 0
0.677165 0 0
0.685039 0 0
0.692913 0 0
0.700787 0 0
0.708661 0 0
0.716535 0 0
0.724409 0 0
0.732283 0 0
0.740157 0 0
0.748031 0 0
0.755906 0 0
0.76378 0 0
0.771654 0 0
0.779528 0 0
0.787402 0 0
0.795276 0 0
0.80315 0 0
0.811024 0 0
0.818898 0 0
0.826772 0 0
0.834646 0 0
0.84252 0 0
0.850394 0 0
0.858268 0 0
0.866142 0 0
0.874016 0 0
0.88189 0 0
0.889764 0 0
0.897638 0 0
0.905512 0 0
0.913386 0 0
0.92126 0 0
0.929134 0 0
0.937008 0 0
0.944882 0 0
0.952756 0 0
0.96063 0 0
0.968504 0 0
0.976378 0 0
0.984252 0 0
0.992126 0 0
1 0 0
0 0.00787402 0
0.00787402 0.00787402 0.00244617
0.015748 0.00787402 0.00488635
0.023622 0.00787402 0.00731458
0.0314961 0.00787402 0.00972491
0.0393701 0.00787402 0.0121114
0.0472441 0.00787402 0.0144683
0.0551181 0.00787402 0.0167898
0.0629921 0.00787402 0.0190702
0.0708661 0.00787402 0.0213039
0.0787402 0.00787402 0.0234855
0.0866142 0.00787402 0.0256096
0.0944882 0.00787402 0.0276711
0.102362 0.00787402 0.0296648
0.110236 0.00787402 0.031586
0.11811 0.00787402 0.0334298
0.125984 0.00787402 0.0351918
0.133858 0.00787402 0.0368677
0.141732 0.00787402 0.0384534
0.149606 0.00787402 0.039945
0.15748 0.00787402 0.0413389
0.165354 0.00787402 0.0426315
0.173228 0.00787402 0.0438199
0.181102 0.00787402 0.044901
0.188976 0.00787402 0.0458722
0.19685 0.00787402 0.0467312
0.204724 0.00787402 0.0474758
0.212598 0.00787402 0.0481043
0.220472 0.00787402 0.048615
0.228346 0.00787402 0.0490067
0.23622 0.00787402 0.0492785
0.244094 0.00787402 0.0494298
0.251969 0.00787402 0.04946
0.259843 0.00787402 0.0493693
0.267717 0.00787402 0.0491577
0.275591 0.00787402 0.0488258
0.283465 0.00787402 0.0483744
0.291339 0.00787402 0.0478047
0.299213 0.00787402 0.0471179
0.307087 0.00787402 0.0463159
0.314961 0.00787402 0.0454005
0.322835 0.00787402 0.044374
0.330709 0.00787402 0.0432389
0.338583 0.00787402 0.0419981
0.346457 0.00787402 0.0406544
0.354331 0.00787402 0.0392112
0.362205 0.00787402 0.0376721
0.370079 0.00787402 0.0360408
0.377953 0.00787402 0.0343213
0.385827 0.00787402 0.0325178
0.393701 0.00787402 0.0306348
0.401575 0.00787402 0.0286767
0.409449 0.00787402 0.0266485
0.417323 0.00787402 0.0245551
0.425197 0.00787402 0.0224016
0.433071 0.00787402 0.0201933
0.440945 0.00787402 0.0179355
0.448819 0.00787402 0.0156339
0.456693 0.00787402 0.013294
0.464567 0.00787402 0.0109215
0.472441 0.00787402 0.00852237
0.480315 0.00787402 0.00610235
0.488189 0.00787402 0.0036674
0.496063 0.00787402 0.00122348
0.503937 0.00787402 -0.00122344
0.511811 0.00787402 -0.00366736
0.519685 0.00787402 -0.00610231
0.527559 0.00787402 -0.00852233
0.535433 0.00787402 -0.0109215
0.543307 0.00787402 -0.0132939
0.551181 0.00787402 -0.0156338
0.559055 0.00787402 -0.0179355
0.566929 0.00787402 -0.0201932
0.574803 0.00787402 -0.0224016
0.582677 0.00787402 -0.0245551
0.590551 0.00787402 -0.0266485
0.598425 0.00787402 -0.0286767
0.606299 0.00787402 -0.0306347
0.614173 0.00787402 -0.0325178
0.622047 0.00787402 -0.0343213
0.629921 0.00787402 -0.0360408
0.637795 0.00787402 -0.0376721
0.645669 0.00787402 -0.0392112
0.653543 0.00787402 -0.0406544
0.661417 0.00787402 -0.041998
0.669291 0.00787402 -0.0432389
0.677165 0.00787402 -0.044374
0.685039 0.00787402 -0.0454005
0.692913 0.00787402 -0.0463159
0.700787 0.00787402 -0.0471179
0.708661 0.00787402 -0.0478046
0.716535 0.00787402 -0.0483744
0.724409 0.00787402 -0.0488258
0.732283 0.00787402 -0.0491576
0.740157 0.00787402 -0.0493692
0.748031 0.00787402 -0.04946
0.755906 0.00787402 -0.0494297
0.76378 0.00787402 -0.0492785
0.771654 0.00787402 -0.0490067
0.779528 0.00787402 -0.048615
0.787402 0.00787402 -0.0481042
0.795276 0.00787402 -0.0474758
0.80315 0.00787402 -0.0467312
0.811024 0.00787402 -0.0458722
0.818898 0.00787402 -0.044901
0.826772 0.00787402 -0.0438199
0.834646 0.00787402 -0.0426315
0.84252 0.00787402 -0.0413388
0.850394 0.00787402 -0.039945
0.858268 0.00787402 -0.0384534
0.866142 0.00787402 -0.0368677
0.874016 0.00787402 -0.0351918
0.88189 0.00787402 -0.0334298
0.889764 0.00787402 -0.0315859
0.897638 0.00787402 -0.0296648
0.905512 0.00787402 -0.0276711
0.913386 0.00787402 -0.0256096
0.92126 0.00787402 -0.0234855
0.929134 0.00787402 -0.0213039
0.937008 0.00787402 -0.0190702
0.944882 0.00787402 -0.0167898
0.952756 0.00787402 -0.0144683
0.96063 0.00787402 -0.0121114
0.968504 0.00787402 -0.0097249
0.976378 0.00787402 -0.00731458
0.984252 0.00787402 -0.00488635
0.992126 0.00787402 -0.00244617
1 0.00787402 0
0 0.015748 0
0.00787402 0.015748 0.00488635
0.015748 0.015748 0.00976075
0.023622 0.015748 0.0146113
0.0314961 0.015748 0.019426
0.0393701 0.015748 0.0241932
0.0472441 0.015748 0.0289012
0.0551181 0.015748 0.0335385
0.0629921 0.015748 0.0380937
0.0708661 0.015748 0.0425557
0.0787402 0.015748 0.0469136
0.0866142 0.015748 0.0511566
0.0944882 0.015748 0.0552745
0.102362 0.015748 0.059257
0.110236 0.015748 0.0630946
0.11811 0.015748 0.0667778
0.125984 0.015748 0.0702975
0.133858 0.015748 0.0736453
0.141732 0.015748 0.0768128
0.149606 0.015748 0.0797923
0.15748 0.015748 0.0825766
0.165354 0.015748 0.0851588
0.173228 0.015748 0.0875325
0.181102 0.015748 0.0896921
0.188976 0.015748 0.0916322
0.19685 0.015748 0.0933481
0.204724 0.015748 0.0948355
0.212598 0.015748 0.0960908
0.220472 0.015748 0.097111
0.228346 0.015748 0.0978935
0.23622 0.015748 0.0984365
0.244094 0.015748 0.0987386
0.251969 0.015748 0.098799
0.259843 0.015748 0.0986177
0.267717 0.015748 0.0981951
0.275591 0.015748 0.0975321
0.283465 0.015748 0.0966305
0.291339 0.015748 0.0954924
0.299213 0.015748 0.0941206
0.307087 0.015748 0.0925185
0.314961 0.015748 0.0906899
0.322835 0.015748 0.0886395
0.330709 0.015748 0.0863721
0.338583 0.015748 0.0838933
0.346457 0.015748 0.0812093
0.354331 0.015748 0.0783265
0.362205 0.015748 0.0752521
0.370079 0.015748 0.0719935
0.377953 0.015748 0.0685587
0.385827 0.015748 0.0649561
0.393701 0.015748 0.0611946
0.401575 0.015748 0.0572833
0.409449 0.015748 0.0532318
0.417323 0.015748 0.0490501
0.425197 0.015748 0.0447484
0.433071 0.015748 0.0403371
0.440945 0.015748 0.0358271
0.448819 0.015748 0.0312295
0.456693 0.015748 0.0265554
0.464567 0.015748 0.0218163
0.472441 0.015748 0.0170239
0.480315 0.015748 0.0121898
0.488189 0.015748 0.00732583
0.496063 0.015748 0.00244396
0.503937 0.015748 -0.00244388
0.511811 0.015748 -0.00732575
0.519685 0.015748 -0.0121897
0.527559 0.015748 -0.0170238
0.535433 0.015748 -0.0218162
0.543307 0.015748 -0.0265553
0.551181 0.015748 -0.0312294
0.559055 0.015748 -0.035827
0.566929 0.015748 -0.040337
0.574803 0.015748 -0.0447483
0.582677 0.015748 -0.04905
0.590551 0.015748 -0.0532318
0.598425 0.015748 -0.0572832
0.606299 0.015748 -0.0611945
0.614173 0.015748 -0.064956
0.622047 0.015748 -0.0685586
0.629921 0.015748 -0.0719934
0.637795 0.015748 -0.075252
0.645669 0.015748 -0.0783264
0.653543 0.015748 -0.0812092
0.661417 0.015748 -0.0838933
0.669291 0.015748 -0.086372
0.677165 0.015748 -0.0886394
0.685039 0.015748 -0.0906899
0.692913 0.015748 -0.0925184
0.700787 0.015748 -0.0941205
0.708661 0.015748 -0.0954923
0.716535 0.015748 -0.0966304
0.724409 0.015748 -0.097532
0.732283 0.015748 -0.098195
0.740157 0.015748 -0.0986177
0.748031 0.015748 -0.098799
0.755906 0.015748 -0.0987385
0.76378 0.015748 -0.0984364
0.771654 0.015748 -0.0978935
0.779528 0.015748 -0.0971109
0.787402 0.015748 -0.0960908
0.795276 0.015748 -0.0948354
0.80315 0.015748 -0.093348
0.811024 0.015748 -0.0916322
0.818898 0.015748 -0.0896921
0.826772 0.015748 -0.0875325
0.834646 0.015748 -0.0851587
0.84252 0.015748 -0.0825765
0.850394 0.015748 -0.0797923
0.858268 0.015748 -0.0768127
0.866142 0.015748 -0.0736452
0.874016 0.015748 -0.0702975
0.88189 0.015748 -0.0667778
0.889764 0.015748 -0.0630946
0.897638 0.015748 -0.059257
0.905512 0.015748 -0.0552744
0.913386 0.015748 -0.0511566
0.92126 0.015748 -0.0469135
0.929134 0.015748 -0.0425557
0.937008 0.015748 -0.0380937
0.944882 0.015748 -0.0335385
0.952756 0.015748 -0.0289012
0.96063 0.015748 -0.0241932
0.968504 0.015748 -0.019426
0.976378 0.015748 -0.0146113
0.984252 0.015748 -0.00976075
0.992126 0.015748 -0.00488635
1 0.015748 0
0 0.023622 0
0.00787402 0.023622 0.00731458
0.015748 0.023622 0.0146113
0.023622 0.023622 0.0218722
0.0314961 0.023622 0.0290796
0.0393701 0.023622 0.0362158
0.0472441 0.023622 0.0432634
0.0551181 0.023622 0.0502052
0.0629921 0.023622 0.057024
0.0708661 0.023622 0.0637034
0.0787402 0.023622 0.0702268
0.0866142 0.023622 0.0765784
0.0944882 0.023622 0.0827426
0.102362 0.023622 0.0887043
0.110236 0.023622 0.0944489
0.11811 0.023622 0.0999624
0.125984 0.023622 0.105231
0.133858 0.023622 0.110243
0.141732 0.023622 0.114984
0.149606 0.023622 0.119444
0.15748 0.023622 0.123612
0.165354 0.023622 0.127478
0.173228 0.023622 0.131031
0.181102 0.023622 0.134264
0.188976 0.023622 0.137168
0.19685 0.023622 0.139736
0.204724 0.023622 0.141963
0.212598 0.023622 0.143842
0.220472 0.023622 0.145369
0.228346 0.023622 0.146541
0.23622 0.023622 0.147354
0.244094 0.023622 0.147806
0.251969 0.023622 0.147896
0.259843 0.023622 0.147625
0.267717 0.023622 0.146992
0.275591 0.023622 0.146
0.283465 0.023622 0.14465
0.291339 0.023622 0.142946
0.299213 0.023622 0.140893
0.307087 0.023622 0.138495
0.314961 0.023622 0.135757
0.322835 0.023622 0.132688
0.330709 0.023622 0.129294
0.338583 0.023622 0.125583
0.346457 0.023622 0.121565
0.354331 0.023622 0.11725
0.362205 0.023622 0.112648
0.370079 0.023622 0.10777
0.377953 0.023622 0.102628
0.385827 0.023622 0.0972354
0.393701 0.023622 0.0916046
0.401575 0.023622 0.0857497
0.409449 0.023622 0.0796849
0.417323 0.023622 0.0734251
0.425197 0.023622 0.0669856
0.433071 0.023622 0.0603822
0.440945 0.023622 0.0536311
0.448819 0.023622 0.0467486
0.456693 0.023622 0.0397518
0.464567 0.023622 0.0326577
0.472441 0.023622 0.0254837
0.480315 0.023622 0.0182474
0.488189 0.023622 0.0109663
0.496063 0.023622 0.00365847
0.503937 0.023622 -0.00365835
0.511811 0.023622 -0.0109662
0.519685 0.023622 -0.0182472
0.527559 0.023622 -0.0254836
0.535433 0.023622 -0.0326576
0.543307 0.023622 -0.0397517
0.551181 0.023622 -0.0467485
0.559055 0.023622 -0.0536309
0.566929 0.023622 -0.0603821
0.574803 0.023622 -0.0669855
0.582677 0.023622 -0.073425
0.590551 0.023622 -0.0796848
0.598425 0.023622 -0.0857496
0.606299 0.023622 -0.0916045
0.614173 0.023622 -0.0972353
0.622047 0.023622 -0.102628
0.629921 0.023622 -0.10777
0.637795 0.023622 -0.112648
0.645669 0.023622 -0.11725
0.653543 0.023622 -0.121565
0.661417 0.023622 -0.125583
0.669291 0.023622 -0.129294
0.677165 0.023622 -0.132688
0.685039 0.023622 -0.135757
0.692913 0.023622 -0.138495
0.700787 0.023622 -0.140893
0.708661 0.023622 -0.142946
0.716535 0.023622 -0.14465
0.724409 0.023622 -0.146
0.732283 0.023622 -0.146992
0.740157 0.023622 -0.147625
0.748031 0.023622 -0.147896
0.755906 0.023622 -0.147806
0.76378 0.023622 -0.147353
0.771654 0.023622 -0.146541
0.779528 0.023622 -0.145369
0.787402 0.023622 -0.143842
0.795276 0.023622 -0.141963
0.80315 0.023622 -0.139736
0.811024 0.023622 -0.137168
0.818898 0.023622 -0.134264
0.826772 0.023622 -0.131031
0.834646 0.023622 -0.127478
0.84252 0.023622 -0.123612
0.850394 0.023622 -0.119444
0.858268 0.023622 -0.114984
0.866142 0.023622 -0.110243
0.874016 0.023622 -0.105231
0.88189 0.023622 -0.0999623
0.889764 0.023622 -0.0944488
0.897638 0.023622 -0.0887042
0.905512 0.023622 -0.0827425
0.913386 0.023622 -0.0765784
0.92126 0.023622 -0.0702268
0.929134 0.023622 -0.0637033
0.937008 0.023622 -0.057024
0.944882 0.023622 -0.0502051
0.952756 0.023622 -0.0432634
0.96063 0.023622 -0.0362158
0.968504 0.023622 -0.0290796
0.976378 0.023622 -0.0218722
0.984252 0.023622 -0.0146113
0.992126 0.023622 -0.00731458
1 0.023622 0
0 0.0314961 0
0.00787402 0.0314961 0.00972491
0.015748 0.0314961 0.019426
0.023622 0.0314961 0.0290796
0.0314961 0.0314961 0.038662
0.0393701 0.0314961 0.0481498
0.0472441 0.0314961 0.0575197
0.0551181 0.0314961 0.0667489
0.0629921 0.0314961 0.0758148
0.0708661 0.0314961 0.0846951
0.0787402 0.0314961 0.0933682
0.0866142 0.0314961 0.101813
0.0944882 0.0314961 0.110008
0.102362 0.0314961 0.117934
0.110236 0.0314961 0.125572
0.11811 0.0314961 0.132902
0.125984 0.0314961 0.139907
0.133858 0.0314961 0.14657
0.141732 0.0314961 0.152874
0.149606 0.0314961 0.158804
0.15748 0.0314961 0.164345
0.165354 0.0314961 0.169484
0.173228 0.0314961 0.174209
0.181102 0.0314961 0.178507
0.188976 0.0314961 0.182368
0.19685 0.0314961 0.185783
0.204724 0.0314961 0.188743
0.212598 0.0314961 0.191242
0.220472 0.0314961 0.193272
0.228346 0.0314961 0.194829
0.23622 0.0314961 0.19591
0.244094 0.0314961 0.196511
0.251969 0.0314961 0.196632
0.259843 0.0314961 0.196271
0.267717 0.0314961 0.19543
0.275591 0.0314961 0.19411
0.283465 0.0314961 0.192316
0.291339 0.0314961 0.190051
0.299213 0.0314961 0.18732
0.307087 0.0314961 0.184132
0.314961 0.0314961 0.180493
0.322835 0.0314961 0.176412
0.330709 0.0314961 0.171899
0.338583 0.0314961 0.166966
0.346457 0.0314961 0.161624
0.354331 0.0314961 0.155887
0.362205 0.0314961 0.149768
0.370079 0.0314961 0.143283
0.377953 0.0314961 0.136447
0.385827 0.0314961 0.129277
0.393701 0.0314961 0.121791
0.401575 0.0314961 0.114006
0.409449 0.0314961 0.105943
0.417323 0.0314961 0.0976204
0.425197 0.0314961 0.089059
0.433071 0.0314961 0.0802796
0.440945 0.0314961 0.0713038
0.448819 0.0314961 0.0621534
0.456693 0.0314961 0.052851
0.464567 0.0314961 0.0434192
0.472441 0.0314961 0.0338812
0.480315 0.0314961 0.0242603
0.488189 0.0314961 0.01458
0.496063 0.0314961 0.00486402
0.503937 0.0314961 -0.00486386
0.511811 0.0314961 -0.0145798
0.519685 0.0314961 -0.0242601
0.527559 0.0314961 -0.0338811
0.535433 0.0314961 -0.0434191
0.543307 0.0314961 -0.0528508
0.551181 0.0314961 -0.0621533
0.559055 0.0314961 -0.0713036
0.566929 0.0314961 -0.0802794
0.574803 0.0314961 -0.0890588
0.582677 0.0314961 -0.0976202
0.590551 0.0314961 -0.105943
0.598425 0.0314961 -0.114006
0.606299 0.0314961 -0.12179
0.614173 0.0314961 -0.129277
0.622047 0.0314961 -0.136446
0.629921 0.0314961 -0.143282
0.637795 0.0314961 -0.149768
0.645669 0.0314961 -0.155887
0.653543 0.0314961 -0.161624
0.661417 0.0314961 -0.166966
0.669291 0.0314961 -0.171899
0.677165 0.0314961 -0.176412
0.685039 0.0314961 -0.180493
0.692913 0.0314961 -0.184132
0.700787 0.0314961 -0.18732
0.708661 0.0314961 -0.19005
0.716535 0.0314961 -0.192316
0.724409 0.0314961 -0.19411
0.732283 0.0314961 -0.195429
0.740157 0.0314961 -0.196271
0.748031 0.0314961 -0.196631
0.755906 0.0314961 -0.196511
0.76378 0.0314961 -0.19591
0.771654 0.0314961 -0.194829
0.779528 0.0314961 -0.193272
0.787402 0.0314961 -0.191241
0.795276 0.0314961 -0.188743
0.80315 0.0314961 -0.185783
0.811024 0.0314961 -0.182368
0.818898 0.0314961 -0.178507
0.826772 0.0314961 -0.174209
0.834646 0.0314961 -0.169484
0.84252 0.0314961 -0.164345
0.850394 0.0314961 -0.158804
0.858268 0.0314961 -0.152874
0.866142 0.0314961 -0.14657
0.874016 0.0314961 -0.139907
0.88189 0.0314961 -0.132902
0.889764 0.0314961 -0.125572
0.897638 0.0314961 -0.117934
0.905512 0.0314961 -0.110008
0.913386 0.0314961 -0.101813
0.92126 0.0314961 -0.0933681
0.929134 0.0314961 -0.0846951
0.937008 0.0314961 -0.0758148
0.944882 0.0314961 -0.0667489
0.952756 0.0314961 -0.0575197
0.96063 0.0314961 -0.0481498
0.968504 0.0314961 -0.038662
0.976378 0.0314961 -0.0290796
0.984252 0.0314961 -0.019426
0.992126 0.0314961 -0.0097249
1 0.0314961 0
0 0.0393701 0
0.00787402 0.0393701 0.0121114
0.015748 0.0393701 0.0241932
0.023622 0.0393701 0.0362158
0.0314961 0.0393701 0.0481498
0.0393701 0.0393701 0.0599659
0.0472441 0.0393701 0.0716353
0.0551181 0.0393701 0.0831294
0.0629921 0.0393701 0.09442
0.0708661 0.0393701 0.10548
0.0787402 0.0393701 0.116281
0.0866142 0.0393701 0.126798
0.0944882 0.0393701 0.137005
0.102362 0.0393701 0.146876
0.110236 0.0393701 0.156388
0.11811 0.0393701 0.165517
0.125984 0.0393701 0.174241
0.133858 0.0393701 0.182539
0.141732 0.0393701 0.19039
0.149606 0.0393701 0.197775
0.15748 0.0393701 0.204676
0.165354 0.0393701 0.211077
0.173228 0.0393701 0.21696
0.181102 0.0393701 0.222313
0.188976 0.0393701 0.227122
0.19685 0.0393701 0.231375
0.204724 0.0393701 0.235061
0.212598 0.0393701 0.238173
0.220472 0.0393701 0.240702
0.228346 0.0393701 0.242641
0.23622 0.0393701 0.243987
0.244094 0.0393701 0.244736
0.251969 0.0393701 0.244886
0.259843 0.0393701 0.244436
0.267717 0.0393701 0.243389
0.275591 0.0393701 0.241745
0.283465 0.0393701 0.239511
0.291339 0.0393701 0.23669
0.299213 0.0393701 0.23329
0.307087 0.0393701 0.229318
0.314961 0.0393701 0.224786
0.322835 0.0393701 0.219704
0.330709 0.0393701 0.214084
0.338583 0.0393701 0.20794
0.346457 0.0393701 0.201287
0.354331 0.0393701 0.194142
0.362205 0.0393701 0.186522
0.370079 0.0393701 0.178445
0.377953 0.0393701 0.169931
0.385827 0.0393701 0.161002
0.393701 0.0393701 0.151678
0.401575 0.0393701 0.141984
0.409449 0.0393701 0.131942
0.417323 0.0393701 0.121577
0.425197 0.0393701 0.110914
0.433071 0.0393701 0.0999805
0.440945 0.0393701 0.088802
0.448819 0.0393701 0.0774061
0.456693 0.0393701 0.0658208
0.464567 0.0393701 0.0540745
0.472441 0.0393701 0.0421958
0.480315 0.0393701 0.0302139
0.488189 0.0393701 0.018158
0.496063 0.0393701 0.00605767
0.503937 0.0393701 -0.00605747
0.511811 0.0393701 -0.0181578
0.519685 0.0393701 -0.0302137
0.527559 0.0393701 -0.0421956
0.535433 0.0393701 -0.0540743
0.543307 0.0393701 -0.0658206
0.551181 0.0393701 -0.0774059
0.559055 0.0393701 -0.0888018
0.566929 0.0393701 -0.0999803
0.574803 0.0393701 -0.110914
0.582677 0.0393701 -0.121577
0.590551 0.0393701 -0.131942
0.598425 0.0393701 -0.141984
0.606299 0.0393701 -0.151678
0.614173 0.0393701 -0.161002
0.622047 0.0393701 -0.169931
0.629921 0.0393701 -0.178445
0.637795 0.0393701 -0.186521
0.645669 0.0393701 -0.194142
0.653543 0.0393701 -0.201287
0.661417 0.0393701 -0.20794
0.669291 0.0393701 -0.214084
0.677165 0.0393701 -0.219704
0.685039 0.0393701 -0.224786
0.692913 0.0393701 -0.229318
0.700787 0.0393701 -0.233289
0.708661 0.0393701 -0.23669
0.716535 0.0393701 -0.23951
0.724409 0.0393701 -0.241745
0.732283 0.0393701 -0.243388
0.740157 0.0393701 -0.244436
0.748031 0.0393701 -0.244886
0.755906 0.0393701 -0.244736
0.76378 0.0393701 -0.243987
0.771654 0.0393701 -0.242641
0.779528 0.0393701 -0.240702
0.787402 0.0393701 -0.238173
0.795276 0.0393701 -0.235061
0.80315 0.0393701 -0.231375
0.811024 0.0393701 -0.227122
0.818898 0.0393701 -0.222313
0.826772 0.0393701 -0.21696
0.834646 0.0393701 -0.211076
0.84252 0.0393701 -0.204676
0.850394 0.0393701 -0.197775
0.858268 0.0393701 -0.19039
0.866142 0.0393701 -0.182539
0.874016 0.0393701 -0.174241
0.88189 0.0393701 -0.165517
0.889764 0.0393701 -0.156388
0.897638 0.0393701 -0.146876
0.905512 0.0393701 -0.137005
0.913386 0.0393701 -0.126798
0.92126 0.0393701 -0.116281
0.929134 0.0393701 -0.10548
0.937008 0.0393701 -0.09442
0.944882 0.0393701 -0.0831293
0.952756 0.0393701 -0.0716353
0.96063 0.0393701 -0.0599659
0.968504 0.0393701 -0.0481498
0.976378 0.0393701 -0.0362158
0.984252 0.0393701 -0.0241932
0.992126 0.0393701 -0.0121114
1 0.0393701 0
0 0.0472441 0
0.00787402 0.0472441 0.0144683
0.015748 0.0472441 0.0289012
0.023622 0.0472441 0.0432634
0.0314961 0.0472441 0.0575197
0.0393701 0.0472441 0.0716353
0.0472441 0.0472441 0.0855755
0.0551181 0.0472441 0.0993064
0.0629921 0.0472441 0.112794
0.0708661 0.0472441 0.126006
0.0787402 0.0472441 0.138909
0.0866142 0.0472441 0.151473
0.0944882 0.0472441 0.163666
0.102362 0.0472441 0.175458
0.110236 0.0472441 0.186821
0.11811 0.0472441 0.197727
0.125984 0.0472441 0.208149
0.133858 0.0472441 0.218061
0.141732 0.0472441 0.22744
0.149606 0.0472441 0.236262
0.15748 0.0472441 0.244506
0.165354 0.0472441 0.252152
0.173228 0.0472441 0.259181
0.181102 0.0472441 0.265575
0.188976 0.0472441 0.27132
0.19685 0.0472441 0.2764
0.204724 0.0472441 0.280805
0.212598 0.0472441 0.284522
0.220472 0.0472441 0.287542
0.228346 0.0472441 0.289859
0.23622 0.0472441 0.291467
0.244094 0.0472441 0.292361
0.251969 0.0472441 0.292541
0.259843 0.0472441 0.292004
0.267717 0.0472441 0.290752
0.275591 0.0472441 0.288789
0.283465 0.0472441 0.286119
0.291339 0.0472441 0.28275
0.299213 0.0472441 0.278688
0.307087 0.0472441 0.273944
0.314961 0.0472441 0.26853
0.322835 0.0472441 0.262458
0.330709 0.0472441 0.255745
0.338583 0.0472441 0.248405
0.346457 0.0472441 0.240458
0.354331 0.0472441 0.231922
0.362205 0.0472441 0.222819
0.370079 0.0472441 0.21317
0.377953 0.0472441 0.203
0.385827 0.0472441 0.192333
0.393701 0.0472441 0.181195
0.401575 0.0472441 0.169614
0.409449 0.0472441 0.157618
0.417323 0.0472441 0.145236
0.425197 0.0472441 0.132498
0.433071 0.0472441 0.119437
0.440945 0.0472441 0.106083
0.448819 0.0472441 0.0924694
0.456693 0.0472441 0.0786296
0.464567 0.0472441 0.0645974
0.472441 0.0472441 0.0504071
0.480315 0.0472441 0.0360935
0.488189 0.0472441 0.0216915
0.496063 0.0472441 0.00723649
0.503937 0.0472441 -0.00723625
0.511811 0.0472441 -0.0216913
0.519685 0.0472441 -0.0360932
0.527559 0.0472441 -0.0504069
0.535433 0.0472441 -0.0645971
0.543307 0.0472441 -0.0786293
0.551181 0.0472441 -0.0924691
0.559055 0.0472441 -0.106083
0.566929 0.0472441 -0.119436
0.574803 0.0472441 -0.132498
0.582677 0.0472441 -0.145235
0.590551 0.0472441 -0.157617
0.598425 0.0472441 -0.169614
0.606299 0.0472441 -0.181195
0.614173 0.0472441 -0.192333
0.622047 0.0472441 -0.203
0.629921 0.0472441 -0.21317
0.637795 0.0472441 -0.222819
0.645669 0.0472441 -0.231922
0.653543 0.0472441 -0.240458
0.661417 0.0472441 -0.248405
0.669291 0.0472441 -0.255745
0.677165 0.0472441 -0.262458
0.685039 0.0472441 -0.268529
0.692913 0.0472441 -0.273944
0.700787 0.0472441 -0.278688
0.708661 0.0472441 -0.282749
0.716535 0.0472441 -0.286119
0.724409 0.0472441 -0.288789
0.732283 0.0472441 -0.290752
0.740157 0.0472441 -0.292003
0.748031 0.0472441 -0.29254
0.755906 0.0472441 -0.292361
0.76378 0.0472441 -0.291467
0.771654 0.0472441 -0.289859
0.779528 0.0472441 -0.287542
0.787402 0.0472441 -0.284521
0.795276 0.0472441 -0.280804
0.80315 0.0472441 -0.2764
0.811024 0.0472441 -0.27132
0.818898 0.0472441 -0.265575
0.826772 0.0472441 -0.259181
0.834646 0.0472441 -0.252152
0.84252 0.0472441 -0.244506
0.850394 0.0472441 -0.236262
0.858268 0.0472441 -0.22744
0.866142 0.0472441 -0.218061
0.874016 0.0472441 -0.208148
0.88189 0.0472441 -0.197727
0.889764 0.0472441 -0.186821
0.897638 0.0472441 -0.175458
0.905512 0.0472441 -0.163666
0.913386 0.0472441 -0.151473
0.92126 0.0472441 -0.138909
0.929134 0.0472441 -0.126006
0.937008 0.0472441 -0.112794
0.944882 0.0472441 -0.0993063
0.952756 0.0472441 -0.0855755
0.96063 0.0472441 -0.0716353
0.968504 0.0472441 -0.0575197
0.976378 0.0472441 -0.0432634
0.984252 0.0472441 -0.0289012
0.992126 0.0472441 -0.0144683
1 0.0472441 0
0 0.0551181 0
0.00787402 0.0551181 0.0167898
0.015748 0.0551181 0.0335385
0.023622 0.0551181 0.0502052
0.0314961 0.0551181 0.0667489
0.0393701 0.0551181 0.0831294
0.0472441 0.0551181 0.0993064
0.0551181 0.0551181 0.11524
0.0629921 0.0551181 0.130892
0.0708661 0.0551181 0.146224
0.0787402 0.0551181 0.161198
0.0866142 0.0551181 0.175777
0.0944882 0.0551181 0.189926
0.102362 0.0551181 0.203611
0.110236 0.0551181 0.216797
0.11811 0.0551181 0.229452
0.125984 0.0551181 0.241547
0.133858 0.0551181 0.25305
0.141732 0.0551181 0.263933
0.149606 0.0551181 0.274171
0.15748 0.0551181 0.283738
0.165354 0.0551181 0.292611
0.173228 0.0551181 0.300767
0.181102 0.0551181 0.308188
0.188976 0.0551181 0.314854
0.19685 0.0551181 0.32075
0.204724 0.0551181 0.32586
0.212598 0.0551181 0.330174
0.220472 0.0551181 0.333679
0.228346 0.0551181 0.336368
0.23622 0.0551181 0.338234
0.244094 0.0551181 0.339272
0.251969 0.0551181 0.339479
0.259843 0.0551181 0.338856
0.267717 0.0551181 0.337404
0.275591 0.0551181 0.335126
0.283465 0.0551181 0.332028
0.291339 0.0551181 0.328117
0.299213 0.0551181 0.323404
0.307087 0.0551181 0.317899
0.314961 0.0551181 0.311616
0.322835 0.0551181 0.304571
0.330709 0.0551181 0.29678
0.338583 0.0551181 0.288263
0.346457 0.0551181 0.27904
0.354331 0.0551181 0.269135
0.362205 0.0551181 0.258571
0.370079 0.0551181 0.247374
0.377953 0.0551181 0.235572
0.385827 0.0551181 0.223193
0.393701 0.0551181 0.210268
0.401575 0.0551181 0.196829
0.409449 0.0551181 0.182908
0.417323 0.0551181 0.168539
0.425197 0.0551181 0.153758
0.433071 0.0551181 0.138601
0.440945 0.0551181 0.123104
0.448819 0.0551181 0.107306
0.456693 0.0551181 0.0912459
0.464567 0.0551181 0.0749622
0.472441 0.0551181 0.0584951
0.480315 0.0551181 0.0418848
0.488189 0.0551181 0.025172
0.496063 0.0551181 0.00839761
0.503937 0.0551181 -0.00839733
0.511811 0.0551181 -0.0251717
0.519685 0.0551181 -0.0418845
0.527559 0.0551181 -0.0584948
0.535433 0.0551181 -0.0749619
0.543307 0.0551181 -0.0912456
0.551181 0.0551181 -0.107306
0.559055 0.0551181 -0.123104
0.566929 0.0551181 -0.1386
0.574803 0.0551181 -0.153758
0.582677 0.0551181 -0.168539
0.590551 0.0551181 -0.182908
0.598425 0.0551181 -0.196829
0.606299 0.0551181 -0.210268
0.614173 0.0551181 -0.223193
0.622047 0.0551181 -0.235571
0.629921 0.0551181 -0.247374
0.637795 0.0551181 -0.25857
0.645669 0.0551181 -0.269134
0.653543 0.0551181 -0.27904
0.661417 0.0551181 -0.288262
0.669291 0.0551181 -0.296779
0.677165 0.0551181 -0.30457
0.685039 0.0551181 -0.311616
0.692913 0.0551181 -0.317899
0.700787 0.0551181 -0.323404
0.708661 0.0551181 -0.328117
0.716535 0.0551181 -0.332028
0.724409 0.0551181 -0.335126
0.732283 0.0551181 -0.337404
0.740157 0.0551181 -0.338856
0.748031 0.0551181 -0.339479
0.755906 0.0551181 -0.339272
0.76378 0.0551181 -0.338234
0.771654 0.0551181 -0.336368
0.779528 0.0551181 -0.333679
0.787402 0.0551181 -0.330174
0.795276 0.0551181 -0.32586
0.80315 0.0551181 -0.320749
0.811024 0.0551181 -0.314854
0.818898 0.0551181 -0.308187
0.826772 0.0551181 -0.300767
0.834646 0.0551181 -0.29261
0.84252 0.0551181 -0.283738
0.850394 0.0551181 -0.274171
0.858268 0.0551181 -0.263933
0.866142 0.0551181 -0.253049
0.874016 0.0551181 -0.241546
0.88189 0.0551181 -0.229452
0.889764 0.0551181 -0.216797
0.897638 0.0551181 -0.203611
0.905512 0.0551181 -0.189926
0.913386 0.0551181 -0.175777
0.92126 0.0551181 -0.161198
0.929134 0.0551181 -0.146224
0.937008 0.0551181 -0.130892
0.944882 0.0551181 -0.11524
0.952756 0.0551181 -0.0993063
0.96063 0.0551181 -0.0831293
0.968504 0.0551181 -0.0667489
0.976378 0.0551181 -0.0502051
0.984252 0.0551181 -0.0335385
0.992126 0.0551181 -0.0167898
1 0.0551181 0
0 0.0629921 0
0.00787402 0.0629921 0.0190702
0.015748 0.0629921 0.0380937
0.023622 0.0629921 0.057024
0.0314961 0.0629921 0.0758148
0.0393701 0.0629921 0.09442
0.0472441 0.0629921 0.112794
0.0551181 0.0629921 0.130892
0.0629921 0.0629921 0.14867
0.0708661 0.0629921 0.166084
0.0787402 0.0629921 0.183092
0.0866142 0.0629921 0.199651
0.0944882 0.0629921 0.215722
0.102362 0.0629921 0.231265
0.110236 0.0629921 0.246242
0.11811 0.0629921 0.260617
0.125984 0.0629921 0.274353
0.133858 0.0629921 0.287419
0.141732 0.0629921 0.299781
0.149606 0.0629921 0.311409
0.15748 0.0629921 0.322275
0.165354 0.0629921 0.332353
0.173228 0.0629921 0.341617
0.181102 0.0629921 0.350046
0.188976 0.0629921 0.357617
0.19685 0.0629921 0.364314
0.204724 0.0629921 0.370119
0.212598 0.0629921 0.375018
0.220472 0.0629921 0.379
0.228346 0.0629921 0.382054
0.23622 0.0629921 0.384173
0.244094 0.0629921 0.385352
0.251969 0.0629921 0.385588
0.259843 0.0629921 0.38488
0.267717 0.0629921 0.38323
0.275591 0.0629921 0.380643
0.283465 0.0629921 0.377124
0.291339 0.0629921 0.372682
0.299213 0.0629921 0.367329
0.307087 0.0629921 0.361076
0.314961 0.0629921 0.35394
0.322835 0.0629921 0.345937
0.330709 0.0629921 0.337088
0.338583 0.0629921 0.327414
0.346457 0.0629921 0.316939
0.354331 0.0629921 0.305689
0.362205 0.0629921 0.29369
0.370079 0.0629921 0.280972
0.377953 0.0629921 0.267567
0.385827 0.0629921 0.253507
0.393701 0.0629921 0.238827
0.401575 0.0629921 0.223562
0.409449 0.0629921 0.20775
0.417323 0.0629921 0.19143
0.425197 0.0629921 0.174642
0.433071 0.0629921 0.157425
0.440945 0.0629921 0.139824
0.448819 0.0629921 0.121881
0.456693 0.0629921 0.103639
0.464567 0.0629921 0.0851436
0.472441 0.0629921 0.0664399
0.480315 0.0629921 0.0475736
0.488189 0.0629921 0.0285909
0.496063 0.0629921 0.00953818
0.503937 0.0629921 -0.00953785
0.511811 0.0629921 -0.0285905
0.519685 0.0629921 -0.0475733
0.527559 0.0629921 -0.0664396
0.535433 0.0629921 -0.0851433
0.543307 0.0629921 -0.103639
0.551181 0.0629921 -0.12188
0.559055 0.0629921 -0.139824
0.566929 0.0629921 -0.157425
0.574803 0.0629921 -0.174641
0.582677 0.0629921 -0.19143
0.590551 0.0629921 -0.20775
0.598425 0.0629921 -0.223562
0.606299 0.0629921 -0.238827
0.614173 0.0629921 -0.253507
0.622047 0.0629921 -0.267567
0.629921 0.0629921 -0.280972
0.637795 0.0629921 -0.293689
0.645669 0.0629921 -0.305688
0.653543 0.0629921 -0.316939
0.661417 0.0629921 -0.327414
0.669291 0.0629921 -0.337088
0.677165 0.0629921 -0.345937
0.685039 0.0629921 -0.35394
0.692913 0.0629921 -0.361076
0.700787 0.0629921 -0.367328
0.708661 0.0629921 -0.372682
0.716535 0.0629921 -0.377124
0.724409 0.0629921 -0.380643
0.732283 0.0629921 -0.38323
0.740157 0.0629921 -0.38488
0.748031 0.0629921 -0.385587
0.755906 0.0629921 -0.385351
0.76378 0.0629921 -0.384172
0.771654 0.0629921 -0.382053
0.779528 0.0629921 -0.378999
0.787402 0.0629921 -0.375018
0.795276 0.0629921 -0.370119
0.80315 0.0629921 -0.364314
0.811024 0.0629921 -0.357617
0.818898 0.0629921 -0.350045
0.826772 0.0629921 -0.341617
0.834646 0.0629921 -0.332353
0.84252 0.0629921 -0.322275
0.850394 0.0629921 -0.311409
0.858268 0.0629921 -0.299781
0.866142 0.0629921 -0.287419
0.874016 0.0629921 -0.274353
0.88189 0.0629921 -0.260617
0.889764 0.0629921 -0.246242
0.897638 0.0629921 -0.231265
0.905512 0.0629921 -0.215722
0.913386 0.0629921 -0.199651
0.92126 0.0629921 -0.183092
0.929134 0.0629921 -0.166084
0.937008 0.0629921 -0.14867
0.944882 0.0629921 -0.130892
0.952756 0.0629921 -0.112794
0.96063 0.0629921 -0.09442
0.968504 0.0629921 -0.0758148
0.976378 0.0629921 -0.057024
0.984252 0.0629921 -0.0380937
0.992126 0.0629921 -0.0190702
1 0.0629921 0
0 0.0708661 0
0.00787402 0.0708661 0.0213039
0.015748 0.0708661 0.0425557
0.023622 0.0708661 0.0637034
0.0314961 0.0708661 0.0846951
0.0393701 0.0708661 0.10548
0.0472441 0.0708661 0.126006
0.0551181 0.0708661 0.146224
0.0629921 0.0708661 0.166084
0.0708661 0.0708661 0.185538
0.0787402 0.0708661 0.204538
0.0866142 0.0708661 0.223037
0.0944882 0.0708661 0.24099
0.102362 0.0708661 0.258354
0.110236 0.0708661 0.275085
0.11811 0.0708661 0.291143
0.125984 0.0708661 0.306489
0.133858 0.0708661 0.321085
0.141732 0.0708661 0.334895
0.149606 0.0708661 0.347885
0.15748 0.0708661 0.360024
0.165354 0.0708661 0.371282
0.173228 0.0708661 0.381632
0.181102 0.0708661 0.391047
0.188976 0.0708661 0.399506
0.19685 0.0708661 0.406987
0.204724 0.0708661 0.413472
0.212598 0.0708661 0.418945
0.220472 0.0708661 0.423392
0.228346 0.0708661 0.426804
0.23622 0.0708661 0.429172
0.244094 0.0708661 0.430489
0.251969 0.0708661 0.430752
0.259843 0.0708661 0.429962
0.267717 0.0708661 0.428119
0.275591 0.0708661 0.425228
0.283465 0.0708661 0.421297
0.291339 0.0708661 0.416335
0.299213 0.0708661 0.410355
0.307087 0.0708661 0.40337
0.314961 0.0708661 0.395397
0.322835 0.0708661 0.386458
0.330709 0.0708661 0.376572
0.338583 0.0708661 0.365765
0.346457 0.0708661 0.354063
0.354331 0.0708661 0.341494
0.362205 0.0708661 0.32809
0.370079 0.0708661 0.313883
0.377953 0.0708661 0.298908
0.385827 0.0708661 0.283201
0.393701 0.0708661 0.266801
0.401575 0.0708661 0.249748
0.409449 0.0708661 0.232085
0.417323 0.0708661 0.213853
0.425197 0.0708661 0.195098
0.433071 0.0708661 0.175865
0.440945 0.0708661 0.156202
0.448819 0.0708661 0.136157
0.456693 0.0708661 0.115778
0.464567 0.0708661 0.0951166
0.472441 0.0708661 0.0742221
0.480315 0.0708661 0.053146
0.488189 0.0708661 0.0319398
0.496063 0.0708661 0.0106554
0.503937 0.0708661 -0.010655
0.511811 0.0708661 -0.0319394
0.519685 0.0708661 -0.0531456
0.527559 0.0708661 -0.0742218
0.535433 0.0708661 -0.0951163
0.543307 0.0708661 -0.115778
0.551181 0.0708661 -0.136156
0.559055 0.0708661 -0.156202
0.566929 0.0708661 -0.175865
0.574803 0.0708661 -0.195097
0.582677 0.0708661 -0.213852
0.590551 0.0708661 -0.232084
0.598425 0.0708661 -0.249748
0.606299 0.0708661 -0.266801
0.614173 0.0708661 -0.283201
0.622047 0.0708661 -0.298907
0.629921 0.0708661 -0.313883
0.637795 0.0708661 -0.32809
0.645669 0.0708661 -0.341494
0.653543 0.0708661 -0.354063
0.661417 0.0708661 -0.365765
0.669291 0.0708661 -0.376572
0.677165 0.0708661 -0.386457
0.685039 0.0708661 -0.395397
0.692913 0.0708661 -0.403369
0.700787 0.0708661 -0.410354
0.708661 0.0708661 -0.416335
0.716535 0.0708661 -0.421297
0.724409 0.0708661 -0.425228
0.732283 0.0708661 -0.428119
0.740157 0.0708661 -0.429961
0.748031 0.0708661 -0.430752
0.755906 0.0708661 -0.430488
0.76378 0.0708661 -0.429171
0.771654 0.0708661 -0.426804
0.779528 0.0708661 -0.423392
0.787402 0.0708661 -0.418944
0.795276 0.0708661 -0.413471
0.80315 0.0708661 -0.406986
0.811024 0.0708661 -0.399505
0.818898 0.0708661 -0.391047
0.826772 0.0708661 -0.381631
0.834646 0.0708661 -0.371282
0.84252 0.0708661 -0.360024
0.850394 0.0708661 -0.347885
0.858268 0.0708661 -0.334894
0.866142 0.0708661 -0.321085
0.874016 0.0708661 -0.306489
0.88189 0.0708661 -0.291143
0.889764 0.0708661 -0.275085
0.897638 0.0708661 -0.258354
0.905512 0.0708661 -0.24099
0.913386 0.0708661 -0.223037
0.92126 0.0708661 -0.204538
0.929134 0.0708661 -0.185538
0.937008 0.0708661 -0.166084
0.944882 0.0708661 -0.146224
0.952756 0.0708661 -0.126006
0.96063 0.0708661 -0.10548
0.968504 0.0708661 -0.0846951
0.976378 0.0708661 -0.0637033
0.984252 0.0708661 -0.0425557
0.992126 0.0708661 -0.0213039
1 0.0708661 0
0 0.0787402 0
0.00787402 0.0787402 0.0234855
0.015748 0.0787402 0.0469136
0.023622 0.0787402 0.0702268
0.0314961 0.0787402 0.0933682
0.0393701 0.0787402 0.116281
0.0472441 0.0787402 0.138909
0.0551181 0.0787402 0.161198
0.0629921 0.0787402 0.183092
0.0708661 0.0787402 0.204538
0.0787402 0.0787402 0.225483
0.0866142 0.0787402 0.245876
0.0944882 0.0787402 0.265668
0.102362 0.0787402 0.28481
0.110236 0.0787402 0.303255
0.11811 0.0787402 0.320957
0.125984 0.0787402 0.337875
0.133858 0.0787402 0.353965
0.141732 0.0787402 0.369189
0.149606 0.0787402 0.38351
0.15748 0.0787402 0.396892
0.165354 0.0787402 0.409303
0.173228 0.0787402 0.420712
0.181102 0.0787402 0.431092
0.188976 0.0787402 0.440416
0.19685 0.0787402 0.448663
0.204724 0.0787402 0.455812
0.212598 0.0787402 0.461846
0.220472 0.0787402 0.466749
0.228346 0.0787402 0.47051
0.23622 0.0787402 0.47312
0.244094 0.0787402 0.474572
0.251969 0.0787402 0.474863
0.259843 0.0787402 0.473991
0.267717 0.0787402 0.47196
0.275591 0.0787402 0.468773
0.283465 0.0787402 0.46444
0.291339 0.0787402 0.45897
0.299213 0.0787402 0.452376
0.307087 0.0787402 0.444676
0.314961 0.0787402 0.435887
0.322835 0.0787402 0.426032
0.330709 0.0787402 0.415134
0.338583 0.0787402 0.403221
0.346457 0.0787402 0.39032
0.354331 0.0787402 0.376465
0.362205 0.0787402 0.361688
0.370079 0.0787402 0.346026
0.377953 0.0787402 0.329517
0.385827 0.0787402 0.312202
0.393701 0.0787402 0.294122
0.401575 0.0787402 0.275324
0.409449 0.0787402 0.255851
0.417323 0.0787402 0.235752
0.425197 0.0787402 0.215076
0.433071 0.0787402 0.193874
0.440945 0.0787402 0.172198
0.448819 0.0787402 0.1501
0.456693 0.0787402 0.127634
0.464567 0.0787402 0.104857
0.472441 0.0787402 0.0818227
0.480315 0.0787402 0.0585883
0.488189 0.0787402 0.0352105
0.496063 0.0787402 0.0117466
0.503937 0.0787402 -0.0117461
0.511811 0.0787402 -0.0352101
0.519685 0.0787402 -0.0585879
0.527559 0.0787402 -0.0818223
0.535433 0.0787402 -0.104856
0.543307 0.0787402 -0.127634
0.551181 0.0787402 -0.150099
0.559055 0.0787402 -0.172197
0.566929 0.0787402 -0.193874
0.574803 0.0787402 -0.215076
0.582677 0.0787402 -0.235752
0.590551 0.0787402 -0.25585
0.598425 0.0787402 -0.275323
0.606299 0.0787402 -0.294122
0.614173 0.0787402 -0.312201
0.622047 0.0787402 -0.329516
0.629921 0.0787402 -0.346025
0.637795 0.0787402 -0.361687
0.645669 0.0787402 -0.376464
0.653543 0.0787402 -0.39032
0.661417 0.0787402 -0.40322
0.669291 0.0787402 -0.415134
0.677165 0.0787402 -0.426032
0.685039 0.0787402 -0.435887
0.692913 0.0787402 -0.444676
0.700787 0.0787402 -0.452376
0.708661 0.0787402 -0.458969
0.716535 0.0787402 -0.464439
0.724409 0.0787402 -0.468773
0.732283 0.0787402 -0.471959
0.740157 0.0787402 -0.473991
0.748031 0.0787402 -0.474862
0.755906 0.0787402 -0.474572
0.76378 0.0787402 -0.47312
0.771654 0.0787402 -0.47051
0.779528 0.0787402 -0.466749
0.787402 0.0787402 -0.461846
0.795276 0.0787402 -0.455812
0.80315 0.0787402 -0.448663
0.811024 0.0787402 -0.440416
0.818898 0.0787402 -0.431091
0.826772 0.0787402 -0.420712
0.834646 0.0787402 -0.409302
0.84252 0.0787402 -0.396892
0.850394 0.0787402 -0.383509
0.858268 0.0787402 -0.369189
0.866142 0.0787402 -0.353965
0.874016 0.0787402 -0.337874
0.88189 0.0787402 -0.320957
0.889764 0.0787402 -0.303255
0.897638 0.0787402 -0.28481
0.905512 0.0787402 -0.265668
0.913386 0.0787402 -0.245876
0.92126 0.0787402 -0.225483
0.929134 0.0787402 -0.204538
0.937008 0.0787402 -0.183092
0.944882 0.0787402 -0.161198
0.952756 0.0787402 -0.138909
0.96063 0.0787402 -0.116281
0.968504 0.0787402 -0.0933681
0.976378 0.0787402 -0.0702268
0.984252 0.0787402 -0.0469135
0.992126 0.0787402 -0.0234855
1 0.0787402 0
0 0.0866142 0
0.00787402 0.0866142 0.0256096
0.015748 0.0866142 0.0511566
0.023622 0.0866142 0.0765784
0.0314961 0.0866142 0.101813
0.0393701 0.0866142 0.126798
0.0472441 0.0866142 0.151473
0.0551181 0.0866142 0.175777
0.0629921 0.0866142 0.199651
0.0708661 0.0866142 0.223037
0.0787402 0.0866142 0.245876
0.0866142 0.0866142 0.268114
0.0944882 0.0866142 0.289696
0.102362 0.0866142 0.310569
0.110236 0.0866142 0.330682
0.11811 0.0866142 0.349986
0.125984 0.0866142 0.368433
0.133858 0.0866142 0.385979
0.141732 0.0866142 0.40258
0.149606 0.0866142 0.418196
0.15748 0.0866142 0.432788
0.165354 0.0866142 0.446322
0.173228 0.0866142 0.458763
0.181102 0.0866142 0.470081
0.188976 0.0866142 0.480249
0.19685 0.0866142 0.489242
0.204724 0.0866142 0.497038
0.212598 0.0866142 0.503617
0.220472 0.0866142 0.508964
0.228346 0.0866142 0.513065
0.23622 0.0866142 0.515911
0.244094 0.0866142 0.517494
0.251969 0.0866142 0.517811
0.259843 0.0866142 0.516861
0.267717 0.0866142 0.514646
0.275591 0.0866142 0.511171
0.283465 0.0866142 0.506445
0.291339 0.0866142 0.500481
0.299213 0.0866142 0.493291
0.307087 0.0866142 0.484894
0.314961 0.0866142 0.475311
0.322835 0.0866142 0.464564
0.330709 0.0866142 0.452681
0.338583 0.0866142 0.439689
0.346457 0.0866142 0.425622
0.354331 0.0866142 0.410513
0.362205 0.0866142 0.3944
0.370079 0.0866142 0.377322
0.377953 0.0866142 0.35932
0.385827 0.0866142 0.340438
0.393701 0.0866142 0.320724
0.401575 0.0866142 0.300225
0.409449 0.0866142 0.278991
0.417323 0.0866142 0.257074
0.425197 0.0866142 0.234529
0.433071 0.0866142 0.211409
0.440945 0.0866142 0.187772
0.448819 0.0866142 0.163675
0.456693 0.0866142 0.139178
0.464567 0.0866142 0.114341
0.472441 0.0866142 0.0892231
0.480315 0.0866142 0.0638872
0.488189 0.0866142 0.0383951
0.496063 0.0866142 0.012809
0.503937 0.0866142 -0.0128085
0.511811 0.0866142 -0.0383946
0.519685 0.0866142 -0.0638868
0.527559 0.0866142 -0.0892226
0.535433 0.0866142 -0.11434
0.543307 0.0866142 -0.139178
0.551181 0.0866142 -0.163675
0.559055 0.0866142 -0.187771
0.566929 0.0866142 -0.211408
0.574803 0.0866142 -0.234528
0.582677 0.0866142 -0.257074
0.590551 0.0866142 -0.278991
0.598425 0.0866142 -0.300224
0.606299 0.0866142 -0.320724
0.614173 0.0866142 -0.340438
0.622047 0.0866142 -0.359319
0.629921 0.0866142 -0.377321
0.637795 0.0866142 -0.3944
0.645669 0.0866142 -0.410513
0.653543 0.0866142 -0.425622
0.661417 0.0866142 -0.439689
0.669291 0.0866142 -0.45268
0.677165 0.0866142 -0.464564
0.685039 0.0866142 -0.47531
0.692913 0.0866142 -0.484894
0.700787 0.0866142 -0.493291
0.708661 0.0866142 -0.50048
0.716535 0.0866142 -0.506445
0.724409 0.0866142 -0.511171
0.732283 0.0866142 -0.514645
0.740157 0.0866142 -0.51686
0.748031 0.0866142 -0.517811
0.755906 0.0866142 -0.517494
0.76378 0.0866142 -0.515911
0.771654 0.0866142 -0.513065
0.779528 0.0866142 -0.508964
0.787402 0.0866142 -0.503617
0.795276 0.0866142 -0.497037
0.80315 0.0866142 -0.489242
0.811024 0.0866142 -0.480249
0.818898 0.0866142 -0.470081
0.826772 0.0866142 -0.458762
0.834646 0.0866142 -0.446321
0.84252 0.0866142 -0.432788
0.850394 0.0866142 -0.418196
0.858268 0.0866142 -0.40258
0.866142 0.0866142 -0.385979
0.874016 0.0866142 -0.368433
0.88189 0.0866142 -0.349986
0.889764 0.0866142 -0.330682
0.897638 0.0866142 -0.310569
0.905512 0.0866142 -0.289696
0.913386 0.0866142 -0.268114
0.92126 0.0866142 -0.245876
0.929134 0.0866142 -0.223037
0.937008 0.0866142 -0.199651
0.944882 0.0866142 -0.175777
0.952756 0.0866142 -0.151473
0.96063 0.0866142 -0.126798
0.968504 0.0866142 -0.101813
0.976378 0.0866142 -0.0765784
0.984252 0.0866142 -0.0511566
0.992126 0.0866142 -0.0256096
1 0.0866142 0
0 0.0944882 0
0.00787402 0.0944882 0.0276711
0.015748 0.0944882 0.0552745
0.023622 0.0944882 0.0827426
0.0314961 0.0944882 0.110008
0.0393701 0.0944882 0.137005
0.0472441 0.0944882 0.163666
0.0551181 0.0944882 0.189926
0.0629921 0.0944882 0.215722
0.0708661 0.0944882 0.24099
0.0787402 0.0944882 0.265668
0.0866142 0.0944882 0.289696
0.0944882 0.0944882 0.313015
0.102362 0.0944882 0.335569
0.110236 0.0944882 0.357301
0.11811 0.0944882 0.378158
0.125984 0.0944882 0.39809
0.133858 0.0944882 0.417048
0.141732 0.0944882 0.434986
0.149606 0.0944882 0.451858
0.15748 0.0944882 0.467625
0.165354 0.0944882 0.482248
0.173228 0.0944882 0.495691
0.181102 0.0944882 0.50792
0.188976 0.0944882 0.518907
0.19685 0.0944882 0.528624
0.204724 0.0944882 0.537047
0.212598 0.0944882 0.544156
0.220472 0.0944882 0.549933
0.228346 0.0944882 0.554364
0.23622 0.0944882 0.557439
0.244094 0.0944882 0.55915
0.251969 0.0944882 0.559492
0.259843 0.0944882 0.558465
0.267717 0.0944882 0.556072
0.275591 0.0944882 0.552318
0.283465 0.0944882 0.547212
0.291339 0.0944882 0.540767
0.299213 0.0944882 0.532998
0.307087 0.0944882 0.523926
0.314961 0.0944882 0.513571
0.322835 0.0944882 0.501959
0.330709 0.0944882 0.489119
0.338583 0.0944882 0.475082
0.346457 0.0944882 0.459883
0.354331 0.0944882 0.443558
0.362205 0.0944882 0.426147
0.370079 0.0944882 0.407694
0.377953 0.0944882 0.388243
0.385827 0.0944882 0.367842
0.393701 0.0944882 0.346541
0.401575 0.0944882 0.324391
0.409449 0.0944882 0.301448
0.417323 0.0944882 0.277767
0.425197 0.0944882 0.253407
0.433071 0.0944882 0.228426
0.440945 0.0944882 0.202887
0.448819 0.0944882 0.17685
0.456693 0.0944882 0.150381
0.464567 0.0944882 0.123544
0.472441 0.0944882 0.0964051
0.480315 0.0944882 0.0690299
0.488189 0.0944882 0.0414857
0.496063 0.0944882 0.01384
0.503937 0.0944882 -0.0138395
0.511811 0.0944882 -0.0414852
0.519685 0.0944882 -0.0690294
0.527559 0.0944882 -0.0964046
0.535433 0.0944882 -0.123544
0.543307 0.0944882 -0.150381
0.551181 0.0944882 -0.17685
0.559055 0.0944882 -0.202886
0.566929 0.0944882 -0.228426
0.574803 0.0944882 -0.253406
0.582677 0.0944882 -0.277767
0.590551 0.0944882 -0.301448
0.598425 0.0944882 -0.324391
0.606299 0.0944882 -0.34654
0.614173 0.0944882 -0.367842
0.622047 0.0944882 -0.388243
0.629921 0.0944882 -0.407694
0.637795 0.0944882 -0.426147
0.645669 0.0944882 -0.443557
0.653543 0.0944882 -0.459882
0.661417 0.0944882 -0.475082
0.669291 0.0944882 -0.489119
0.677165 0.0944882 -0.501959
0.685039 0.0944882 -0.51357
0.692913 0.0944882 -0.523925
0.700787 0.0944882 -0.532998
0.708661 0.0944882 -0.540766
0.716535 0.0944882 -0.547211
0.724409 0.0944882 -0.552317
0.732283 0.0944882 -0.556072
0.740157 0.0944882 -0.558465
0.748031 0.0944882 -0.559492
0.755906 0.0944882 -0.55915
0.76378 0.0944882 -0.557439
0.771654 0.0944882 -0.554364
0.779528 0.0944882 -0.549933
0.787402 0.0944882 -0.544155
0.795276 0.0944882 -0.537047
0.80315 0.0944882 -0.528623
0.811024 0.0944882 -0.518907
0.818898 0.0944882 -0.50792
0.826772 0.0944882 -0.495691
0.834646 0.0944882 -0.482248
0.84252 0.0944882 -0.467625
0.850394 0.0944882 -0.451858
0.858268 0.0944882 -0.434985
0.866142 0.0944882 -0.417048
0.874016 0.0944882 -0.39809
0.88189 0.0944882 -0.378158
0.889764 0.0944882 -0.3573
0.897638 0.0944882 -0.335568
0.905512 0.0944882 -0.313015
0.913386 0.0944882 -0.289696
0.92126 0.0944882 -0.265668
0.929134 0.0944882 -0.24099
0.937008 0.0944882 -0.215722
0.944882 0.0944882 -0.189926
0.952756 0.0944882 -0.163666
0.96063 0.0944882 -0.137005
0.968504 0.0944882 -0.110008
0.976378 0.0944882 -0.0827425
0.984252 0.0944882 -0.0552744
0.992126 0.0944882 -0.0276711
1 0.0944882 0
0 0.102362 0
0.00787402 0.102362 0.0296648
0.015748 0.102362 0.059257
0.023622 0.102362 0.0887043
0.0314961 0.102362 0.117934
0.0393701 0.102362 0.146876
0.0472441 0.102362 0.175458
0.0551181 0.102362 0.203611
0.0629921 0.102362 0.231265
0.0708661 0.102362 0.258354
0.0787402 0.102362 0.28481
0.0866142 0.102362 0.310569
0.0944882 0.102362 0.335569
0.102362 0.102362 0.359747
0.110236 0.102362 0.383044
0.11811 0.102362 0.405405
0.125984 0.102362 0.426773
0.133858 0.102362 0.447097
0.141732 0.102362 0.466327
0.149606 0.102362 0.484415
0.15748 0.102362 0.501318
0.165354 0.102362 0.516995
0.173228 0.102362 0.531406
0.181102 0.102362 0.544517
0.188976 0.102362 0.556295
0.19685 0.102362 0.566712
0.204724 0.102362 0.575742
0.212598 0.102362 0.583363
0.220472 0.102362 0.589556
0.228346 0.102362 0.594307
0.23622 0.102362 0.597603
0.244094 0.102362 0.599437
0.251969 0.102362 0.599804
0.259843 0.102362 0.598703
0.267717 0.102362 0.596138
0.275591 0.102362 0.592113
0.283465 0.102362 0.586639
0.291339 0.102362 0.57973
0.299213 0.102362 0.571402
0.307087 0.102362 0.561675
0.314961 0.102362 0.550574
0.322835 0.102362 0.538126
0.330709 0.102362 0.524361
0.338583 0.102362 0.509313
0.346457 0.102362 0.493018
0.354331 0.102362 0.475517
0.362205 0.102362 0.456852
0.370079 0.102362 0.437069
0.377953 0.102362 0.416216
0.385827 0.102362 0.394345
0.393701 0.102362 0.371509
0.401575 0.102362 0.347764
0.409449 0.102362 0.323168
0.417323 0.102362 0.297781
0.425197 0.102362 0.271665
0.433071 0.102362 0.244885
0.440945 0.102362 0.217505
0.448819 0.102362 0.189593
0.456693 0.102362 0.161217
0.464567 0.102362 0.132446
0.472441 0.102362 0.103351
0.480315 0.102362 0.0740035
0.488189 0.102362 0.0444748
0.496063 0.102362 0.0148372
0.503937 0.102362 -0.0148367
0.511811 0.102362 -0.0444743
0.519685 0.102362 -0.074003
0.527559 0.102362 -0.103351
0.535433 0.102362 -0.132445
0.543307 0.102362 -0.161216
0.551181 0.102362 -0.189592
0.559055 0.102362 -0.217504
0.566929 0.102362 -0.244884
0.574803 0.102362 -0.271665
0.582677 0.102362 -0.29778
0.590551 0.102362 -0.323168
0.598425 0.102362 -0.347764
0.606299 0.102362 -0.371509
0.614173 0.102362 -0.394345
0.622047 0.102362 -0.416216
0.629921 0.102362 -0.437068
0.637795 0.102362 -0.456851
0.645669 0.102362 -0.475516
0.653543 0.102362 -0.493017
0.661417 0.102362 -0.509312
0.669291 0.102362 -0.52436
0.677165 0.102362 -0.538126
0.685039 0.102362 -0.550574
0.692913 0.102362 -0.561675
0.700787 0.102362 -0.571401
0.708661 0.102362 -0.579729
0.716535 0.102362 -0.586639
0.724409 0.102362 -0.592112
0.732283 0.102362 -0.596137
0.740157 0.102362 -0.598703
0.748031 0.102362 -0.599804
0.755906 0.102362 -0.599437
0.76378 0.102362 -0.597603
0.771654 0.102362 -0.594307
0.779528 0.102362 -0.589556
0.787402 0.102362 -0.583362
0.795276 0.102362 -0.575741
0.80315 0.102362 -0.566711
0.811024 0.102362 -0.556295
0.818898 0.102362 -0.544516
0.826772 0.102362 -0.531406
0.834646 0.102362 -0.516994
0.84252 0.102362 -0.501318
0.850394 0.102362 -0.484415
0.858268 0.102362 -0.466326
0.866142 0.102362 -0.447097
0.874016 0.102362 -0.426773
0.88189 0.102362 -0.405405
0.889764 0.102362 -0.383044
0.897638 0.102362 -0.359747
0.905512 0.102362 -0.335568
0.913386 0.102362 -0.310569
0.92126 0.102362 -0.28481
0.929134 0.102362 -0.258354
0.937008 0.102362 -0.231265
0.944882 0.102362 -0.203611
0.952756 0.102362 -0.175458
0.96063 0.102362 -0.146876
0.968504 0.102362 -0.117934
0.976378 0.102362 -0.0887042
0.984252 0.102362 -0.059257
0.992126 0.102362 -0.0296648
1 0.102362 0
0 0.110236 0
0.00787402 0.110236 0.031586
0.015748 0.110236 0.0630946
0.023622 0.110236 0.0944489
0.0314961 0.110236 0.125572
0.0393701 0.110236 0.156388
0.0472441 0.110236 0.186821
0.0551181 0.110236 0.216797
0.0629921 0.110236 0.246242
0.0708661 0.110236 0.275085
0.0787402 0.110236 0.303255
0.0866142 0.110236 0.330682
0.0944882 0.110236 0.357301
0.102362 0.110236 0.383044
0.110236 0.110236 0.407851
0.11811 0.110236 0.431659
0.125984 0.110236 0.454412
0.133858 0.110236 0.476052
0.141732 0.110236 0.496527
0.149606 0.110236 0.515787
0.15748 0.110236 0.533785
0.165354 0.110236 0.550476
0.173228 0.110236 0.565821
0.181102 0.110236 0.57978
0.188976 0.110236 0.592321
0.19685 0.110236 0.603413
0.204724 0.110236 0.613028
0.212598 0.110236 0.621142
0.220472 0.110236 0.627737
0.228346 0.110236 0.632795
0.23622 0.110236 0.636305
0.244094 0.110236 0.638258
0.251969 0.110236 0.638649
0.259843 0.110236 0.637476
0.267717 0.110236 0.634744
0.275591 0.110236 0.630459
0.283465 0.110236 0.624631
0.291339 0.110236 0.617274
0.299213 0.110236 0.608406
0.307087 0.110236 0.59805
0.314961 0.110236 0.58623
0.322835 0.110236 0.572976
0.330709 0.110236 0.558319
0.338583 0.110236 0.542296
0.346457 0.110236 0.524946
0.354331 0.110236 0.506312
0.362205 0.110236 0.486438
0.370079 0.110236 0.465374
0.377953 0.110236 0.443171
0.385827 0.110236 0.419884
0.393701 0.110236 0.395569
0.401575 0.110236 0.370286
0.409449 0.110236 0.344097
0.417323 0.110236 0.317066
0.425197 0.110236 0.289259
0.433071 0.110236 0.260744
0.440945 0.110236 0.231591
0.448819 0.110236 0.201871
0.456693 0.110236 0.171657
0.464567 0.110236 0.141023
0.472441 0.110236 0.110044
0.480315 0.110236 0.0787961
0.488189 0.110236 0.047355
0.496063 0.110236 0.0157981
0.503937 0.110236 -0.0157975
0.511811 0.110236 -0.0473545
0.519685 0.110236 -0.0787956
0.527559 0.110236 -0.110044
0.535433 0.110236 -0.141023
0.543307 0.110236 -0.171657
0.551181 0.110236 -0.20187
0.559055 0.110236 -0.23159
0.566929 0.110236 -0.260743
0.574803 0.110236 -0.289258
0.582677 0.110236 -0.317065
0.590551 0.110236 -0.344096
0.598425 0.110236 -0.370285
0.606299 0.110236 -0.395568
0.614173 0.110236 -0.419883
0.622047 0.110236 -0.443171
0.629921 0.110236 -0.465374
0.637795 0.110236 -0.486438
0.645669 0.110236 -0.506311
0.653543 0.110236 -0.524946
0.661417 0.110236 -0.542296
0.669291 0.110236 -0.558319
0.677165 0.110236 -0.572975
0.685039 0.110236 -0.58623
0.692913 0.110236 -0.59805
0.700787 0.110236 -0.608406
0.708661 0.110236 -0.617273
0.716535 0.110236 -0.62463
0.724409 0.110236 -0.630458
0.732283 0.110236 -0.634744
0.740157 0.110236 -0.637476
0.748031 0.110236 -0.638648
0.755906 0.110236 -0.638257
0.76378 0.110236 -0.636305
0.771654 0.110236 -0.632795
0.779528 0.110236 -0.627736
0.787402 0.110236 -0.621142
0.795276 0.110236 -0.613027
0.80315 0.110236 -0.603412
0.811024 0.110236 -0.592321
0.818898 0.110236 -0.57978
0.826772 0.110236 -0.56582
0.834646 0.110236 -0.550476
0.84252 0.110236 -0.533784
0.850394 0.110236 -0.515786
0.858268 0.110236 -0.496526
0.866142 0.110236 -0.476051
0.874016 0.110236 -0.454411
0.88189 0.110236 -0.431659
0.889764 0.110236 -0.407851
0.897638 0.110236 -0.383044
0.905512 0.110236 -0.3573
0.913386 0.110236 -0.330682
0.92126 0.110236 -0.303255
0.929134 0.110236 -0.275085
0.937008 0.110236 -0.246242
0.944882 0.110236 -0.216797
0.952756 0.110236 -0.186821
0.96063 0.110236 -0.156388
0.968504 0.110236 -0.125572
0.976378 0.110236 -0.0944488
0.984252 0.110236 -0.0630946
0.992126 0.110236 -0.0315859
1 0.110236 0
0 0.11811 0
0.00787402 0.11811 0.0334298
0.015748 0.11811 0.0667778
0.023622 0.11811 0.0999624
0.0314961 0.11811 0.132902
0.0393701 0.11811 0.165517
0.0472441 0.11811 0.197727
0.0551181 0.11811 0.229452
0.0629921 0.11811 0.260617
0.0708661 0.11811 0.291143
0.0787402 0.11811 0.320957
0.0866142 0.11811 0.349986
0.0944882 0.11811 0.378158
0.102362 0.11811 0.405405
0.110236 0.11811 0.431659
0.11811 0.11811 0.456858
0.125984 0.11811 0.480938
0.133858 0.11811 0.503841
0.141732 0.11811 0.525512
0.149606 0.11811 0.545896
0.15748 0.11811 0.564944
0.165354 0.11811 0.58261
0.173228 0.11811 0.598851
0.181102 0.11811 0.613625
0.188976 0.11811 0.626898
0.19685 0.11811 0.638637
0.204724 0.11811 0.648813
0.212598 0.11811 0.657402
0.220472 0.11811 0.664381
0.228346 0.11811 0.669735
0.23622 0.11811 0.67345
0.244094 0.11811 0.675516
0.251969 0.11811 0.67593
0.259843 0.11811 0.674689
0.267717 0.11811 0.671798
0.275591 0.11811 0.667262
0.283465 0.11811 0.661094
0.291339 0.11811 0.653307
0.299213 0.11811 0.643922
0.307087 0.11811 0.632961
0.314961 0.11811 0.620452
0.322835 0.11811 0.606423
0.330709 0.11811 0.590911
0.338583 0.11811 0.573953
0.346457 0.11811 0.55559
0.354331 0.11811 0.535868
0.362205 0.11811 0.514834
0.370079 0.11811 0.49254
0.377953 0.11811 0.469041
0.385827 0.11811 0.444395
0.393701 0.11811 0.41866
0.401575 0.11811 0.391902
0.409449 0.11811 0.364184
0.417323 0.11811 0.335575
0.425197 0.11811 0.306144
0.433071 0.11811 0.275965
0.440945 0.11811 0.24511
0.448819 0.11811 0.213655
0.456693 0.11811 0.181678
0.464567 0.11811 0.149256
0.472441 0.11811 0.116468
0.480315 0.11811 0.0833959
0.488189 0.11811 0.0501194
0.496063 0.11811 0.0167203
0.503937 0.11811 -0.0167197
0.511811 0.11811 -0.0501188
0.519685 0.11811 -0.0833953
0.527559 0.11811 -0.116468
0.535433 0.11811 -0.149255
0.543307 0.11811 -0.181677
0.551181 0.11811 -0.213655
0.559055 0.11811 -0.245109
0.566929 0.11811 -0.275964
0.574803 0.11811 -0.306144
0.582677 0.11811 -0.335574
0.590551 0.11811 -0.364183
0.598425 0.11811 -0.391901
0.606299 0.11811 -0.41866
0.614173 0.11811 -0.444394
0.622047 0.11811 -0.469041
0.629921 0.11811 -0.49254
0.637795 0.11811 -0.514834
0.645669 0.11811 -0.535867
0.653543 0.11811 -0.55559
0.661417 0.11811 -0.573953
0.669291 0.11811 -0.590911
0.677165 0.11811 -0.606423
0.685039 0.11811 -0.620451
0.692913 0.11811 -0.632961
0.700787 0.11811 -0.643922
0.708661 0.11811 -0.653307
0.716535 0.11811 -0.661093
0.724409 0.11811 -0.667262
0.732283 0.11811 -0.671797
0.740157 0.11811 -0.674689
0.748031 0.11811 -0.675929
0.755906 0.11811 -0.675516
0.76378 0.11811 -0.673449
0.771654 0.11811 -0.669734
0.779528 0.11811 -0.664381
0.787402 0.11811 -0.657401
0.795276 0.11811 -0.648813
0.80315 0.11811 -0.638637
0.811024 0.11811 -0.626898
0.818898 0.11811 -0.613625
0.826772 0.11811 -0.59885
0.834646 0.11811 -0.58261
0.84252 0.11811 -0.564944
0.850394 0.11811 -0.545896
0.858268 0.11811 -0.525511
0.866142 0.11811 -0.503841
0.874016 0.11811 -0.480938
0.88189 0.11811 -0.456857
0.889764 0.11811 -0.431659
0.897638 0.11811 -0.405405
0.905512 0.11811 -0.378158
0.913386 0.11811 -0.349986
0.92126 0.11811 -0.320957
0.929134 0.11811 -0.291143
0.937008 0.11811 -0.260617
0.944882 0.11811 -0.229452
0.952756 0.11811 -0.197727
0.96063 0.11811 -0.165517
0.968504 0.11811 -0.132902
0.976378 0.11811 -0.0999623
0.984252 0.11811 -0.0667778
0.992126 0.11811 -0.0334298
1 0.11811 0
0 0.125984 0
0.00787402 0.125984 0.0351918
0.015748 0.125984 0.0702975
0.023622 0.125984 0.105231
0.0314961 0.125984 0.139907
0.0393701 0.125984 0.174241
0.0472441 0.125984 0.208149
0.0551181 0.125984 0.241547
0.0629921 0.125984 0.274353
0.0708661 0.125984 0.306489
0.0787402 0.125984 0.337875
0.0866142 0.125984 0.368433
0.0944882 0.125984 0.39809
0.102362 0.125984 0.426773
0.110236 0.125984 0.454412
0.11811 0.125984 0.480938
0.125984 0.125984 0.506287
0.133858 0.125984 0.530398
0.141732 0.125984 0.553211
0.149606 0.125984 0.574669
0.15748 0.125984 0.594722
0.165354 0.125984 0.613319
0.173228 0.125984 0.630415
0.181102 0.125984 0.645968
0.188976 0.125984 0.659941
0.19685 0.125984 0.672299
0.204724 0.125984 0.683011
0.212598 0.125984 0.692052
0.220472 0.125984 0.6994
0.228346 0.125984 0.705036
0.23622 0.125984 0.708946
0.244094 0.125984 0.711122
0.251969 0.125984 0.711557
0.259843 0.125984 0.710251
0.267717 0.125984 0.707207
0.275591 0.125984 0.702433
0.283465 0.125984 0.695939
0.291339 0.125984 0.687742
0.299213 0.125984 0.677862
0.307087 0.125984 0.666324
0.314961 0.125984 0.653155
0.322835 0.125984 0.638387
0.330709 0.125984 0.622057
0.338583 0.125984 0.604205
0.346457 0.125984 0.584875
0.354331 0.125984 0.564113
0.362205 0.125984 0.54197
0.370079 0.125984 0.518502
0.377953 0.125984 0.493764
0.385827 0.125984 0.467818
0.393701 0.125984 0.440727
0.401575 0.125984 0.412558
0.409449 0.125984 0.383379
0.417323 0.125984 0.353262
0.425197 0.125984 0.322281
0.433071 0.125984 0.29051
0.440945 0.125984 0.258029
0.448819 0.125984 0.224917
0.456693 0.125984 0.191254
0.464567 0.125984 0.157123
0.472441 0.125984 0.122607
0.480315 0.125984 0.0877915
0.488189 0.125984 0.0527611
0.496063 0.125984 0.0176016
0.503937 0.125984 -0.017601
0.511811 0.125984 -0.0527605
0.519685 0.125984 -0.0877909
0.527559 0.125984 -0.122606
0.535433 0.125984 -0.157122
0.543307 0.125984 -0.191253
0.551181 0.125984 -0.224916
0.559055 0.125984 -0.258029
0.566929 0.125984 -0.29051
0.574803 0.125984 -0.32228
0.582677 0.125984 -0.353262
0.590551 0.125984 -0.383379
0.598425 0.125984 -0.412557
0.606299 0.125984 -0.440727
0.614173 0.125984 -0.467817
0.622047 0.125984 -0.493763
0.629921 0.125984 -0.518501
0.637795 0.125984 -0.54197
0.645669 0.125984 -0.564112
0.653543 0.125984 -0.584874
0.661417 0.125984 -0.604205
0.669291 0.125984 -0.622057
0.677165 0.125984 -0.638387
0.685039 0.125984 -0.653154
0.692913 0.125984 -0.666323
0.700787 0.125984 -0.677862
0.708661 0.125984 -0.687742
0.716535 0.125984 -0.695938
0.724409 0.125984 -0.702432
0.732283 0.125984 -0.707207
0.740157 0.125984 -0.710251
0.748031 0.125984 -0.711557
0.755906 0.125984 -0.711121
0.76378 0.125984 -0.708946
0.771654 0.125984 -0.705035
0.779528 0.125984 -0.699399
0.787402 0.125984 -0.692052
0.795276 0.125984 -0.683011
0.80315 0.125984 -0.672298
0.811024 0.125984 -0.659941
0.818898 0.125984 -0.645968
0.826772 0.125984 -0.630415
0.834646 0.125984 -0.613319
0.84252 0.125984 -0.594721
0.850394 0.125984 -0.574669
0.858268 0.125984 -0.55321
0.866142 0.125984 -0.530398
0.874016 0.125984 -0.506287
0.88189 0.125984 -0.480938
0.889764 0.125984 -0.454411
0.897638 0.125984 -0.426773
0.905512 0.125984 -0.39809
0.913386 0.125984 -0.368433
0.92126 0.125984 -0.337874
0.929134 0.125984 -0.306489
0.937008 0.125984 -0.274353
0.944882 0.125984 -0.241546
0.952756 0.125984 -0.208148
0.96063 0.125984 -0.174241
0.968504 0.125984 -0.139907
0.976378 0.125984 -0.105231
0.984252 0.125984 -0.0702975
0.992126 0.125984 -0.0351918
1 0.125984 0
0 0.133858 0
0.00787402 0.133858 0.0368677
0.015748 0.133858 0.0736453
0.023622 0.133858 0.110243
0.0314961 0.133858 0.14657
0.0393701 0.133858 0.182539
0.0472441 0.133858 0.218061
0.0551181 0.133858 0.25305
0.0629921 0.133858 0.287419
0.0708661 0.133858 0.321085
0.0787402 0.133858 0.353965
0.0866142 0.133858 0.385979
0.0944882 0.133858 0.417048
0.102362 0.133858 0.447097
0.110236 0.133858 0.476052
0.11811 0.133858 0.503841
0.125984 0.133858 0.530398
0.133858 0.133858 0.555657
0.141732 0.133858 0.579556
0.149606 0.133858 0.602036
0.15748 0.133858 0.623044
0.165354 0.133858 0.642526
0.173228 0.133858 0.660437
0.181102 0.133858 0.676731
0.188976 0.133858 0.691369
0.19685 0.133858 0.704315
0.204724 0.133858 0.715538
0.212598 0.133858 0.725009
0.220472 0.133858 0.732707
0.228346 0.133858 0.738611
0.23622 0.133858 0.742708
0.244094 0.133858 0.744987
0.251969 0.133858 0.745443
0.259843 0.133858 0.744075
0.267717 0.133858 0.740886
0.275591 0.133858 0.735884
0.283465 0.133858 0.729081
0.291339 0.133858 0.720494
0.299213 0.133858 0.710144
0.307087 0.133858 0.698056
0.314961 0.133858 0.684259
0.322835 0.133858 0.668789
0.330709 0.133858 0.651681
0.338583 0.133858 0.632979
0.346457 0.133858 0.612728
0.354331 0.133858 0.590977
0.362205 0.133858 0.56778
0.370079 0.133858 0.543194
0.377953 0.133858 0.517278
0.385827 0.133858 0.490097
0.393701 0.133858 0.461716
0.401575 0.133858 0.432205
0.409449 0.133858 0.401637
0.417323 0.133858 0.370085
0.425197 0.133858 0.337628
0.433071 0.133858 0.304345
0.440945 0.133858 0.270317
0.448819 0.133858 0.235628
0.456693 0.133858 0.200362
0.464567 0.133858 0.164605
0.472441 0.133858 0.128446
0.480315 0.133858 0.0919724
0.488189 0.133858 0.0552737
0.496063 0.133858 0.0184398
0.503937 0.133858 -0.0184392
0.511811 0.133858 -0.0552731
0.519685 0.133858 -0.0919717
0.527559 0.133858 -0.128445
0.535433 0.133858 -0.164605
0.543307 0.133858 -0.200361
0.551181 0.133858 -0.235627
0.559055 0.133858 -0.270317
0.566929 0.133858 -0.304344
0.574803 0.133858 -0.337628
0.582677 0.133858 -0.370085
0.590551 0.133858 -0.401636
0.598425 0.133858 -0.432204
0.606299 0.133858 -0.461715
0.614173 0.133858 -0.490096
0.622047 0.133858 -0.517277
0.629921 0.133858 -0.543193
0.637795 0.133858 -0.567779
0.645669 0.133858 -0.590976
0.653543 0.133858 -0.612727
0.661417 0.133858 -0.632978
0.669291 0.133858 -0.651681
0.677165 0.133858 -0.668788
0.685039 0.133858 -0.684259
0.692913 0.133858 -0.698055
0.700787 0.133858 -0.710143
0.708661 0.133858 -0.720493
0.716535 0.133858 -0.729081
0.724409 0.133858 -0.735883
0.732283 0.133858 -0.740885
0.740157 0.133858 -0.744074
0.748031 0.133858 -0.745443
0.755906 0.133858 -0.744986
0.76378 0.133858 -0.742707
0.771654 0.133858 -0.73861
0.779528 0.133858 -0.732706
0.787402 0.133858 -0.725009
0.795276 0.133858 -0.715537
0.80315 0.133858 -0.704315
0.811024 0.133858 -0.691369
0.818898 0.133858 -0.676731
0.826772 0.133858 -0.660436
0.834646 0.133858 -0.642526
0.84252 0.133858 -0.623043
0.850394 0.133858 -0.602036
0.858268 0.133858 -0.579555
0.866142 0.133858 -0.555656
0.874016 0.133858 -0.530398
0.88189 0.133858 -0.503841
0.889764 0.133858 -0.476051
0.897638 0.133858 -0.447097
0.905512 0.133858 -0.417048
0.913386 0.133858 -0.385979
0.92126 0.133858 -0.353965
0.929134 0.133858 -0.321085
0.937008 0.133858 -0.287419
0.944882 0.133858 -0.253049
0.952756 0.133858 -0.218061
0.96063 0.133858 -0.182539
0.968504 0.133858 -0.14657
0.976378 0.133858 -0.110243
0.984252 0.133858 -0.0736452
0.992126 0.133858 -0.0368677
1 0.133858 0
0 0.141732 0
0.00787402 0.141732 0.0384534
0.015748 0.141732 0.0768128
0.023622 0.141732 0.114984
0.0314961 0.141732 0.152874
0.0393701 0.141732 0.19039
0.0472441 0.141732 0.22744
0.0551181 0.141732 0.263933
0.0629921 0.141732 0.299781
0.0708661 0.141732 0.334895
0.0787402 0.141732 0.369189
0.0866142 0.141732 0.40258
0.0944882 0.141732 0.434986
0.102362 0.141732 0.466327
0.110236 0.141732 0.496527
0.11811 0.141732 0.525512
0.125984 0.141732 0.553211
0.133858 0.141732 0.579556
0.141732 0.141732 0.604483
0.149606 0.141732 0.62793
0.15748 0.141732 0.649841
0.165354 0.141732 0.670162
0.173228 0.141732 0.688842
0.181102 0.141732 0.705837
0.188976 0.141732 0.721105
0.19685 0.141732 0.734608
0.204724 0.141732 0.746313
0.212598 0.141732 0.756192
0.220472 0.141732 0.764221
0.228346 0.141732 0.770379
0.23622 0.141732 0.774652
0.244094 0.141732 0.777029
0.251969 0.141732 0.777505
0.259843 0.141732 0.776078
0.267717 0.141732 0.772752
0.275591 0.141732 0.767534
0.283465 0.141732 0.760439
0.291339 0.141732 0.751483
0.299213 0.141732 0.740687
0.307087 0.141732 0.728079
0.314961 0.141732 0.71369
0.322835 0.141732 0.697553
0.330709 0.141732 0.67971
0.338583 0.141732 0.660203
0.346457 0.141732 0.639081
0.354331 0.141732 0.616395
0.362205 0.141732 0.5922
0.370079 0.141732 0.566557
0.377953 0.141732 0.539526
0.385827 0.141732 0.511176
0.393701 0.141732 0.481574
0.401575 0.141732 0.450794
0.409449 0.141732 0.418911
0.417323 0.141732 0.386003
0.425197 0.141732 0.35215
0.433071 0.141732 0.317435
0.440945 0.141732 0.281944
0.448819 0.141732 0.245762
0.456693 0.141732 0.208979
0.464567 0.141732 0.171685
0.472441 0.141732 0.13397
0.480315 0.141732 0.0959281
0.488189 0.141732 0.0576511
0.496063 0.141732 0.019233
0.503937 0.141732 -0.0192322
0.511811 0.141732 -0.0576504
0.519685 0.141732 -0.0959274
0.527559 0.141732 -0.13397
0.535433 0.141732 -0.171684
0.543307 0.141732 -0.208978
0.551181 0.141732 -0.245761
0.559055 0.141732 -0.281943
0.566929 0.141732 -0.317434
0.574803 0.141732 -0.352149
0.582677 0.141732 -0.386002
0.590551 0.141732 -0.41891
0.598425 0.141732 -0.450794
0.606299 0.141732 -0.481574
0.614173 0.141732 -0.511175
0.622047 0.141732 -0.539526
0.629921 0.141732 -0.566556
0.637795 0.141732 -0.5922
0.645669 0.141732 -0.616394
0.653543 0.141732 -0.639081
0.661417 0.141732 -0.660203
0.669291 0.141732 -0.679709
0.677165 0.141732 -0.697553
0.685039 0.141732 -0.713689
0.692913 0.141732 -0.728079
0.700787 0.141732 -0.740687
0.708661 0.141732 -0.751482
0.716535 0.141732 -0.760438
0.724409 0.141732 -0.767534
0.732283 0.141732 -0.772751
0.740157 0.141732 -0.776077
0.748031 0.141732 -0.777504
0.755906 0.141732 -0.777028
0.76378 0.141732 -0.774651
0.771654 0.141732 -0.770378
0.779528 0.141732 -0.76422
0.787402 0.141732 -0.756192
0.795276 0.141732 -0.746313
0.80315 0.141732 -0.734608
0.811024 0.141732 -0.721105
0.818898 0.141732 -0.705837
0.826772 0.141732 -0.688842
0.834646 0.141732 -0.670161
0.84252 0.141732 -0.649841
0.850394 0.141732 -0.62793
0.858268 0.141732 -0.604482
0.866142 0.141732 -0.579555
0.874016 0.141732 -0.55321
0.88189 0.141732 -0.525511
0.889764 0.141732 -0.496526
0.897638 0.141732 -0.466326
0.905512 0.141732 -0.434985
0.913386 0.141732 -0.40258
0.92126 0.141732 -0.369189
0.929134 0.141732 -0.334894
0.937008 0.141732 -0.299781
0.944882 0.141732 -0.263933
0.952756 0.141732 -0.22744
0.96063 0.141732 -0.19039
0.968504 0.141732 -0.152874
0.976378 0.141732 -0.114984
0.984252 0.141732 -0.0768127
0.992126 0.141732 -0.0384534
1 0.141732 0
0 0.149606 0
0.00787402 0.149606 0.039945
0.015748 0.149606 0.0797923
0.023622 0.149606 0.119444
0.0314961 0.149606 0.158804
0.0393701 0.149606 0.197775
0.0472441 0.149606 0.236262
0.0551181 0.149606 0.274171
0.0629921 0.149606 0.311409
0.0708661 0.149606 0.347885
0.0787402 0.149606 0.38351
0.0866142 0.149606 0.418196
0.0944882 0.149606 0.451858
0.102362 0.149606 0.484415
0.110236 0.149606 0.515787
0.11811 0.149606 0.545896
0.125984 0.149606 0.574669
0.133858 0.149606 0.602036
0.141732 0.149606 0.62793
0.149606 0.149606 0.652287
0.15748 0.149606 0.675048
0.165354 0.149606 0.696157
0.173228 0.149606 0.715562
0.181102 0.149606 0.733216
0.188976 0.149606 0.749076
0.19685 0.149606 0.763103
0.204724 0.149606 0.775262
0.212598 0.149606 0.785524
0.220472 0.149606 0.793864
0.228346 0.149606 0.800261
0.23622 0.149606 0.8047
0.244094 0.149606 0.80717
0.251969 0.149606 0.807664
0.259843 0.149606 0.806181
0.267717 0.149606 0.802726
0.275591 0.149606 0.797307
0.283465 0.149606 0.789936
0.291339 0.149606 0.780632
0.299213 0.149606 0.769418
0.307087 0.149606 0.756321
0.314961 0.149606 0.741373
0.322835 0.149606 0.724611
0.330709 0.149606 0.706076
0.338583 0.149606 0.685812
0.346457 0.149606 0.663871
0.354331 0.149606 0.640305
0.362205 0.149606 0.615172
0.370079 0.149606 0.588533
0.377953 0.149606 0.560454
0.385827 0.149606 0.531004
0.393701 0.149606 0.500254
0.401575 0.149606 0.46828
0.409449 0.149606 0.43516
0.417323 0.149606 0.400976
0.425197 0.149606 0.36581
0.433071 0.149606 0.329748
0.440945 0.149606 0.29288
0.448819 0.149606 0.255295
0.456693 0.149606 0.217085
0.464567 0.149606 0.178344
0.472441 0.149606 0.139167
0.480315 0.149606 0.0996491
0.488189 0.149606 0.0598873
0.496063 0.149606 0.019979
0.503937 0.149606 -0.0199783
0.511811 0.149606 -0.0598866
0.519685 0.149606 -0.0996484
0.527559 0.149606 -0.139166
0.535433 0.149606 -0.178344
0.543307 0.149606 -0.217085
0.551181 0.149606 -0.255294
0.559055 0.149606 -0.292879
0.566929 0.149606 -0.329748
0.574803 0.149606 -0.365809
0.582677 0.149606 -0.400975
0.590551 0.149606 -0.43516
0.598425 0.149606 -0.46828
0.606299 0.149606 -0.500254
0.614173 0.149606 -0.531003
0.622047 0.149606 -0.560454
0.629921 0.149606 -0.588532
0.637795 0.149606 -0.615171
0.645669 0.149606 -0.640304
0.653543 0.149606 -0.66387
0.661417 0.149606 -0.685812
0.669291 0.149606 -0.706075
0.677165 0.149606 -0.72461
0.685039 0.149606 -0.741373
0.692913 0.149606 -0.75632
0.700787 0.149606 -0.769418
0.708661 0.149606 -0.780632
0.716535 0.149606 -0.789935
0.724409 0.149606 -0.797306
0.732283 0.149606 -0.802726
0.740157 0.149606 -0.806181
0.748031 0.149606 -0.807663
0.755906 0.149606 -0.807169
0.76378 0.149606 -0.8047
0.771654 0.149606 -0.800261
0.779528 0.149606 -0.793864
0.787402 0.149606 -0.785524
0.795276 0.149606 -0.775262
0.80315 0.149606 -0.763103
0.811024 0.149606 -0.749076
0.818898 0.149606 -0.733216
0.826772 0.149606 -0.715562
0.834646 0.149606 -0.696157
0.84252 0.149606 -0.675048
0.850394 0.149606 -0.652287
0.858268 0.149606 -0.62793
0.866142 0.149606 -0.602036
0.874016 0.149606 -0.574669
0.88189 0.149606 -0.545896
0.889764 0.149606 -0.515786
0.897638 0.149606 -0.484415
0.905512 0.149606 -0.451858
0.913386 0.149606 -0.418196
0.92126 0.149606 -0.383509
0.929134 0.149606 -0.347885
0.937008 0.149606 -0.311409
0.944882 0.149606 -0.274171
0.952756 0.149606 -0.236262
0.96063 0.149606 -0.197775
0.968504 0.149606 -0.158804
0.976378 0.149606 -0.119444
0.984252 0.149606 -0.0797923
0.992126 0.149606 -0.039945
1 0.149606 0
0 0.15748 0
0.00787402 0.15748 0.0413389
0.015748 0.15748 0.0825766
0.023622 0.15748 0.123612
0.0314961 0.15748 0.164345
0.0393701 0.15748 0.204676
0.0472441 0.15748 0.244506
0.0551181 0.15748 0.283738
0.0629921 0.15748 0.322275
0.0708661 0.15748 0.360024
0.0787402 0.15748 0.396892
0.0866142 0.15748 0.432788
0.0944882 0.15748 0.467625
0.102362 0.15748 0.501318
0.110236 0.15748 0.533785
0.11811 0.15748 0.564944
0.125984 0.15748 0.594722
0.133858 0.15748 0.623044
0.141732 0.15748 0.649841
0.149606 0.15748 0.675048
0.15748 0.15748 0.698603
0.165354 0.15748 0.720449
0.173228 0.15748 0.740531
0.181102 0.15748 0.758801
0.188976 0.15748 0.775214
0.19685 0.15748 0.789731
0.204724 0.15748 0.802314
0.212598 0.15748 0.812934
0.220472 0.15748 0.821565
0.228346 0.15748 0.828186
0.23622 0.15748 0.832779
0.244094 0.15748 0.835335
0.251969 0.15748 0.835846
0.259843 0.15748 0.834312
0.267717 0.15748 0.830737
0.275591 0.15748 0.825128
0.283465 0.15748 0.8175
0.291339 0.15748 0.807872
0.299213 0.15748 0.796266
0.307087 0.15748 0.782712
0.314961 0.15748 0.767243
0.322835 0.15748 0.749896
0.330709 0.15748 0.730713
0.338583 0.15748 0.709743
0.346457 0.15748 0.687036
0.354331 0.15748 0.662647
0.362205 0.15748 0.636637
0.370079 0.15748 0.609069
0.377953 0.15748 0.580011
0.385827 0.15748 0.549533
0.393701 0.15748 0.51771
0.401575 0.15748 0.48462
0.409449 0.15748 0.450345
0.417323 0.15748 0.414967
0.425197 0.15748 0.378574
0.433071 0.15748 0.341254
0.440945 0.15748 0.3031
0.448819 0.15748 0.264203
0.456693 0.15748 0.22466
0.464567 0.15748 0.184568
0.472441 0.15748 0.144023
0.480315 0.15748 0.103126
0.488189 0.15748 0.0619771
0.496063 0.15748 0.0206761
0.503937 0.15748 -0.0206754
0.511811 0.15748 -0.0619763
0.519685 0.15748 -0.103126
0.527559 0.15748 -0.144022
0.535433 0.15748 -0.184567
0.543307 0.15748 -0.22466
0.551181 0.15748 -0.264203
0.559055 0.15748 -0.303099
0.566929 0.15748 -0.341254
0.574803 0.15748 -0.378573
0.582677 0.15748 -0.414966
0.590551 0.15748 -0.450344
0.598425 0.15748 -0.48462
0.606299 0.15748 -0.517709
0.614173 0.15748 -0.549532
0.622047 0.15748 -0.58001
0.629921 0.15748 -0.609069
0.637795 0.15748 -0.636637
0.645669 0.15748 -0.662647
0.653543 0.15748 -0.687035
0.661417 0.15748 -0.709742
0.669291 0.15748 -0.730713
0.677165 0.15748 -0.749895
0.685039 0.15748 -0.767242
0.692913 0.15748 -0.782711
0.700787 0.15748 -0.796266
0.708661 0.15748 -0.807871
0.716535 0.15748 -0.817499
0.724409 0.15748 -0.825127
0.732283 0.15748 -0.830736
0.740157 0.15748 -0.834312
0.748031 0.15748 -0.835846
0.755906 0.15748 -0.835334
0.76378 0.15748 -0.832779
0.771654 0.15748 -0.828185
0.779528 0.15748 -0.821565
0.787402 0.15748 -0.812934
0.795276 0.15748 -0.802314
0.80315 0.15748 -0.78973
0.811024 0.15748 -0.775214
0.818898 0.15748 -0.758801
0.826772 0.15748 -0.740531
0.834646 0.15748 -0.720448
0.84252 0.15748 -0.698603
0.850394 0.15748 -0.675048
0.858268 0.15748 -0.649841
0.866142 0.15748 -0.623043
0.874016 0.15748 -0.594721
0.88189 0.15748 -0.564944
0.889764 0.15748 -0.533784
0.897638 0.15748 -0.501318
0.905512 0.15748 -0.467625
0.913386 0.15748 -0.432788
0.92126 0.15748 -0.396892
0.929134 0.15748 -0.360024
0.937008 0.15748 -0.322275
0.944882 0.15748 -0.283738
0.952756 0.15748 -0.244506
0.96063 0.15748 -0.204676
0.968504 0.15748 -0.164345
0.976378 0.15748 -0.123612
0.984252 0.15748 -0.0825765
0.992126 0.15748 -0.0413388
1 0.15748 0
0 0.165354 0
0.00787402 0.165354 0.0426315
0.015748 0.165354 0.0851588
0.023622 0.165354 0.127478
0.0314961 0.165354 0.169484
0.0393701 0.165354 0.211077
0.0472441 0.165354 0.252152
0.0551181 0.165354 0.292611
0.0629921 0.165354 0.332353
0.0708661 0.165354 0.371282
0.0787402 0.165354 0.409303
0.0866142 0.165354 0.446322
0.0944882 0.165354 0.482248
0.102362 0.165354 0.516995
0.110236 0.165354 0.550476
0.11811 0.165354 0.58261
0.125984 0.165354 0.613319
0.133858 0.165354 0.642526
0.141732 0.165354 0.670162
0.149606 0.165354 0.696157
0.15748 0.165354 0.720449
0.165354 0.165354 0.742977
0.173228 0.165354 0.763688
0.181102 0.165354 0.782529
0.188976 0.165354 0.799456
0.19685 0.165354 0.814426
0.204724 0.165354 0.827403
0.212598 0.165354 0.838355
0.220472 0.165354 0.847256
0.228346 0.165354 0.854083
0.23622 0.165354 0.85882
0.244094 0.165354 0.861456
0.251969 0.165354 0.861983
0.259843 0.165354 0.860401
0.267717 0.165354 0.856714
0.275591 0.165354 0.85093
0.283465 0.165354 0.843063
0.291339 0.165354 0.833134
0.299213 0.165354 0.821166
0.307087 0.165354 0.807188
0.314961 0.165354 0.791234
0.322835 0.165354 0.773345
0.330709 0.165354 0.753563
0.338583 0.165354 0.731937
0.346457 0.165354 0.70852
0.354331 0.165354 0.683369
0.362205 0.165354 0.656545
0.370079 0.165354 0.628115
0.377953 0.165354 0.598148
0.385827 0.165354 0.566717
0.393701 0.165354 0.533899
0.401575 0.165354 0.499775
0.409449 0.165354 0.464427
0.417323 0.165354 0.427943
0.425197 0.165354 0.390412
0.433071 0.165354 0.351926
0.440945 0.165354 0.312578
0.448819 0.165354 0.272465
0.456693 0.165354 0.231686
0.464567 0.165354 0.190339
0.472441 0.165354 0.148527
0.480315 0.165354 0.106351
0.488189 0.165354 0.0639151
0.496063 0.165354 0.0213227
0.503937 0.165354 -0.0213219
0.511811 0.165354 -0.0639143
0.519685 0.165354 -0.10635
0.527559 0.165354 -0.148526
0.535433 0.165354 -0.190338
0.543307 0.165354 -0.231685
0.551181 0.165354 -0.272464
0.559055 0.165354 -0.312577
0.566929 0.165354 -0.351925
0.574803 0.165354 -0.390411
0.582677 0.165354 -0.427943
0.590551 0.165354 -0.464426
0.598425 0.165354 -0.499774
0.606299 0.165354 -0.533898
0.614173 0.165354 -0.566716
0.622047 0.165354 -0.598147
0.629921 0.165354 -0.628114
0.637795 0.165354 -0.656544
0.645669 0.165354 -0.683368
0.653543 0.165354 -0.708519
0.661417 0.165354 -0.731936
0.669291 0.165354 -0.753562
0.677165 0.165354 -0.773344
0.685039 0.165354 -0.791234
0.692913 0.165354 -0.807187
0.700787 0.165354 -0.821165
0.708661 0.165354 -0.833133
0.716535 0.165354 -0.843063
0.724409 0.165354 -0.850929
0.732283 0.165354 -0.856713
0.740157 0.165354 -0.860401
0.748031 0.165354 -0.861983
0.755906 0.165354 -0.861455
0.76378 0.165354 -0.85882
0.771654 0.165354 -0.854083
0.779528 0.165354 -0.847255
0.787402 0.165354 -0.838355
0.795276 0.165354 -0.827402
0.80315 0.165354 -0.814425
0.811024 0.165354 -0.799455
0.818898 0.165354 -0.782529
0.826772 0.165354 -0.763687
0.834646 0.165354 -0.742977
0.84252 0.165354 -0.720448
0.850394 0.165354 -0.696157
0.858268 0.165354 -0.670161
0.866142 0.165354 -0.642526
0.874016 0.165354 -0.613319
0.88189 0.165354 -0.58261
0.889764 0.165354 -0.550476
0.897638 0.165354 -0.516994
0.905512 0.165354 -0.482248
0.913386 0.165354 -0.446321
0.92126 0.165354 -0.409302
0.929134 0.165354 -0.371282
0.937008 0.165354 -0.332353
0.944882 0.165354 -0.29261
0.952756 0.165354 -0.252152
0.96063 0.165354 -0.211076
0.968504 0.165354 -0.169484
0.976378 0.165354 -0.127478
0.984252 0.165354 -0.0851587
0.992126 0.165354 -0.0426315
1 0.165354 0
0 0.173228 0
0.00787402 0.173228 0.0438199
0.015748 0.173228 0.0875325
0.023622 0.173228 0.131031
0.0314961 0.173228 0.174209
0.0393701 0.173228 0.21696
0.0472441 0.173228 0.259181
0.0551181 0.173228 0.300767
0.0629921 0.173228 0.341617
0.0708661 0.173228 0.381632
0.0787402 0.173228 0.420712
0.0866142 0.173228 0.458763
0.0944882 0.173228 0.495691
0.102362 0.173228 0.531406
0.110236 0.173228 0.565821
0.11811 0.173228 0.598851
0.125984 0.173228 0.630415
0.133858 0.173228 0.660437
0.141732 0.173228 0.688842
0.149606 0.173228 0.715562
0.15748 0.173228 0.740531
0.165354 0.173228 0.763688
0.173228 0.173228 0.784975
0.181102 0.173228 0.804342
0.188976 0.173228 0.82174
0.19685 0.173228 0.837128
0.204724 0.173228 0.850466
0.212598 0.173228 0.861724
0.220472 0.173228 0.870873
0.228346 0.173228 0.877891
0.23622 0.173228 0.88276
0.244094 0.173228 0.885469
0.251969 0.173228 0.886011
0.259843 0.173228 0.884385
0.267717 0.173228 0.880595
0.275591 0.173228 0.874649
0.283465 0.173228 0.866564
0.291339 0.173228 0.856357
0.299213 0.173228 0.844055
0.307087 0.173228 0.829688
0.314961 0.173228 0.81329
0.322835 0.173228 0.794902
0.330709 0.173228 0.774568
0.338583 0.173228 0.75234
0.346457 0.173228 0.72827
0.354331 0.173228 0.702417
0.362205 0.173228 0.674846
0.370079 0.173228 0.645624
0.377953 0.173228 0.614821
0.385827 0.173228 0.582514
0.393701 0.173228 0.548781
0.401575 0.173228 0.513706
0.409449 0.173228 0.477373
0.417323 0.173228 0.439872
0.425197 0.173228 0.401295
0.433071 0.173228 0.361735
0.440945 0.173228 0.321291
0.448819 0.173228 0.28006
0.456693 0.173228 0.238144
0.464567 0.173228 0.195645
0.472441 0.173228 0.152667
0.480315 0.173228 0.109316
0.488189 0.173228 0.0656967
0.496063 0.173228 0.0219171
0.503937 0.173228 -0.0219162
0.511811 0.173228 -0.0656959
0.519685 0.173228 -0.109315
0.527559 0.173228 -0.152666
0.535433 0.173228 -0.195644
0.543307 0.173228 -0.238143
0.551181 0.173228 -0.280059
0.559055 0.173228 -0.32129
0.566929 0.173228 -0.361735
0.574803 0.173228 -0.401294
0.582677 0.173228 -0.439871
0.590551 0.173228 -0.477372
0.598425 0.173228 -0.513705
0.606299 0.173228 -0.548781
0.614173 0.173228 -0.582513
0.622047 0.173228 -0.61482
0.629921 0.173228 -0.645623
0.637795 0.173228 -0.674845
0.645669 0.173228 -0.702417
0.653543 0.173228 -0.728269
0.661417 0.173228 -0.752339
0.669291 0.173228 -0.774568
0.677165 0.173228 -0.794901
0.685039 0.173228 -0.813289
0.692913 0.173228 -0.829687
0.700787 0.173228 -0.844055
0.708661 0.173228 -0.856357
0.716535 0.173228 -0.866563
0.724409 0.173228 -0.874649
0.732283 0.173228 -0.880594
0.740157 0.173228 -0.884384
0.748031 0.173228 -0.88601
0.755906 0.173228 -0.885468
0.76378 0.173228 -0.882759
0.771654 0.173228 -0.87789
0.779528 0.173228 -0.870872
0.787402 0.173228 -0.861724
0.795276 0.173228 -0.850466
0.80315 0.173228 -0.837127
0.811024 0.173228 -0.82174
0.818898 0.173228 -0.804341
0.826772 0.173228 -0.784975
0.834646 0.173228 -0.763687
0.84252 0.173228 -0.740531
0.850394 0.173228 -0.715562
0.858268 0.173228 -0.688842
0.866142 0.173228 -0.660436
0.874016 0.173228 -0.630415
0.88189 0.173228 -0.59885
0.889764 0.173228 -0.56582
0.897638 0.173228 -0.531406
0.905512 0.173228 -0.495691
0.913386 0.173228 -0.458762
0.92126 0.173228 -0.420712
0.929134 0.173228 -0.381631
0.937008 0.173228 -0.341617
0.944882 0.173228 -0.300767
0.952756 0.173228 -0.259181
0.96063 0.173228 -0.21696
0.968504 0.173228 -0.174209
0.976378 0.173228 -0.131031
0.984252 0.173228 -0.0875325
0.992126 0.173228 -0.0438199
1 0.173228 0
0 0.181102 0
0.00787402 0.181102 0.044901
0.015748 0.181102 0.0896921
0.023622 0.181102 0.134264
0.0314961 0.181102 0.178507
0.0393701 0.181102 0.222313
0.0472441 0.181102 0.265575
0.0551181 0.181102 0.308188
0.0629921 0.181102 0.350046
0.0708661 0.181102 0.391047
0.0787402 0.181102 0.431092
0.0866142 0.181102 0.470081
0.0944882 0.181102 0.50792
0.102362 0.181102 0.544517
0.110236 0.181102 0.57978
0.11811 0.181102 0.613625
0.125984 0.181102 0.645968
0.133858 0.181102 0.676731
0.141732 0.181102 0.705837
0.149606 0.181102 0.733216
0.15748 0.181102 0.758801
0.165354 0.181102 0.782529
0.173228 0.181102 0.804342
0.181102 0.181102 0.824186
0.188976 0.181102 0.842014
0.19685 0.181102 0.857781
0.204724 0.181102 0.871449
0.212598 0.181102 0.882984
0.220472 0.181102 0.892359
0.228346 0.181102 0.89955
0.23622 0.181102 0.904539
0.244094 0.181102 0.907315
0.251969 0.181102 0.90787
0.259843 0.181102 0.906204
0.267717 0.181102 0.90232
0.275591 0.181102 0.896229
0.283465 0.181102 0.887943
0.291339 0.181102 0.877485
0.299213 0.181102 0.86488
0.307087 0.181102 0.850158
0.314961 0.181102 0.833355
0.322835 0.181102 0.814513
0.330709 0.181102 0.793678
0.338583 0.181102 0.770901
0.346457 0.181102 0.746237
0.354331 0.181102 0.719747
0.362205 0.181102 0.691496
0.370079 0.181102 0.661552
0.377953 0.181102 0.62999
0.385827 0.181102 0.596886
0.393701 0.181102 0.562321
0.401575 0.181102 0.52638
0.409449 0.181102 0.489151
0.417323 0.181102 0.450725
0.425197 0.181102 0.411195
0.433071 0.181102 0.37066
0.440945 0.181102 0.329218
0.448819 0.181102 0.28697
0.456693 0.181102 0.244019
0.464567 0.181102 0.200472
0.472441 0.181102 0.156434
0.480315 0.181102 0.112013
0.488189 0.181102 0.0673176
0.496063 0.181102 0.0224578
0.503937 0.181102 -0.0224569
0.511811 0.181102 -0.0673167
0.519685 0.181102 -0.112012
0.527559 0.181102 -0.156433
0.535433 0.181102 -0.200471
0.543307 0.181102 -0.244018
0.551181 0.181102 -0.286969
0.559055 0.181102 -0.329217
0.566929 0.181102 -0.370659
0.574803 0.181102 -0.411195
0.582677 0.181102 -0.450724
0.590551 0.181102 -0.48915
0.598425 0.181102 -0.526379
0.606299 0.181102 -0.56232
0.614173 0.181102 -0.596885
0.622047 0.181102 -0.629989
0.629921 0.181102 -0.661552
0.637795 0.181102 -0.691495
0.645669 0.181102 -0.719746
0.653543 0.181102 -0.746236
0.661417 0.181102 -0.7709
0.669291 0.181102 -0.793678
0.677165 0.181102 -0.814513
0.685039 0.181102 -0.833355
0.692913 0.181102 -0.850157
0.700787 0.181102 -0.864879
0.708661 0.181102 -0.877485
0.716535 0.181102 -0.887943
0.724409 0.181102 -0.896228
0.732283 0.181102 -0.90232
0.740157 0.181102 -0.906204
0.748031 0.181102 -0.90787
0.755906 0.181102 -0.907314
0.76378 0.181102 -0.904538
0.771654 0.181102 -0.899549
0.779528 0.181102 -0.892358
0.787402 0.181102 -0.882984
0.795276 0.181102 -0.871448
0.80315 0.181102 -0.857781
0.811024 0.181102 -0.842014
0.818898 0.181102 -0.824186
0.826772 0.181102 -0.804341
0.834646 0.181102 -0.782529
0.84252 0.181102 -0.758801
0.850394 0.181102 -0.733216
0.858268 0.181102 -0.705837
0.866142 0.181102 -0.676731
0.874016 0.181102 -0.645968
0.88189 0.181102 -0.613625
0.889764 0.181102 -0.57978
0.897638 0.181102 -0.544516
0.905512 0.181102 -0.50792
0.913386 0.181102 -0.470081
0.92126 0.181102 -0.431091
0.929134 0.181102 -0.391047
0.937008 0.181102 -0.350045
0.944882 0.181102 -0.308187
0.952756 0.181102 -0.265575
0.96063 0.181102 -0.222313
0.968504 0.181102 -0.178507
0.976378 0.181102 -0.134264
0.984252 0.181102 -0.0896921
0.992126 0.181102 -0.044901
1 0.181102 0
0 0.188976 0
0.00787402 0.188976 0.0458722
0.015748 0.188976 0.0916322
0.023622 0.188976 0.137168
0.0314961 0.188976 0.182368
0.0393701 0.188976 0.227122
0.0472441 0.188976 0.27132
0.0551181 0.188976 0.314854
0.0629921 0.188976 0.357617
0.0708661 0.188976 0.399506
0.0787402 0.188976 0.440416
0.0866142 0.188976 0.480249
0.0944882 0.188976 0.518907
0.102362 0.188976 0.556295
0.110236 0.188976 0.592321
0.11811 0.188976 0.626898
0.125984 0.188976 0.659941
0.133858 0.188976 0.691369
0.141732 0.188976 0.721105
0.149606 0.188976 0.749076
0.15748 0.188976 0.775214
0.165354 0.188976 0.799456
0.173228 0.188976 0.82174
0.181102 0.188976 0.842014
0.188976 0.188976 0.860227
0.19685 0.188976 0.876335
0.204724 0.188976 0.890299
0.212598 0.188976 0.902084
0.220472 0.188976 0.911661
0.228346 0.188976 0.919007
0.23622 0.188976 0.924105
0.244094 0.188976 0.926941
0.251969 0.188976 0.927508
0.259843 0.188976 0.925806
0.267717 0.188976 0.921838
0.275591 0.188976 0.915614
0.283465 0.188976 0.90715
0.291339 0.188976 0.896466
0.299213 0.188976 0.883588
0.307087 0.188976 0.868547
0.314961 0.188976 0.851381
0.322835 0.188976 0.832132
0.330709 0.188976 0.810846
0.338583 0.188976 0.787576
0.346457 0.188976 0.762379
0.354331 0.188976 0.735316
0.362205 0.188976 0.706453
0.370079 0.188976 0.675862
0.377953 0.188976 0.643617
0.385827 0.188976 0.609797
0.393701 0.188976 0.574484
0.401575 0.188976 0.537766
0.409449 0.188976 0.499731
0.417323 0.188976 0.460474
0.425197 0.188976 0.42009
0.433071 0.188976 0.378678
0.440945 0.188976 0.336339
0.448819 0.188976 0.293177
0.456693 0.188976 0.249297
0.464567 0.188976 0.204808
0.472441 0.188976 0.159817
0.480315 0.188976 0.114436
0.488189 0.188976 0.0687737
0.496063 0.188976 0.0229436
0.503937 0.188976 -0.0229427
0.511811 0.188976 -0.0687728
0.519685 0.188976 -0.114435
0.527559 0.188976 -0.159816
0.535433 0.188976 -0.204807
0.543307 0.188976 -0.249297
0.551181 0.188976 -0.293176
0.559055 0.188976 -0.336338
0.566929 0.188976 -0.378677
0.574803 0.188976 -0.420089
0.582677 0.188976 -0.460473
0.590551 0.188976 -0.49973
0.598425 0.188976 -0.537765
0.606299 0.188976 -0.574483
0.614173 0.188976 -0.609796
0.622047 0.188976 -0.643616
0.629921 0.188976 -0.675861
0.637795 0.188976 -0.706452
0.645669 0.188976 -0.735315
0.653543 0.188976 -0.762378
0.661417 0.188976 -0.787575
0.669291 0.188976 -0.810845
0.677165 0.188976 -0.832131
0.685039 0.188976 -0.85138
0.692913 0.188976 -0.868546
0.700787 0.188976 -0.883587
0.708661 0.188976 -0.896465
0.716535 0.188976 -0.907149
0.724409 0.188976 -0.915614
0.732283 0.188976 -0.921837
0.740157 0.188976 -0.925805
0.748031 0.188976 -0.927508
0.755906 0.188976 -0.92694
0.76378 0.188976 -0.924104
0.771654 0.188976 -0.919007
0.779528 0.188976 -0.91166
0.787402 0.188976 -0.902083
0.795276 0.188976 -0.890298
0.80315 0.188976 -0.876335
0.811024 0.188976 -0.860227
0.818898 0.188976 -0.842014
0.826772 0.188976 -0.82174
0.834646 0.188976 -0.799455
0.84252 0.188976 -0.775214
0.850394 0.188976 -0.749076
0.858268 0.188976 -0.721105
0.866142 0.188976 -0.691369
0.874016 0.188976 -0.659941
0.88189 0.188976 -0.626898
0.889764 0.188976 -0.592321
0.897638 0.188976 -0.556295
0.905512 0.188976 -0.518907
0.913386 0.188976 -0.480249
0.92126 0.188976 -0.440416
0.929134 0.188976 -0.399505
0.937008 0.188976 -0.357617
0.944882 0.188976 -0.314854
0.952756 0.188976 -0.27132
0.96063 0.188976 -0.227122
0.968504 0.188976 -0.182368
0.976378 0.188976 -0.137168
0.984252 0.188976 -0.0916322
0.992126 0.188976 -0.0458722
1 0.188976 0
0 0.19685 0
0.00787402 0.19685 0.0467312
0.015748 0.19685 0.0933481
0.023622 0.19685 0.139736
0.0314961 0.19685 0.185783
0.0393701 0.19685 0.231375
0.0472441 0.19685 0.2764
0.0551181 0.19685 0.32075
0.0629921 0.19685 0.364314
0.0708661 0.19685 0.406987
0.0787402 0.19685 0.448663
0.0866142 0.19685 0.489242
0.0944882 0.19685 0.528624
0.102362 0.19685 0.566712
0.110236 0.19685 0.603413
0.11811 0.19685 0.638637
0.125984 0.19685 0.672299
0.133858 0.19685 0.704315
0.141732 0.19685 0.734608
0.149606 0.19685 0.763103
0.15748 0.19685 0.789731
0.165354 0.19685 0.814426
0.173228 0.19685 0.837128
0.181102 0.19685 0.857781
0.188976 0.19685 0.876335
0.19685 0.19685 0.892745
0.204724 0.19685 0.90697
0.212598 0.19685 0.918976
0.220472 0.19685 0.928732
0.228346 0.19685 0.936216
0.23622 0.19685 0.941409
0.244094 0.19685 0.944298
0.251969 0.19685 0.944876
0.259843 0.19685 0.943142
0.267717 0.19685 0.9391
0.275591 0.19685 0.93276
0.283465 0.19685 0.924137
0.291339 0.19685 0.913252
0.299213 0.19685 0.900133
0.307087 0.19685 0.884811
0.314961 0.19685 0.867324
0.322835 0.19685 0.847714
0.330709 0.19685 0.82603
0.338583 0.19685 0.802324
0.346457 0.19685 0.776655
0.354331 0.19685 0.749085
0.362205 0.19685 0.719682
0.370079 0.19685 0.688518
0.377953 0.19685 0.655669
0.385827 0.19685 0.621215
0.393701 0.19685 0.585242
0.401575 0.19685 0.547836
0.409449 0.19685 0.509089
0.417323 0.19685 0.469097
0.425197 0.19685 0.427956
0.433071 0.19685 0.385769
0.440945 0.19685 0.342637
0.448819 0.19685 0.298667
0.456693 0.19685 0.253966
0.464567 0.19685 0.208643
0.472441 0.19685 0.16281
0.480315 0.19685 0.116578
0.488189 0.19685 0.0700615
0.496063 0.19685 0.0233732
0.503937 0.19685 -0.0233723
0.511811 0.19685 -0.0700606
0.519685 0.19685 -0.116577
0.527559 0.19685 -0.162809
0.535433 0.19685 -0.208642
0.543307 0.19685 -0.253965
0.551181 0.19685 -0.298666
0.559055 0.19685 -0.342636
0.566929 0.19685 -0.385768
0.574803 0.19685 -0.427955
0.582677 0.19685 -0.469096
0.590551 0.19685 -0.509088
0.598425 0.19685 -0.547835
0.606299 0.19685 -0.585241
0.614173 0.19685 -0.621214
0.622047 0.19685 -0.655668
0.629921 0.19685 -0.688517
0.637795 0.19685 -0.719681
0.645669 0.19685 -0.749084
0.653543 0.19685 -0.776654
0.661417 0.19685 -0.802323
0.669291 0.19685 -0.826029
0.677165 0.19685 -0.847713
0.685039 0.19685 -0.867323
0.692913 0.19685 -0.88481
0.700787 0.19685 -0.900132
0.708661 0.19685 -0.913252
0.716535 0.19685 -0.924136
0.724409 0.19685 -0.932759
0.732283 0.19685 -0.939099
0.740157 0.19685 -0.943141
0.748031 0.19685 -0.944875
0.755906 0.19685 -0.944297
0.76378 0.19685 -0.941408
0.771654 0.19685 -0.936216
0.779528 0.19685 -0.928732
0.787402 0.19685 -0.918975
0.795276 0.19685 -0.90697
0.80315 0.19685 -0.892745
0.811024 0.19685 -0.876335
0.818898 0.19685 -0.857781
0.826772 0.19685 -0.837127
0.834646 0.19685 -0.814425
0.84252 0.19685 -0.78973
0.850394 0.19685 -0.763103
0.858268 0.19685 -0.734608
0.866142 0.19685 -0.704315
0.874016 0.19685 -0.672298
0.88189 0.19685 -0.638637
0.889764 0.19685 -0.603412
0.897638 0.19685 -0.566711
0.905512 0.19685 -0.528623
0.913386 0.19685 -0.489242
0.92126 0.19685 -0.448663
0.929134 0.19685 -0.406986
0.937008 0.19685 -0.364314
0.944882 0.19685 -0.320749
0.952756 0.19685 -0.2764
0.96063 0.19685 -0.231375
0.968504 0.19685 -0.185783
0.976378 0.19685 -0.139736
0.984252 0.19685 -0.093348
0.992126 0.19685 -0.0467312
1 0.19685 0
0 0.204724 0
0.00787402 0.204724 0.0474758
0.015748 0.204724 0.0948355
0.023622 0.204724 0.141963
0.0314961 0.204724 0.188743
0.0393701 0.204724 0.235061
0.0472441 0.204724 0.280805
0.0551181 0.204724 0.32586
0.0629921 0.204724 0.370119
0.0708661 0.204724 0.413472
0.0787402 0.204724 0.455812
0.0866142 0.204724 0.497038
0.0944882 0.204724 0.537047
0.102362 0.204724 0.575742
0.110236 0.204724 0.613028
0.11811 0.204724 0.648813
0.125984 0.204724 0.683011
0.133858 0.204724 0.715538
0.141732 0.204724 0.746313
0.149606 0.204724 0.775262
0.15748 0.204724 0.802314
0.165354 0.204724 0.827403
0.173228 0.204724 0.850466
0.181102 0.204724 0.871449
0.188976 0.204724 0.890299
0.19685 0.204724 0.90697
0.204724 0.204724 0.921422
0.212598 0.204724 0.933619
0.220472 0.204724 0.943531
0.228346 0.204724 0.951134
0.23622 0.204724 0.956409
0.244094 0.204724 0.959344
0.251969 0.204724 0.959932
0.259843 0.204724 0.95817
0.267717 0.204724 0.954064
0.275591 0.204724 0.947622
0.283465 0.204724 0.938862
0.291339 0.204724 0.927804
0.299213 0.204724 0.914476
0.307087 0.204724 0.89891
0.314961 0.204724 0.881144
0.322835 0.204724 0.861221
0.330709 0.204724 0.839192
0.338583 0.204724 0.815108
0.346457 0.204724 0.78903
0.354331 0.204724 0.761021
0.362205 0.204724 0.731149
0.370079 0.204724 0.699489
0.377953 0.204724 0.666116
0.385827 0.204724 0.631114
0.393701 0.204724 0.594567
0.401575 0.204724 0.556565
0.409449 0.204724 0.517201
0.417323 0.204724 0.476571
0.425197 0.204724 0.434775
0.433071 0.204724 0.391915
0.440945 0.204724 0.348096
0.448819 0.204724 0.303426
0.456693 0.204724 0.258012
0.464567 0.204724 0.211968
0.472441 0.204724 0.165404
0.480315 0.204724 0.118436
0.488189 0.204724 0.0711779
0.496063 0.204724 0.0237457
0.503937 0.204724 -0.0237447
0.511811 0.204724 -0.0711769
0.519685 0.204724 -0.118435
0.527559 0.204724 -0.165403
0.535433 0.204724 -0.211967
0.543307 0.204724 -0.258011
0.551181 0.204724 -0.303425
0.559055 0.204724 -0.348096
0.566929 0.204724 -0.391914
0.574803 0.204724 -0.434774
0.582677 0.204724 -0.47657
0.590551 0.204724 -0.5172
0.598425 0.204724 -0.556564
0.606299 0.204724 -0.594566
0.614173 0.204724 -0.631113
0.622047 0.204724 -0.666115
0.629921 0.204724 -0.699488
0.637795 0.204724 -0.731148
0.645669 0.204724 -0.76102
0.653543 0.204724 -0.789029
0.661417 0.204724 -0.815107
0.669291 0.204724 -0.839191
0.677165 0.204724 -0.861221
0.685039 0.204724 -0.881143
0.692913 0.204724 -0.898909
0.700787 0.204724 -0.914475
0.708661 0.204724 -0.927803
0.716535 0.204724 -0.938861
0.724409 0.204724 -0.947622
0.732283 0.204724 -0.954063
0.740157 0.204724 -0.958169
0.748031 0.204724 -0.959931
0.755906 0.204724 -0.959344
0.76378 0.204724 -0.956409
0.771654 0.204724 -0.951133
0.779528 0.204724 -0.94353
0.787402 0.204724 -0.933618
0.795276 0.204724 -0.921421
0.80315 0.204724 -0.90697
0.811024 0.204724 -0.890298
0.818898 0.204724 -0.871448
0.826772 0.204724 -0.850466
0.834646 0.204724 -0.827402
0.84252 0.204724 -0.802314
0.850394 0.204724 -0.775262
0.858268 0.204724 -0.746313
0.866142 0.204724 -0.715537
0.874016 0.204724 -0.683011
0.88189 0.204724 -0.648813
0.889764 0.204724 -0.613027
0.897638 0.204724 -0.575741
0.905512 0.204724 -0.537047
0.913386 0.204724 -0.497037
0.92126 0.204724 -0.455812
0.929134 0.204724 -0.413471
0.937008 0.204724 -0.370119
0.944882 0.204724 -0.32586
0.952756 0.204724 -0.280804
0.96063 0.204724 -0.235061
0.968504 0.204724 -0.188743
0.976378 0.204724 -0.141963
0.984252 0.204724 -0.0948354
0.992126 0.204724 -0.0474758
1 0.204724 0
0 0.212598 0
0.00787402 0.212598 0.0481043
0.015748 0.212598 0.0960908
0.023622 0.212598 0.143842
0.0314961 0.212598 0.191242
0.0393701 0.212598 0.238173
0.0472441 0.212598 0.284522
0.0551181 0.212598 0.330174
0.0629921 0.212598 0.375018
0.0708661 0.212598 0.418945
0.0787402 0.212598 0.461846
0.0866142 0.212598 0.503617
0.0944882 0.212598 0.544156
0.102362 0.212598 0.583363
0.110236 0.212598 0.621142
0.11811 0.212598 0.657402
0.125984 0.212598 0.692052
0.133858 0.212598 0.725009
0.141732 0.212598 0.756192
0.149606 0.212598 0.785524
0.15748 0.212598 0.812934
0.165354 0.212598 0.838355
0.173228 0.212598 0.861724
0.181102 0.212598 0.882984
0.188976 0.212598 0.902084
0.19685 0.212598 0.918976
0.204724 0.212598 0.933619
0.212598 0.212598 0.945977
0.220472 0.212598 0.95602
0.228346 0.212598 0.963724
0.23622 0.212598 0.969069
0.244094 0.212598 0.972043
0.251969 0.212598 0.972638
0.259843 0.212598 0.970853
0.267717 0.212598 0.966692
0.275591 0.212598 0.960166
0.283465 0.212598 0.95129
0.291339 0.212598 0.940085
0.299213 0.212598 0.926581
0.307087 0.212598 0.910808
0.314961 0.212598 0.892807
0.322835 0.212598 0.872621
0.330709 0.212598 0.8503
0.338583 0.212598 0.825898
0.346457 0.212598 0.799474
0.354331 0.212598 0.771094
0.362205 0.212598 0.740828
0.370079 0.212598 0.708748
0.377953 0.212598 0.674934
0.385827 0.212598 0.639468
0.393701 0.212598 0.602437
0.401575 0.212598 0.563932
0.409449 0.212598 0.524047
0.417323 0.212598 0.48288
0.425197 0.212598 0.44053
0.433071 0.212598 0.397103
0.440945 0.212598 0.352704
0.448819 0.212598 0.307442
0.456693 0.212598 0.261428
0.464567 0.212598 0.214773
0.472441 0.212598 0.167594
0.480315 0.212598 0.120004
0.488189 0.212598 0.0721201
0.496063 0.212598 0.02406
0.503937 0.212598 -0.024059
0.511811 0.212598 -0.0721191
0.519685 0.212598 -0.120003
0.527559 0.212598 -0.167593
0.535433 0.212598 -0.214772
0.543307 0.212598 -0.261427
0.551181 0.212598 -0.307441
0.559055 0.212598 -0.352703
0.566929 0.212598 -0.397102
0.574803 0.212598 -0.440529
0.582677 0.212598 -0.482879
0.590551 0.212598 -0.524046
0.598425 0.212598 -0.563931
0.606299 0.212598 -0.602436
0.614173 0.212598 -0.639467
0.622047 0.212598 -0.674933
0.629921 0.212598 -0.708747
0.637795 0.212598 -0.740827
0.645669 0.212598 -0.771094
0.653543 0.212598 -0.799473
0.661417 0.212598 -0.825897
0.669291 0.212598 -0.850299
0.677165 0.212598 -0.87262
0.685039 0.212598 -0.892806
0.692913 0.212598 -0.910808
0.700787 0.212598 -0.92658
0.708661 0.212598 -0.940085
0.716535 0.212598 -0.951289
0.724409 0.212598 -0.960165
0.732283 0.212598 -0.966692
0.740157 0.212598 -0.970853
0.748031 0.212598 -0.972638
0.755906 0.212598 -0.972043
0.76378 0.212598 -0.969069
0.771654 0.212598 -0.963723
0.779528 0.212598 -0.95602
0.787402 0.212598 -0.945976
0.795276 0.212598 -0.933618
0.80315 0.212598 -0.918975
0.811024 0.212598 -0.902083
0.818898 0.212598 -0.882984
0.826772 0.212598 -0.861724
0.834646 0.212598 -0.838355
0.84252 0.212598 -0.812934
0.850394 0.212598 -0.785524
0.858268 0.212598 -0.756192
0.866142 0.212598 -0.725009
0.874016 0.212598 -0.692052
0.88189 0.212598 -0.657401
0.889764 0.212598 -0.621142
0.897638 0.212598 -0.583362
0.905512 0.212598 -0.544155
0.913386 0.212598 -0.503617
0.92126 0.212598 -0.461846
0.929134 0.212598 -0.418944
0.937008 0.212598 -0.375018
0.944882 0.212598 -0.330174
0.952756 0.212598 -0.284521
0.96063 0.212598 -0.238173
0.968504 0.212598 -0.191241
0.976378 0.212598 -0.143842
0.984252 0.212598 -0.0960908
0.992126 0.212598 -0.0481042
1 0.212598 0
0 0.220472 0
0.00787402 0.220472 0.048615
0.015748 0.220472 0.097111
0.023622 0.220472 0.145369
0.0314961 0.220472 0.193272
0.0393701 0.220472 0.240702
0.0472441 0.220472 0.287542
0.0551181 0.220472 0.333679
0.0629921 0.220472 0.379
0.0708661 0.220472 0.423392
0.0787402 0.220472 0.466749
0.0866142 0.220472 0.508964
0.0944882 0.220472 0.549933
0.102362 0.220472 0.589556
0.110236 0.220472 0.627737
0.11811 0.220472 0.664381
0.125984 0.220472 0.6994
0.133858 0.220472 0.732707
0.141732 0.220472 0.764221
0.149606 0.220472 0.793864
0.15748 0.220472 0.821565
0.165354 0.220472 0.847256
0.173228 0.220472 0.870873
0.181102 0.220472 0.892359
0.188976 0.220472 0.911661
0.19685 0.220472 0.928732
0.204724 0.220472 0.943531
0.212598 0.220472 0.95602
0.220472 0.220472 0.96617
0.228346 0.220472 0.973956
0.23622 0.220472 0.979358
0.244094 0.220472 0.982363
0.251969 0.220472 0.982965
0.259843 0.220472 0.981161
0.267717 0.220472 0.976956
0.275591 0.220472 0.97036
0.283465 0.220472 0.961389
0.291339 0.220472 0.950066
0.299213 0.220472 0.936418
0.307087 0.220472 0.920478
0.314961 0.220472 0.902286
0.322835 0.220472 0.881886
0.330709 0.220472 0.859327
0.338583 0.220472 0.834666
0.346457 0.220472 0.807962
0.354331 0.220472 0.779281
0.362205 0.220472 0.748693
0.370079 0.220472 0.716273
0.377953 0.220472 0.682099
0.385827 0.220472 0.646257
0.393701 0.220472 0.608833
0.401575 0.220472 0.569919
0.409449 0.220472 0.529611
0.417323 0.220472 0.488006
0.425197 0.220472 0.445207
0.433071 0.220472 0.401319
0.440945 0.220472 0.356449
0.448819 0.220472 0.310706
0.456693 0.220472 0.264203
0.464567 0.220472 0.217054
0.472441 0.220472 0.169373
0.480315 0.220472 0.121278
0.488189 0.220472 0.0728858
0.496063 0.220472 0.0243154
0.503937 0.220472 -0.0243144
0.511811 0.220472 -0.0728847
0.519685 0.220472 -0.121277
0.527559 0.220472 -0.169372
0.535433 0.220472 -0.217053
0.543307 0.220472 -0.264202
0.551181 0.220472 -0.310705
0.559055 0.220472 -0.356448
0.566929 0.220472 -0.401318
0.574803 0.220472 -0.445206
0.582677 0.220472 -0.488005
0.590551 0.220472 -0.52961
0.598425 0.220472 -0.569918
0.606299 0.220472 -0.608832
0.614173 0.220472 -0.646256
0.622047 0.220472 -0.682098
0.629921 0.220472 -0.716272
0.637795 0.220472 -0.748692
0.645669 0.220472 -0.77928
0.653543 0.220472 -0.807961
0.661417 0.220472 -0.834665
0.669291 0.220472 -0.859327
0.677165 0.220472 -0.881885
0.685039 0.220472 -0.902285
0.692913 0.220472 -0.920478
0.700787 0.220472 -0.936417
0.708661 0.220472 -0.950065
0.716535 0.220472 -0.961389
0.724409 0.220472 -0.970359
0.732283 0.220472 -0.976955
0.740157 0.220472 -0.98116
0.748031 0.220472 -0.982964
0.755906 0.220472 -0.982363
0.76378 0.220472 -0.979357
0.771654 0.220472 -0.973955
0.779528 0.220472 -0.96617
0.787402 0.220472 -0.95602
0.795276 0.220472 -0.94353
0.80315 0.220472 -0.928732
0.811024 0.220472 -0.91166
0.818898 0.220472 -0.892358
0.826772 0.220472 -0.870872
0.834646 0.220472 -0.847255
0.84252 0.220472 -0.821565
0.850394 0.220472 -0.793864
0.858268 0.220472 -0.76422
0.866142 0.220472 -0.732706
0.874016 0.220472 -0.699399
0.88189 0.220472 -0.664381
0.889764 0.220472 -0.627736
0.897638 0.220472 -0.589556
0.905512 0.220472 -0.549933
0.913386 0.220472 -0.508964
0.92126 0.220472 -0.466749
0.929134 0.220472 -0.423392
0.937008 0.220472 -0.378999
0.944882 0.220472 -0.333679
0.952756 0.220472 -0.287542
0.96063 0.220472 -0.240702
0.968504 0.220472 -0.193272
0.976378 0.220472 -0.145369
0.984252 0.220472 -0.0971109
0.992126 0.220472 -0.048615
1 0.220472 0
0 0.228346 0
0.00787402 0.228346 0.0490067
0.015748 0.228346 0.0978935
0.023622 0.228346 0.146541
0.0314961 0.228346 0.194829
0.0393701 0.228346 0.242641
0.0472441 0.228346 0.289859
0.0551181 0.228346 0.336368
0.0629921 0.228346 0.382054
0.0708661 0.228346 0.426804
0.0787402 0.228346 0.47051
0.0866142 0.228346 0.513065
0.0944882 0.228346 0.554364
0.102362 0.228346 0.594307
0.110236 0.228346 0.632795
0.11811 0.228346 0.669735
0.125984 0.228346 0.705036
0.133858 0.228346 0.738611
0.141732 0.228346 0.770379
0.149606 0.228346 0.800261
0.15748 0.228346 0.828186
0.165354 0.228346 0.854083
0.173228 0.228346 0.877891
0.181102 0.228346 0.89955
0.188976 0.228346 0.919007
0.19685 0.228346 0.936216
0.204724 0.228346 0.951134
0.212598 0.228346 0.963724
0.220472 0.228346 0.973956
0.228346 0.228346 0.981804
0.23622 0.228346 0.98725
0.244094 0.228346 0.990279
0.251969 0.228346 0.990886
0.259843 0.228346 0.989067
0.267717 0.228346 0.984828
0.275591 0.228346 0.978179
0.283465 0.228346 0.969136
0.291339 0.228346 0.957722
0.299213 0.228346 0.943964
0.307087 0.228346 0.927896
0.314961 0.228346 0.909557
0.322835 0.228346 0.888992
0.330709 0.228346 0.866252
0.338583 0.228346 0.841392
0.346457 0.228346 0.814473
0.354331 0.228346 0.785561
0.362205 0.228346 0.754726
0.370079 0.228346 0.722044
0.377953 0.228346 0.687596
0.385827 0.228346 0.651465
0.393701 0.228346 0.613739
0.401575 0.228346 0.574512
0.409449 0.228346 0.533878
0.417323 0.228346 0.491939
0.425197 0.228346 0.448795
0.433071 0.228346 0.404553
0.440945 0.228346 0.359321
0.448819 0.228346 0.31321
0.456693 0.228346 0.266332
0.464567 0.228346 0.218803
0.472441 0.228346 0.170738
0.480315 0.228346 0.122255
0.488189 0.228346 0.0734731
0.496063 0.228346 0.0245114
0.503937 0.228346 -0.0245103
0.511811 0.228346 -0.073472
0.519685 0.228346 -0.122254
0.527559 0.228346 -0.170737
0.535433 0.228346 -0.218802
0.543307 0.228346 -0.266331
0.551181 0.228346 -0.313209
0.559055 0.228346 -0.35932
0.566929 0.228346 -0.404552
0.574803 0.228346 -0.448794
0.582677 0.228346 -0.491938
0.590551 0.228346 -0.533877
0.598425 0.228346 -0.574511
0.606299 0.228346 -0.613738
0.614173 0.228346 -0.651464
0.622047 0.228346 -0.687595
0.629921 0.228346 -0.722043
0.637795 0.228346 -0.754725
0.645669 0.228346 -0.78556
0.653543 0.228346 -0.814472
0.661417 0.228346 -0.841391
0.669291 0.228346 -0.866251
0.677165 0.228346 -0.888991
0.685039 0.228346 -0.909556
0.692913 0.228346 -0.927895
0.700787 0.228346 -0.943963
0.708661 0.228346 -0.957721
0.716535 0.228346 -0.969136
0.724409 0.228346 -0.978178
0.732283 0.228346 -0.984827
0.740157 0.228346 -0.989066
0.748031 0.228346 -0.990885
0.755906 0.228346 -0.990279
0.76378 0.228346 -0.987249
0.771654 0.228346 -0.981803
0.779528 0.228346 -0.973955
0.787402 0.228346 -0.963723
0.795276 0.228346 -0.951133
0.80315 0.228346 -0.936216
0.811024 0.228346 -0.919007
0.818898 0.228346 -0.899549
0.826772 0.228346 -0.87789
0.834646 0.228346 -0.854083
0.84252 0.228346 -0.828185
0.850394 0.228346 -0.800261
0.858268 0.228346 -0.770378
0.866142 0.228346 -0.73861
0.874016 0.228346 -0.705035
0.88189 0.228346 -0.669734
0.889764 0.228346 -0.632795
0.897638 0.228346 -0.594307
0.905512 0.228346 -0.554364
0.913386 0.228346 -0.513065
0.92126 0.228346 -0.47051
0.929134 0.228346 -0.426804
0.937008 0.228346 -0.382053
0.944882 0.228346 -0.336368
0.952756 0.228346 -0.289859
0.96063 0.228346 -0.242641
0.968504 0.228346 -0.194829
0.976378 0.228346 -0.146541
0.984252 0.228346 -0.0978935
0.992126 0.228346 -0.0490067
1 0.228346 0
0 0.23622 0
0.00787402 0.23622 0.0492785
0.015748 0.23622 0.0984365
0.023622 0.23622 0.147354
0.0314961 0.23622 0.19591
0.0393701 0.23622 0.243987
0.0472441 0.23622 0.291467
0.0551181 0.23622 0.338234
0.0629921 0.23622 0.384173
0.0708661 0.23622 0.429172
0.0787402 0.23622 0.47312
0.0866142 0.23622 0.515911
0.0944882 0.23622 0.557439
0.102362 0.23622 0.597603
0.110236 0.23622 0.636305
0.11811 0.23622 0.67345
0.125984 0.23622 0.708946
0.133858 0.23622 0.742708
0.141732 0.23622 0.774652
0.149606 0.23622 0.8047
0.15748 0.23622 0.832779
0.165354 0.23622 0.85882
0.173228 0.23622 0.88276
0.181102 0.23622 0.904539
0.188976 0.23622 0.924105
0.19685 0.23622 0.941409
0.204724 0.23622 0.956409
0.212598 0.23622 0.969069
0.220472 0.23622 0.979358
0.228346 0.23622 0.98725
0.23622 0.23622 0.992726
0.244094 0.23622 0.995772
0.251969 0.23622 0.996382
0.259843 0.23622 0.994553
0.267717 0.23622 0.990291
0.275591 0.23622 0.983605
0.283465 0.23622 0.974512
0.291339 0.23622 0.963034
0.299213 0.23622 0.9492
0.307087 0.23622 0.933042
0.314961 0.23622 0.914602
0.322835 0.23622 0.893923
0.330709 0.23622 0.871057
0.338583 0.23622 0.846059
0.346457 0.23622 0.81899
0.354331 0.23622 0.789918
0.362205 0.23622 0.758912
0.370079 0.23622 0.726049
0.377953 0.23622 0.69141
0.385827 0.23622 0.655078
0.393701 0.23622 0.617143
0.401575 0.23622 0.577698
0.409449 0.23622 0.53684
0.417323 0.23622 0.494667
0.425197 0.23622 0.451284
0.433071 0.23622 0.406797
0.440945 0.23622 0.361314
0.448819 0.23622 0.314947
0.456693 0.23622 0.267809
0.464567 0.23622 0.220016
0.472441 0.23622 0.171685
0.480315 0.23622 0.122933
0.488189 0.23622 0.0738807
0.496063 0.23622 0.0246474
0.503937 0.23622 -0.0246463
0.511811 0.23622 -0.0738796
0.519685 0.23622 -0.122932
0.527559 0.23622 -0.171684
0.535433 0.23622 -0.220015
0.543307 0.23622 -0.267808
0.551181 0.23622 -0.314946
0.559055 0.23622 -0.361313
0.566929 0.23622 -0.406796
0.574803 0.23622 -0.451283
0.582677 0.23622 -0.494666
0.590551 0.23622 -0.536839
0.598425 0.23622 -0.577697
0.606299 0.23622 -0.617142
0.614173 0.23622 -0.655077
0.622047 0.23622 -0.691409
0.629921 0.23622 -0.726048
0.637795 0.23622 -0.758911
0.645669 0.23622 -0.789917
0.653543 0.23622 -0.818989
0.661417 0.23622 -0.846058
0.669291 0.23622 -0.871056
0.677165 0.23622 -0.893922
0.685039 0.23622 -0.914601
0.692913 0.23622 -0.933042
0.700787 0.23622 -0.949199
0.708661 0.23622 -0.963033
0.716535 0.23622 -0.974511
0.724409 0.23622 -0.983604
0.732283 0.23622 -0.99029
0.740157 0.23622 -0.994552
0.748031 0.23622 -0.996381
0.755906 0.23622 -0.995771
0.76378 0.23622 -0.992725
0.771654 0.23622 -0.987249
0.779528 0.23622 -0.979357
0.787402 0.23622 -0.969069
0.795276 0.23622 -0.956409
0.80315 0.23622 -0.941408
0.811024 0.23622 -0.924104
0.818898 0.23622 -0.904538
0.826772 0.23622 -0.882759
0.834646 0.23622 -0.85882
0.84252 0.23622 -0.832779
0.850394 0.23622 -0.8047
0.858268 0.23622 -0.774651
0.866142 0.23622 -0.742707
0.874016 0.23622 -0.708946
0.88189 0.23622 -0.673449
0.889764 0.23622 -0.636305
0.897638 0.23622 -0.597603
0.905512 0.23622 -0.557439
0.913386 0.23622 -0.515911
0.92126 0.23622 -0.47312
0.929134 0.23622 -0.429171
0.937008 0.23622 -0.384172
0.944882 0.23622 -0.338234
0.952756 0.23622 -0.291467
0.96063 0.23622 -0.243987
0.968504 0.23622 -0.19591
0.976378 0.23622 -0.147353
0.984252 0.23622 -0.0984364
0.992126 0.23622 -0.0492785
1 0.23622 0
0 0.244094 0
0.00787402 0.244094 0.0494298
0.015748 0.244094 0.0987386
0.023622 0.244094 0.147806
0.0314961 0.244094 0.196511
0.0393701 0.244094 0.244736
0.0472441 0.244094 0.292361
0.0551181 0.244094 0.339272
0.0629921 0.244094 0.385352
0.0708661 0.244094 0.430489
0.0787402 0.244094 0.474572
0.0866142 0.244094 0.517494
0.0944882 0.244094 0.55915
0.102362 0.244094 0.599437
0.110236 0.244094 0.638258
0.11811 0.244094 0.675516
0.125984 0.244094 0.711122
0.133858 0.244094 0.744987
0.141732 0.244094 0.777029
0.149606 0.244094 0.80717
0.15748 0.244094 0.835335
0.165354 0.244094 0.861456
0.173228 0.244094 0.885469
0.181102 0.244094 0.907315
0.188976 0.244094 0.926941
0.19685 0.244094 0.944298
0.204724 0.244094 0.959344
0.212598 0.244094 0.972043
0.220472 0.244094 0.982363
0.228346 0.244094 0.990279
0.23622 0.244094 0.995772
0.244094 0.244094 0.998828
0.251969 0.244094 0.999439
0.259843 0.244094 0.997605
0.267717 0.244094 0.99333
0.275591 0.244094 0.986623
0.283465 0.244094 0.977502
0.291339 0.244094 0.96599
0.299213 0.244094 0.952113
0.307087 0.244094 0.935906
0.314961 0.244094 0.917409
0.322835 0.244094 0.896666
0.330709 0.244094 0.87373
0.338583 0.244094 0.848655
0.346457 0.244094 0.821504
0.354331 0.244094 0.792342
0.362205 0.244094 0.761241
0.370079 0.244094 0.728277
0.377953 0.244094 0.693531
0.385827 0.244094 0.657088
0.393701 0.244094 0.619037
0.401575 0.244094 0.579471
0.409449 0.244094 0.538487
0.417323 0.244094 0.496185
0.425197 0.244094 0.452669
0.433071 0.244094 0.408045
0.440945 0.244094 0.362423
0.448819 0.244094 0.315914
0.456693 0.244094 0.268631
0.464567 0.244094 0.220692
0.472441 0.244094 0.172212
0.480315 0.244094 0.12331
0.488189 0.244094 0.0741074
0.496063 0.244094 0.024723
0.503937 0.244094 -0.0247219
0.511811 0.244094 -0.0741063
0.519685 0.244094 -0.123309
0.527559 0.244094 -0.172211
0.535433 0.244094 -0.22069
0.543307 0.244094 -0.26863
0.551181 0.244094 -0.315913
0.559055 0.244094 -0.362422
0.566929 0.244094 -0.408044
0.574803 0.244094 -0.452668
0.582677 0.244094 -0.496184
0.590551 0.244094 -0.538486
0.598425 0.244094 -0.57947
0.606299 0.244094 -0.619036
0.614173 0.244094 -0.657087
0.622047 0.244094 -0.69353
0.629921 0.244094 -0.728276
0.637795 0.244094 -0.76124
0.645669 0.244094 -0.792341
0.653543 0.244094 -0.821503
0.661417 0.244094 -0.848654
0.669291 0.244094 -0.873729
0.677165 0.244094 -0.896665
0.685039 0.244094 -0.917408
0.692913 0.244094 -0.935905
0.700787 0.244094 -0.952112
0.708661 0.244094 -0.965989
0.716535 0.244094 -0.977502
0.724409 0.244094 -0.986622
0.732283 0.244094 -0.993329
0.740157 0.244094 -0.997604
0.748031 0.244094 -0.999439
0.755906 0.244094 -0.998827
0.76378 0.244094 -0.995771
0.771654 0.244094 -0.990279
0.779528 0.244094 -0.982363
0.787402 0.244094 -0.972043
0.795276 0.244094 -0.959344
0.80315 0.244094 -0.944297
0.811024 0.244094 -0.92694
0.818898 0.244094 -0.907314
0.826772 0.244094 -0.885468
0.834646 0.244094 -0.861455
0.84252 0.244094 -0.835334
0.850394 0.244094 -0.807169
0.858268 0.244094 -0.777028
0.866142 0.244094 -0.744986
0.874016 0.244094 -0.711121
0.88189 0.244094 -0.675516
0.889764 0.244094 -0.638257
0.897638 0.244094 -0.599437
0.905512 0.244094 -0.55915
0.913386 0.244094 -0.517494
0.92126 0.244094 -0.474572
0.929134 0.244094 -0.430488
0.937008 0.244094 -0.385351
0.944882 0.244094 -0.339272
0.952756 0.244094 -0.292361
0.96063 0.244094 -0.244736
0.968504 0.244094 -0.196511
0.976378 0.244094 -0.147806
0.984252 0.244094 -0.0987385
0.992126 0.244094 -0.0494297
1 0.244094 0
0 0.251969 0
0.00787402 0.251969 0.04946
0.015748 0.251969 0.098799
0.023622 0.251969 0.147896
0.0314961 0.251969 0.196632
0.0393701 0.251969 0.244886
0.0472441 0.251969 0.292541
0.0551181 0.251969 0.339479
0.0629921 0.251969 0.385588
0.0708661 0.251969 0.430752
0.0787402 0.251969 0.474863
0.0866142 0.251969 0.517811
0.0944882 0.251969 0.559492
0.102362 0.251969 0.599804
0.110236 0.251969 0.638649
0.11811 0.251969 0.67593
0.125984 0.251969 0.711557
0.133858 0.251969 0.745443
0.141732 0.251969 0.777505
0.149606 0.251969 0.807664
0.15748 0.251969 0.835846
0.165354 0.251969 0.861983
0.173228 0.251969 0.886011
0.181102 0.251969 0.90787
0.188976 0.251969 0.927508
0.19685 0.251969 0.944876
0.204724 0.251969 0.959932
0.212598 0.251969 0.972638
0.220472 0.251969 0.982965
0.228346 0.251969 0.990886
0.23622 0.251969 0.996382
0.244094 0.251969 0.999439
0.251969 0.251969 1.00005
0.259843 0.251969 0.998216
0.267717 0.251969 0.993938
0.275591 0.251969 0.987227
0.283465 0.251969 0.978101
0.291339 0.251969 0.966581
0.299213 0.251969 0.952696
0.307087 0.251969 0.936479
0.314961 0.251969 0.91797
0.322835 0.251969 0.897215
0.330709 0.251969 0.874265
0.338583 0.251969 0.849175
0.346457 0.251969 0.822007
0.354331 0.251969 0.792827
0.362205 0.251969 0.761707
0.370079 0.251969 0.728723
0.377953 0.251969 0.693956
0.385827 0.251969 0.657491
0.393701 0.251969 0.619416
0.401575 0.251969 0.579826
0.409449 0.251969 0.538817
0.417323 0.251969 0.496489
0.425197 0.251969 0.452946
0.433071 0.251969 0.408295
0.440945 0.251969 0.362645
0.448819 0.251969 0.316107
0.456693 0.251969 0.268796
0.464567 0.251969 0.220827
0.472441 0.251969 0.172317
0.480315 0.251969 0.123386
0.488189 0.251969 0.0741528
0.496063 0.251969 0.0247382
0.503937 0.251969 -0.024737
0.511811 0.251969 -0.0741516
0.519685 0.251969 -0.123385
0.527559 0.251969 -0.172316
0.535433 0.251969 -0.220826
0.543307 0.251969 -0.268795
0.551181 0.251969 -0.316106
0.559055 0.251969 -0.362644
0.566929 0.251969 -0.408294
0.574803 0.251969 -0.452945
0.582677 0.251969 -0.496488
0.590551 0.251969 -0.538816
0.598425 0.251969 -0.579825
0.606299 0.251969 -0.619415
0.614173 0.251969 -0.65749
0.622047 0.251969 -0.693955
0.629921 0.251969 -0.728722
0.637795 0.251969 -0.761706
0.645669 0.251969 -0.792826
0.653543 0.251969 -0.822006
0.661417 0.251969 -0.849174
0.669291 0.251969 -0.874264
0.677165 0.251969 -0.897214
0.685039 0.251969 -0.917969
0.692913 0.251969 -0.936478
0.700787 0.251969 -0.952695
0.708661 0.251969 -0.96658
0.716535 0.251969 -0.9781
0.724409 0.251969 -0.987226
0.732283 0.251969 -0.993937
0.740157 0.251969 -0.998215
0.748031 0.251969 -1.00005
0.755906 0.251969 -0.999439
0.76378 0.251969 -0.996381
0.771654 0.251969 -0.990885
0.779528 0.251969 -0.982964
0.787402 0.251969 -0.972638
0.795276 0.251969 -0.959931
0.80315 0.251969 -0.944875
0.811024 0.251969 -0.927508
0.818898 0.251969 -0.90787
0.826772 0.251969 -0.88601
0.834646 0.251969 -0.861983
0.84252 0.251969 -0.835846
0.850394 0.251969 -0.807663
0.858268 0.251969 -0.777504
0.866142 0.251969 -0.745443
0.874016 0.251969 -0.711557
0.88189 0.251969 -0.675929
0.889764 0.251969 -0.638648
0.897638 0.251969 -0.599804
0.905512 0.251969 -0.559492
0.913386 0.251969 -0.517811
0.92126 0.251969 -0.474862
0.929134 0.251969 -0.430752
0.937008 0.251969 -0.385587
0.944882 0.251969 -0.339479
0.952756 0.251969 -0.29254
0.96063 0.251969 -0.244886
0.968504 0.251969 -0.196631
0.976378 0.251969 -0.147896
0.984252 0.251969 -0.098799
0.992126 0.251969 -0.04946
1 0.251969 0
0 0.259843 0
0.00787402 0.259843 0.0493693
0.015748 0.259843 0.0986177
0.023622 0.259843 0.147625
0.0314961 0.259843 0.196271
0.0393701 0.259843 0.244436
0.0472441 0.259843 0.292004
0.0551181 0.259843 0.338856
0.0629921 0.259843 0.38488
0.0708661 0.259843 0.429962
0.0787402 0.259843 0.473991
0.0866142 0.259843 0.516861
0.0944882 0.259843 0.558465
0.102362 0.259843 0.598703
0.110236 0.259843 0.637476
0.11811 0.259843 0.674689
0.125984 0.259843 0.710251
0.133858 0.259843 0.744075
0.141732 0.259843 0.776078
0.149606 0.259843 0.806181
0.15748 0.259843 0.834312
0.165354 0.259843 0.860401
0.173228 0.259843 0.884385
0.181102 0.259843 0.906204
0.188976 0.259843 0.925806
0.19685 0.259843 0.943142
0.204724 0.259843 0.95817
0.212598 0.259843 0.970853
0.220472 0.259843 0.981161
0.228346 0.259843 0.989067
0.23622 0.259843 0.994553
0.244094 0.259843 0.997605
0.251969 0.259843 0.998216
0.259843 0.259843 0.996384
0.267717 0.259843 0.992114
0.275591 0.259843 0.985416
0.283465 0.259843 0.976306
0.291339 0.259843 0.964807
0.299213 0.259843 0.950947
0.307087 0.259843 0.93476
0.314961 0.259843 0.916286
0.322835 0.259843 0.895569
0.330709 0.259843 0.87266
0.338583 0.259843 0.847616
0.346457 0.259843 0.820498
0.354331 0.259843 0.791372
0.362205 0.259843 0.760309
0.370079 0.259843 0.727386
0.377953 0.259843 0.692683
0.385827 0.259843 0.656284
0.393701 0.259843 0.618279
0.401575 0.259843 0.578762
0.409449 0.259843 0.537828
0.417323 0.259843 0.495578
0.425197 0.259843 0.452115
0.433071 0.259843 0.407546
0.440945 0.259843 0.361979
0.448819 0.259843 0.315527
0.456693 0.259843 0.268303
0.464567 0.259843 0.220421
0.472441 0.259843 0.172001
0.480315 0.259843 0.12316
0.488189 0.259843 0.0740167
0.496063 0.259843 0.0246928
0.503937 0.259843 -0.0246916
0.511811 0.259843 -0.0740155
0.519685 0.259843 -0.123158
0.527559 0.259843 -0.172
0.535433 0.259843 -0.22042
0.543307 0.259843 -0.268301
0.551181 0.259843 -0.315526
0.559055 0.259843 -0.361978
0.566929 0.259843 -0.407545
0.574803 0.259843 -0.452114
0.582677 0.259843 -0.495577
0.590551 0.259843 -0.537827
0.598425 0.259843 -0.578761
0.606299 0.259843 -0.618278
0.614173 0.259843 -0.656283
0.622047 0.259843 -0.692681
0.629921 0.259843 -0.727385
0.637795 0.259843 -0.760308
0.645669 0.259843 -0.791371
0.653543 0.259843 -0.820497
0.661417 0.259843 -0.847615
0.669291 0.259843 -0.872659
0.677165 0.259843 -0.895568
0.685039 0.259843 -0.916285
0.692913 0.259843 -0.934759
0.700787 0.259843 -0.950946
0.708661 0.259843 -0.964806
0.716535 0.259843 -0.976305
0.724409 0.259843 -0.985415
0.732283 0.259843 -0.992113
0.740157 0.259843 -0.996383
0.748031 0.259843 -0.998215
0.755906 0.259843 -0.997604
0.76378 0.259843 -0.994552
0.771654 0.259843 -0.989066
0.779528 0.259843 -0.98116
0.787402 0.259843 -0.970853
0.795276 0.259843 -0.958169
0.80315 0.259843 -0.943141
0.811024 0.259843 -0.925805
0.818898 0.259843 -0.906204
0.826772 0.259843 -0.884384
0.834646 0.259843 -0.860401
0.84252 0.259843 -0.834312
0.850394 0.259843 -0.806181
0.858268 0.259843 -0.776077
0.866142 0.259843 -0.744074
0.874016 0.259843 -0.710251
0.88189 0.259843 -0.674689
0.889764 0.259843 -0.637476
0.897638 0.259843 -0.598703
0.905512 0.259843 -0.558465
0.913386 0.259843 -0.51686
0.92126 0.259843 -0.473991
0.929134 0.259843 -0.429961
0.937008 0.259843 -0.38488
0.944882 0.259843 -0.338856
0.952756 0.259843 -0.292003
0.96063 0.259843 -0.244436
0.968504 0.259843 -0.196271
0.976378 0.259843 -0.147625
0.984252 0.259843 -0.0986177
0.992126 0.259843 -0.0493692
1 0.259843 0
0 0.267717 0
0.00787402 0.267717 0.0491577
0.015748 0.267717 0.0981951
0.023622 0.267717 0.146992
0.0314961 0.267717 0.19543
0.0393701 0.267717 0.243389
0.0472441 0.267717 0.290752
0.0551181 0.267717 0.337404
0.0629921 0.267717 0.38323
0.0708661 0.267717 0.428119
0.0787402 0.267717 0.47196
0.0866142 0.267717 0.514646
0.0944882 0.267717 0.556072
0.102362 0.267717 0.596138
0.110236 0.267717 0.634744
0.11811 0.267717 0.671798
0.125984 0.267717 0.707207
0.133858 0.267717 0.740886
0.141732 0.267717 0.772752
0.149606 0.267717 0.802726
0.15748 0.267717 0.830737
0.165354 0.267717 0.856714
0.173228 0.267717 0.880595
0.181102 0.267717 0.90232
0.188976 0.267717 0.921838
0.19685 0.267717 0.9391
0.204724 0.267717 0.954064
0.212598 0.267717 0.966692
0.220472 0.267717 0.976956
0.228346 0.267717 0.984828
0.23622 0.267717 0.990291
0.244094 0.267717 0.99333
0.251969 0.267717 0.993938
0.259843 0.267717 0.992114
0.267717 0.267717 0.987862
0.275591 0.267717 0.981192
0.283465 0.267717 0.972122
0.291339 0.267717 0.960672
0.299213 0.267717 0.946872
0.307087 0.267717 0.930754
0.314961 0.267717 0.912359
0.322835 0.267717 0.891731
0.330709 0.267717 0.86892
0.338583 0.267717 0.843984
0.346457 0.267717 0.816982
0.354331 0.267717 0.78798
0.362205 0.267717 0.757051
0.370079 0.267717 0.724268
0.377953 0.267717 0.689714
0.385827 0.267717 0.653471
0.393701 0.267717 0.61563
0.401575 0.267717 0.576281
0.409449 0.267717 0.535523
0.417323 0.267717 0.493454
0.425197 0.267717 0.450177
0.433071 0.267717 0.405799
0.440945 0.267717 0.360428
0.448819 0.267717 0.314175
0.456693 0.267717 0.267153
0.464567 0.267717 0.219477
0.472441 0.267717 0.171264
0.480315 0.267717 0.122632
0.488189 0.267717 0.0736995
0.496063 0.267717 0.024587
0.503937 0.267717 -0.0245857
0.511811 0.267717 -0.0736983
0.519685 0.267717 -0.12263
0.527559 0.267717 -0.171263
0.535433 0.267717 -0.219476
0.543307 0.267717 -0.267151
0.551181 0.267717 -0.314174
0.559055 0.267717 -0.360427
0.566929 0.267717 -0.405798
0.574803 0.267717 -0.450176
0.582677 0.267717 -0.493453
0.590551 0.267717 -0.535522
0.598425 0.267717 -0.57628
0.606299 0.267717 -0.615628
0.614173 0.267717 -0.65347
0.622047 0.267717 -0.689713
0.629921 0.267717 -0.724267
0.637795 0.267717 -0.75705
0.645669 0.267717 -0.787979
0.653543 0.267717 -0.816981
0.661417 0.267717 -0.843983
0.669291 0.267717 -0.868919
0.677165 0.267717 -0.89173
0.685039 0.267717 -0.912358
0.692913 0.267717 -0.930753
0.700787 0.267717 -0.946871
0.708661 0.267717 -0.960671
0.716535 0.267717 -0.972121
0.724409 0.267717 -0.981191
0.732283 0.267717 -0.987861
0.740157 0.267717 -0.992113
0.748031 0.267717 -0.993937
0.755906 0.267717 -0.993329
0.76378 0.267717 -0.99029
0.771654 0.267717 -0.984827
0.779528 0.267717 -0.976955
0.787402 0.267717 -0.966692
0.795276 0.267717 -0.954063
0.80315 0.267717 -0.939099
0.811024 0.267717 -0.921837
0.818898 0.267717 -0.90232
0.826772 0.267717 -0.880594
0.834646 0.267717 -0.856713
0.84252 0.267717 -0.830736
0.850394 0.267717 -0.802726
0.858268 0.267717 -0.772751
0.866142 0.267717 -0.740885
0.874016 0.267717 -0.707207
0.88189 0.267717 -0.671797
0.889764 0.267717 -0.634744
0.897638 0.267717 -0.596137
0.905512 0.267717 -0.556072
0.913386 0.267717 -0.514645
0.92126 0.267717 -0.471959
0.929134 0.267717 -0.428119
0.937008 0.267717 -0.38323
0.944882 0.267717 -0.337404
0.952756 0.267717 -0.290752
0.96063 0.267717 -0.243388
0.968504 0.267717 -0.195429
0.976378 0.267717 -0.146992
0.984252 0.267717 -0.098195
0.992126 0.267717 -0.0491576
1 0.267717 0
0 0.275591 0
0.00787402 0.275591 0.0488258
0.015748 0.275591 0.0975321
0.023622 0.275591 0.146
0.0314961 0.275591 0.19411
0.0393701 0.275591 0.241745
0.0472441 0.275591 0.288789
0.0551181 0.275591 0.335126
0.0629921 0.275591 0.380643
0.0708661 0.275591 0.425228
0.0787402 0.275591 0.468773
0.0866142 0.275591 0.511171
0.0944882 0.275591 0.552318
0.102362 0.275591 0.592113
0.110236 0.275591 0.630459
0.11811 0.275591 0.667262
0.125984 0.275591 0.702433
0.133858 0.275591 0.735884
0.141732 0.275591 0.767534
0.149606 0.275591 0.797307
0.15748 0.275591 0.825128
0.165354 0.275591 0.85093
0.173228 0.275591 0.874649
0.181102 0.275591 0.896229
0.188976 0.275591 0.915614
0.19685 0.275591 0.93276
0.204724 0.275591 0.947622
0.212598 0.275591 0.960166
0.220472 0.275591 0.97036
0.228346 0.275591 0.978179
0.23622 0.275591 0.983605
0.244094 0.275591 0.986623
0.251969 0.275591 0.987227
0.259843 0.275591 0.985416
0.267717 0.275591 0.981192
0.275591 0.275591 0.974568
0.283465 0.275591 0.965558
0.291339 0.275591 0.954186
0.299213 0.275591 0.940479
0.307087 0.275591 0.92447
0.314961 0.275591 0.906199
0.322835 0.275591 0.88571
0.330709 0.275591 0.863054
0.338583 0.275591 0.838286
0.346457 0.275591 0.811466
0.354331 0.275591 0.78266
0.362205 0.275591 0.75194
0.370079 0.275591 0.719379
0.377953 0.275591 0.685057
0.385827 0.275591 0.649059
0.393701 0.275591 0.611473
0.401575 0.275591 0.572391
0.409449 0.275591 0.531907
0.417323 0.275591 0.490123
0.425197 0.275591 0.447138
0.433071 0.275591 0.40306
0.440945 0.275591 0.357995
0.448819 0.275591 0.312054
0.456693 0.275591 0.265349
0.464567 0.275591 0.217995
0.472441 0.275591 0.170108
0.480315 0.275591 0.121804
0.488189 0.275591 0.0732019
0.496063 0.275591 0.024421
0.503937 0.275591 -0.0244197
0.511811 0.275591 -0.0732007
0.519685 0.275591 -0.121803
0.527559 0.275591 -0.170106
0.535433 0.275591 -0.217994
0.543307 0.275591 -0.265348
0.551181 0.275591 -0.312052
0.559055 0.275591 -0.357993
0.566929 0.275591 -0.403058
0.574803 0.275591 -0.447137
0.582677 0.275591 -0.490121
0.590551 0.275591 -0.531906
0.598425 0.275591 -0.57239
0.606299 0.275591 -0.611472
0.614173 0.275591 -0.649058
0.622047 0.275591 -0.685056
0.629921 0.275591 -0.719377
0.637795 0.275591 -0.751938
0.645669 0.275591 -0.782659
0.653543 0.275591 -0.811465
0.661417 0.275591 -0.838284
0.669291 0.275591 -0.863053
0.677165 0.275591 -0.885709
0.685039 0.275591 -0.906198
0.692913 0.275591 -0.924469
0.700787 0.275591 -0.940478
0.708661 0.275591 -0.954185
0.716535 0.275591 -0.965557
0.724409 0.275591 -0.974567
0.732283 0.275591 -0.981191
0.740157 0.275591 -0.985415
0.748031 0.275591 -0.987226
0.755906 0.275591 -0.986622
0.76378 0.275591 -0.983604
0.771654 0.275591 -0.978178
0.779528 0.275591 -0.970359
0.787402 0.275591 -0.960165
0.795276 0.275591 -0.947622
0.80315 0.275591 -0.932759
0.811024 0.275591 -0.915614
0.818898 0.275591 -0.896228
0.826772 0.275591 -0.874649
0.834646 0.275591 -0.850929
0.84252 0.275591 -0.825127
0.850394 0.275591 -0.797306
0.858268 0.275591 -0.767534
0.866142 0.275591 -0.735883
0.874016 0.275591 -0.702432
0.88189 0.275591 -0.667262
0.889764 0.275591 -0.630458
0.897638 0.275591 -0.592112
0.905512 0.275591 -0.552317
0.913386 0.275591 -0.511171
0.92126 0.275591 -0.468773
0.929134 0.275591 -0.425228
0.937008 0.275591 -0.380643
0.944882 0.275591 -0.335126
0.952756 0.275591 -0.288789
0.96063 0.275591 -0.241745
0.968504 0.275591 -0.19411
0.976378 0.275591 -0.146
0.984252 0.275591 -0.097532
0.992126 0.275591 -0.0488258
1 0.275591 0
0 0.283465 0
0.00787402 0.283465 0.0483744
0.015748 0.283465 0.0966305
0.023622 0.283465 0.14465
0.0314961 0.283465 0.192316
0.0393701 0.283465 0.239511
0.0472441 0.283465 0.286119
0.0551181 0.283465 0.332028
0.0629921 0.283465 0.377124
0.0708661 0.283465 0.421297
0.0787402 0.283465 0.46444
0.0866142 0.283465 0.506445
0.0944882 0.283465 0.547212
0.102362 0.283465 0.586639
0.110236 0.283465 0.624631
0.11811 0.283465 0.661094
0.125984 0.283465 0.695939
0.133858 0.283465 0.729081
0.141732 0.283465 0.760439
0.149606 0.283465 0.789936
0.15748 0.283465 0.8175
0.165354 0.283465 0.843063
0.173228 0.283465 0.866564
0.181102 0.283465 0.887943
0.188976 0.283465 0.90715
0.19685 0.283465 0.924137
0.204724 0.283465 0.938862
0.212598 0.283465 0.95129
0.220472 0.283465 0.961389
0.228346 0.283465 0.969136
0.23622 0.283465 0.974512
0.244094 0.283465 0.977502
0.251969 0.283465 0.978101
0.259843 0.283465 0.976306
0.267717 0.283465 0.972122
0.275591 0.283465 0.965558
0.283465 0.283465 0.956632
0.291339 0.283465 0.945365
0.299213 0.283465 0.931785
0.307087 0.283465 0.915924
0.314961 0.283465 0.897822
0.322835 0.283465 0.877522
0.330709 0.283465 0.855075
0.338583 0.283465 0.830536
0.346457 0.283465 0.803964
0.354331 0.283465 0.775425
0.362205 0.283465 0.744988
0.370079 0.283465 0.712728
0.377953 0.283465 0.678724
0.385827 0.283465 0.643059
0.393701 0.283465 0.605821
0.401575 0.283465 0.567099
0.409449 0.283465 0.52699
0.417323 0.283465 0.485592
0.425197 0.283465 0.443005
0.433071 0.283465 0.399334
0.440945 0.283465 0.354685
0.448819 0.283465 0.309169
0.456693 0.283465 0.262896
0.464567 0.283465 0.21598
0.472441 0.283465 0.168535
0.480315 0.283465 0.120678
0.488189 0.283465 0.0725252
0.496063 0.283465 0.0241952
0.503937 0.283465 -0.024194
0.511811 0.283465 -0.072524
0.519685 0.283465 -0.120677
0.527559 0.283465 -0.168534
0.535433 0.283465 -0.215978
0.543307 0.283465 -0.262895
0.551181 0.283465 -0.309168
0.559055 0.283465 -0.354684
0.566929 0.283465 -0.399332
0.574803 0.283465 -0.443003
0.582677 0.283465 -0.48559
0.590551 0.283465 -0.526989
0.598425 0.283465 -0.567098
0.606299 0.283465 -0.605819
0.614173 0.283465 -0.643058
0.622047 0.283465 -0.678723
0.629921 0.283465 -0.712727
0.637795 0.283465 -0.744987
0.645669 0.283465 -0.775424
0.653543 0.283465 -0.803963
0.661417 0.283465 -0.830535
0.669291 0.283465 -0.855074
0.677165 0.283465 -0.877521
0.685039 0.283465 -0.89782
0.692913 0.283465 -0.915923
0.700787 0.283465 -0.931784
0.708661 0.283465 -0.945364
0.716535 0.283465 -0.956631
0.724409 0.283465 -0.965557
0.732283 0.283465 -0.972121
0.740157 0.283465 -0.976305
0.748031 0.283465 -0.9781
0.755906 0.283465 -0.977502
0.76378 0.283465 -0.974511
0.771654 0.283465 -0.969136
0.779528 0.283465 -0.961389
0.787402 0.283465 -0.951289
0.795276 0.283465 -0.938861
0.80315 0.283465 -0.924136
0.811024 0.283465 -0.907149
0.818898 0.283465 -0.887943
0.826772 0.283465 -0.866563
0.834646 0.283465 -0.843063
0.84252 0.283465 -0.817499
0.850394 0.283465 -0.789935
0.858268 0.283465 -0.760438
0.866142 0.283465 -0.729081
0.874016 0.283465 -0.695938
0.88189 0.283465 -0.661093
0.889764 0.283465 -0.62463
0.897638 0.283465 -0.586639
0.905512 0.283465 -0.547211
0.913386 0.283465 -0.506445
0.92126 0.283465 -0.464439
0.929134 0.283465 -0.421297
0.937008 0.283465 -0.377124
0.944882 0.283465 -0.332028
0.952756 0.283465 -0.286119
0.96063 0.283465 -0.23951
0.968504 0.283465 -0.192316
0.976378 0.283465 -0.14465
0.984252 0.283465 -0.0966304
0.992126 0.283465 -0.0483744
1 0.283465 0
0 0.291339 0
0.00787402 0.291339 0.0478047
0.015748 0.291339 0.0954924
0.023622 0.291339 0.142946
0.0314961 0.291339 0.190051
0.0393701 0.291339 0.23669
0.0472441 0.291339 0.28275
0.0551181 0.291339 0.328117
0.0629921 0.291339 0.372682
0.0708661 0.291339 0.416335
0.0787402 0.291339 0.45897
0.0866142 0.291339 0.500481
0.0944882 0.291339 0.540767
0.102362 0.291339 0.57973
0.110236 0.291339 0.617274
0.11811 0.291339 0.653307
0.125984 0.291339 0.687742
0.133858 0.291339 0.720494
0.141732 0.291339 0.751483
0.149606 0.291339 0.780632
0.15748 0.291339 0.807872
0.165354 0.291339 0.833134
0.173228 0.291339 0.856357
0.181102 0.291339 0.877485
0.188976 0.291339 0.896466
0.19685 0.291339 0.913252
0.204724 0.291339 0.927804
0.212598 0.291339 0.940085
0.220472 0.291339 0.950066
0.228346 0.291339 0.957722
0.23622 0.291339 0.963034
0.244094 0.291339 0.96599
0.251969 0.291339 0.966581
0.259843 0.291339 0.964807
0.267717 0.291339 0.960672
0.275591 0.291339 0.954186
0.283465 0.291339 0.945365
0.291339 0.291339 0.934231
0.299213 0.291339 0.92081
0.307087 0.291339 0.905136
0.314961 0.291339 0.887247
0.322835 0.291339 0.867187
0.330709 0.291339 0.845004
0.338583 0.291339 0.820754
0.346457 0.291339 0.794495
0.354331 0.291339 0.766292
0.362205 0.291339 0.736214
0.370079 0.291339 0.704334
0.377953 0.291339 0.67073
0.385827 0.291339 0.635485
0.393701 0.291339 0.598685
0.401575 0.291339 0.56042
0.409449 0.291339 0.520783
0.417323 0.291339 0.479872
0.425197 0.291339 0.437787
0.433071 0.291339 0.39463
0.440945 0.291339 0.350508
0.448819 0.291339 0.305528
0.456693 0.291339 0.2598
0.464567 0.291339 0.213436
0.472441 0.291339 0.16655
0.480315 0.291339 0.119256
0.488189 0.291339 0.0716711
0.496063 0.291339 0.0239103
0.503937 0.291339 -0.023909
0.511811 0.291339 -0.0716698
0.519685 0.291339 -0.119255
0.527559 0.291339 -0.166549
0.535433 0.291339 -0.213435
0.543307 0.291339 -0.259798
0.551181 0.291339 -0.305526
0.559055 0.291339 -0.350506
0.566929 0.291339 -0.394629
0.574803 0.291339 -0.437786
0.582677 0.291339 -0.479871
0.590551 0.291339 -0.520782
0.598425 0.291339 -0.560419
0.606299 0.291339 -0.598684
0.614173 0.291339 -0.635484
0.622047 0.291339 -0.670729
0.629921 0.291339 -0.704333
0.637795 0.291339 -0.736213
0.645669 0.291339 -0.766291
0.653543 0.291339 -0.794494
0.661417 0.291339 -0.820753
0.669291 0.291339 -0.845003
0.677165 0.291339 -0.867186
0.685039 0.291339 -0.887246
0.692913 0.291339 -0.905135
0.700787 0.291339 -0.920809
0.708661 0.291339 -0.93423
0.716535 0.291339 -0.945364
0.724409 0.291339 -0.954185
0.732283 0.291339 -0.960671
0.740157 0.291339 -0.964806
0.748031 0.291339 -0.96658
0.755906 0.291339 -0.965989
0.76378 0.291339 -0.963033
0.771654 0.291339 -0.957721
0.779528 0.291339 -0.950065
0.787402 0.291339 -0.940085
0.795276 0.291339 -0.927803
0.80315 0.291339 -0.913252
0.811024 0.291339 -0.896465
0.818898 0.291339 -0.877485
0.826772 0.291339 -0.856357
0.834646 0.291339 -0.833133
0.84252 0.291339 -0.807871
0.850394 0.291339 -0.780632
0.858268 0.291339 -0.751482
0.866142 0.291339 -0.720493
0.874016 0.291339 -0.687742
0.88189 0.291339 -0.653307
0.889764 0.291339 -0.617273
0.897638 0.291339 -0.579729
0.905512 0.291339 -0.540766
0.913386 0.291339 -0.50048
0.92126 0.291339 -0.458969
0.929134 0.291339 -0.416335
0.937008 0.291339 -0.372682
0.944882 0.291339 -0.328117
0.952756 0.291339 -0.282749
0.96063 0.291339 -0.23669
0.968504 0.291339 -0.19005
0.976378 0.291339 -0.142946
0.984252 0.291339 -0.0954923
0.992126 0.291339 -0.0478046
1 0.291339 0
0 0.299213 0
0.00787402 0.299213 0.0471179
0.015748 0.299213 0.0941206
0.023622 0.299213 0.140893
0.0314961 0.299213 0.18732
0.0393701 0.299213 0.23329
0.0472441 0.299213 0.278688
0.0551181 0.299213 0.323404
0.0629921 0.299213 0.367329
0.0708661 0.299213 0.410355
0.0787402 0.299213 0.452376
0.0866142 0.299213 0.493291
0.0944882 0.299213 0.532998
0.102362 0.299213 0.571402
0.110236 0.299213 0.608406
0.11811 0.299213 0.643922
0.125984 0.299213 0.677862
0.133858 0.299213 0.710144
0.141732 0.299213 0.740687
0.149606 0.299213 0.769418
0.15748 0.299213 0.796266
0.165354 0.299213 0.821166
0.173228 0.299213 0.844055
0.181102 0.299213 0.86488
0.188976 0.299213 0.883588
0.19685 0.299213 0.900133
0.204724 0.299213 0.914476
0.212598 0.299213 0.926581
0.220472 0.299213 0.936418
0.228346 0.299213 0.943964
0.23622 0.299213 0.9492
0.244094 0.299213 0.952113
0.251969 0.299213 0.952696
0.259843 0.299213 0.950947
0.267717 0.299213 0.946872
0.275591 0.299213 0.940479
0.283465 0.299213 0.931785
0.291339 0.299213 0.92081
0.299213 0.299213 0.907582
0.307087 0.299213 0.892133
0.314961 0.299213 0.874501
0.322835 0.299213 0.854729
0.330709 0.299213 0.832866
0.338583 0.299213 0.808964
0.346457 0.299213 0.783082
0.354331 0.299213 0.755284
0.362205 0.299213 0.725638
0.370079 0.299213 0.694216
0.377953 0.299213 0.661095
0.385827 0.299213 0.626356
0.393701 0.299213 0.590085
0.401575 0.299213 0.552369
0.409449 0.299213 0.513302
0.417323 0.299213 0.472979
0.425197 0.299213 0.431498
0.433071 0.299213 0.388961
0.440945 0.299213 0.345473
0.448819 0.299213 0.301139
0.456693 0.299213 0.256068
0.464567 0.299213 0.21037
0.472441 0.299213 0.164157
0.480315 0.299213 0.117543
0.488189 0.299213 0.0706415
0.496063 0.299213 0.0235668
0.503937 0.299213 -0.0235655
0.511811 0.299213 -0.0706402
0.519685 0.299213 -0.117542
0.527559 0.299213 -0.164156
0.535433 0.299213 -0.210369
0.543307 0.299213 -0.256066
0.551181 0.299213 -0.301137
0.559055 0.299213 -0.345471
0.566929 0.299213 -0.38896
0.574803 0.299213 -0.431497
0.582677 0.299213 -0.472978
0.590551 0.299213 -0.513301
0.598425 0.299213 -0.552368
0.606299 0.299213 -0.590084
0.614173 0.299213 -0.626355
0.622047 0.299213 -0.661094
0.629921 0.299213 -0.694215
0.637795 0.299213 -0.725637
0.645669 0.299213 -0.755283
0.653543 0.299213 -0.783081
0.661417 0.299213 -0.808962
0.669291 0.299213 -0.832864
0.677165 0.299213 -0.854728
0.685039 0.299213 -0.8745
0.692913 0.299213 -0.892132
0.700787 0.299213 -0.907581
0.708661 0.299213 -0.920809
0.716535 0.299213 -0.931784
0.724409 0.299213 -0.940478
0.732283 0.299213 -0.946871
0.740157 0.299213 -0.950946
0.748031 0.299213 -0.952695
0.755906 0.299213 -0.952112
0.76378 0.299213 -0.949199
0.771654 0.299213 -0.943963
0.779528 0.299213 -0.936417
0.787402 0.299213 -0.92658
0.795276 0.299213 -0.914475
0.80315 0.299213 -0.900132
0.811024 0.299213 -0.883587
0.818898 0.299213 -0.864879
0.826772 0.299213 -0.844055
0.834646 0.299213 -0.821165
0.84252 0.299213 -0.796266
0.850394 0.299213 -0.769418
0.858268 0.299213 -0.740687
0.866142 0.299213 -0.710143
0.874016 0.299213 -0.677862
0.88189 0.299213 -0.643922
0.889764 0.299213 -0.608406
0.897638 0.299213 -0.571401
0.905512 0.299213 -0.532998
0.913386 0.299213 -0.493291
0.92126 0.299213 -0.452376
0.929134 0.299213 -0.410354
0.937008 0.299213 -0.367328
0.944882 0.299213 -0.323404
0.952756 0.299213 -0.278688
0.96063 0.299213 -0.233289
0.968504 0.299213 -0.18732
0.976378 0.299213 -0.140893
0.984252 0.299213 -0.0941205
0.992126 0.299213 -0.0471179
1 0.299213 0
0 0.307087 0
0.00787402 0.307087 0.0463159
0.015748 0.307087 0.0925185
0.023622 0.307087 0.138495
0.0314961 0.307087 0.184132
0.0393701 0.307087 0.229318
0.0472441 0.307087 0.273944
0.0551181 0.307087 0.317899
0.0629921 0.307087 0.361076
0.0708661 0.307087 0.40337
0.0787402 0.307087 0.444676
0.0866142 0.307087 0.484894
0.0944882 0.307087 0.523926
0.102362 0.307087 0.561675
0.110236 0.307087 0.59805
0.11811 0.307087 0.632961
0.125984 0.307087 0.666324
0.133858 0.307087 0.698056
0.141732 0.307087 0.728079
0.149606 0.307087 0.756321
0.15748 0.307087 0.782712
0.165354 0.307087 0.807188
0.173228 0.307087 0.829688
0.181102 0.307087 0.850158
0.188976 0.307087 0.868547
0.19685 0.307087 0.884811
0.204724 0.307087 0.89891
0.212598 0.307087 0.910808
0.220472 0.307087 0.920478
0.228346 0.307087 0.927896
0.23622 0.307087 0.933042
0.244094 0.307087 0.935906
0.251969 0.307087 0.936479
0.259843 0.307087 0.93476
0.267717 0.307087 0.930754
0.275591 0.307087 0.92447
0.283465 0.307087 0.915924
0.291339 0.307087 0.905136
0.299213 0.307087 0.892133
0.307087 0.307087 0.876948
0.314961 0.307087 0.859616
0.322835 0.307087 0.84018
0.330709 0.307087 0.818688
0.338583 0.307087 0.795193
0.346457 0.307087 0.769752
0.354331 0.307087 0.742428
0.362205 0.307087 0.713286
0.370079 0.307087 0.682399
0.377953 0.307087 0.649842
0.385827 0.307087 0.615695
0.393701 0.307087 0.58004
0.401575 0.307087 0.542967
0.409449 0.307087 0.504565
0.417323 0.307087 0.464928
0.425197 0.307087 0.424153
0.433071 0.307087 0.38234
0.440945 0.307087 0.339592
0.448819 0.307087 0.296013
0.456693 0.307087 0.251709
0.464567 0.307087 0.206789
0.472441 0.307087 0.161363
0.480315 0.307087 0.115543
0.488189 0.307087 0.0694391
0.496063 0.307087 0.0231657
0.503937 0.307087 -0.0231644
0.511811 0.307087 -0.0694377
0.519685 0.307087 -0.115541
0.527559 0.307087 -0.161362
0.535433 0.307087 -0.206788
0.543307 0.307087 -0.251707
0.551181 0.307087 -0.296011
0.559055 0.307087 -0.339591
0.566929 0.307087 -0.382339
0.574803 0.307087 -0.424152
0.582677 0.307087 -0.464926
0.590551 0.307087 -0.504563
0.598425 0.307087 -0.542966
0.606299 0.307087 -0.580039
0.614173 0.307087 -0.615693
0.622047 0.307087 -0.649841
0.629921 0.307087 -0.682398
0.637795 0.307087 -0.713285
0.645669 0.307087 -0.742426
0.653543 0.307087 -0.769751
0.661417 0.307087 -0.795192
0.669291 0.307087 -0.818687
0.677165 0.307087 -0.840179
0.685039 0.307087 -0.859615
0.692913 0.307087 -0.876946
0.700787 0.307087 -0.892132
0.708661 0.307087 -0.905135
0.716535 0.307087 -0.915923
0.724409 0.307087 -0.924469
0.732283 0.307087 -0.930753
0.740157 0.307087 -0.934759
0.748031 0.307087 -0.936478
0.755906 0.307087 -0.935905
0.76378 0.307087 -0.933042
0.771654 0.307087 -0.927895
0.779528 0.307087 -0.920478
0.787402 0.307087 -0.910808
0.795276 0.307087 -0.898909
0.80315 0.307087 -0.88481
0.811024 0.307087 -0.868546
0.818898 0.307087 -0.850157
0.826772 0.307087 -0.829687
0.834646 0.307087 -0.807187
0.84252 0.307087 -0.782711
0.850394 0.307087 -0.75632
0.858268 0.307087 -0.728079
0.866142 0.307087 -0.698055
0.874016 0.307087 -0.666323
0.88189 0.307087 -0.632961
0.889764 0.307087 -0.59805
0.897638 0.307087 -0.561675
0.905512 0.307087 -0.523925
0.913386 0.307087 -0.484894
0.92126 0.307087 -0.444676
0.929134 0.307087 -0.403369
0.937008 0.307087 -0.361076
0.944882 0.307087 -0.317899
0.952756 0.307087 -0.273944
0.96063 0.307087 -0.229318
0.968504 0.307087 -0.184132
0.976378 0.307087 -0.138495
0.984252 0.307087 -0.0925184
0.992126 0.307087 -0.0463159
1 0.307087 0
0 0.314961 0
0.00787402 0.314961 0.0454005
0.015748 0.314961 0.0906899
0.023622 0.314961 0.135757
0.0314961 0.314961 0.180493
0.0393701 0.314961 0.224786
0.0472441 0.314961 0.26853
0.0551181 0.314961 0.311616
0.0629921 0.314961 0.35394
0.0708661 0.314961 0.395397
0.0787402 0.314961 0.435887
0.0866142 0.314961 0.475311
0.0944882 0.314961 0.513571
0.102362 0.314961 0.550574
0.110236 0.314961 0.58623
0.11811 0.314961 0.620452
0.125984 0.314961 0.653155
0.133858 0.314961 0.684259
0.141732 0.314961 0.71369
0.149606 0.314961 0.741373
0.15748 0.314961 0.767243
0.165354 0.314961 0.791234
0.173228 0.314961 0.81329
0.181102 0.314961 0.833355
0.188976 0.314961 0.851381
0.19685 0.314961 0.867324
0.204724 0.314961 0.881144
0.212598 0.314961 0.892807
0.220472 0.314961 0.902286
0.228346 0.314961 0.909557
0.23622 0.314961 0.914602
0.244094 0.314961 0.917409
0.251969 0.314961 0.91797
0.259843 0.314961 0.916286
0.267717 0.314961 0.912359
0.275591 0.314961 0.906199
0.283465 0.314961 0.897822
0.291339 0.314961 0.887247
0.299213 0.314961 0.874501
0.307087 0.314961 0.859616
0.314961 0.314961 0.842626
0.322835 0.314961 0.823575
0.330709 0.314961 0.802508
0.338583 0.314961 0.779477
0.346457 0.314961 0.754539
0.354331 0.314961 0.727754
0.362205 0.314961 0.699189
0.370079 0.314961 0.668912
0.377953 0.314961 0.636998
0.385827 0.314961 0.603526
0.393701 0.314961 0.568577
0.401575 0.314961 0.532236
0.409449 0.314961 0.494593
0.417323 0.314961 0.455739
0.425197 0.314961 0.41577
0.433071 0.314961 0.374784
0.440945 0.314961 0.33288
0.448819 0.314961 0.290162
0.456693 0.314961 0.246734
0.464567 0.314961 0.202702
0.472441 0.314961 0.158174
0.480315 0.314961 0.113259
0.488189 0.314961 0.0680667
0.496063 0.314961 0.0227079
0.503937 0.314961 -0.0227065
0.511811 0.314961 -0.0680653
0.519685 0.314961 -0.113258
0.527559 0.314961 -0.158173
0.535433 0.314961 -0.202701
0.543307 0.314961 -0.246733
0.551181 0.314961 -0.290161
0.559055 0.314961 -0.332879
0.566929 0.314961 -0.374782
0.574803 0.314961 -0.415769
0.582677 0.314961 -0.455738
0.590551 0.314961 -0.494591
0.598425 0.314961 -0.532235
0.606299 0.314961 -0.568575
0.614173 0.314961 -0.603525
0.622047 0.314961 -0.636997
0.629921 0.314961 -0.668911
0.637795 0.314961 -0.699187
0.645669 0.314961 -0.727753
0.653543 0.314961 -0.754538
0.661417 0.314961 -0.779476
0.669291 0.314961 -0.802507
0.677165 0.314961 -0.823574
0.685039 0.314961 -0.842625
0.692913 0.314961 -0.859615
0.700787 0.314961 -0.8745
0.708661 0.314961 -0.887246
0.716535 0.314961 -0.89782
0.724409 0.314961 -0.906198
0.732283 0.314961 -0.912358
0.740157 0.314961 -0.916285
0.748031 0.314961 -0.917969
0.755906 0.314961 -0.917408
0.76378 0.314961 -0.914601
0.771654 0.314961 -0.909556
0.779528 0.314961 -0.902285
0.787402 0.314961 -0.892806
0.795276 0.314961 -0.881143
0.80315 0.314961 -0.867323
0.811024 0.314961 -0.85138
0.818898 0.314961 -0.833355
0.826772 0.314961 -0.813289
0.834646 0.314961 -0.791234
0.84252 0.314961 -0.767242
0.850394 0.314961 -0.741373
0.858268 0.314961 -0.713689
0.866142 0.314961 -0.684259
0.874016 0.314961 -0.653154
0.88189 0.314961 -0.620451
0.889764 0.314961 -0.58623
0.897638 0.314961 -0.550574
0.905512 0.314961 -0.51357
0.913386 0.314961 -0.47531
0.92126 0.314961 -0.435887
0.929134 0.314961 -0.395397
0.937008 0.314961 -0.35394
0.944882 0.314961 -0.311616
0.952756 0.314961 -0.268529
0.96063 0.314961 -0.224786
0.968504 0.314961 -0.180493
0.976378 0.314961 -0.135757
0.984252 0.314961 -0.0906899
0.992126 0.314961 -0.0454005
1 0.314961 0
0 0.322835 0
0.00787402 0.322835 0.044374
0.015748 0.322835 0.0886395
0.023622 0.322835 0.132688
0.0314961 0.322835 0.176412
0.0393701 0.322835 0.219704
0.0472441 0.322835 0.262458
0.0551181 0.322835 0.304571
0.0629921 0.322835 0.345937
0.0708661 0.322835 0.386458
0.0787402 0.322835 0.426032
0.0866142 0.322835 0.464564
0.0944882 0.322835 0.501959
0.102362 0.322835 0.538126
0.110236 0.322835 0.572976
0.11811 0.322835 0.606423
0.125984 0.322835 0.638387
0.133858 0.322835 0.668789
0.141732 0.322835 0.697553
0.149606 0.322835 0.724611
0.15748 0.322835 0.749896
0.165354 0.322835 0.773345
0.173228 0.322835 0.794902
0.181102 0.322835 0.814513
0.188976 0.322835 0.832132
0.19685 0.322835 0.847714
0.204724 0.322835 0.861221
0.212598 0.322835 0.872621
0.220472 0.322835 0.881886
0.228346 0.322835 0.888992
0.23622 0.322835 0.893923
0.244094 0.322835 0.896666
0.251969 0.322835 0.897215
0.259843 0.322835 0.895569
0.267717 0.322835 0.891731
0.275591 0.322835 0.88571
0.283465 0.322835 0.877522
0.291339 0.322835 0.867187
0.299213 0.322835 0.854729
0.307087 0.322835 0.84018
0.314961 0.322835 0.823575
0.322835 0.322835 0.804954
0.330709 0.322835 0.784364
0.338583 0.322835 0.761854
0.346457 0.322835 0.737479
0.354331 0.322835 0.7113
0.362205 0.322835 0.68338
0.370079 0.322835 0.653788
0.377953 0.322835 0.622596
0.385827 0.322835 0.589881
0.393701 0.322835 0.555721
0.401575 0.322835 0.520202
0.409449 0.322835 0.48341
0.417323 0.322835 0.445435
0.425197 0.322835 0.40637
0.433071 0.322835 0.36631
0.440945 0.322835 0.325354
0.448819 0.322835 0.283602
0.456693 0.322835 0.241155
0.464567 0.322835 0.198119
0.472441 0.322835 0.154598
0.480315 0.322835 0.110698
0.488189 0.322835 0.0665278
0.496063 0.322835 0.0221945
0.503937 0.322835 -0.0221931
0.511811 0.322835 -0.0665264
0.519685 0.322835 -0.110697
0.527559 0.322835 -0.154596
0.535433 0.322835 -0.198118
0.543307 0.322835 -0.241154
0.551181 0.322835 -0.2836
0.559055 0.322835 -0.325353
0.566929 0.322835 -0.366309
0.574803 0.322835 -0.406368
0.582677 0.322835 -0.445434
0.590551 0.322835 -0.483409
0.598425 0.322835 -0.520201
0.606299 0.322835 -0.55572
0.614173 0.322835 -0.589879
0.622047 0.322835 -0.622595
0.629921 0.322835 -0.653787
0.637795 0.322835 -0.683379
0.645669 0.322835 -0.711299
0.653543 0.322835 -0.737478
0.661417 0.322835 -0.761852
0.669291 0.322835 -0.784362
0.677165 0.322835 -0.804953
0.685039 0.322835 -0.823574
0.692913 0.322835 -0.840179
0.700787 0.322835 -0.854728
0.708661 0.322835 -0.867186
0.716535 0.322835 -0.877521
0.724409 0.322835 -0.885709
0.732283 0.322835 -0.89173
0.740157 0.322835 -0.895568
0.748031 0.322835 -0.897214
0.755906 0.322835 -0.896665
0.76378 0.322835 -0.893922
0.771654 0.322835 -0.888991
0.779528 0.322835 -0.881885
0.787402 0.322835 -0.87262
0.795276 0.322835 -0.861221
0.80315 0.322835 -0.847713
0.811024 0.322835 -0.832131
0.818898 0.322835 -0.814513
0.826772 0.322835 -0.794901
0.834646 0.322835 -0.773344
0.84252 0.322835 -0.749895
0.850394 0.322835 -0.72461
0.858268 0.322835 -0.697553
0.866142 0.322835 -0.668788
0.874016 0.322835 -0.638387
0.88189 0.322835 -0.606423
0.889764 0.322835 -0.572975
0.897638 0.322835 -0.538126
0.905512 0.322835 -0.501959
0.913386 0.322835 -0.464564
0.92126 0.322835 -0.426032
0.929134 0.322835 -0.386457
0.937008 0.322835 -0.345937
0.944882 0.322835 -0.30457
0.952756 0.322835 -0.262458
0.96063 0.322835 -0.219704
0.968504 0.322835 -0.176412
0.976378 0.322835 -0.132688
0.984252 0.322835 -0.0886394
0.992126 0.322835 -0.044374
1 0.322835 0
0 0.330709 0
0.00787402 0.330709 0.0432389
0.015748 0.330709 0.0863721
0.023622 0.330709 0.129294
0.0314961 0.330709 0.171899
0.0393701 0.330709 0.214084
0.0472441 0.330709 0.255745
0.0551181 0.330709 0.29678
0.0629921 0.330709 0.337088
0.0708661 0.330709 0.376572
0.0787402 0.330709 0.415134
0.0866142 0.330709 0.452681
0.0944882 0.330709 0.489119
0.102362 0.330709 0.524361
0.110236 0.330709 0.558319
0.11811 0.330709 0.590911
0.125984 0.330709 0.622057
0.133858 0.330709 0.651681
0.141732 0.330709 0.67971
0.149606 0.330709 0.706076
0.15748 0.330709 0.730713
0.165354 0.330709 0.753563
0.173228 0.330709 0.774568
0.181102 0.330709 0.793678
0.188976 0.330709 0.810846
0.19685 0.330709 0.82603
0.204724 0.330709 0.839192
0.212598 0.330709 0.8503
0.220472 0.330709 0.859327
0.228346 0.330709 0.866252
0.23622 0.330709 0.871057
0.244094 0.330709 0.87373
0.251969 0.330709 0.874265
0.259843 0.330709 0.87266
0.267717 0.330709 0.86892
0.275591 0.330709 0.863054
0.283465 0.330709 0.855075
0.291339 0.330709 0.845004
0.299213 0.330709 0.832866
0.307087 0.330709 0.818688
0.314961 0.330709 0.802508
0.322835 0.330709 0.784364
0.330709 0.330709 0.7643
0.338583 0.330709 0.742366
0.346457 0.330709 0.718615
0.354331 0.330709 0.693105
0.362205 0.330709 0.6659
0.370079 0.330709 0.637065
0.377953 0.330709 0.60667
0.385827 0.330709 0.574792
0.393701 0.330709 0.541506
0.401575 0.330709 0.506896
0.409449 0.330709 0.471045
0.417323 0.330709 0.434041
0.425197 0.330709 0.395975
0.433071 0.330709 0.35694
0.440945 0.330709 0.317032
0.448819 0.330709 0.276347
0.456693 0.330709 0.234987
0.464567 0.330709 0.193051
0.472441 0.330709 0.150643
0.480315 0.330709 0.107867
0.488189 0.330709 0.064826
0.496063 0.330709 0.0216268
0.503937 0.330709 -0.0216254
0.511811 0.330709 -0.0648246
0.519685 0.330709 -0.107865
0.527559 0.330709 -0.150642
0.535433 0.330709 -0.19305
0.543307 0.330709 -0.234985
0.551181 0.330709 -0.276346
0.559055 0.330709 -0.31703
0.566929 0.330709 -0.356939
0.574803 0.330709 -0.395974
0.582677 0.330709 -0.434039
0.590551 0.330709 -0.471043
0.598425 0.330709 -0.506894
0.606299 0.330709 -0.541505
0.614173 0.330709 -0.57479
0.622047 0.330709 -0.606669
0.629921 0.330709 -0.637063
0.637795 0.330709 -0.665898
0.645669 0.330709 -0.693104
0.653543 0.330709 -0.718613
0.661417 0.330709 -0.742364
0.669291 0.330709 -0.764299
0.677165 0.330709 -0.784362
0.685039 0.330709 -0.802507
0.692913 0.330709 -0.818687
0.700787 0.330709 -0.832864
0.708661 0.330709 -0.845003
0.716535 0.330709 -0.855074
0.724409 0.330709 -0.863053
0.732283 0.330709 -0.868919
0.740157 0.330709 -0.872659
0.748031 0.330709 -0.874264
0.755906 0.330709 -0.873729
0.76378 0.330709 -0.871056
0.771654 0.330709 -0.866251
0.779528 0.330709 -0.859327
0.787402 0.330709 -0.850299
0.795276 0.330709 -0.839191
0.80315 0.330709 -0.826029
0.811024 0.330709 -0.810845
0.818898 0.330709 -0.793678
0.826772 0.330709 -0.774568
0.834646 0.330709 -0.753562
0.84252 0.330709 -0.730713
0.850394 0.330709 -0.706075
0.858268 0.330709 -0.679709
0.866142 0.330709 -0.651681
0.874016 0.330709 -0.622057
0.88189 0.330709 -0.590911
0.889764 0.330709 -0.558319
0.897638 0.330709 -0.52436
0.905512 0.330709 -0.489119
0.913386 0.330709 -0.45268
0.92126 0.330709 -0.415134
0.929134 0.330709 -0.376572
0.937008 0.330709 -0.337088
0.944882 0.330709 -0.296779
0.952756 0.330709 -0.255745
0.96063 0.330709 -0.214084
0.968504 0.330709 -0.171899
0.976378 0.330709 -0.129294
0.984252 0.330709 -0.086372
0.992126 0.330709 -0.0432389
1 0.330709 0
0 0.338583 0
0.00787402 0.338583 0.0419981
0.015748 0.338583 0.0838933
0.023622 0.338583 0.125583
0.0314961 0.338583 0.166966
0.0393701 0.338583 0.20794
0.0472441 0.338583 0.248405
0.0551181 0.338583 0.288263
0.0629921 0.338583 0.327414
0.0708661 0.338583 0.365765
0.0787402 0.338583 0.403221
0.0866142 0.338583 0.439689
0.0944882 0.338583 0.475082
0.102362 0.338583 0.509313
0.110236 0.338583 0.542296
0.11811 0.338583 0.573953
0.125984 0.338583 0.604205
0.133858 0.338583 0.632979
0.141732 0.338583 0.660203
0.149606 0.338583 0.685812
0.15748 0.338583 0.709743
0.165354 0.338583 0.731937
0.173228 0.338583 0.75234
0.181102 0.338583 0.770901
0.188976 0.338583 0.787576
0.19685 0.338583 0.802324
0.204724 0.338583 0.815108
0.212598 0.338583 0.825898
0.220472 0.338583 0.834666
0.228346 0.338583 0.841392
0.23622 0.338583 0.846059
0.244094 0.338583 0.848655
0.251969 0.338583 0.849175
0.259843 0.338583 0.847616
0.267717 0.338583 0.843984
0.275591 0.338583 0.838286
0.283465 0.338583 0.830536
0.291339 0.338583 0.820754
0.299213 0.338583 0.808964
0.307087 0.338583 0.795193
0.314961 0.338583 0.779477
0.322835 0.338583 0.761854
0.330709 0.338583 0.742366
0.338583 0.338583 0.721061
0.346457 0.338583 0.697992
0.354331 0.338583 0.673214
0.362205 0.338583 0.646789
0.370079 0.338583 0.618782
0.377953 0.338583 0.58926
0.385827 0.338583 0.558296
0.393701 0.338583 0.525966
0.401575 0.338583 0.492348
0.409449 0.338583 0.457526
0.417323 0.338583 0.421585
0.425197 0.338583 0.384611
0.433071 0.338583 0.346696
0.440945 0.338583 0.307933
0.448819 0.338583 0.268417
0.456693 0.338583 0.228243
0.464567 0.338583 0.187511
0.472441 0.338583 0.14632
0.480315 0.338583 0.104771
0.488189 0.338583 0.0629657
0.496063 0.338583 0.0210062
0.503937 0.338583 -0.0210047
0.511811 0.338583 -0.0629642
0.519685 0.338583 -0.10477
0.527559 0.338583 -0.146319
0.535433 0.338583 -0.18751
0.543307 0.338583 -0.228242
0.551181 0.338583 -0.268415
0.559055 0.338583 -0.307932
0.566929 0.338583 -0.346695
0.574803 0.338583 -0.38461
0.582677 0.338583 -0.421583
0.590551 0.338583 -0.457525
0.598425 0.338583 -0.492347
0.606299 0.338583 -0.525964
0.614173 0.338583 -0.558295
0.622047 0.338583 -0.589259
0.629921 0.338583 -0.61878
0.637795 0.338583 -0.646788
0.645669 0.338583 -0.673213
0.653543 0.338583 -0.69799
0.661417 0.338583 -0.72106
0.669291 0.338583 -0.742364
0.677165 0.338583 -0.761852
0.685039 0.338583 -0.779476
0.692913 0.338583 -0.795192
0.700787 0.338583 -0.808962
0.708661 0.338583 -0.820753
0.716535 0.338583 -0.830535
0.724409 0.338583 -0.838284
0.732283 0.338583 -0.843983
0.740157 0.338583 -0.847615
0.748031 0.338583 -0.849174
0.755906 0.338583 -0.848654
0.76378 0.338583 -0.846058
0.771654 0.338583 -0.841391
0.779528 0.338583 -0.834665
0.787402 0.338583 -0.825897
0.795276 0.338583 -0.815107
0.80315 0.338583 -0.802323
0.811024 0.338583 -0.787575
0.818898 0.338583 -0.7709
0.826772 0.338583 -0.752339
0.834646 0.338583 -0.731936
0.84252 0.338583 -0.709742
0.850394 0.338583 -0.685812
0.858268 0.338583 -0.660203
0.866142 0.338583 -0.632978
0.874016 0.338583 -0.604205
0.88189 0.338583 -0.573953
0.889764 0.338583 -0.542296
0.897638 0.338583 -0.509312
0.905512 0.338583 -0.475082
0.913386 0.338583 -0.439689
0.92126 0.338583 -0.40322
0.929134 0.338583 -0.365765
0.937008 0.338583 -0.327414
0.944882 0.338583 -0.288262
0.952756 0.338583 -0.248405
0.96063 0.338583 -0.20794
0.968504 0.338583 -0.166966
0.976378 0.338583 -0.125583
0.984252 0.338583 -0.0838933
0.992126 0.338583 -0.041998
1 0.338583 0
0 0.346457 0
0.00787402 0.346457 0.0406544
0.015748 0.346457 0.0812093
0.023622 0.346457 0.121565
0.0314961 0.346457 0.161624
0.0393701 0.346457 0.201287
0.0472441 0.346457 0.240458
0.0551181 0.346457 0.27904
0.0629921 0.346457 0.316939
0.0708661 0.346457 0.354063
0.0787402 0.346457 0.39032
0.0866142 0.346457 0.425622
0.0944882 0.346457 0.459883
0.102362 0.346457 0.493018
0.110236 0.346457 0.524946
0.11811 0.346457 0.55559
0.125984 0.346457 0.584875
0.133858 0.346457 0.612728
0.141732 0.346457 0.639081
0.149606 0.346457 0.663871
0.15748 0.346457 0.687036
0.165354 0.346457 0.70852
0.173228 0.346457 0.72827
0.181102 0.346457 0.746237
0.188976 0.346457 0.762379
0.19685 0.346457 0.776655
0.204724 0.346457 0.78903
0.212598 0.346457 0.799474
0.220472 0.346457 0.807962
0.228346 0.346457 0.814473
0.23622 0.346457 0.81899
0.244094 0.346457 0.821504
0.251969 0.346457 0.822007
0.259843 0.346457 0.820498
0.267717 0.346457 0.816982
0.275591 0.346457 0.811466
0.283465 0.346457 0.803964
0.291339 0.346457 0.794495
0.299213 0.346457 0.783082
0.307087 0.346457 0.769752
0.314961 0.346457 0.754539
0.322835 0.346457 0.737479
0.330709 0.346457 0.718615
0.338583 0.346457 0.697992
0.346457 0.346457 0.67566
0.354331 0.346457 0.651676
0.362205 0.346457 0.626096
0.370079 0.346457 0.598985
0.377953 0.346457 0.570407
0.385827 0.346457 0.540434
0.393701 0.346457 0.509138
0.401575 0.346457 0.476597
0.409449 0.346457 0.442888
0.417323 0.346457 0.408097
0.425197 0.346457 0.372306
0.433071 0.346457 0.335604
0.440945 0.346457 0.298081
0.448819 0.346457 0.259829
0.456693 0.346457 0.220941
0.464567 0.346457 0.181512
0.472441 0.346457 0.141639
0.480315 0.346457 0.101419
0.488189 0.346457 0.0609512
0.496063 0.346457 0.0203341
0.503937 0.346457 -0.0203327
0.511811 0.346457 -0.0609497
0.519685 0.346457 -0.101418
0.527559 0.346457 -0.141637
0.535433 0.346457 -0.18151
0.543307 0.346457 -0.220939
0.551181 0.346457 -0.259828
0.559055 0.346457 -0.29808
0.566929 0.346457 -0.335603
0.574803 0.346457 -0.372305
0.582677 0.346457 -0.408095
0.590551 0.346457 -0.442887
0.598425 0.346457 -0.476595
0.606299 0.346457 -0.509137
0.614173 0.346457 -0.540433
0.622047 0.346457 -0.570406
0.629921 0.346457 -0.598983
0.637795 0.346457 -0.626095
0.645669 0.346457 -0.651674
0.653543 0.346457 -0.675659
0.661417 0.346457 -0.69799
0.669291 0.346457 -0.718613
0.677165 0.346457 -0.737478
0.685039 0.346457 -0.754538
0.692913 0.346457 -0.769751
0.700787 0.346457 -0.783081
0.708661 0.346457 -0.794494
0.716535 0.346457 -0.803963
0.724409 0.346457 -0.811465
0.732283 0.346457 -0.816981
0.740157 0.346457 -0.820497
0.748031 0.346457 -0.822006
0.755906 0.346457 -0.821503
0.76378 0.346457 -0.818989
0.771654 0.346457 -0.814472
0.779528 0.346457 -0.807961
0.787402 0.346457 -0.799473
0.795276 0.346457 -0.789029
0.80315 0.346457 -0.776654
0.811024 0.346457 -0.762378
0.818898 0.346457 -0.746236
0.826772 0.346457 -0.728269
0.834646 0.346457 -0.708519
0.84252 0.346457 -0.687035
0.850394 0.346457 -0.66387
0.858268 0.346457 -0.639081
0.866142 0.346457 -0.612727
0.874016 0.346457 -0.584874
0.88189 0.346457 -0.55559
0.889764 0.346457 -0.524946
0.897638 0.346457 -0.493017
0.905512 0.346457 -0.459882
0.913386 0.346457 -0.425622
0.92126 0.346457 -0.39032
0.929134 0.346457 -0.354063
0.937008 0.346457 -0.316939
0.944882 0.346457 -0.27904
0.952756 0.346457 -0.240458
0.96063 0.346457 -0.201287
0.968504 0.346457 -0.161624
0.976378 0.346457 -0.121565
0.984252 0.346457 -0.0812092
0.992126 0.346457 -0.0406544
1 0.346457 0
0 0.354331 0
0.00787402 0.354331 0.0392112
0.015748 0.354331 0.0783265
0.023622 0.354331 0.11725
0.0314961 0.354331 0.155887
0.0393701 0.354331 0.194142
0.0472441 0.354331 0.231922
0.0551181 0.354331 0.269135
0.0629921 0.354331 0.305689
0.0708661 0.354331 0.341494
0.0787402 0.354331 0.376465
0.0866142 0.354331 0.410513
0.0944882 0.354331 0.443558
0.102362 0.354331 0.475517
0.110236 0.354331 0.506312
0.11811 0.354331 0.535868
0.125984 0.354331 0.564113
0.133858 0.354331 0.590977
0.141732 0.354331 0.616395
0.149606 0.354331 0.640305
0.15748 0.354331 0.662647
0.165354 0.354331 0.683369
0.173228 0.354331 0.702417
0.181102 0.354331 0.719747
0.188976 0.354331 0.735316
0.19685 0.354331 0.749085
0.204724 0.354331 0.761021
0.212598 0.354331 0.771094
0.220472 0.354331 0.779281
0.228346 0.354331 0.785561
0.23622 0.354331 0.789918
0.244094 0.354331 0.792342
0.251969 0.354331 0.792827
0.259843 0.354331 0.791372
0.267717 0.354331 0.78798
0.275591 0.354331 0.78266
0.283465 0.354331 0.775425
0.291339 0.354331 0.766292
0.299213 0.354331 0.755284
0.307087 0.354331 0.742428
0.314961 0.354331 0.727754
0.322835 0.354331 0.7113
0.330709 0.354331 0.693105
0.338583 0.354331 0.673214
0.346457 0.354331 0.651676
0.354331 0.354331 0.628543
0.362205 0.354331 0.603871
0.370079 0.354331 0.577722
0.377953 0.354331 0.550159
0.385827 0.354331 0.52125
0.393701 0.354331 0.491065
0.401575 0.354331 0.459678
0.409449 0.354331 0.427167
0.417323 0.354331 0.39361
0.425197 0.354331 0.35909
0.433071 0.354331 0.323691
0.440945 0.354331 0.2875
0.448819 0.354331 0.250606
0.456693 0.354331 0.213098
0.464567 0.354331 0.175069
0.472441 0.354331 0.136611
0.480315 0.354331 0.0978189
0.488189 0.354331 0.0587876
0.496063 0.354331 0.0196123
0.503937 0.354331 -0.0196109
0.511811 0.354331 -0.0587861
0.519685 0.354331 -0.0978175
0.527559 0.354331 -0.136609
0.535433 0.354331 -0.175067
0.543307 0.354331 -0.213096
0.551181 0.354331 -0.250604
0.559055 0.354331 -0.287499
0.566929 0.354331 -0.32369
0.574803 0.354331 -0.359088
0.582677 0.354331 -0.393609
0.590551 0.354331 -0.427165
0.598425 0.354331 -0.459677
0.606299 0.354331 -0.491063
0.614173 0.354331 -0.521248
0.622047 0.354331 -0.550158
0.629921 0.354331 -0.577721
0.637795 0.354331 -0.60387
0.645669 0.354331 -0.628541
0.653543 0.354331 -0.651674
0.661417 0.354331 -0.673213
0.669291 0.354331 -0.693104
0.677165 0.354331 -0.711299
0.685039 0.354331 -0.727753
0.692913 0.354331 -0.742426
0.700787 0.354331 -0.755283
0.708661 0.354331 -0.766291
0.716535 0.354331 -0.775424
0.724409 0.354331 -0.782659
0.732283 0.354331 -0.787979
0.740157 0.354331 -0.791371
0.748031 0.354331 -0.792826
0.755906 0.354331 -0.792341
0.76378 0.354331 -0.789917
0.771654 0.354331 -0.78556
0.779528 0.354331 -0.77928
0.787402 0.354331 -0.771094
0.795276 0.354331 -0.76102
0.80315 0.354331 -0.749084
0.811024 0.354331 -0.735315
0.818898 0.354331 -0.719746
0.826772 0.354331 -0.702417
0.834646 0.354331 -0.683368
0.84252 0.354331 -0.662647
0.850394 0.354331 -0.640304
0.858268 0.354331 -0.616394
0.866142 0.354331 -0.590976
0.874016 0.354331 -0.564112
0.88189 0.354331 -0.535867
0.889764 0.354331 -0.506311
0.897638 0.354331 -0.475516
0.905512 0.354331 -0.443557
0.913386 0.354331 -0.410513
0.92126 0.354331 -0.376464
0.929134 0.354331 -0.341494
0.937008 0.354331 -0.305688
0.944882 0.354331 -0.269134
0.952756 0.354331 -0.231922
0.96063 0.354331 -0.194142
0.968504 0.354331 -0.155887
0.976378 0.354331 -0.11725
0.984252 0.354331 -0.0783264
0.992126 0.354331 -0.0392112
1 0.354331 0
0 0.362205 0
0.00787402 0.362205 0.0376721
0.015748 0.362205 0.0752521
0.023622 0.362205 0.112648
0.0314961 0.362205 0.149768
0.0393701 0.362205 0.186522
0.0472441 0.362205 0.222819
0.0551181 0.362205 0.258571
0.0629921 0.362205 0.29369
0.0708661 0.362205 0.32809
0.0787402 0.362205 0.361688
0.0866142 0.362205 0.3944
0.0944882 0.362205 0.426147
0.102362 0.362205 0.456852
0.110236 0.362205 0.486438
0.11811 0.362205 0.514834
0.125984 0.362205 0.54197
0.133858 0.362205 0.56778
0.141732 0.362205 0.5922
0.149606 0.362205 0.615172
0.15748 0.362205 0.636637
0.165354 0.362205 0.656545
0.173228 0.362205 0.674846
0.181102 0.362205 0.691496
0.188976 0.362205 0.706453
0.19685 0.362205 0.719682
0.204724 0.362205 0.731149
0.212598 0.362205 0.740828
0.220472 0.362205 0.748693
0.228346 0.362205 0.754726
0.23622 0.362205 0.758912
0.244094 0.362205 0.761241
0.251969 0.362205 0.761707
0.259843 0.362205 0.760309
0.267717 0.362205 0.757051
0.275591 0.362205 0.75194
0.283465 0.362205 0.744988
0.291339 0.362205 0.736214
0.299213 0.362205 0.725638
0.307087 0.362205 0.713286
0.314961 0.362205 0.699189
0.322835 0.362205 0.68338
0.330709 0.362205 0.6659
0.338583 0.362205 0.646789
0.346457 0.362205 0.626096
0.354331 0.362205 0.603871
0.362205 0.362205 0.580168
0.370079 0.362205 0.555045
0.377953 0.362205 0.528564
0.385827 0.362205 0.50079
0.393701 0.362205 0.47179
0.401575 0.362205 0.441635
0.409449 0.362205 0.4104
0.417323 0.362205 0.37816
0.425197 0.362205 0.344995
0.433071 0.362205 0.310986
0.440945 0.362205 0.276215
0.448819 0.362205 0.240769
0.456693 0.362205 0.204733
0.464567 0.362205 0.168197
0.472441 0.362205 0.131249
0.480315 0.362205 0.0939794
0.488189 0.362205 0.0564801
0.496063 0.362205 0.0188426
0.503937 0.362205 -0.0188411
0.511811 0.362205 -0.0564786
0.519685 0.362205 -0.0939779
0.527559 0.362205 -0.131247
0.535433 0.362205 -0.168195
0.543307 0.362205 -0.204732
0.551181 0.362205 -0.240767
0.559055 0.362205 -0.276214
0.566929 0.362205 -0.310984
0.574803 0.362205 -0.344994
0.582677 0.362205 -0.378159
0.590551 0.362205 -0.410398
0.598425 0.362205 -0.441634
0.606299 0.362205 -0.471788
0.614173 0.362205 -0.500788
0.622047 0.362205 -0.528563
0.629921 0.362205 -0.555044
0.637795 0.362205 -0.580167
0.645669 0.362205 -0.60387
0.653543 0.362205 -0.626095
0.661417 0.362205 -0.646788
0.669291 0.362205 -0.665898
0.677165 0.362205 -0.683379
0.685039 0.362205 -0.699187
0.692913 0.362205 -0.713285
0.700787 0.362205 -0.725637
0.708661 0.362205 -0.736213
0.716535 0.362205 -0.744987
0.724409 0.362205 -0.751938
0.732283 0.362205 -0.75705
0.740157 0.362205 -0.760308
0.748031 0.362205 -0.761706
0.755906 0.362205 -0.76124
0.76378 0.362205 -0.758911
0.771654 0.362205 -0.754725
0.779528 0.362205 -0.748692
0.787402 0.362205 -0.740827
0.795276 0.362205 -0.731148
0.80315 0.362205 -0.719681
0.811024 0.362205 -0.706452
0.818898 0.362205 -0.691495
0.826772 0.362205 -0.674845
0.834646 0.362205 -0.656544
0.84252 0.362205 -0.636637
0.850394 0.362205 -0.615171
0.858268 0.362205 -0.5922
0.866142 0.362205 -0.567779
0.874016 0.362205 -0.54197
0.88189 0.362205 -0.514834
0.889764 0.362205 -0.486438
0.897638 0.362205 -0.456851
0.905512 0.362205 -0.426147
0.913386 0.362205 -0.3944
0.92126 0.362205 -0.361687
0.929134 0.362205 -0.32809
0.937008 0.362205 -0.293689
0.944882 0.362205 -0.25857
0.952756 0.362205 -0.222819
0.96063 0.362205 -0.186521
0.968504 0.362205 -0.149768
0.976378 0.362205 -0.112648
0.984252 0.362205 -0.075252
0.992126 0.362205 -0.0376721
1 0.362205 0
0 0.370079 0
0.00787402 0.370079 0.0360408
0.015748 0.370079 0.0719935
0.023622 0.370079 0.10777
0.0314961 0.370079 0.143283
0.0393701 0.370079 0.178445
0.0472441 0.370079 0.21317
0.0551181 0.370079 0.247374
0.0629921 0.370079 0.280972
0.0708661 0.370079 0.313883
0.0787402 0.370079 0.346026
0.0866142 0.370079 0.377322
0.0944882 0.370079 0.407694
0.102362 0.370079 0.437069
0.110236 0.370079 0.465374
0.11811 0.370079 0.49254
0.125984 0.370079 0.518502
0.133858 0.370079 0.543194
0.141732 0.370079 0.566557
0.149606 0.370079 0.588533
0.15748 0.370079 0.609069
0.165354 0.370079 0.628115
0.173228 0.370079 0.645624
0.181102 0.370079 0.661552
0.188976 0.370079 0.675862
0.19685 0.370079 0.688518
0.204724 0.370079 0.699489
0.212598 0.370079 0.708748
0.220472 0.370079 0.716273
0.228346 0.370079 0.722044
0.23622 0.370079 0.726049
0.244094 0.370079 0.728277
0.251969 0.370079 0.728723
0.259843 0.370079 0.727386
0.267717 0.370079 0.724268
0.275591 0.370079 0.719379
0.283465 0.370079 0.712728
0.291339 0.370079 0.704334
0.299213 0.370079 0.694216
0.307087 0.370079 0.682399
0.314961 0.370079 0.668912
0.322835 0.370079 0.653788
0.330709 0.370079 0.637065
0.338583 0.370079 0.618782
0.346457 0.370079 0.598985
0.354331 0.370079 0.577722
0.362205 0.370079 0.555045
0.370079 0.370079 0.53101
0.377953 0.370079 0.505676
0.385827 0.370079 0.479104
0.393701 0.370079 0.45136
0.401575 0.370079 0.422511
0.409449 0.370079 0.392628
0.417323 0.370079 0.361785
0.425197 0.370079 0.330056
0.433071 0.370079 0.297519
0.440945 0.370079 0.264254
0.448819 0.370079 0.230343
0.456693 0.370079 0.195868
0.464567 0.370079 0.160914
0.472441 0.370079 0.125565
0.480315 0.370079 0.0899099
0.488189 0.370079 0.0540344
0.496063 0.370079 0.0180267
0.503937 0.370079 -0.0180252
0.511811 0.370079 -0.0540329
0.519685 0.370079 -0.0899084
0.527559 0.370079 -0.125564
0.535433 0.370079 -0.160912
0.543307 0.370079 -0.195866
0.551181 0.370079 -0.230342
0.559055 0.370079 -0.264253
0.566929 0.370079 -0.297518
0.574803 0.370079 -0.330054
0.582677 0.370079 -0.361783
0.590551 0.370079 -0.392627
0.598425 0.370079 -0.42251
0.606299 0.370079 -0.451359
0.614173 0.370079 -0.479103
0.622047 0.370079 -0.505675
0.629921 0.370079 -0.531009
0.637795 0.370079 -0.555044
0.645669 0.370079 -0.577721
0.653543 0.370079 -0.598983
0.661417 0.370079 -0.61878
0.669291 0.370079 -0.637063
0.677165 0.370079 -0.653787
0.685039 0.370079 -0.668911
0.692913 0.370079 -0.682398
0.700787 0.370079 -0.694215
0.708661 0.370079 -0.704333
0.716535 0.370079 -0.712727
0.724409 0.370079 -0.719377
0.732283 0.370079 -0.724267
0.740157 0.370079 -0.727385
0.748031 0.370079 -0.728722
0.755906 0.370079 -0.728276
0.76378 0.370079 -0.726048
0.771654 0.370079 -0.722043
0.779528 0.370079 -0.716272
0.787402 0.370079 -0.708747
0.795276 0.370079 -0.699488
0.80315 0.370079 -0.688517
0.811024 0.370079 -0.675861
0.818898 0.370079 -0.661552
0.826772 0.370079 -0.645623
0.834646 0.370079 -0.628114
0.84252 0.370079 -0.609069
0.850394 0.370079 -0.588532
0.858268 0.370079 -0.566556
0.866142 0.370079 -0.543193
0.874016 0.370079 -0.518501
0.88189 0.370079 -0.49254
0.889764 0.370079 -0.465374
0.897638 0.370079 -0.437068
0.905512 0.370079 -0.407694
0.913386 0.370079 -0.377321
0.92126 0.370079 -0.346025
0.929134 0.370079 -0.313883
0.937008 0.370079 -0.280972
0.944882 0.370079 -0.247374
0.952756 0.370079 -0.21317
0.96063 0.370079 -0.178445
0.968504 0.370079 -0.143282
0.976378 0.370079 -0.10777
0.984252 0.370079 -0.0719934
0.992126 0.370079 -0.0360408
1 0.370079 0
0 0.377953 0
0.00787402 0.377953 0.0343213
0.015748 0.377953 0.0685587
0.023622 0.377953 0.102628
0.0314961 0.377953 0.136447
0.0393701 0.377953 0.169931
0.0472441 0.377953 0.203
0.0551181 0.377953 0.235572
0.0629921 0.377953 0.267567
0.0708661 0.377953 0.298908
0.0787402 0.377953 0.329517
0.0866142 0.377953 0.35932
0.0944882 0.377953 0.388243
0.102362 0.377953 0.416216
0.110236 0.377953 0.443171
0.11811 0.377953 0.469041
0.125984 0.377953 0.493764
0.133858 0.377953 0.517278
0.141732 0.377953 0.539526
0.149606 0.377953 0.560454
0.15748 0.377953 0.580011
0.165354 0.377953 0.598148
0.173228 0.377953 0.614821
0.181102 0.377953 0.62999
0.188976 0.377953 0.643617
0.19685 0.377953 0.655669
0.204724 0.377953 0.666116
0.212598 0.377953 0.674934
0.220472 0.377953 0.682099
0.228346 0.377953 0.687596
0.23622 0.377953 0.69141
0.244094 0.377953 0.693531
0.251969 0.377953 0.693956
0.259843 0.377953 0.692683
0.267717 0.377953 0.689714
0.275591 0.377953 0.685057
0.283465 0.377953 0.678724
0.291339 0.377953 0.67073
0.299213 0.377953 0.661095
0.307087 0.377953 0.649842
0.314961 0.377953 0.636998
0.322835 0.377953 0.622596
0.330709 0.377953 0.60667
0.338583 0.377953 0.58926
0.346457 0.377953 0.570407
0.354331 0.377953 0.550159
0.362205 0.377953 0.528564
0.370079 0.377953 0.505676
0.377953 0.377953 0.48155
0.385827 0.377953 0.456246
0.393701 0.377953 0.429826
0.401575 0.377953 0.402353
0.409449 0.377953 0.373896
0.417323 0.377953 0.344524
0.425197 0.377953 0.314309
0.433071 0.377953 0.283325
0.440945 0.377953 0.251647
0.448819 0.377953 0.219353
0.456693 0.377953 0.186523
0.464567 0.377953 0.153236
0.472441 0.377953 0.119575
0.480315 0.377953 0.0856204
0.488189 0.377953 0.0514565
0.496063 0.377953 0.0171667
0.503937 0.377953 -0.0171651
0.511811 0.377953 -0.051455
0.519685 0.377953 -0.0856188
0.527559 0.377953 -0.119573
0.535433 0.377953 -0.153235
0.543307 0.377953 -0.186522
0.551181 0.377953 -0.219352
0.559055 0.377953 -0.251645
0.566929 0.377953 -0.283323
0.574803 0.377953 -0.314308
0.582677 0.377953 -0.344523
0.590551 0.377953 -0.373895
0.598425 0.377953 -0.402352
0.606299 0.377953 -0.429824
0.614173 0.377953 -0.456245
0.622047 0.377953 -0.481549
0.629921 0.377953 -0.505675
0.637795 0.377953 -0.528563
0.645669 0.377953 -0.550158
0.653543 0.377953 -0.570406
0.661417 0.377953 -0.589259
0.669291 0.377953 -0.606669
0.677165 0.377953 -0.622595
0.685039 0.377953 -0.636997
0.692913 0.377953 -0.649841
0.700787 0.377953 -0.661094
0.708661 0.377953 -0.670729
0.716535 0.377953 -0.678723
0.724409 0.377953 -0.685056
0.732283 0.377953 -0.689713
0.740157 0.377953 -0.692681
0.748031 0.377953 -0.693955
0.755906 0.377953 -0.69353
0.76378 0.377953 -0.691409
0.771654 0.377953 -0.687595
0.779528 0.377953 -0.682098
0.787402 0.377953 -0.674933
0.795276 0.377953 -0.666115
0.80315 0.377953 -0.655668
0.811024 0.377953 -0.643616
0.818898 0.377953 -0.629989
0.826772 0.377953 -0.61482
0.834646 0.377953 -0.598147
0.84252 0.377953 -0.58001
0.850394 0.377953 -0.560454
0.858268 0.377953 -0.539526
0.866142 0.377953 -0.517277
0.874016 0.377953 -0.493763
0.88189 0.377953 -0.469041
0.889764 0.377953 -0.443171
0.897638 0.377953 -0.416216
0.905512 0.377953 -0.388243
0.913386 0.377953 -0.359319
0.92126 0.377953 -0.329516
0.929134 0.377953 -0.298907
0.937008 0.377953 -0.267567
0.944882 0.377953 -0.235571
0.952756 0.377953 -0.203
0.96063 0.377953 -0.169931
0.968504 0.377953 -0.136446
0.976378 0.377953 -0.102628
0.984252 0.377953 -0.0685586
0.992126 0.377953 -0.0343213
1 0.377953 0
0 0.385827 0
0.00787402 0.385827 0.0325178
0.015748 0.385827 0.0649561
0.023622 0.385827 0.0972354
0.0314961 0.385827 0.129277
0.0393701 0.385827 0.161002
0.0472441 0.385827 0.192333
0.0551181 0.385827 0.223193
0.0629921 0.385827 0.253507
0.0708661 0.385827 0.283201
0.0787402 0.385827 0.312202
0.0866142 0.385827 0.340438
0.0944882 0.385827 0.367842
0.102362 0.385827 0.394345
0.110236 0.385827 0.419884
0.11811 0.385827 0.444395
0.125984 0.385827 0.467818
0.133858 0.385827 0.490097
0.141732 0.385827 0.511176
0.149606 0.385827 0.531004
0.15748 0.385827 0.549533
0.165354 0.385827 0.566717
0.173228 0.385827 0.582514
0.181102 0.385827 0.596886
0.188976 0.385827 0.609797
0.19685 0.385827 0.621215
0.204724 0.385827 0.631114
0.212598 0.385827 0.639468
0.220472 0.385827 0.646257
0.228346 0.385827 0.651465
0.23622 0.385827 0.655078
0.244094 0.385827 0.657088
0.251969 0.385827 0.657491
0.259843 0.385827 0.656284
0.267717 0.385827 0.653471
0.275591 0.385827 0.649059
0.283465 0.385827 0.643059
0.291339 0.385827 0.635485
0.299213 0.385827 0.626356
0.307087 0.385827 0.615695
0.314961 0.385827 0.603526
0.322835 0.385827 0.589881
0.330709 0.385827 0.574792
0.338583 0.385827 0.558296
0.346457 0.385827 0.540434
0.354331 0.385827 0.52125
0.362205 0.385827 0.50079
0.370079 0.385827 0.479104
0.377953 0.385827 0.456246
0.385827 0.385827 0.432272
0.393701 0.385827 0.40724
0.401575 0.385827 0.381211
0.409449 0.385827 0.354249
0.417323 0.385827 0.32642
0.425197 0.385827 0.297793
0.433071 0.385827 0.268437
0.440945 0.385827 0.238424
0.448819 0.385827 0.207827
0.456693 0.385827 0.176722
0.464567 0.385827 0.145184
0.472441 0.385827 0.113291
0.480315 0.385827 0.0811213
0.488189 0.385827 0.0487526
0.496063 0.385827 0.0162647
0.503937 0.385827 -0.0162631
0.511811 0.385827 -0.0487511
0.519685 0.385827 -0.0811198
0.527559 0.385827 -0.11329
0.535433 0.385827 -0.145183
0.543307 0.385827 -0.17672
0.551181 0.385827 -0.207826
0.559055 0.385827 -0.238422
0.566929 0.385827 -0.268435
0.574803 0.385827 -0.297791
0.582677 0.385827 -0.326419
0.590551 0.385827 -0.354248
0.598425 0.385827 -0.381209
0.606299 0.385827 -0.407238
0.614173 0.385827 -0.432271
0.622047 0.385827 -0.456245
0.629921 0.385827 -0.479103
0.637795 0.385827 -0.500788
0.645669 0.385827 -0.521248
0.653543 0.385827 -0.540433
0.661417 0.385827 -0.558295
0.669291 0.385827 -0.57479
0.677165 0.385827 -0.589879
0.685039 0.385827 -0.603525
0.692913 0.385827 -0.615693
0.700787 0.385827 -0.626355
0.708661 0.385827 -0.635484
0.716535 0.385827 -0.643058
0.724409 0.385827 -0.649058
0.732283 0.385827 -0.65347
0.740157 0.385827 -0.656283
0.748031 0.385827 -0.65749
0.755906 0.385827 -0.657087
0.76378 0.385827 -0.655077
0.771654 0.385827 -0.651464
0.779528 0.385827 -0.646256
0.787402 0.385827 -0.639467
0.795276 0.385827 -0.631113
0.80315 0.385827 -0.621214
0.811024 0.385827 -0.609796
0.818898 0.385827 -0.596885
0.826772 0.385827 -0.582513
0.834646 0.385827 -0.566716
0.84252 0.385827 -0.549532
0.850394 0.385827 -0.531003
0.858268 0.385827 -0.511175
0.866142 0.385827 -0.490096
0.874016 0.385827 -0.467817
0.88189 0.385827 -0.444394
0.889764 0.385827 -0.419883
0.897638 0.385827 -0.394345
0.905512 0.385827 -0.367842
0.913386 0.385827 -0.340438
0.92126 0.385827 -0.312201
0.929134 0.385827 -0.283201
0.937008 0.385827 -0.253507
0.944882 0.385827 -0.223193
0.952756 0.385827 -0.192333
0.96063 0.385827 -0.161002
0.968504 0.385827 -0.129277
0.976378 0.385827 -0.0972353
0.984252 0.385827 -0.064956
0.992126 0.385827 -0.0325178
1 0.385827 0
0 0.393701 0
0.00787402 0.393701 0.0306348
0.015748 0.393701 0.0611946
0.023622 0.393701 0.0916046
0.0314961 0.393701 0.121791
0.0393701 0.393701 0.151678
0.0472441 0.393701 0.181195
0.0551181 0.393701 0.210268
0.0629921 0.393701 0.238827
0.0708661 0.393701 0.266801
0.0787402 0.393701 0.294122
0.0866142 0.393701 0.320724
0.0944882 0.393701 0.346541
0.102362 0.393701 0.371509
0.110236 0.393701 0.395569
0.11811 0.393701 0.41866
0.125984 0.393701 0.440727
0.133858 0.393701 0.461716
0.141732 0.393701 0.481574
0.149606 0.393701 0.500254
0.15748 0.393701 0.51771
0.165354 0.393701 0.533899
0.173228 0.393701 0.548781
0.181102 0.393701 0.562321
0.188976 0.393701 0.574484
0.19685 0.393701 0.585242
0.204724 0.393701 0.594567
0.212598 0.393701 0.602437
0.220472 0.393701 0.608833
0.228346 0.393701 0.613739
0.23622 0.393701 0.617143
0.244094 0.393701 0.619037
0.251969 0.393701 0.619416
0.259843 0.393701 0.618279
0.267717 0.393701 0.61563
0.275591 0.393701 0.611473
0.283465 0.393701 0.605821
0.291339 0.393701 0.598685
0.299213 0.393701 0.590085
0.307087 0.393701 0.58004
0.314961 0.393701 0.568577
0.322835 0.393701 0.555721
0.330709 0.393701 0.541506
0.338583 0.393701 0.525966
0.346457 0.393701 0.509138
0.354331 0.393701 0.491065
0.362205 0.393701 0.47179
0.370079 0.393701 0.45136
0.377953 0.393701 0.429826
0.385827 0.393701 0.40724
0.393701 0.393701 0.383657
0.401575 0.393701 0.359135
0.409449 0.393701 0.333735
0.417323 0.393701 0.307518
0.425197 0.393701 0.280548
0.433071 0.393701 0.252892
0.440945 0.393701 0.224617
0.448819 0.393701 0.195792
0.456693 0.393701 0.166488
0.464567 0.393701 0.136777
0.472441 0.393701 0.106731
0.480315 0.393701 0.0764237
0.488189 0.393701 0.0459295
0.496063 0.393701 0.0153228
0.503937 0.393701 -0.0153213
0.511811 0.393701 -0.0459279
0.519685 0.393701 -0.0764222
0.527559 0.393701 -0.106729
0.535433 0.393701 -0.136775
0.543307 0.393701 -0.166487
0.551181 0.393701 -0.195791
0.559055 0.393701 -0.224615
0.566929 0.393701 -0.25289
0.574803 0.393701 -0.280547
0.582677 0.393701 -0.307516
0.590551 0.393701 -0.333734
0.598425 0.393701 -0.359134
0.606299 0.393701 -0.383656
0.614173 0.393701 -0.407238
0.622047 0.393701 -0.429824
0.629921 0.393701 -0.451359
0.637795 0.393701 -0.471788
0.645669 0.393701 -0.491063
0.653543 0.393701 -0.509137
0.661417 0.393701 -0.525964
0.669291 0.393701 -0.541505
0.677165 0.393701 -0.55572
0.685039 0.393701 -0.568575
0.692913 0.393701 -0.580039
0.700787 0.393701 -0.590084
0.708661 0.393701 -0.598684
0.716535 0.393701 -0.605819
0.724409 0.393701 -0.611472
0.732283 0.393701 -0.615628
0.740157 0.393701 -0.618278
0.748031 0.393701 -0.619415
0.755906 0.393701 -0.619036
0.76378 0.393701 -0.617142
0.771654 0.393701 -0.613738
0.779528 0.393701 -0.608832
0.787402 0.393701 -0.602436
0.795276 0.393701 -0.594566
0.80315 0.393701 -0.585241
0.811024 0.393701 -0.574483
0.818898 0.393701 -0.56232
0.826772 0.393701 -0.548781
0.834646 0.393701 -0.533898
0.84252 0.393701 -0.517709
0.850394 0.393701 -0.500254
0.858268 0.393701 -0.481574
0.866142 0.393701 -0.461715
0.874016 0.393701 -0.440727
0.88189 0.393701 -0.41866
0.889764 0.393701 -0.395568
0.897638 0.393701 -0.371509
0.905512 0.393701 -0.34654
0.913386 0.393701 -0.320724
0.92126 0.393701 -0.294122
0.929134 0.393701 -0.266801
0.937008 0.393701 -0.238827
0.944882 0.393701 -0.210268
0.952756 0.393701 -0.181195
0.96063 0.393701 -0.151678
0.968504 0.393701 -0.12179
0.976378 0.393701 -0.0916045
0.984252 0.393701 -0.0611945
0.992126 0.393701 -0.0306347
1 0.393701 0
0 0.401575 0
0.00787402 0.401575 0.0286767
0.015748 0.401575 0.0572833
0.023622 0.401575 0.0857497
0.0314961 0.401575 0.114006
0.0393701 0.401575 0.141984
0.0472441 0.401575 0.169614
0.0551181 0.401575 0.196829
0.0629921 0.401575 0.223562
0.0708661 0.401575 0.249748
0.0787402 0.401575 0.275324
0.0866142 0.401575 0.300225
0.0944882 0.401575 0.324391
0.102362 0.401575 0.347764
0.110236 0.401575 0.370286
0.11811 0.401575 0.391902
0.125984 0.401575 0.412558
0.133858 0.401575 0.432205
0.141732 0.401575 0.450794
0.149606 0.401575 0.46828
0.15748 0.401575 0.48462
0.165354 0.401575 0.499775
0.173228 0.401575 0.513706
0.181102 0.401575 0.52638
0.188976 0.401575 0.537766
0.19685 0.401575 0.547836
0.204724 0.401575 0.556565
0.212598 0.401575 0.563932
0.220472 0.401575 0.569919
0.228346 0.401575 0.574512
0.23622 0.401575 0.577698
0.244094 0.401575 0.579471
0.251969 0.401575 0.579826
0.259843 0.401575 0.578762
0.267717 0.401575 0.576281
0.275591 0.401575 0.572391
0.283465 0.401575 0.567099
0.291339 0.401575 0.56042
0.299213 0.401575 0.552369
0.307087 0.401575 0.542967
0.314961 0.401575 0.532236
0.322835 0.401575 0.520202
0.330709 0.401575 0.506896
0.338583 0.401575 0.492348
0.346457 0.401575 0.476597
0.354331 0.401575 0.459678
0.362205 0.401575 0.441635
0.370079 0.401575 0.422511
0.377953 0.401575 0.402353
0.385827 0.401575 0.381211
0.393701 0.401575 0.359135
0.401575 0.401575 0.336181
0.409449 0.401575 0.312404
0.417323 0.401575 0.287863
0.425197 0.401575 0.262617
0.433071 0.401575 0.236728
0.440945 0.401575 0.21026
0.448819 0.401575 0.183278
0.456693 0.401575 0.155847
0.464567 0.401575 0.128035
0.472441 0.401575 0.0999092
0.480315 0.401575 0.0715391
0.488189 0.401575 0.0429939
0.496063 0.401575 0.0143435
0.503937 0.401575 -0.014342
0.511811 0.401575 -0.0429924
0.519685 0.401575 -0.0715376
0.527559 0.401575 -0.0999077
0.535433 0.401575 -0.128033
0.543307 0.401575 -0.155846
0.551181 0.401575 -0.183277
0.559055 0.401575 -0.210259
0.566929 0.401575 -0.236727
0.574803 0.401575 -0.262615
0.582677 0.401575 -0.287861
0.590551 0.401575 -0.312403
0.598425 0.401575 -0.33618
0.606299 0.401575 -0.359134
0.614173 0.401575 -0.381209
0.622047 0.401575 -0.402352
0.629921 0.401575 -0.42251
0.637795 0.401575 -0.441634
0.645669 0.401575 -0.459677
0.653543 0.401575 -0.476595
0.661417 0.401575 -0.492347
0.669291 0.401575 -0.506894
0.677165 0.401575 -0.520201
0.685039 0.401575 -0.532235
0.692913 0.401575 -0.542966
0.700787 0.401575 -0.552368
0.708661 0.401575 -0.560419
0.716535 0.401575 -0.567098
0.724409 0.401575 -0.57239
0.732283 0.401575 -0.57628
0.740157 0.401575 -0.578761
0.748031 0.401575 -0.579825
0.755906 0.401575 -0.57947
0.76378 0.401575 -0.577697
0.771654 0.401575 -0.574511
0.779528 0.401575 -0.569918
0.787402 0.401575 -0.563931
0.795276 0.401575 -0.556564
0.80315 0.401575 -0.547835
0.811024 0.401575 -0.537765
0.818898 0.401575 -0.526379
0.826772 0.401575 -0.513705
0.834646 0.401575 -0.499774
0.84252 0.401575 -0.48462
0.850394 0.401575 -0.46828
0.858268 0.401575 -0.450794
0.866142 0.401575 -0.432204
0.874016 0.401575 -0.412557
0.88189 0.401575 -0.391901
0.889764 0.401575 -0.370285
0.897638 0.401575 -0.347764
0.905512 0.401575 -0.324391
0.913386 0.401575 -0.300224
0.92126 0.401575 -0.275323
0.929134 0.401575 -0.249748
0.937008 0.401575 -0.223562
0.944882 0.401575 -0.196829
0.952756 0.401575 -0.169614
0.96063 0.401575 -0.141984
0.968504 0.401575 -0.114006
0.976378 0.401575 -0.0857496
0.984252 0.401575 -0.0572832
0.992126 0.401575 -0.0286767
1 0.401575 0
0 0.409449 0
0.00787402 0.409449 0.0266485
0.015748 0.409449 0.0532318
0.023622 0.409449 0.0796849
0.0314961 0.409449 0.105943
0.0393701 0.409449 0.131942
0.0472441 0.409449 0.157618
0.0551181 0.409449 0.182908
0.0629921 0.409449 0.20775
0.0708661 0.409449 0.232085
0.0787402 0.409449 0.255851
0.0866142 0.409449 0.278991
0.0944882 0.409449 0.301448
0.102362 0.409449 0.323168
0.110236 0.409449 0.344097
0.11811 0.409449 0.364184
0.125984 0.409449 0.383379
0.133858 0.409449 0.401637
0.141732 0.409449 0.418911
0.149606 0.409449 0.43516
0.15748 0.409449 0.450345
0.165354 0.409449 0.464427
0.173228 0.409449 0.477373
0.181102 0.409449 0.489151
0.188976 0.409449 0.499731
0.19685 0.409449 0.509089
0.204724 0.409449 0.517201
0.212598 0.409449 0.524047
0.220472 0.409449 0.529611
0.228346 0.409449 0.533878
0.23622 0.409449 0.53684
0.244094 0.409449 0.538487
0.251969 0.409449 0.538817
0.259843 0.409449 0.537828
0.267717 0.409449 0.535523
0.275591 0.409449 0.531907
0.283465 0.409449 0.52699
0.291339 0.409449 0.520783
0.299213 0.409449 0.513302
0.307087 0.409449 0.504565
0.314961 0.409449 0.494593
0.322835 0.409449 0.48341
0.330709 0.409449 0.471045
0.338583 0.409449 0.457526
0.346457 0.409449 0.442888
0.354331 0.409449 0.427167
0.362205 0.409449 0.4104
0.370079 0.409449 0.392628
0.377953 0.409449 0.373896
0.385827 0.409449 0.354249
0.393701 0.409449 0.333735
0.401575 0.409449 0.312404
0.409449 0.409449 0.290309
0.417323 0.409449 0.267503
0.425197 0.409449 0.244043
0.433071 0.409449 0.219985
0.440945 0.409449 0.19539
0.448819 0.409449 0.170315
0.456693 0.409449 0.144825
0.464567 0.409449 0.118979
0.472441 0.409449 0.092843
0.480315 0.409449 0.0664794
0.488189 0.409449 0.0399532
0.496063 0.409449 0.0133291
0.503937 0.409449 -0.0133275
0.511811 0.409449 -0.0399516
0.519685 0.409449 -0.0664779
0.527559 0.409449 -0.0928415
0.535433 0.409449 -0.118978
0.543307 0.409449 -0.144823
0.551181 0.409449 -0.170314
0.559055 0.409449 -0.195388
0.566929 0.409449 -0.219984
0.574803 0.409449 -0.244041
0.582677 0.409449 -0.267502
0.590551 0.409449 -0.290307
0.598425 0.409449 -0.312403
0.606299 0.409449 -0.333734
0.614173 0.409449 -0.354248
0.622047 0.409449 -0.373895
0.629921 0.409449 -0.392627
0.637795 0.409449 -0.410398
0.645669 0.409449 -0.427165
0.653543 0.409449 -0.442887
0.661417 0.409449 -0.457525
0.669291 0.409449 -0.471043
0.677165 0.409449 -0.483409
0.685039 0.409449 -0.494591
0.692913 0.409449 -0.504563
0.700787 0.409449 -0.513301
0.708661 0.409449 -0.520782
0.716535 0.409449 -0.526989
0.724409 0.409449 -0.531906
0.732283 0.409449 -0.535522
0.740157 0.409449 -0.537827
0.748031 0.409449 -0.538816
0.755906 0.409449 -0.538486
0.76378 0.409449 -0.536839
0.771654 0.409449 -0.533877
0.779528 0.409449 -0.52961
0.787402 0.409449 -0.524046
0.795276 0.409449 -0.5172
0.80315 0.409449 -0.509088
0.811024 0.409449 -0.49973
0.818898 0.409449 -0.48915
0.826772 0.409449 -0.477372
0.834646 0.409449 -0.464426
0.84252 0.409449 -0.450344
0.850394 0.409449 -0.43516
0.858268 0.409449 -0.41891
0.866142 0.409449 -0.401636
0.874016 0.409449 -0.383379
0.88189 0.409449 -0.364183
0.889764 0.409449 -0.344096
0.897638 0.409449 -0.323168
0.905512 0.409449 -0.301448
0.913386 0.409449 -0.278991
0.92126 0.409449 -0.25585
0.929134 0.409449 -0.232084
0.937008 0.409449 -0.20775
0.944882 0.409449 -0.182908
0.952756 0.409449 -0.157617
0.96063 0.409449 -0.131942
0.968504 0.409449 -0.105943
0.976378 0.409449 -0.0796848
0.984252 0.409449 -0.0532318
0.992126 0.409449 -0.0266485
1 0.409449 0
0 0.417323 0
0.00787402 0.417323 0.0245551
0.015748 0.417323 0.0490501
0.023622 0.417323 0.0734251
0.0314961 0.417323 0.0976204
0.0393701 0.417323 0.121577
0.0472441 0.417323 0.145236
0.0551181 0.417323 0.168539
0.0629921 0.417323 0.19143
0.0708661 0.417323 0.213853
0.0787402 0.417323 0.235752
0.0866142 0.417323 0.257074
0.0944882 0.417323 0.277767
0.102362 0.417323 0.297781
0.110236 0.417323 0.317066
0.11811 0.417323 0.335575
0.125984 0.417323 0.353262
0.133858 0.417323 0.370085
0.141732 0.417323 0.386003
0.149606 0.417323 0.400976
0.15748 0.417323 0.414967
0.165354 0.417323 0.427943
0.173228 0.417323 0.439872
0.181102 0.417323 0.450725
0.188976 0.417323 0.460474
0.19685 0.417323 0.469097
0.204724 0.417323 0.476571
0.212598 0.417323 0.48288
0.220472 0.417323 0.488006
0.228346 0.417323 0.491939
0.23622 0.417323 0.494667
0.244094 0.417323 0.496185
0.251969 0.417323 0.496489
0.259843 0.417323 0.495578
0.267717 0.417323 0.493454
0.275591 0.417323 0.490123
0.283465 0.417323 0.485592
0.291339 0.417323 0.479872
0.299213 0.417323 0.472979
0.307087 0.417323 0.464928
0.314961 0.417323 0.455739
0.322835 0.417323 0.445435
0.330709 0.417323 0.434041
0.338583 0.417323 0.421585
0.346457 0.417323 0.408097
0.354331 0.417323 0.39361
0.362205 0.417323 0.37816
0.370079 0.417323 0.361785
0.377953 0.417323 0.344524
0.385827 0.417323 0.32642
0.393701 0.417323 0.307518
0.401575 0.417323 0.287863
0.409449 0.417323 0.267503
0.417323 0.417323 0.246489
0.425197 0.417323 0.224872
0.433071 0.417323 0.202704
0.440945 0.417323 0.18004
0.448819 0.417323 0.156936
0.456693 0.417323 0.133448
0.464567 0.417323 0.109633
0.472441 0.417323 0.0855496
0.480315 0.417323 0.0612571
0.488189 0.417323 0.0368146
0.496063 0.417323 0.0122821
0.503937 0.417323 -0.0122805
0.511811 0.417323 -0.0368131
0.519685 0.417323 -0.0612555
0.527559 0.417323 -0.0855481
0.535433 0.417323 -0.109631
0.543307 0.417323 -0.133446
0.551181 0.417323 -0.156935
0.559055 0.417323 -0.180039
0.566929 0.417323 -0.202703
0.574803 0.417323 -0.22487
0.582677 0.417323 -0.246488
0.590551 0.417323 -0.267502
0.598425 0.417323 -0.287861
0.606299 0.417323 -0.307516
0.614173 0.417323 -0.326419
0.622047 0.417323 -0.344523
0.629921 0.417323 -0.361783
0.637795 0.417323 -0.378159
0.645669 0.417323 -0.393609
0.653543 0.417323 -0.408095
0.661417 0.417323 -0.421583
0.669291 0.417323 -0.434039
0.677165 0.417323 -0.445434
0.685039 0.417323 -0.455738
0.692913 0.417323 -0.464926
0.700787 0.417323 -0.472978
0.708661 0.417323 -0.479871
0.716535 0.417323 -0.48559
0.724409 0.417323 -0.490121
0.732283 0.417323 -0.493453
0.740157 0.417323 -0.495577
0.748031 0.417323 -0.496488
0.755906 0.417323 -0.496184
0.76378 0.417323 -0.494666
0.771654 0.417323 -0.491938
0.779528 0.417323 -0.488005
0.787402 0.417323 -0.482879
0.795276 0.417323 -0.47657
0.80315 0.417323 -0.469096
0.811024 0.417323 -0.460473
0.818898 0.417323 -0.450724
0.826772 0.417323 -0.439871
0.834646 0.417323 -0.427943
0.84252 0.417323 -0.414966
0.850394 0.417323 -0.400975
0.858268 0.417323 -0.386002
0.866142 0.417323 -0.370085
0.874016 0.417323 -0.353262
0.88189 0.417323 -0.335574
0.889764 0.417323 -0.317065
0.897638 0.417323 -0.29778
0.905512 0.417323 -0.277767
0.913386 0.417323 -0.257074
0.92126 0.417323 -0.235752
0.929134 0.417323 -0.213852
0.937008 0.417323 -0.19143
0.944882 0.417323 -0.168539
0.952756 0.417323 -0.145235
0.96063 0.417323 -0.121577
0.968504 0.417323 -0.0976202
0.976378 0.417323 -0.073425
0.984252 0.417323 -0.04905
0.992126 0.417323 -0.0245551
1 0.417323 0
0 0.425197 0
0.00787402 0.425197 0.0224016
0.015748 0.425197 0.0447484
0.023622 0.425197 0.0669856
0.0314961 0.425197 0.089059
0.0393701 0.425197 0.110914
0.0472441 0.425197 0.132498
0.0551181 0.425197 0.153758
0.0629921 0.425197 0.174642
0.0708661 0.425197 0.195098
0.0787402 0.425197 0.215076
0.0866142 0.425197 0.234529
0.0944882 0.425197 0.253407
0.102362 0.425197 0.271665
0.110236 0.425197 0.289259
0.11811 0.425197 0.306144
0.125984 0.425197 0.322281
0.133858 0.425197 0.337628
0.141732 0.425197 0.35215
0.149606 0.425197 0.36581
0.15748 0.425197 0.378574
0.165354 0.425197 0.390412
0.173228 0.425197 0.401295
0.181102 0.425197 0.411195
0.188976 0.425197 0.42009
0.19685 0.425197 0.427956
0.204724 0.425197 0.434775
0.212598 0.425197 0.44053
0.220472 0.425197 0.445207
0.228346 0.425197 0.448795
0.23622 0.425197 0.451284
0.244094 0.425197 0.452669
0.251969 0.425197 0.452946
0.259843 0.425197 0.452115
0.267717 0.425197 0.450177
0.275591 0.425197 0.447138
0.283465 0.425197 0.443005
0.291339 0.425197 0.437787
0.299213 0.425197 0.431498
0.307087 0.425197 0.424153
0.314961 0.425197 0.41577
0.322835 0.425197 0.40637
0.330709 0.425197 0.395975
0.338583 0.425197 0.384611
0.346457 0.425197 0.372306
0.354331 0.425197 0.35909
0.362205 0.425197 0.344995
0.370079 0.425197 0.330056
0.377953 0.425197 0.314309
0.385827 0.425197 0.297793
0.393701 0.425197 0.280548
0.401575 0.425197 0.262617
0.409449 0.425197 0.244043
0.417323 0.425197 0.224872
0.425197 0.425197 0.20515
0.433071 0.425197 0.184927
0.440945 0.425197 0.164251
0.448819 0.425197 0.143173
0.456693 0.425197 0.121744
0.464567 0.425197 0.100018
0.472441 0.425197 0.0780469
0.480315 0.425197 0.0558848
0.488189 0.425197 0.033586
0.496063 0.425197 0.011205
0.503937 0.425197 -0.0112034
0.511811 0.425197 -0.0335844
0.519685 0.425197 -0.0558832
0.527559 0.425197 -0.0780453
0.535433 0.425197 -0.100016
0.543307 0.425197 -0.121743
0.551181 0.425197 -0.143171
0.559055 0.425197 -0.164249
0.566929 0.425197 -0.184925
0.574803 0.425197 -0.205149
0.582677 0.425197 -0.22487
0.590551 0.425197 -0.244041
0.598425 0.425197 -0.262615
0.606299 0.425197 -0.280547
0.614173 0.425197 -0.297791
0.622047 0.425197 -0.314308
0.629921 0.425197 -0.330054
0.637795 0.425197 -0.344994
0.645669 0.425197 -0.359088
0.653543 0.425197 -0.372305
0.661417 0.425197 -0.38461
0.669291 0.425197 -0.395974
0.677165 0.425197 -0.406368
0.685039 0.425197 -0.415769
0.692913 0.425197 -0.424152
0.700787 0.425197 -0.431497
0.708661 0.425197 -0.437786
0.716535 0.425197 -0.443003
0.724409 0.425197 -0.447137
0.732283 0.425197 -0.450176
0.740157 0.425197 -0.452114
0.748031 0.425197 -0.452945
0.755906 0.425197 -0.452668
0.76378 0.425197 -0.451283
0.771654 0.425197 -0.448794
0.779528 0.425197 -0.445206
0.787402 0.425197 -0.440529
0.795276 0.425197 -0.434774
0.80315 0.425197 -0.427955
0.811024 0.425197 -0.420089
0.818898 0.425197 -0.411195
0.826772 0.425197 -0.401294
0.834646 0.425197 -0.390411
0.84252 0.425197 -0.378573
0.850394 0.425197 -0.365809
0.858268 0.425197 -0.352149
0.866142 0.425197 -0.337628
0.874016 0.425197 -0.32228
0.88189 0.425197 -0.306144
0.889764 0.425197 -0.289258
0.897638 0.425197 -0.271665
0.905512 0.425197 -0.253406
0.913386 0.425197 -0.234528
0.92126 0.425197 -0.215076
0.929134 0.425197 -0.195097
0.937008 0.425197 -0.174641
0.944882 0.425197 -0.153758
0.952756 0.425197 -0.132498
0.96063 0.425197 -0.110914
0.968504 0.425197 -0.0890588
0.976378 0.425197 -0.0669855
0.984252 0.425197 -0.0447483
0.992126 0.425197 -0.0224016
1 0.425197 0
0 0.433071 0
0.00787402 0.433071 0.0201933
0.015748 0.433071 0.0403371
0.023622 0.433071 0.0603822
0.0314961 0.433071 0.0802796
0.0393701 0.433071 0.0999805
0.0472441 0.433071 0.119437
0.0551181 0.433071 0.138601
0.0629921 0.433071 0.157425
0.0708661 0.433071 0.175865
0.0787402 0.433071 0.193874
0.0866142 0.433071 0.211409
0.0944882 0.433071 0.228426
0.102362 0.433071 0.244885
0.110236 0.433071 0.260744
0.11811 0.433071 0.275965
0.125984 0.433071 0.29051
0.133858 0.433071 0.304345
0.141732 0.433071 0.317435
0.149606 0.433071 0.329748
0.15748 0.433071 0.341254
0.165354 0.433071 0.351926
0.173228 0.433071 0.361735
0.181102 0.433071 0.37066
0.188976 0.433071 0.378678
0.19685 0.433071 0.385769
0.204724 0.433071 0.391915
0.212598 0.433071 0.397103
0.220472 0.433071 0.401319
0.228346 0.433071 0.404553
0.23622 0.433071 0.406797
0.244094 0.433071 0.408045
0.251969 0.433071 0.408295
0.259843 0.433071 0.407546
0.267717 0.433071 0.405799
0.275591 0.433071 0.40306
0.283465 0.433071 0.399334
0.291339 0.433071 0.39463
0.299213 0.433071 0.388961
0.307087 0.433071 0.38234
0.314961 0.433071 0.374784
0.322835 0.433071 0.36631
0.330709 0.433071 0.35694
0.338583 0.433071 0.346696
0.346457 0.433071 0.335604
0.354331 0.433071 0.323691
0.362205 0.433071 0.310986
0.370079 0.433071 0.297519
0.377953 0.433071 0.283325
0.385827 0.433071 0.268437
0.393701 0.433071 0.252892
0.401575 0.433071 0.236728
0.409449 0.433071 0.219985
0.417323 0.433071 0.202704
0.425197 0.433071 0.184927
0.433071 0.433071 0.166697
0.440945 0.433071 0.148059
0.448819 0.433071 0.129059
0.456693 0.433071 0.109743
0.464567 0.433071 0.0901583
0.472441 0.433071 0.0703532
0.480315 0.433071 0.0503758
0.488189 0.433071 0.0302752
0.496063 0.433071 0.0101005
0.503937 0.433071 -0.0100989
0.511811 0.433071 -0.0302736
0.519685 0.433071 -0.0503742
0.527559 0.433071 -0.0703516
0.535433 0.433071 -0.0901567
0.543307 0.433071 -0.109741
0.551181 0.433071 -0.129057
0.559055 0.433071 -0.148057
0.566929 0.433071 -0.166695
0.574803 0.433071 -0.184925
0.582677 0.433071 -0.202703
0.590551 0.433071 -0.219984
0.598425 0.433071 -0.236727
0.606299 0.433071 -0.25289
0.614173 0.433071 -0.268435
0.622047 0.433071 -0.283323
0.629921 0.433071 -0.297518
0.637795 0.433071 -0.310984
0.645669 0.433071 -0.32369
0.653543 0.433071 -0.335603
0.661417 0.433071 -0.346695
0.669291 0.433071 -0.356939
0.677165 0.433071 -0.366309
0.685039 0.433071 -0.374782
0.692913 0.433071 -0.382339
0.700787 0.433071 -0.38896
0.708661 0.433071 -0.394629
0.716535 0.433071 -0.399332
0.724409 0.433071 -0.403058
0.732283 0.433071 -0.405798
0.740157 0.433071 -0.407545
0.748031 0.433071 -0.408294
0.755906 0.433071 -0.408044
0.76378 0.433071 -0.406796
0.771654 0.433071 -0.404552
0.779528 0.433071 -0.401318
0.787402 0.433071 -0.397102
0.795276 0.433071 -0.391914
0.80315 0.433071 -0.385768
0.811024 0.433071 -0.378677
0.818898 0.433071 -0.370659
0.826772 0.433071 -0.361735
0.834646 0.433071 -0.351925
0.84252 0.433071 -0.341254
0.850394 0.433071 -0.329748
0.858268 0.433071 -0.317434
0.866142 0.433071 -0.304344
0.874016 0.433071 -0.29051
0.88189 0.433071 -0.275964
0.889764 0.433071 -0.260743
0.897638 0.433071 -0.244884
0.905512 0.433071 -0.228426
0.913386 0.433071 -0.211408
0.92126 0.433071 -0.193874
0.929134 0.433071 -0.175865
0.937008 0.433071 -0.157425
0.944882 0.433071 -0.1386
0.952756 0.433071 -0.119436
0.96063 0.433071 -0.0999803
0.968504 0.433071 -0.0802794
0.976378 0.433071 -0.0603821
0.984252 0.433071 -0.040337
0.992126 0.433071 -0.0201932
1 0.433071 0
0 0.440945 0
0.00787402 0.440945 0.0179355
0.015748 0.440945 0.0358271
0.023622 0.440945 0.0536311
0.0314961 0.440945 0.0713038
0.0393701 0.440945 0.088802
0.0472441 0.440945 0.106083
0.0551181 0.440945 0.123104
0.0629921 0.440945 0.139824
0.0708661 0.440945 0.156202
0.0787402 0.440945 0.172198
0.0866142 0.440945 0.187772
0.0944882 0.440945 0.202887
0.102362 0.440945 0.217505
0.110236 0.440945 0.231591
0.11811 0.440945 0.24511
0.125984 0.440945 0.258029
0.133858 0.440945 0.270317
0.141732 0.440945 0.281944
0.149606 0.440945 0.29288
0.15748 0.440945 0.3031
0.165354 0.440945 0.312578
0.173228 0.440945 0.321291
0.181102 0.440945 0.329218
0.188976 0.440945 0.336339
0.19685 0.440945 0.342637
0.204724 0.440945 0.348096
0.212598 0.440945 0.352704
0.220472 0.440945 0.356449
0.228346 0.440945 0.359321
0.23622 0.440945 0.361314
0.244094 0.440945 0.362423
0.251969 0.440945 0.362645
0.259843 0.440945 0.361979
0.267717 0.440945 0.360428
0.275591 0.440945 0.357995
0.283465 0.440945 0.354685
0.291339 0.440945 0.350508
0.299213 0.440945 0.345473
0.307087 0.440945 0.339592
0.314961 0.440945 0.33288
0.322835 0.440945 0.325354
0.330709 0.440945 0.317032
0.338583 0.440945 0.307933
0.346457 0.440945 0.298081
0.354331 0.440945 0.2875
0.362205 0.440945 0.276215
0.370079 0.440945 0.264254
0.377953 0.440945 0.251647
0.385827 0.440945 0.238424
0.393701 0.440945 0.224617
0.401575 0.440945 0.21026
0.409449 0.440945 0.19539
0.417323 0.440945 0.18004
0.425197 0.440945 0.164251
0.433071 0.440945 0.148059
0.440945 0.440945 0.131505
0.448819 0.440945 0.114629
0.456693 0.440945 0.0974729
0.464567 0.440945 0.0800781
0.472441 0.440945 0.0624873
0.480315 0.440945 0.0447435
0.488189 0.440945 0.0268903
0.496063 0.440945 0.00897129
0.503937 0.440945 -0.00896968
0.511811 0.440945 -0.0268887
0.519685 0.440945 -0.0447419
0.527559 0.440945 -0.0624856
0.535433 0.440945 -0.0800765
0.543307 0.440945 -0.0974713
0.551181 0.440945 -0.114628
0.559055 0.440945 -0.131503
0.566929 0.440945 -0.148057
0.574803 0.440945 -0.164249
0.582677 0.440945 -0.180039
0.590551 0.440945 -0.195388
0.598425 0.440945 -0.210259
0.606299 0.440945 -0.224615
0.614173 0.440945 -0.238422
0.622047 0.440945 -0.251645
0.629921 0.440945 -0.264253
0.637795 0.440945 -0.276214
0.645669 0.440945 -0.287499
0.653543 0.440945 -0.29808
0.661417 0.440945 -0.307932
0.669291 0.440945 -0.31703
0.677165 0.440945 -0.325353
0.685039 0.440945 -0.332879
0.692913 0.440945 -0.339591
0.700787 0.440945 -0.345471
0.708661 0.440945 -0.350506
0.716535 0.440945 -0.354684
0.724409 0.440945 -0.357993
0.732283 0.440945 -0.360427
0.740157 0.440945 -0.361978
0.748031 0.440945 -0.362644
0.755906 0.440945 -0.362422
0.76378 0.440945 -0.361313
0.771654 0.440945 -0.35932
0.779528 0.440945 -0.356448
0.787402 0.440945 -0.352703
0.795276 0.440945 -0.348096
0.80315 0.440945 -0.342636
0.811024 0.440945 -0.336338
0.818898 0.440945 -0.329217
0.826772 0.440945 -0.32129
0.834646 0.440945 -0.312577
0.84252 0.440945 -0.303099
0.850394 0.440945 -0.292879
0.858268 0.440945 -0.281943
0.866142 0.440945 -0.270317
0.874016 0.440945 -0.258029
0.88189 0.440945 -0.245109
0.889764 0.440945 -0.23159
0.897638 0.440945 -0.217504
0.905512 0.440945 -0.202886
0.913386 0.440945 -0.187771
0.92126 0.440945 -0.172197
0.929134 0.440945 -0.156202
0.937008 0.440945 -0.139824
0.944882 0.440945 -0.123104
0.952756 0.440945 -0.106083
0.96063 0.440945 -0.0888018
0.968504 0.440945 -0.0713036
0.976378 0.440945 -0.0536309
0.984252 0.440945 -0.035827
0.992126 0.440945 -0.0179355
1 0.440945 0
0 0.448819 0
0.00787402 0.448819 0.0156339
0.015748 0.448819 0.0312295
0.023622 0.448819 0.0467486
0.0314961 0.448819 0.0621534
0.0393701 0.448819 0.0774061
0.0472441 0.448819 0.0924694
0.0551181 0.448819 0.107306
0.0629921 0.448819 0.121881
0.0708661 0.448819 0.136157
0.0787402 0.448819 0.1501
0.0866142 0.448819 0.163675
0.0944882 0.448819 0.17685
0.102362 0.448819 0.189593
0.110236 0.448819 0.201871
0.11811 0.448819 0.213655
0.125984 0.448819 0.224917
0.133858 0.448819 0.235628
0.141732 0.448819 0.245762
0.149606 0.448819 0.255295
0.15748 0.448819 0.264203
0.165354 0.448819 0.272465
0.173228 0.448819 0.28006
0.181102 0.448819 0.28697
0.188976 0.448819 0.293177
0.19685 0.448819 0.298667
0.204724 0.448819 0.303426
0.212598 0.448819 0.307442
0.220472 0.448819 0.310706
0.228346 0.448819 0.31321
0.23622 0.448819 0.314947
0.244094 0.448819 0.315914
0.251969 0.448819 0.316107
0.259843 0.448819 0.315527
0.267717 0.448819 0.314175
0.275591 0.448819 0.312054
0.283465 0.448819 0.309169
0.291339 0.448819 0.305528
0.299213 0.448819 0.301139
0.307087 0.448819 0.296013
0.314961 0.448819 0.290162
0.322835 0.448819 0.283602
0.330709 0.448819 0.276347
0.338583 0.448819 0.268417
0.346457 0.448819 0.259829
0.354331 0.448819 0.250606
0.362205 0.448819 0.240769
0.370079 0.448819 0.230343
0.377953 0.448819 0.219353
0.385827 0.448819 0.207827
0.393701 0.448819 0.195792
0.401575 0.448819 0.183278
0.409449 0.448819 0.170315
0.417323 0.448819 0.156936
0.425197 0.448819 0.143173
0.433071 0.448819 0.129059
0.440945 0.448819 0.114629
0.448819 0.448819 0.0999191
0.456693 0.448819 0.0849644
0.464567 0.448819 0.0698018
0.472441 0.448819 0.0544684
0.480315 0.448819 0.0390017
0.488189 0.448819 0.0234396
0.496063 0.448819 0.00782012
0.503937 0.448819 -0.0078185
0.511811 0.448819 -0.023438
0.519685 0.448819 -0.0390001
0.527559 0.448819 -0.0544668
0.535433 0.448819 -0.0698002
0.543307 0.448819 -0.0849628
0.551181 0.448819 -0.0999175
0.559055 0.448819 -0.114628
0.566929 0.448819 -0.129057
0.574803 0.448819 -0.143171
0.582677 0.448819 -0.156935
0.590551 0.448819 -0.170314
0.598425 0.448819 -0.183277
0.606299 0.448819 -0.195791
0.614173 0.448819 -0.207826
0.622047 0.448819 -0.219352
0.629921 0.448819 -0.230342
0.637795 0.448819 -0.240767
0.645669 0.448819 -0.250604
0.653543 0.448819 -0.259828
0.661417 0.448819 -0.268415
0.669291 0.448819 -0.276346
0.677165 0.448819 -0.2836
0.685039 0.448819 -0.290161
0.692913 0.448819 -0.296011
0.700787 0.448819 -0.301137
0.708661 0.448819 -0.305526
0.716535 0.448819 -0.309168
0.724409 0.448819 -0.312052
0.732283 0.448819 -0.314174
0.740157 0.448819 -0.315526
0.748031 0.448819 -0.316106
0.755906 0.448819 -0.315913
0.76378 0.448819 -0.314946
0.771654 0.448819 -0.313209
0.779528 0.448819 -0.310705
0.787402 0.448819 -0.307441
0.795276 0.448819 -0.303425
0.80315 0.448819 -0.298666
0.811024 0.448819 -0.293176
0.818898 0.448819 -0.286969
0.826772 0.448819 -0.280059
0.834646 0.448819 -0.272464
0.84252 0.448819 -0.264203
0.850394 0.448819 -0.255294
0.858268 0.448819 -0.245761
0.866142 0.448819 -0.235627
0.874016 0.448819 -0.224916
0.88189 0.448819 -0.213655
0.889764 0.448819 -0.20187
0.897638 0.448819 -0.189592
0.905512 0.448819 -0.17685
0.913386 0.448819 -0.163675
0.92126 0.448819 -0.150099
0.929134 0.448819 -0.136156
0.937008 0.448819 -0.12188
0.944882 0.448819 -0.107306
0.952756 0.448819 -0.0924691
0.96063 0.448819 -0.0774059
0.968504 0.448819 -0.0621533
0.976378 0.448819 -0.0467485
0.984252 0.448819 -0.0312294
0.992126 0.448819 -0.0156338
1 0.448819 0
0 0.456693 0
0.00787402 0.456693 0.013294
0.015748 0.456693 0.0265554
0.023622 0.456693 0.0397518
0.0314961 0.456693 0.052851
0.0393701 0.456693 0.0658208
0.0472441 0.456693 0.0786296
0.0551181 0.456693 0.0912459
0.0629921 0.456693 0.103639
0.0708661 0.456693 0.115778
0.0787402 0.456693 0.127634
0.0866142 0.456693 0.139178
0.0944882 0.456693 0.150381
0.102362 0.456693 0.161217
0.110236 0.456693 0.171657
0.11811 0.456693 0.181678
0.125984 0.456693 0.191254
0.133858 0.456693 0.200362
0.141732 0.456693 0.208979
0.149606 0.456693 0.217085
0.15748 0.456693 0.22466
0.165354 0.456693 0.231686
0.173228 0.456693 0.238144
0.181102 0.456693 0.244019
0.188976 0.456693 0.249297
0.19685 0.456693 0.253966
0.204724 0.456693 0.258012
0.212598 0.456693 0.261428
0.220472 0.456693 0.264203
0.228346 0.456693 0.266332
0.23622 0.456693 0.267809
0.244094 0.456693 0.268631
0.251969 0.456693 0.268796
0.259843 0.456693 0.268303
0.267717 0.456693 0.267153
0.275591 0.456693 0.265349
0.283465 0.456693 0.262896
0.291339 0.456693 0.2598
0.299213 0.456693 0.256068
0.307087 0.456693 0.251709
0.314961 0.456693 0.246734
0.322835 0.456693 0.241155
0.330709 0.456693 0.234987
0.338583 0.456693 0.228243
0.346457 0.456693 0.220941
0.354331 0.456693 0.213098
0.362205 0.456693 0.204733
0.370079 0.456693 0.195868
0.377953 0.456693 0.186523
0.385827 0.456693 0.176722
0.393701 0.456693 0.166488
0.401575 0.456693 0.155847
0.409449 0.456693 0.144825
0.417323 0.456693 0.133448
0.425197 0.456693 0.121744
0.433071 0.456693 0.109743
0.440945 0.456693 0.0974729
0.448819 0.456693 0.0849644
0.456693 0.456693 0.072248
0.464567 0.456693 0.0593548
0.472441 0.456693 0.0463163
0.480315 0.456693 0.0331645
0.488189 0.456693 0.0199316
0.496063 0.456693 0.00664982
0.503937 0.456693 -0.00664819
0.511811 0.456693 -0.0199299
0.519685 0.456693 -0.0331629
0.527559 0.456693 -0.0463147
0.535433 0.456693 -0.0593532
0.543307 0.456693 -0.0722464
0.551181 0.456693 -0.0849628
0.559055 0.456693 -0.0974713
0.566929 0.456693 -0.109741
0.574803 0.456693 -0.121743
0.582677 0.456693 -0.133446
0.590551 0.456693 -0.144823
0.598425 0.456693 -0.155846
0.606299 0.456693 -0.166487
0.614173 0.456693 -0.17672
0.622047 0.456693 -0.186522
0.629921 0.456693 -0.195866
0.637795 0.456693 -0.204732
0.645669 0.456693 -0.213096
0.653543 0.456693 -0.220939
0.661417 0.456693 -0.228242
0.669291 0.456693 -0.234985
0.677165 0.456693 -0.241154
0.685039 0.456693 -0.246733
0.692913 0.456693 -0.251707
0.700787 0.456693 -0.256066
0.708661 0.456693 -0.259798
0.716535 0.456693 -0.262895
0.724409 0.456693 -0.265348
0.732283 0.456693 -0.267151
0.740157 0.456693 -0.268301
0.748031 0.456693 -0.268795
0.755906 0.456693 -0.26863
0.76378 0.456693 -0.267808
0.771654 0.456693 -0.266331
0.779528 0.456693 -0.264202
0.787402 0.456693 -0.261427
0.795276 0.456693 -0.258011
0.80315 0.456693 -0.253965
0.811024 0.456693 -0.249297
0.818898 0.456693 -0.244018
0.826772 0.456693 -0.238143
0.834646 0.456693 -0.231685
0.84252 0.456693 -0.22466
0.850394 0.456693 -0.217085
0.858268 0.456693 -0.208978
0.866142 0.456693 -0.200361
0.874016 0.456693 -0.191253
0.88189 0.456693 -0.181677
0.889764 0.456693 -0.171657
0.897638 0.456693 -0.161216
0.905512 0.456693 -0.150381
0.913386 0.456693 -0.139178
0.92126 0.456693 -0.127634
0.929134 0.456693 -0.115778
0.937008 0.456693 -0.103639
0.944882 0.456693 -0.0912456
0.952756 0.456693 -0.0786293
0.96063 0.456693 -0.0658206
0.968504 0.456693 -0.0528508
0.976378 0.456693 -0.0397517
0.984252 0.456693 -0.0265553
0.992126 0.456693 -0.0132939
1 0.456693 0
0 0.464567 0
0.00787402 0.464567 0.0109215
0.015748 0.464567 0.0218163
0.023622 0.464567 0.0326577
0.0314961 0.464567 0.0434192
0.0393701 0.464567 0.0540745
0.0472441 0.464567 0.0645974
0.0551181 0.464567 0.0749622
0.0629921 0.464567 0.0851436
0.0708661 0.464567 0.0951166
0.0787402 0.464567 0.104857
0.0866142 0.464567 0.114341
0.0944882 0.464567 0.123544
0.102362 0.464567 0.132446
0.110236 0.464567 0.141023
0.11811 0.464567 0.149256
0.125984 0.464567 0.157123
0.133858 0.464567 0.164605
0.141732 0.464567 0.171685
0.149606 0.464567 0.178344
0.15748 0.464567 0.184568
0.165354 0.464567 0.190339
0.173228 0.464567 0.195645
0.181102 0.464567 0.200472
0.188976 0.464567 0.204808
0.19685 0.464567 0.208643
0.204724 0.464567 0.211968
0.212598 0.464567 0.214773
0.220472 0.464567 0.217054
0.228346 0.464567 0.218803
0.23622 0.464567 0.220016
0.244094 0.464567 0.220692
0.251969 0.464567 0.220827
0.259843 0.464567 0.220421
0.267717 0.464567 0.219477
0.275591 0.464567 0.217995
0.283465 0.464567 0.21598
0.291339 0.464567 0.213436
0.299213 0.464567 0.21037
0.307087 0.464567 0.206789
0.314961 0.464567 0.202702
0.322835 0.464567 0.198119
0.330709 0.464567 0.193051
0.338583 0.464567 0.187511
0.346457 0.464567 0.181512
0.354331 0.464567 0.175069
0.362205 0.464567 0.168197
0.370079 0.464567 0.160914
0.377953 0.464567 0.153236
0.385827 0.464567 0.145184
0.393701 0.464567 0.136777
0.401575 0.464567 0.128035
0.409449 0.464567 0.118979
0.417323 0.464567 0.109633
0.425197 0.464567 0.100018
0.433071 0.464567 0.0901583
0.440945 0.464567 0.0800781
0.448819 0.464567 0.0698018
0.456693 0.464567 0.0593548
0.464567 0.464567 0.0487625
0.472441 0.464567 0.0380509
0.480315 0.464567 0.0272461
0.488189 0.464567 0.0163747
0.496063 0.464567 0.00546324
0.503937 0.464567 -0.00546161
0.511811 0.464567 -0.0163731
0.519685 0.464567 -0.0272445
0.527559 0.464567 -0.0380492
0.535433 0.464567 -0.0487609
0.543307 0.464567 -0.0593532
0.551181 0.464567 -0.0698002
0.559055 0.464567 -0.0800765
0.566929 0.464567 -0.0901567
0.574803 0.464567 -0.100016
0.582677 0.464567 -0.109631
0.590551 0.464567 -0.118978
0.598425 0.464567 -0.128033
0.606299 0.464567 -0.136775
0.614173 0.464567 -0.145183
0.622047 0.464567 -0.153235
0.629921 0.464567 -0.160912
0.637795 0.464567 -0.168195
0.645669 0.464567 -0.175067
0.653543 0.464567 -0.18151
0.661417 0.464567 -0.18751
0.669291 0.464567 -0.19305
0.677165 0.464567 -0.198118
0.685039 0.464567 -0.202701
0.692913 0.464567 -0.206788
0.700787 0.464567 -0.210369
0.708661 0.464567 -0.213435
0.716535 0.464567 -0.215978
0.724409 0.464567 -0.217994
0.732283 0.464567 -0.219476
0.740157 0.464567 -0.22042
0.748031 0.464567 -0.220826
0.755906 0.464567 -0.22069
0.76378 0.464567 -0.220015
0.771654 0.464567 -0.218802
0.779528 0.464567 -0.217053
0.787402 0.464567 -0.214772
0.795276 0.464567 -0.211967
0.80315 0.464567 -0.208642
0.811024 0.464567 -0.204807
0.818898 0.464567 -0.200471
0.826772 0.464567 -0.195644
0.834646 0.464567 -0.190338
0.84252 0.464567 -0.184567
0.850394 0.464567 -0.178344
0.858268 0.464567 -0.171684
0.866142 0.464567 -0.164605
0.874016 0.464567 -0.157122
0.88189 0.464567 -0.149255
0.889764 0.464567 -0.141023
0.897638 0.464567 -0.132445
0.905512 0.464567 -0.123544
0.913386 0.464567 -0.11434
0.92126 0.464567 -0.104856
0.929134 0.464567 -0.0951163
0.937008 0.464567 -0.0851433
0.944882 0.464567 -0.0749619
0.952756 0.464567 -0.0645971
0.96063 0.464567 -0.0540743
0.968504 0.464567 -0.0434191
0.976378 0.464567 -0.0326576
0.984252 0.464567 -0.0218162
0.992126 0.464567 -0.0109215
1 0.464567 0
0 0.472441 0
0.00787402 0.472441 0.00852237
0.015748 0.472441 0.0170239
0.023622 0.472441 0.0254837
0.0314961 0.472441 0.0338812
0.0393701 0.472441 0.0421958
0.0472441 0.472441 0.0504071
0.0551181 0.472441 0.0584951
0.0629921 0.472441 0.0664399
0.0708661 0.472441 0.0742221
0.0787402 0.472441 0.0818227
0.0866142 0.472441 0.0892231
0.0944882 0.472441 0.0964051
0.102362 0.472441 0.103351
0.110236 0.472441 0.110044
0.11811 0.472441 0.116468
0.125984 0.472441 0.122607
0.133858 0.472441 0.128446
0.141732 0.472441 0.13397
0.149606 0.472441 0.139167
0.15748 0.472441 0.144023
0.165354 0.472441 0.148527
0.173228 0.472441 0.152667
0.181102 0.472441 0.156434
0.188976 0.472441 0.159817
0.19685 0.472441 0.16281
0.204724 0.472441 0.165404
0.212598 0.472441 0.167594
0.220472 0.472441 0.169373
0.228346 0.472441 0.170738
0.23622 0.472441 0.171685
0.244094 0.472441 0.172212
0.251969 0.472441 0.172317
0.259843 0.472441 0.172001
0.267717 0.472441 0.171264
0.275591 0.472441 0.170108
0.283465 0.472441 0.168535
0.291339 0.472441 0.16655
0.299213 0.472441 0.164157
0.307087 0.472441 0.161363
0.314961 0.472441 0.158174
0.322835 0.472441 0.154598
0.330709 0.472441 0.150643
0.338583 0.472441 0.14632
0.346457 0.472441 0.141639
0.354331 0.472441 0.136611
0.362205 0.472441 0.131249
0.370079 0.472441 0.125565
0.377953 0.472441 0.119575
0.385827 0.472441 0.113291
0.393701 0.472441 0.106731
0.401575 0.472441 0.0999092
0.409449 0.472441 0.092843
0.417323 0.472441 0.0855496
0.425197 0.472441 0.0780469
0.433071 0.472441 0.0703532
0.440945 0.472441 0.0624873
0.448819 0.472441 0.0544684
0.456693 0.472441 0.0463163
0.464567 0.472441 0.0380509
0.472441 0.472441 0.0296923
0.480315 0.472441 0.0212611
0.488189 0.472441 0.0127778
0.496063 0.472441 0.0042633
0.503937 0.472441 -0.00426166
0.511811 0.472441 -0.0127762
0.519685 0.472441 -0.0212594
0.527559 0.472441 -0.0296907
0.535433 0.472441 -0.0380492
0.543307 0.472441 -0.0463147
0.551181 0.472441 -0.0544668
0.559055 0.472441 -0.0624856
0.566929 0.472441 -0.0703516
0.574803 0.472441 -0.0780453
0.582677 0.472441 -0.0855481
0.590551 0.472441 -0.0928415
0.598425 0.472441 -0.0999077
0.606299 0.472441 -0.106729
0.614173 0.472441 -0.11329
0.622047 0.472441 -0.119573
0.629921 0.472441 -0.125564
0.637795 0.472441 -0.131247
0.645669 0.472441 -0.136609
0.653543 0.472441 -0.141637
0.661417 0.472441 -0.146319
0.669291 0.472441 -0.150642
0.677165 0.472441 -0.154596
0.685039 0.472441 -0.158173
0.692913 0.472441 -0.161362
0.700787 0.472441 -0.164156
0.708661 0.472441 -0.166549
0.716535 0.472441 -0.168534
0.724409 0.472441 -0.170106
0.732283 0.472441 -0.171263
0.740157 0.472441 -0.172
0.748031 0.472441 -0.172316
0.755906 0.472441 -0.172211
0.76378 0.472441 -0.171684
0.771654 0.472441 -0.170737
0.779528 0.472441 -0.169372
0.787402 0.472441 -0.167593
0.795276 0.472441 -0.165403
0.80315 0.472441 -0.162809
0.811024 0.472441 -0.159816
0.818898 0.472441 -0.156433
0.826772 0.472441 -0.152666
0.834646 0.472441 -0.148526
0.84252 0.472441 -0.144022
0.850394 0.472441 -0.139166
0.858268 0.472441 -0.13397
0.866142 0.472441 -0.128445
0.874016 0.472441 -0.122606
0.88189 0.472441 -0.116468
0.889764 0.472441 -0.110044
0.897638 0.472441 -0.103351
0.905512 0.472441 -0.0964046
0.913386 0.472441 -0.0892226
0.92126 0.472441 -0.0818223
0.929134 0.472441 -0.0742218
0.937008 0.472441 -0.0664396
0.944882 0.472441 -0.0584948
0.952756 0.472441 -0.0504069
0.96063 0.472441 -0.0421956
0.968504 0.472441 -0.0338811
0.976378 0.472441 -0.0254836
0.984252 0.472441 -0.0170238
0.992126 0.472441 -0.00852233
1 0.472441 0
0 0.480315 0
0.00787402 0.480315 0.00610235
0.015748 0.480315 0.0121898
0.023622 0.480315 0.0182474
0.0314961 0.480315 0.0242603
0.0393701 0.480315 0.0302139
0.0472441 0.480315 0.0360935
0.0551181 0.480315 0.0418848
0.0629921 0.480315 0.0475736
0.0708661 0.480315 0.053146
0.0787402 0.480315 0.0585883
0.0866142 0.480315 0.0638872
0.0944882 0.480315 0.0690299
0.102362 0.480315 0.0740035
0.110236 0.480315 0.0787961
0.11811 0.480315 0.0833959
0.125984 0.480315 0.0877915
0.133858 0.480315 0.0919724
0.141732 0.480315 0.0959281
0.149606 0.480315 0.0996491
0.15748 0.480315 0.103126
0.165354 0.480315 0.106351
0.173228 0.480315 0.109316
0.181102 0.480315 0.112013
0.188976 0.480315 0.114436
0.19685 0.480315 0.116578
0.204724 0.480315 0.118436
0.212598 0.480315 0.120004
0.220472 0.480315 0.121278
0.228346 0.480315 0.122255
0.23622 0.480315 0.122933
0.244094 0.480315 0.12331
0.251969 0.480315 0.123386
0.259843 0.480315 0.12316
0.267717 0.480315 0.122632
0.275591 0.480315 0.121804
0.283465 0.480315 0.120678
0.291339 0.480315 0.119256
0.299213 0.480315 0.117543
0.307087 0.480315 0.115543
0.314961 0.480315 0.113259
0.322835 0.480315 0.110698
0.330709 0.480315 0.107867
0.338583 0.480315 0.104771
0.346457 0.480315 0.101419
0.354331 0.480315 0.0978189
0.362205 0.480315 0.0939794
0.370079 0.480315 0.0899099
0.377953 0.480315 0.0856204
0.385827 0.480315 0.0811213
0.393701 0.480315 0.0764237
0.401575 0.480315 0.0715391
0.409449 0.480315 0.0664794
0.417323 0.480315 0.0612571
0.425197 0.480315 0.0558848
0.433071 0.480315 0.0503758
0.440945 0.480315 0.0447435
0.448819 0.480315 0.0390017
0.456693 0.480315 0.0331645
0.464567 0.480315 0.0272461
0.472441 0.480315 0.0212611
0.480315 0.480315 0.015224
0.488189 0.480315 0.00914965
0.496063 0.480315 0.00305292
0.503937 0.480315 -0.00305128
0.511811 0.480315 -0.00914801
0.519685 0.480315 -0.0152224
0.527559 0.480315 -0.0212594
0.535433 0.480315 -0.0272445
0.543307 0.480315 -0.0331629
0.551181 0.480315 -0.0390001
0.559055 0.480315 -0.0447419
0.566929 0.480315 -0.0503742
0.574803 0.480315 -0.0558832
0.582677 0.480315 -0.0612555
0.590551 0.480315 -0.0664779
0.598425 0.480315 -0.0715376
0.606299 0.480315 -0.0764222
0.614173 0.480315 -0.0811198
0.622047 0.480315 -0.0856188
0.629921 0.480315 -0.0899084
0.637795 0.480315 -0.0939779
0.645669 0.480315 -0.0978175
0.653543 0.480315 -0.101418
0.661417 0.480315 -0.10477
0.669291 0.480315 -0.107865
0.677165 0.480315 -0.110697
0.685039 0.480315 -0.113258
0.692913 0.480315 -0.115541
0.700787 0.480315 -0.117542
0.708661 0.480315 -0.119255
0.716535 0.480315 -0.120677
0.724409 0.480315 -0.121803
0.732283 0.480315 -0.12263
0.740157 0.480315 -0.123158
0.748031 0.480315 -0.123385
0.755906 0.480315 -0.123309
0.76378 0.480315 -0.122932
0.771654 0.480315 -0.122254
0.779528 0.480315 -0.121277
0.787402 0.480315 -0.120003
0.795276 0.480315 -0.118435
0.80315 0.480315 -0.116577
0.811024 0.480315 -0.114435
0.818898 0.480315 -0.112012
0.826772 0.480315 -0.109315
0.834646 0.480315 -0.10635
0.84252 0.480315 -0.103126
0.850394 0.480315 -0.0996484
0.858268 0.480315 -0.0959274
0.866142 0.480315 -0.0919717
0.874016 0.480315 -0.0877909
0.88189 0.480315 -0.0833953
0.889764 0.480315 -0.0787956
0.897638 0.480315 -0.074003
0.905512 0.480315 -0.0690294
0.913386 0.480315 -0.0638868
0.92126 0.480315 -0.0585879
0.929134 0.480315 -0.0531456
0.937008 0.480315 -0.0475733
0.944882 0.480315 -0.0418845
0.952756 0.480315 -0.0360932
0.96063 0.480315 -0.0302137
0.968504 0.480315 -0.0242601
0.976378 0.480315 -0.0182472
0.984252 0.480315 -0.0121897
0.992126 0.480315 -0.00610231
1 0.480315 0
0 0.488189 0
0.00787402 0.488189 0.0036674
0.015748 0.488189 0.00732583
0.023622 0.488189 0.0109663
0.0314961 0.488189 0.01458
0.0393701 0.488189 0.018158
0.0472441 0.488189 0.0216915
0.0551181 0.488189 0.025172
0.0629921 0.488189 0.0285909
0.0708661 0.488189 0.0319398
0.0787402 0.488189 0.0352105
0.0866142 0.488189 0.0383951
0.0944882 0.488189 0.0414857
0.102362 0.488189 0.0444748
0.110236 0.488189 0.047355
0.11811 0.488189 0.0501194
0.125984 0.488189 0.0527611
0.133858 0.488189 0.0552737
0.141732 0.488189 0.0576511
0.149606 0.488189 0.0598873
0.15748 0.488189 0.0619771
0.165354 0.488189 0.0639151
0.173228 0.488189 0.0656967
0.181102 0.488189 0.0673176
0.188976 0.488189 0.0687737
0.19685 0.488189 0.0700615
0.204724 0.488189 0.0711779
0.212598 0.488189 0.0721201
0.220472 0.488189 0.0728858
0.228346 0.488189 0.0734731
0.23622 0.488189 0.0738807
0.244094 0.488189 0.0741074
0.251969 0.488189 0.0741528
0.259843 0.488189 0.0740167
0.267717 0.488189 0.0736995
0.275591 0.488189 0.0732019
0.283465 0.488189 0.0725252
0.291339 0.488189 0.0716711
0.299213 0.488189 0.0706415
0.307087 0.488189 0.0694391
0.314961 0.488189 0.0680667
0.322835 0.488189 0.0665278
0.330709 0.488189 0.064826
0.338583 0.488189 0.0629657
0.346457 0.488189 0.0609512
0.354331 0.488189 0.0587876
0.362205 0.488189 0.0564801
0.370079 0.488189 0.0540344
0.377953 0.488189 0.0514565
0.385827 0.488189 0.0487526
0.393701 0.488189 0.0459295
0.401575 0.488189 0.0429939
0.409449 0.488189 0.0399532
0.417323 0.488189 0.0368146
0.425197 0.488189 0.033586
0.433071 0.488189 0.0302752
0.440945 0.488189 0.0268903
0.448819 0.488189 0.0234396
0.456693 0.488189 0.0199316
0.464567 0.488189 0.0163747
0.472441 0.488189 0.0127778
0.480315 0.488189 0.00914965
0.488189 0.488189 0.00549909
0.496063 0.488189 0.00183507
0.503937 0.488189 -0.00183343
0.511811 0.488189 -0.00549745
0.519685 0.488189 -0.00914801
0.527559 0.488189 -0.0127762
0.535433 0.488189 -0.0163731
0.543307 0.488189 -0.0199299
0.551181 0.488189 -0.023438
0.559055 0.488189 -0.0268887
0.566929 0.488189 -0.0302736
0.574803 0.488189 -0.0335844
0.582677 0.488189 -0.0368131
0.590551 0.488189 -0.0399516
0.598425 0.488189 -0.0429924
0.606299 0.488189 -0.0459279
0.614173 0.488189 -0.0487511
0.622047 0.488189 -0.051455
0.629921 0.488189 -0.0540329
0.637795 0.488189 -0.0564786
0.645669 0.488189 -0.0587861
0.653543 0.488189 -0.0609497
0.661417 0.488189 -0.0629642
0.669291 0.488189 -0.0648246
0.677165 0.488189 -0.0665264
0.685039 0.488189 -0.0680653
0.692913 0.488189 -0.0694377
0.700787 0.488189 -0.0706402
0.708661 0.488189 -0.0716698
0.716535 0.488189 -0.072524
0.724409 0.488189 -0.0732007
0.732283 0.488189 -0.0736983
0.740157 0.488189 -0.0740155
0.748031 0.488189 -0.0741516
0.755906 0.488189 -0.0741063
0.76378 0.488189 -0.0738796
0.771654 0.488189 -0.073472
0.779528 0.488189 -0.0728847
0.787402 0.488189 -0.0721191
0.795276 0.488189 -0.0711769
0.80315 0.488189 -0.0700606
0.811024 0.488189 -0.0687728
0.818898 0.488189 -0.0673167
0.826772 0.488189 -0.0656959
0.834646 0.488189 -0.0639143
0.84252 0.488189 -0.0619763
0.850394 0.488189 -0.0598866
0.858268 0.488189 -0.0576504
0.866142 0.488189 -0.0552731
0.874016 0.488189 -0.0527605
0.88189 0.488189 -0.0501188
0.889764 0.488189 -0.0473545
0.897638 0.488189 -0.0444743
0.905512 0.488189 -0.0414852
0.913386 0.488189 -0.0383946
0.92126 0.488189 -0.0352101
0.929134 0.488189 -0.0319394
0.937008 0.488189 -0.0285905
0.944882 0.488189 -0.0251717
0.952756 0.488189 -0.0216913
0.96063 0.488189 -0.0181578
0.968504 0.488189 -0.0145798
0.976378 0.488189 -0.0109662
0.984252 0.488189 -0.00732575
0.992126 0.488189 -0.00366736
1 0.488189 0
0 0.496063 0
0.00787402 0.496063 0.00122348
0.015748 0.496063 0.00244396
0.023622 0.496063 0.00365847
0.0314961 0.496063 0.00486402
0.0393701 0.496063 0.00605767
0.0472441 0.496063 0.00723649
0.0551181 0.496063 0.00839761
0.0629921 0.496063 0.00953818
0.0708661 0.496063 0.0106554
0.0787402 0.496063 0.0117466
0.0866142 0.496063 0.012809
0.0944882 0.496063 0.01384
0.102362 0.496063 0.0148372
0.110236 0.496063 0.0157981
0.11811 0.496063 0.0167203
0.125984 0.496063 0.0176016
0.133858 0.496063 0.0184398
0.141732 0.496063 0.019233
0.149606 0.496063 0.019979
0.15748 0.496063 0.0206761
0.165354 0.496063 0.0213227
0.173228 0.496063 0.0219171
0.181102 0.496063 0.0224578
0.188976 0.496063 0.0229436
0.19685 0.496063 0.0233732
0.204724 0.496063 0.0237457
0.212598 0.496063 0.02406
0.220472 0.496063 0.0243154
0.228346 0.496063 0.0245114
0.23622 0.496063 0.0246474
0.244094 0.496063 0.024723
0.251969 0.496063 0.0247382
0.259843 0.496063 0.0246928
0.267717 0.496063 0.024587
0.275591 0.496063 0.024421
0.283465 0.496063 0.0241952
0.291339 0.496063 0.0239103
0.299213 0.496063 0.0235668
0.307087 0.496063 0.0231657
0.314961 0.496063 0.0227079
0.322835 0.496063 0.0221945
0.330709 0.496063 0.0216268
0.338583 0.496063 0.0210062
0.346457 0.496063 0.0203341
0.354331 0.496063 0.0196123
0.362205 0.496063 0.0188426
0.370079 0.496063 0.0180267
0.377953 0.496063 0.0171667
0.385827 0.496063 0.0162647
0.393701 0.496063 0.0153228
0.401575 0.496063 0.0143435
0.409449 0.496063 0.0133291
0.417323 0.496063 0.0122821
0.425197 0.496063 0.011205
0.433071 0.496063 0.0101005
0.440945 0.496063 0.00897129
0.448819 0.496063 0.00782012
0.456693 0.496063 0.00664982
0.464567 0.496063 0.00546324
0.472441 0.496063 0.0042633
0.480315 0.496063 0.00305292
0.488189 0.496063 0.00183507
0.496063 0.496063 0.000612737
0.503937 0.496063 -0.000611097
0.511811 0.496063 -0.00183343
0.519685 0.496063 -0.00305128
0.527559 0.496063 -0.00426166
0.535433 0.496063 -0.00546161
0.543307 0.496063 -0.00664819
0.551181 0.496063 -0.0078185
0.559055 0.496063 -0.00896968
0.566929 0.496063 -0.0100989
0.574803 0.496063 -0.0112034
0.582677 0.496063 -0.0122805
0.590551 0.496063 -0.0133275
0.598425 0.496063 -0.014342
0.606299 0.496063 -0.0153213
0.614173 0.496063 -0.0162631
0.622047 0.496063 -0.0171651
0.629921 0.496063 -0.0180252
0.637795 0.496063 -0.0188411
0.645669 0.496063 -0.0196109
0.653543 0.496063 -0.0203327
0.661417 0.496063 -0.0210047
0.669291 0.496063 -0.0216254
0.677165 0.496063 -0.0221931
0.685039 0.496063 -0.0227065
0.692913 0.496063 -0.0231644
0.700787 0.496063 -0.0235655
0.708661 0.496063 -0.023909
0.716535 0.496063 -0.024194
0.724409 0.496063 -0.0244197
0.732283 0.496063 -0.0245857
0.740157 0.496063 -0.0246916
0.748031 0.496063 -0.024737
0.755906 0.496063 -0.0247219
0.76378 0.496063 -0.0246463
0.771654 0.496063 -0.0245103
0.779528 0.496063 -0.0243144
0.787402 0.496063 -0.024059
0.795276 0.496063 -0.0237447
0.80315 0.496063 -0.0233723
0.811024 0.496063 -0.0229427
0.818898 0.496063 -0.0224569
0.826772 0.496063 -0.0219162
0.834646 0.496063 -0.0213219
0.84252 0.496063 -0.0206754
0.850394 0.496063 -0.0199783
0.858268 0.496063 -0.0192322
0.866142 0.496063 -0.0184392
0.874016 0.496063 -0.017601
0.88189 0.496063 -0.0167197
0.889764 0.496063 -0.0157975
0.897638 0.496063 -0.0148367
0.905512 0.496063 -0.0138395
0.913386 0.496063 -0.0128085
0.92126 0.496063 -0.0117461
0.929134 0.496063 -0.010655
0.937008 0.496063 -0.00953785
0.944882 0.496063 -0.00839733
0.952756 0.496063 -0.00723625
0.96063 0.496063 -0.00605747
0.968504 0.496063 -0.00486386
0.976378 0.496063 -0.00365835
0.984252 0.496063 -0.00244388
0.992126 0.496063 -0.00122344
1 0.496063 0
0 0.503937 0
0.00787402 0.503937 -0.00122344
0.015748 0.503937 -0.00244388
0.023622 0.503937 -0.00365835
0.0314961 0.503937 -0.00486386
0.0393701 0.503937 -0.00605747
0.0472441 0.503937 -0.00723625
0.0551181 0.503937 -0.00839733
0.0629921 0.503937 -0.00953785
0.0708661 0.503937 -0.010655
0.0787402 0.503937 -0.0117461
0.0866142 0.503937 -0.0128085
0.0944882 0.503937 -0.0138395
0.102362 0.503937 -0.0148367
0.110236 0.503937 -0.0157975
0.11811 0.503937 -0.0167197
0.125984 0.503937 -0.017601
0.133858 0.503937 -0.0184392
0.141732 0.503937 -0.0192322
0.149606 0.503937 -0.0199783
0.15748 0.503937 -0.0206754
0.165354 0.503937 -0.0213219
0.173228 0.503937 -0.0219162
0.181102 0.503937 -0.0224569
0.188976 0.503937 -0.0229427
0.19685 0.503937 -0.0233723
0.204724 0.503937 -0.0237447
0.212598 0.503937 -0.024059
0.220472 0.503937 -0.0243144
0.228346 0.503937 -0.0245103
0.23622 0.503937 -0.0246463
0.244094 0.503937 -0.0247219
0.251969 0.503937 -0.024737
0.259843 0.503937 -0.0246916
0.267717 0.503937 -0.0245857
0.275591 0.503937 -0.0244197
0.283465 0.503937 -0.024194
0.291339 0.503937 -0.023909
0.299213 0.503937 -0.0235655
0.307087 0.503937 -0.0231644
0.314961 0.503937 -0.0227065
0.322835 0.503937 -0.0221931
0.330709 0.503937 -0.0216254
0.338583 0.503937 -0.0210047
0.346457 0.503937 -0.0203327
0.354331 0.503937 -0.0196109
0.362205 0.503937 -0.0188411
0.370079 0.503937 -0.0180252
0.377953 0.503937 -0.0171651
0.385827 0.503937 -0.0162631
0.393701 0.503937 -0.0153213
0.401575 0.503937 -0.014342
0.409449 0.503937 -0.0133275
0.417323 0.503937 -0.0122805
0.425197 0.503937 -0.0112034
0.433071 0.503937 -0.0100989
0.440945 0.503937 -0.00896968
0.448819 0.503937 -0.0078185
0.456693 0.503937 -0.00664819
0.464567 0.503937 -0.00546161
0.472441 0.503937 -0.00426166
0.480315 0.503937 -0.00305128
0.488189 0.503937 -0.00183343
0.496063 0.503937 -0.000611097
0.503937 0.503937 0.000612737
0.511811 0.503937 0.00183507
0.519685 0.503937 0.00305292
0.527559 0.503937 0.0042633
0.535433 0.503937 0.00546324
0.543307 0.503937 0.00664982
0.551181 0.503937 0.00782012
0.559055 0.503937 0.00897129
0.566929 0.503937 0.0101005
0.574803 0.503937 0.011205
0.582677 0.503937 0.0122821
0.590551 0.503937 0.0133291
0.598425 0.503937 0.0143435
0.606299 0.503937 0.0153228
0.614173 0.503937 0.0162647
0.622047 0.503937 0.0171667
0.629921 0.503937 0.0180267
0.637795 0.503937 0.0188426
0.645669 0.503937 0.0196123
0.653543 0.503937 0.0203341
0.661417 0.503937 0.0210062
0.669291 0.503937 0.0216268
0.677165 0.503937 0.0221945
0.685039 0.503937 0.0227079
0.692913 0.503937 0.0231657
0.700787 0.503937 0.0235668
0.708661 0.503937 0.0239103
0.716535 0.503937 0.0241952
0.724409 0.503937 0.024421
0.732283 0.503937 0.024587
0.740157 0.503937 0.0246928
0.748031 0.503937 0.0247382
0.755906 0.503937 0.024723
0.76378 0.503937 0.0246474
0.771654 0.503937 0.0245114
0.779528 0.503937 0.0243154
0.787402 0.503937 0.02406
0.795276 0.503937 0.0237457
0.80315 0.503937 0.0233732
0.811024 0.503937 0.0229436
0.818898 0.503937 0.0224578
0.826772 0.503937 0.0219171
0.834646 0.503937 0.0213227
0.84252 0.503937 0.0206761
0.850394 0.503937 0.019979
0.858268 0.503937 0.019233
0.866142 0.503937 0.0184398
0.874016 0.503937 0.0176016
0.88189 0.503937 0.0167203
0.889764 0.503937 0.0157981
0.897638 0.503937 0.0148372
0.905512 0.503937 0.01384
0.913386 0.503937 0.012809
0.92126 0.503937 0.0117466
0.929134 0.503937 0.0106554
0.937008 0.503937 0.00953818
0.944882 0.503937 0.00839761
0.952756 0.503937 0.00723649
0.96063 0.503937 0.00605767
0.968504 0.503937 0.00486402
0.976378 0.503937 0.00365847
0.984252 0.503937 0.00244396
0.992126 0.503937 0.00122348
1 0.503937 0
0 0.511811 0
0.00787402 0.511811 -0.00366736
0.015748 0.511811 -0.00732575
0.023622 0.511811 -0.0109662
0.0314961 0.511811 -0.0145798
0.0393701 0.511811 -0.0181578
0.0472441 0.511811 -0.0216913
0.0551181 0.511811 -0.0251717
0.0629921 0.511811 -0.0285905
0.0708661 0.511811 -0.0319394
0.0787402 0.511811 -0.0352101
0.0866142 0.511811 -0.0383946
0.0944882 0.511811 -0.0414852
0.102362 0.511811 -0.0444743
0.110236 0.511811 -0.0473545
0.11811 0.511811 -0.0501188
0.125984 0.511811 -0.0527605
0.133858 0.511811 -0.0552731
0.141732 0.511811 -0.0576504
0.149606 0.511811 -0.0598866
0.15748 0.511811 -0.0619763
0.165354 0.511811 -0.0639143
0.173228 0.511811 -0.0656959
0.181102 0.511811 -0.0673167
0.188976 0.511811 -0.0687728
0.19685 0.511811 -0.0700606
0.204724 0.511811 -0.0711769
0.212598 0.511811 -0.0721191
0.220472 0.511811 -0.0728847
0.228346 0.511811 -0.073472
0.23622 0.511811 -0.0738796
0.244094 0.511811 -0.0741063
0.251969 0.511811 -0.0741516
0.259843 0.511811 -0.0740155
0.267717 0.511811 -0.0736983
0.275591 0.511811 -0.0732007
0.283465 0.511811 -0.072524
0.291339 0.511811 -0.0716698
0.299213 0.511811 -0.0706402
0.307087 0.511811 -0.0694377
0.314961 0.511811 -0.0680653
0.322835 0.511811 -0.0665264
0.330709 0.511811 -0.0648246
0.338583 0.511811 -0.0629642
0.346457 0.511811 -0.0609497
0.354331 0.511811 -0.0587861
0.362205 0.511811 -0.0564786
0.370079 0.511811 -0.0540329
0.377953 0.511811 -0.051455
0.385827 0.511811 -0.0487511
0.393701 0.511811 -0.0459279
0.401575 0.511811 -0.0429924
0.409449 0.511811 -0.0399516
0.417323 0.511811 -0.0368131
0.425197 0.511811 -0.0335844
0.433071 0.511811 -0.0302736
0.440945 0.511811 -0.0268887
0.448819 0.511811 -0.023438
0.456693 0.511811 -0.0199299
0.464567 0.511811 -0.0163731
0.472441 0.511811 -0.0127762
0.480315 0.511811 -0.00914801
0.488189 0.511811 -0.00549745
0.496063 0.511811 -0.00183343
0.503937 0.511811 0.00183507
0.511811 0.511811 0.00549909
0.519685 0.511811 0.00914965
0.527559 0.511811 0.0127778
0.535433 0.511811 0.0163747
0.543307 0.511811 0.0199316
0.551181 0.511811 0.0234396
0.559055 0.511811 0.0268903
0.566929 0.511811 0.0302752
0.574803 0.511811 0.033586
0.582677 0.511811 0.0368146
0.590551 0.511811 0.0399532
0.598425 0.511811 0.0429939
0.606299 0.511811 0.0459295
0.614173 0.511811 0.0487526
0.622047 0.511811 0.0514565
0.629921 0.511811 0.0540344
0.637795 0.511811 0.0564801
0.645669 0.511811 0.0587876
0.653543 0.511811 0.0609512
0.661417 0.511811 0.0629657
0.669291 0.511811 0.064826
0.677165 0.511811 0.0665278
0.685039 0.511811 0.0680667
0.692913 0.511811 0.0694391
0.700787 0.511811 0.0706415
0.708661 0.511811 0.0716711
0.716535 0.511811 0.0725252
0.724409 0.511811 0.0732019
0.732283 0.511811 0.0736995
0.740157 0.511811 0.0740167
0.748031 0.511811 0.0741528
0.755906 0.511811 0.0741074
0.76378 0.511811 0.0738807
0.771654 0.511811 0.0734731
0.779528 0.511811 0.0728858
0.787402 0.511811 0.0721201
0.795276 0.511811 0.0711779
0.80315 0.511811 0.0700615
0.811024 0.511811 0.0687737
0.818898 0.511811 0.0673176
0.826772 0.511811 0.0656967
0.834646 0.511811 0.0639151
0.84252 0.511811 0.0619771
0.850394 0.511811 0.0598873
0.858268 0.511811 0.0576511
0.866142 0.511811 0.0552737
0.874016 0.511811 0.0527611
0.88189 0.511811 0.0501194
0.889764 0.511811 0.047355
0.897638 0.511811 0.0444748
0.905512 0.511811 0.0414857
0.913386 0.511811 0.0383951
0.92126 0.511811 0.0352105
0.929134 0.511811 0.0319398
0.937008 0.511811 0.0285909
0.944882 0.511811 0.025172
0.952756 0.511811 0.0216915
0.96063 0.511811 0.018158
0.968504 0.511811 0.01458
0.976378 0.511811 0.0109663
0.984252 0.511811 0.00732583
0.992126 0.511811 0.0036674
1 0.511811 0
0 0.519685 0
0.00787402 0.519685 -0.00610231
0.015748 0.519685 -0.0121897
0.023622 0.519685 -0.0182472
0.0314961 0.519685 -0.0242601
0.0393701 0.519685 -0.0302137
0.0472441 0.519685 -0.0360932
0.0551181 0.519685 -0.0418845
0.0629921 0.519685 -0.0475733
0.0708661 0.519685 -0.0531456
0.0787402 0.519685 -0.0585879
0.0866142 0.519685 -0.0638868
0.0944882 0.519685 -0.0690294
0.102362 0.519685 -0.074003
0.110236 0.519685 -0.0787956
0.11811 0.519685 -0.0833953
0.125984 0.519685 -0.0877909
0.133858 0.519685 -0.0919717
0.141732 0.519685 -0.0959274
0.149606 0.519685 -0.0996484
0.15748 0.519685 -0.103126
0.165354 0.519685 -0.10635
0.173228 0.519685 -0.109315
0.181102 0.519685 -0.112012
0.188976 0.519685 -0.114435
0.19685 0.519685 -0.116577
0.204724 0.519685 -0.118435
0.212598 0.519685 -0.120003
0.220472 0.519685 -0.121277
0.228346 0.519685 -0.122254
0.23622 0.519685 -0.122932
0.244094 0.519685 -0.123309
0.251969 0.519685 -0.123385
0.259843 0.519685 -0.123158
0.267717 0.519685 -0.12263
0.275591 0.519685 -0.121803
0.283465 0.519685 -0.120677
0.291339 0.519685 -0.119255
0.299213 0.519685 -0.117542
0.307087 0.519685 -0.115541
0.314961 0.519685 -0.113258
0.322835 0.519685 -0.110697
0.330709 0.519685 -0.107865
0.338583 0.519685 -0.10477
0.346457 0.519685 -0.101418
0.354331 0.519685 -0.0978175
0.362205 0.519685 -0.0939779
0.370079 0.519685 -0.0899084
0.377953 0.519685 -0.0856188
0.385827 0.519685 -0.0811198
0.393701 0.519685 -0.0764222
0.401575 0.519685 -0.0715376
0.409449 0.519685 -0.0664779
0.417323 0.519685 -0.0612555
0.425197 0.519685 -0.0558832
0.433071 0.519685 -0.0503742
0.440945 0.519685 -0.0447419
0.448819 0.519685 -0.0390001
0.456693 0.519685 -0.0331629
0.464567 0.519685 -0.0272445
0.472441 0.519685 -0.0212594
0.480315 0.519685 -0.0152224
0.488189 0.519685 -0.00914801
0.496063 0.519685 -0.00305128
0.503937 0.519685 0.00305292
0.511811 0.519685 0.00914965
0.519685 0.519685 0.015224
0.527559 0.519685 0.0212611
0.535433 0.519685 0.0272461
0.543307 0.519685 0.0331645
0.551181 0.519685 0.0390017
0.559055 0.519685 0.0447435
0.566929 0.519685 0.0503758
0.574803 0.519685 0.0558848
0.582677 0.519685 0.0612571
0.590551 0.519685 0.0664794
0.598425 0.519685 0.0715391
0.606299 0.519685 0.0764237
0.614173 0.519685 0.0811213
0.622047 0.519685 0.0856204
0.629921 0.519685 0.0899099
0.637795 0.519685 0.0939794
0.645669 0.519685 0.0978189
0.653543 0.519685 0.101419
0.661417 0.519685 0.104771
0.669291 0.519685 0.107867
0.677165 0.519685 0.110698
0.685039 0.519685 0.113259
0.692913 0.519685 0.115543
0.700787 0.519685 0.117543
0.708661 0.519685 0.119256
0.716535 0.519685 0.120678
0.724409 0.519685 0.121804
0.732283 0.519685 0.122632
0.740157 0.519685 0.12316
0.748031 0.519685 0.123386
0.755906 0.519685 0.12331
0.76378 0.519685 0.122933
0.771654 0.519685 0.122255
0.779528 0.519685 0.121278
0.787402 0.519685 0.120004
0.795276 0.519685 0.118436
0.80315 0.519685 0.116578
0.811024 0.519685 0.114436
0.818898 0.519685 0.112013
0.826772 0.519685 0.109316
0.834646 0.519685 0.106351
0.84252 0.519685 0.103126
0.850394 0.519685 0.0996491
0.858268 0.519685 0.0959281
0.866142 0.519685 0.0919724
0.874016 0.519685 0.0877915
0.88189 0.519685 0.0833959
0.889764 0.519685 0.0787961
0.897638 0.519685 0.0740035
0.905512 0.519685 0.0690299
0.913386 0.519685 0.0638872
0.92126 0.519685 0.0585883
0.929134 0.519685 0.053146
0.937008 0.519685 0.0475736
0.944882 0.519685 0.0418848
0.952756 0.519685 0.0360935
0.96063 0.519685 0.0302139
0.968504 0.519685 0.0242603
0.976378 0.519685 0.0182474
0.984252 0.519685 0.0121898
0.992126 0.519685 0.00610235
1 0.519685 0
0 0.527559 0
0.00787402 0.527559 -0.00852233
0.015748 0.527559 -0.0170238
0.023622 0.527559 -0.0254836
0.0314961 0.527559 -0.0338811
0.0393701 0.527559 -0.0421956
0.0472441 0.527559 -0.0504069
0.0551181 0.527559 -0.0584948
0.0629921 0.527559 -0.0664396
0.0708661 0.527559 -0.0742218
0.0787402 0.527559 -0.0818223
0.0866142 0.527559 -0.0892226
0.0944882 0.527559 -0.0964046
0.102362 0.527559 -0.103351
0.110236 0.527559 -0.110044
0.11811 0.527559 -0.116468
0.125984 0.527559 -0.122606
0.133858 0.527559 -0.128445
0.141732 0.527559 -0.13397
0.149606 0.527559 -0.139166
0.15748 0.527559 -0.144022
0.165354 0.527559 -0.148526
0.173228 0.527559 -0.152666
0.181102 0.527559 -0.156433
0.188976 0.527559 -0.159816
0.19685 0.527559 -0.162809
0.204724 0.527559 -0.165403
0.212598 0.527559 -0.167593
0.220472 0.527559 -0.169372
0.228346 0.527559 -0.170737
0.23622 0.527559 -0.171684
0.244094 0.527559 -0.172211
0.251969 0.527559 -0.172316
0.259843 0.527559 -0.172
0.267717 0.527559 -0.171263
0.275591 0.527559 -0.170106
0.283465 0.527559 -0.168534
0.291339 0.527559 -0.166549
0.299213 0.527559 -0.164156
0.307087 0.527559 -0.161362
0.314961 0.527559 -0.158173
0.322835 0.527559 -0.154596
0.330709 0.527559 -0.150642
0.338583 0.527559 -0.146319
0.346457 0.527559 -0.141637
0.354331 0.527559 -0.136609
0.362205 0.527559 -0.131247
0.370079 0.527559 -0.125564
0.377953 0.527559 -0.119573
0.385827 0.527559 -0.11329
0.393701 0.527559 -0.106729
0.401575 0.527559 -0.0999077
0.409449 0.527559 -0.0928415
0.417323 0.527559 -0.0855481
0.425197 0.527559 -0.0780453
0.433071 0.527559 -0.0703516
0.440945 0.527559 -0.0624856
0.448819 0.527559 -0.0544668
0.456693 0.527559 -0.0463147
0.464567 0.527559 -0.0380492
0.472441 0.527559 -0.0296907
0.480315 0.527559 -0.0212594
0.488189 0.527559 -0.0127762
0.496063 0.527559 -0.00426166
0.503937 0.527559 0.0042633
0.511811 0.527559 0.0127778
0.519685 0.527559 0.0212611
0.527559 0.527559 0.0296923
0.535433 0.527559 0.0380509
0.543307 0.527559 0.0463163
0.551181 0.527559 0.0544684
0.559055 0.527559 0.0624873
0.566929 0.527559 0.0703532
0.574803 0.527559 0.0780469
0.582677 0.527559 0.0855496
0.590551 0.527559 0.092843
0.598425 0.527559 0.0999092
0.606299 0.527559 0.106731
0.614173 0.527559 0.113291
0.622047 0.527559 0.119575
0.629921 0.527559 0.125565
0.637795 0.527559 0.131249
0.645669 0.527559 0.136611
0.653543 0.527559 0.141639
0.661417 0.527559 0.14632
0.669291 0.527559 0.150643
0.677165 0.527559 0.154598
0.685039 0.527559 0.158174
0.692913 0.527559 0.161363
0.700787 0.527559 0.164157
0.708661 0.527559 0.16655
0.716535 0.527559 0.168535
0.724409 0.527559 0.170108
0.732283 0.527559 0.171264
0.740157 0.527559 0.172001
0.748031 0.527559 0.172317
0.755906 0.527559 0.172212
0.76378 0.527559 0.171685
0.771654 0.527559 0.170738
0.779528 0.527559 0.169373
0.787402 0.527559 0.167594
0.795276 0.527559 0.165404
0.80315 0.527559 0.16281
0.811024 0.527559 0.159817
0.818898 0.527559 0.156434
0.826772 0.527559 0.152667
0.834646 0.527559 0.148527
0.84252 0.527559 0.144023
0.850394 0.527559 0.139167
0.858268 0.527559 0.13397
0.866142 0.527559 0.128446
0.874016 0.527559 0.122607
0.88189 0.527559 0.116468
0.889764 0.527559 0.110044
0.897638 0.527559 0.103351
0.905512 0.527559 0.0964051
0.913386 0.527559 0.0892231
0.92126 0.527559 0.0818227
0.929134 0.527559 0.0742221
0.937008 0.527559 0.0664399
0.944882 0.527559 0.0584951
0.952756 0.527559 0.0504071
0.96063 0.527559 0.0421958
0.968504 0.527559 0.0338812
0.976378 0.527559 0.0254837
0.984252 0.527559 0.0170239
0.992126 0.527559 0.00852237
1 0.527559 0
0 0.535433 0
0.00787402 0.535433 -0.0109215
0.015748 0.535433 -0.0218162
0.023622 0.535433 -0.0326576
0.0314961 0.535433 -0.0434191
0.0393701 0.535433 -0.0540743
0.0472441 0.535433 -0.0645971
0.0551181 0.535433 -0.0749619
0.0629921 0.535433 -0.0851433
0.0708661 0.535433 -0.0951163
0.0787402 0.535433 -0.104856
0.0866142 0.535433 -0.11434
0.0944882 0.535433 -0.123544
0.102362 0.535433 -0.132445
0.110236 0.535433 -0.141023
0.11811 0.535433 -0.149255
0.125984 0.535433 -0.157122
0.133858 0.535433 -0.164605
0.141732 0.535433 -0.171684
0.149606 0.535433 -0.178344
0.15748 0.535433 -0.184567
0.165354 0.535433 -0.190338
0.173228 0.535433 -0.195644
0.181102 0.535433 -0.200471
0.188976 0.535433 -0.204807
0.19685 0.535433 -0.208642
0.204724 0.535433 -0.211967
0.212598 0.535433 -0.214772
0.220472 0.535433 -0.217053
0.228346 0.535433 -0.218802
0.23622 0.535433 -0.220015
0.244094 0.535433 -0.22069
0.251969 0.535433 -0.220826
0.259843 0.535433 -0.22042
0.267717 0.535433 -0.219476
0.275591 0.535433 -0.217994
0.283465 0.535433 -0.215978
0.291339 0.535433 -0.213435
0.299213 0.535433 -0.210369
0.307087 0.535433 -0.206788
0.314961 0.535433 -0.202701
0.322835 0.535433 -0.198118
0.330709 0.535433 -0.19305
0.338583 0.535433 -0.18751
0.346457 0.535433 -0.18151
0.354331 0.535433 -0.175067
0.362205 0.535433 -0.168195
0.370079 0.535433 -0.160912
0.377953 0.535433 -0.153235
0.385827 0.535433 -0.145183
0.393701 0.535433 -0.136775
0.401575 0.535433 -0.128033
0.409449 0.535433 -0.118978
0.417323 0.535433 -0.109631
0.425197 0.535433 -0.100016
0.433071 0.535433 -0.0901567
0.440945 0.535433 -0.0800765
0.448819 0.535433 -0.0698002
0.456693 0.535433 -0.0593532
0.464567 0.535433 -0.0487609
0.472441 0.535433 -0.0380492
0.480315 0.535433 -0.0272445
0.488189 0.535433 -0.0163731
0.496063 0.535433 -0.00546161
0.503937 0.535433 0.00546324
0.511811 0.535433 0.0163747
0.519685 0.535433 0.0272461
0.527559 0.535433 0.0380509
0.535433 0.535433 0.0487625
0.543307 0.535433 0.0593548
0.551181 0.535433 0.0698018
0.559055 0.535433 0.0800781
0.566929 0.535433 0.0901583
0.574803 0.535433 0.100018
0.582677 0.535433 0.109633
0.590551 0.535433 0.118979
0.598425 0.535433 0.128035
0.606299 0.535433 0.136777
0.614173 0.535433 0.145184
0.622047 0.535433 0.153236
0.629921 0.535433 0.160914
0.637795 0.535433 0.168197
0.645669 0.535433 0.175069
0.653543 0.535433 0.181512
0.661417 0.535433 0.187511
0.669291 0.535433 0.193051
0.677165 0.535433 0.198119
0.685039 0.535433 0.202702
0.692913 0.535433 0.206789
0.700787 0.535433 0.21037
0.708661 0.535433 0.213436
0.716535 0.535433 0.21598
0.724409 0.535433 0.217995
0.732283 0.535433 0.219477
0.740157 0.535433 0.220421
0.748031 0.535433 0.220827
0.755906 0.535433 0.220692
0.76378 0.535433 0.220016
0.771654 0.535433 0.218803
0.779528 0.535433 0.217054
0.787402 0.535433 0.214773
0.795276 0.535433 0.211968
0.80315 0.535433 0.208643
0.811024 0.535433 0.204808
0.818898 0.535433 0.200472
0.826772 0.535433 0.195645
0.834646 0.535433 0.190339
0.84252 0.535433 0.184568
0.850394 0.535433 0.178344
0.858268 0.535433 0.171685
0.866142 0.535433 0.164605
0.874016 0.535433 0.157123
0.88189 0.535433 0.149256
0.889764 0.535433 0.141023
0.897638 0.535433 0.132446
0.905512 0.535433 0.123544
0.913386 0.535433 0.114341
0.92126 0.535433 0.104857
0.929134 0.535433 0.0951166
0.937008 0.535433 0.0851436
0.944882 0.535433 0.0749622
0.952756 0.535433 0.0645974
0.96063 0.535433 0.0540745
0.968504 0.535433 0.0434192
0.976378 0.535433 0.0326577
0.984252 0.535433 0.0218163
0.992126 0.535433 0.0109215
1 0.535433 0
0 0.543307 0
0.00787402 0.543307 -0.0132939
0.015748 0.543307 -0.0265553
0.023622 0.543307 -0.0397517
0.0314961 0.543307 -0.0528508
0.0393701 0.543307 -0.0658206
0.0472441 0.543307 -0.0786293
0.0551181 0.543307 -0.0912456
0.0629921 0.543307 -0.103639
0.0708661 0.543307 -0.115778
0.0787402 0.543307 -0.127634
0.0866142 0.543307 -0.139178
0.0944882 0.543307 -0.150381
0.102362 0.543307 -0.161216
0.110236 0.543307 -0.171657
0.11811 0.543307 -0.181677
0.125984 0.543307 -0.191253
0.133858 0.543307 -0.200361
0.141732 0.543307 -0.208978
0.149606 0.543307 -0.217085
0.15748 0.543307 -0.22466
0.165354 0.543307 -0.231685
0.173228 0.543307 -0.238143
0.181102 0.543307 -0.244018
0.188976 0.543307 -0.249297
0.19685 0.543307 -0.253965
0.204724 0.543307 -0.258011
0.212598 0.543307 -0.261427
0.220472 0.543307 -0.264202
0.228346 0.543307 -0.266331
0.23622 0.543307 -0.267808
0.244094 0.543307 -0.26863
0.251969 0.543307 -0.268795
0.259843 0.543307 -0.268301
0.267717 0.543307 -0.267151
0.275591 0.543307 -0.265348
0.283465 0.543307 -0.262895
0.291339 0.543307 -0.259798
0.299213 0.543307 -0.256066
0.307087 0.543307 -0.251707
0.314961 0.543307 -0.246733
0.322835 0.543307 -0.241154
0.330709 0.543307 -0.234985
0.338583 0.543307 -0.228242
0.346457 0.543307 -0.220939
0.354331 0.543307 -0.213096
0.362205 0.543307 -0.204732
0.370079 0.543307 -0.195866
0.377953 0.543307 -0.186522
0.385827 0.543307 -0.17672
0.393701 0.543307 -0.166487
0.401575 0.543307 -0.155846
0.409449 0.543307 -0.144823
0.417323 0.543307 -0.133446
0.425197 0.543307 -0.121743
0.433071 0.543307 -0.109741
0.440945 0.543307 -0.0974713
0.448819 0.543307 -0.0849628
0.456693 0.543307 -0.0722464
0.464567 0.543307 -0.0593532
0.472441 0.543307 -0.0463147
0.480315 0.543307 -0.0331629
0.488189 0.543307 -0.0199299
0.496063 0.543307 -0.00664819
0.503937 0.543307 0.00664982
0.511811 0.543307 0.0199316
0.519685 0.543307 0.0331645
0.527559 0.543307 0.0463163
0.535433 0.543307 0.0593548
0.543307 0.543307 0.072248
0.551181 0.543307 0.0849644
0.559055 0.543307 0.0974729
0.566929 0.543307 0.109743
0.574803 0.543307 0.121744
0.582677 0.543307 0.133448
0.590551 0.543307 0.144825
0.598425 0.543307 0.155847
0.606299 0.543307 0.166488
0.614173 0.543307 0.176722
0.622047 0.543307 0.186523
0.629921 0.543307 0.195868
0.637795 0.543307 0.204733
0.645669 0.543307 0.213098
0.653543 0.543307 0.220941
0.661417 0.543307 0.228243
0.669291 0.543307 0.234987
0.677165 0.543307 0.241155
0.685039 0.543307 0.246734
0.692913 0.543307 0.251709
0.700787 0.543307 0.256068
0.708661 0.543307 0.2598
0.716535 0.543307 0.262896
0.724409 0.543307 0.265349
0.732283 0.543307 0.267153
0.740157 0.543307 0.268303
0.748031 0.543307 0.268796
0.755906 0.543307 0.268631
0.76378 0.543307 0.267809
0.771654 0.543307 0.266332
0.779528 0.543307 0.264203
0.787402 0.543307 0.261428
0.795276 0.543307 0.258012
0.80315 0.543307 0.253966
0.811024 0.543307 0.249297
0.818898 0.543307 0.244019
0.826772 0.543307 0.238144
0.834646 0.543307 0.231686
0.84252 0.543307 0.22466
0.850394 0.543307 0.217085
0.858268 0.543307 0.208979
0.866142 0.543307 0.200362
0.874016 0.543307 0.191254
0.88189 0.543307 0.181678
0.889764 0.543307 0.171657
0.897638 0.543307 0.161217
0.905512 0.543307 0.150381
0.913386 0.543307 0.139178
0.92126 0.543307 0.127634
0.929134 0.543307 0.115778
0.937008 0.543307 0.103639
0.944882 0.543307 0.0912459
0.952756 0.543307 0.0786296
0.96063 0.543307 0.0658208
0.968504 0.543307 0.052851
0.976378 0.543307 0.0397518
0.984252 0.543307 0.0265554
0.992126 0.543307 0.013294
1 0.543307 0
0 0.551181 0
0.00787402 0.551181 -0.0156338
0.015748 0.551181 -0.0312294
0.023622 0.551181 -0.0467485
0.0314961 0.551181 -0.0621533
0.0393701 0.551181 -0.0774059
0.0472441 0.551181 -0.0924691
0.0551181 0.551181 -0.107306
0.0629921 0.551181 -0.12188
0.0708661 0.551181 -0.136156
0.0787402 0.551181 -0.150099
0.0866142 0.551181 -0.163675
0.0944882 0.551181 -0.17685
0.102362 0.551181 -0.189592
0.110236 0.551181 -0.20187
0.11811 0.551181 -0.213655
0.125984 0.551181 -0.224916
0.133858 0.551181 -0.235627
0.141732 0.551181 -0.245761
0.149606 0.551181 -0.255294
0.15748 0.551181 -0.264203
0.165354 0.551181 -0.272464
0.173228 0.551181 -0.280059
0.181102 0.551181 -0.286969
0.188976 0.551181 -0.293176
0.19685 0.551181 -0.298666
0.204724 0.551181 -0.303425
0.212598 0.551181 -0.307441
0.220472 0.551181 -0.310705
0.228346 0.551181 -0.313209
0.23622 0.551181 -0.314946
0.244094 0.551181 -0.315913
0.251969 0.551181 -0.316106
0.259843 0.551181 -0.315526
0.267717 0.551181 -0.314174
0.275591 0.551181 -0.312052
0.283465 0.551181 -0.309168
0.291339 0.551181 -0.305526
0.299213 0.551181 -0.301137
0.307087 0.551181 -0.296011
0.314961 0.551181 -0.290161
0.322835 0.551181 -0.2836
0.330709 0.551181 -0.276346
0.338583 0.551181 -0.268415
0.346457 0.551181 -0.259828
0.354331 0.551181 -0.250604
0.362205 0.551181 -0.240767
0.370079 0.551181 -0.230342
0.377953 0.551181 -0.219352
0.385827 0.551181 -0.207826
0.393701 0.551181 -0.195791
0.401575 0.551181 -0.183277
0.409449 0.551181 -0.170314
0.417323 0.551181 -0.156935
0.425197 0.551181 -0.143171
0.433071 0.551181 -0.129057
0.440945 0.551181 -0.114628
0.448819 0.551181 -0.0999175
0.456693 0.551181 -0.0849628
0.464567 0.551181 -0.0698002
0.472441 0.551181 -0.0544668
0.480315 0.551181 -0.0390001
0.488189 0.551181 -0.023438
0.496063 0.551181 -0.0078185
0.503937 0.551181 0.00782012
0.511811 0.551181 0.0234396
0.519685 0.551181 0.0390017
0.527559 0.551181 0.0544684
0.535433 0.551181 0.0698018
0.543307 0.551181 0.0849644
0.551181 0.551181 0.0999191
0.559055 0.551181 0.114629
0.566929 0.551181 0.129059
0.574803 0.551181 0.143173
0.582677 0.551181 0.156936
0.590551 0.551181 0.170315
0.598425 0.551181 0.183278
0.606299 0.551181 0.195792
0.614173 0.551181 0.207827
0.622047 0.551181 0.219353
0.629921 0.551181 0.230343
0.637795 0.551181 0.240769
0.645669 0.551181 0.250606
0.653543 0.551181 0.259829
0.661417 0.551181 0.268417
0.669291 0.551181 0.276347
0.677165 0.551181 0.283602
0.685039 0.551181 0.290162
0.692913 0.551181 0.296013
0.700787 0.551181 0.301139
0.708661 0.551181 0.305528
0.716535 0.551181 0.309169
0.724409 0.551181 0.312054
0.732283 0.551181 0.314175
0.740157 0.551181 0.315527
0.748031 0.551181 0.316107
0.755906 0.551181 0.315914
0.76378 0.551181 0.314947
0.771654 0.551181 0.31321
0.779528 0.551181 0.310706
0.787402 0.551181 0.307442
0.795276 0.551181 0.303426
0.80315 0.551181 0.298667
0.811024 0.551181 0.293177
0.818898 0.551181 0.28697
0.826772 0.551181 0.28006
0.834646 0.551181 0.272465
0.84252 0.551181 0.264203
0.850394 0.551181 0.255295
0.858268 0.551181 0.245762
0.866142 0.551181 0.235628
0.874016 0.551181 0.224917
0.88189 0.551181 0.213655
0.889764 0.551181 0.201871
0.897638 0.551181 0.189593
0.905512 0.551181 0.17685
0.913386 0.551181 0.163675
0.92126 0.551181 0.1501
0.929134 0.551181 0.136157
0.937008 0.551181 0.121881
0.944882 0.551181 0.107306
0.952756 0.551181 0.0924694
0.96063 0.551181 0.0774061
0.968504 0.551181 0.0621534
0.976378 0.551181 0.0467486
0.984252 0.551181 0.0312295
0.992126 0.551181 0.0156339
1 0.551181 0
0 0.559055 0
0.00787402 0.559055 -0.0179355
0.015748 0.559055 -0.035827
0.023622 0.559055 -0.0536309
0.0314961 0.559055 -0.0713036
0.0393701 0.559055 -0.0888018
0.0472441 0.559055 -0.106083
0.0551181 0.559055 -0.123104
0.0629921 0.559055 -0.139824
0.0708661 0.559055 -0.156202
0.0787402 0.559055 -0.172197
0.0866142 0.559055 -0.187771
0.0944882 0.559055 -0.202886
0.102362 0.559055 -0.217504
0.110236 0.559055 -0.23159
0.11811 0.559055 -0.245109
0.125984 0.559055 -0.258029
0.133858 0.559055 -0.270317
0.141732 0.559055 -0.281943
0.149606 0.559055 -0.292879
0.15748 0.559055 -0.303099
0.165354 0.559055 -0.312577
0.173228 0.559055 -0.32129
0.181102 0.559055 -0.329217
0.188976 0.559055 -0.336338
0.19685 0.559055 -0.342636
0.204724 0.559055 -0.348096
0.212598 0.559055 -0.352703
0.220472 0.559055 -0.356448
0.228346 0.559055 -0.35932
0.23622 0.559055 -0.361313
0.244094 0.559055 -0.362422
0.251969 0.559055 -0.362644
0.259843 0.559055 -0.361978
0.267717 0.559055 -0.360427
0.275591 0.559055 -0.357993
0.283465 0.559055 -0.354684
0.291339 0.559055 -0.350506
0.299213 0.559055 -0.345471
0.307087 0.559055 -0.339591
0.314961 0.559055 -0.332879
0.322835 0.559055 -0.325353
0.330709 0.559055 -0.31703
0.338583 0.559055 -0.307932
0.346457 0.559055 -0.29808
0.354331 0.559055 -0.287499
0.362205 0.559055 -0.276214
0.370079 0.559055 -0.264253
0.377953 0.559055 -0.251645
0.385827 0.559055 -0.238422
0.393701 0.559055 -0.224615
0.401575 0.559055 -0.210259
0.409449 0.559055 -0.195388
0.417323 0.559055 -0.180039
0.425197 0.559055 -0.164249
0.433071 0.559055 -0.148057
0.440945 0.559055 -0.131503
0.448819 0.559055 -0.114628
0.456693 0.559055 -0.0974713
0.464567 0.559055 -0.0800765
0.472441 0.559055 -0.0624856
0.480315 0.559055 -0.0447419
0.488189 0.559055 -0.0268887
0.496063 0.559055 -0.00896968
0.503937 0.559055 0.00897129
0.511811 0.559055 0.0268903
0.519685 0.559055 0.0447435
0.527559 0.559055 0.0624873
0.535433 0.559055 0.0800781
0.543307 0.559055 0.0974729
0.551181 0.559055 0.114629
0.559055 0.559055 0.131505
0.566929 0.559055 0.148059
0.574803 0.559055 0.164251
0.582677 0.559055 0.18004
0.590551 0.559055 0.19539
0.598425 0.559055 0.21026
0.606299 0.559055 0.224617
0.614173 0.559055 0.238424
0.622047 0.559055 0.251647
0.629921 0.559055 0.264254
0.637795 0.559055 0.276215
0.645669 0.559055 0.2875
0.653543 0.559055 0.298081
0.661417 0.559055 0.307933
0.669291 0.559055 0.317032
0.677165 0.559055 0.325354
0.685039 0.559055 0.33288
0.692913 0.559055 0.339592
0.700787 0.559055 0.345473
0.708661 0.559055 0.350508
0.716535 0.559055 0.354685
0.724409 0.559055 0.357995
0.732283 0.559055 0.360428
0.740157 0.559055 0.361979
0.748031 0.559055 0.362645
0.755906 0.559055 0.362423
0.76378 0.559055 0.361314
0.771654 0.559055 0.359321
0.779528 0.559055 0.356449
0.787402 0.559055 0.352704
0.795276 0.559055 0.348096
0.80315 0.559055 0.342637
0.811024 0.559055 0.336339
0.818898 0.559055 0.329218
0.826772 0.559055 0.321291
0.834646 0.559055 0.312578
0.84252 0.559055 0.3031
0.850394 0.559055 0.29288
0.858268 0.559055 0.281944
0.866142 0.559055 0.270317
0.874016 0.559055 0.258029
0.88189 0.559055 0.24511
0.889764 0.559055 0.231591
0.897638 0.559055 0.217505
0.905512 0.559055 0.202887
0.913386 0.559055 0.187772
0.92126 0.559055 0.172198
0.929134 0.559055 0.156202
0.937008 0.559055 0.139824
0.944882 0.559055 0.123104
0.952756 0.559055 0.106083
0.96063 0.559055 0.088802
0.968504 0.559055 0.0713038
0.976378 0.559055 0.0536311
0.984252 0.559055 0.0358271
0.992126 0.559055 0.0179355
1 0.559055 0
0 0.566929 0
0.00787402 0.566929 -0.0201932
0.015748 0.566929 -0.040337
0.023622 0.566929 -0.0603821
0.0314961 0.566929 -0.0802794
0.0393701 0.566929 -0.0999803
0.0472441 0.566929 -0.119436
0.0551181 0.566929 -0.1386
0.0629921 0.566929 -0.157425
0.0708661 0.566929 -0.175865
0.0787402 0.566929 -0.193874
0.0866142 0.566929 -0.211408
0.0944882 0.566929 -0.228426
0.102362 0.566929 -0.244884
0.110236 0.566929 -0.260743
0.11811 0.566929 -0.275964
0.125984 0.566929 -0.29051
0.133858 0.566929 -0.304344
0.141732 0.566929 -0.317434
0.149606 0.566929 -0.329748
0.15748 0.566929 -0.341254
0.165354 0.566929 -0.351925
0.173228 0.566929 -0.361735
0.181102 0.566929 -0.370659
0.188976 0.566929 -0.378677
0.19685 0.566929 -0.385768
0.204724 0.566929 -0.391914
0.212598 0.566929 -0.397102
0.220472 0.566929 -0.401318
0.228346 0.566929 -0.404552
0.23622 0.566929 -0.406796
0.244094 0.566929 -0.408044
0.251969 0.566929 -0.408294
0.259843 0.566929 -0.407545
0.267717 0.566929 -0.405798
0.275591 0.566929 -0.403058
0.283465 0.566929 -0.399332
0.291339 0.566929 -0.394629
0.299213 0.566929 -0.38896
0.307087 0.566929 -0.382339
0.314961 0.566929 -0.374782
0.322835 0.566929 -0.366309
0.330709 0.566929 -0.356939
0.338583 0.566929 -0.346695
0.346457 0.566929 -0.335603
0.354331 0.566929 -0.32369
0.362205 0.566929 -0.310984
0.370079 0.566929 -0.297518
0.377953 0.566929 -0.283323
0.385827 0.566929 -0.268435
0.393701 0.566929 -0.25289
0.401575 0.566929 -0.236727
0.409449 0.566929 -0.219984
0.417323 0.566929 -0.202703
0.425197 0.566929 -0.184925
0.433071 0.566929 -0.166695
0.440945 0.566929 -0.148057
0.448819 0.566929 -0.129057
0.456693 0.566929 -0.109741
0.464567 0.566929 -0.0901567
0.472441 0.566929 -0.0703516
0.480315 0.566929 -0.0503742
0.488189 0.566929 -0.0302736
0.496063 0.566929 -0.0100989
0.503937 0.566929 0.0101005
0.511811 0.566929 0.0302752
0.519685 0.566929 0.0503758
0.527559 0.566929 0.0703532
0.535433 0.566929 0.0901583
0.543307 0.566929 0.109743
0.551181 0.566929 0.129059
0.559055 0.566929 0.148059
0.566929 0.566929 0.166697
0.574803 0.566929 0.184927
0.582677 0.566929 0.202704
0.590551 0.566929 0.219985
0.598425 0.566929 0.236728
0.606299 0.566929 0.252892
0.614173 0.566929 0.268437
0.622047 0.566929 0.283325
0.629921 0.566929 0.297519
0.637795 0.566929 0.310986
0.645669 0.566929 0.323691
0.653543 0.566929 0.335604
0.661417 0.566929 0.346696
0.669291 0.566929 0.35694
0.677165 0.566929 0.36631
0.685039 0.566929 0.374784
0.692913 0.566929 0.38234
0.700787 0.566929 0.388961
0.708661 0.566929 0.39463
0.716535 0.566929 0.399334
0.724409 0.566929 0.40306
0.732283 0.566929 0.405799
0.740157 0.566929 0.407546
0.748031 0.566929 0.408295
0.755906 0.566929 0.408045
0.76378 0.566929 0.406797
0.771654 0.566929 0.404553
0.779528 0.566929 0.401319
0.787402 0.566929 0.397103
0.795276 0.566929 0.391915
0.80315 0.566929 0.385769
0.811024 0.566929 0.378678
0.818898 0.566929 0.37066
0.826772 0.566929 0.361735
0.834646 0.566929 0.351926
0.84252 0.566929 0.341254
0.850394 0.566929 0.329748
0.858268 0.566929 0.317435
0.866142 0.566929 0.304345
0.874016 0.566929 0.29051
0.88189 0.566929 0.275965
0.889764 0.566929 0.260744
0.897638 0.566929 0.244885
0.905512 0.566929 0.228426
0.913386 0.566929 0.211409
0.92126 0.566929 0.193874
0.929134 0.566929 0.175865
0.937008 0.566929 0.157425
0.944882 0.566929 0.138601
0.952756 0.566929 0.119437
0.96063 0.566929 0.0999805
0.968504 0.566929 0.0802796
0.976378 0.566929 0.0603822
0.984252 0.566929 0.0403371
0.992126 0.566929 0.0201933
1 0.566929 0
0 0.574803 0
0.00787402 0.574803 -0.0224016
0.015748 0.574803 -0.0447483
0.023622 0.574803 -0.0669855
0.0314961 0.574803 -0.0890588
0.0393701 0.574803 -0.110914
0.0472441 0.574803 -0.132498
0.0551181 0.574803 -0.153758
0.0629921 0.574803 -0.174641
0.0708661 0.574803 -0.195097
0.0787402 0.574803 -0.215076
0.0866142 0.574803 -0.234528
0.0944882 0.574803 -0.253406
0.102362 0.574803 -0.271665
0.110236 0.574803 -0.289258
0.11811 0.574803 -0.306144
0.125984 0.574803 -0.32228
0.133858 0.574803 -0.337628
0.141732 0.574803 -0.352149
0.149606 0.574803 -0.365809
0.15748 0.574803 -0.378573
0.165354 0.574803 -0.390411
0.173228 0.574803 -0.401294
0.181102 0.574803 -0.411195
0.188976 0.574803 -0.420089
0.19685 0.574803 -0.427955
0.204724 0.574803 -0.434774
0.212598 0.574803 -0.440529
0.220472 0.574803 -0.445206
0.228346 0.574803 -0.448794
0.23622 0.574803 -0.451283
0.244094 0.574803 -0.452668
0.251969 0.574803 -0.452945
0.259843 0.574803 -0.452114
0.267717 0.574803 -0.450176
0.275591 0.574803 -0.447137
0.283465 0.574803 -0.443003
0.291339 0.574803 -0.437786
0.299213 0.574803 -0.431497
0.307087 0.574803 -0.424152
0.314961 0.574803 -0.415769
0.322835 0.574803 -0.406368
0.330709 0.574803 -0.395974
0.338583 0.574803 -0.38461
0.346457 0.574803 -0.372305
0.354331 0.574803 -0.359088
0.362205 0.574803 -0.344994
0.370079 0.574803 -0.330054
0.377953 0.574803 -0.314308
0.385827 0.574803 -0.297791
0.393701 0.574803 -0.280547
0.401575 0.574803 -0.262615
0.409449 0.574803 -0.244041
0.417323 0.574803 -0.22487
0.425197 0.574803 -0.205149
0.433071 0.574803 -0.184925
0.440945 0.574803 -0.164249
0.448819 0.574803 -0.143171
0.456693 0.574803 -0.121743
0.464567 0.574803 -0.100016
0.472441 0.574803 -0.0780453
0.480315 0.574803 -0.0558832
0.488189 0.574803 -0.0335844
0.496063 0.574803 -0.0112034
0.503937 0.574803 0.011205
0.511811 0.574803 0.033586
0.519685 0.574803 0.0558848
0.527559 0.574803 0.0780469
0.535433 0.574803 0.100018
0.543307 0.574803 0.121744
0.551181 0.574803 0.143173
0.559055 0.574803 0.164251
0.566929 0.574803 0.184927
0.574803 0.574803 0.20515
0.582677 0.574803 0.224872
0.590551 0.574803 0.244043
0.598425 0.574803 0.262617
0.606299 0.574803 0.280548
0.614173 0.574803 0.297793
0.622047 0.574803 0.314309
0.629921 0.574803 0.330056
0.637795 0.574803 0.344995
0.645669 0.574803 0.35909
0.653543 0.574803 0.372306
0.661417 0.574803 0.384611
0.669291 0.574803 0.395975
0.677165 0.574803 0.40637
0.685039 0.574803 0.41577
0.692913 0.574803 0.424153
0.700787 0.574803 0.431498
0.708661 0.574803 0.437787
0.716535 0.574803 0.443005
0.724409 0.574803 0.447138
0.732283 0.574803 0.450177
0.740157 0.574803 0.452115
0.748031 0.574803 0.452946
0.755906 0.574803 0.452669
0.76378 0.574803 0.451284
0.771654 0.574803 0.448795
0.779528 0.574803 0.445207
0.787402 0.574803 0.44053
0.795276 0.574803 0.434775
0.80315 0.574803 0.427956
0.811024 0.574803 0.42009
0.818898 0.574803 0.411195
0.826772 0.574803 0.401295
0.834646 0.574803 0.390412
0.84252 0.574803 0.378574
0.850394 0.574803 0.36581
0.858268 0.574803 0.35215
0.866142 0.574803 0.337628
0.874016 0.574803 0.322281
0.88189 0.574803 0.306144
0.889764 0.574803 0.289259
0.897638 0.574803 0.271665
0.905512 0.574803 0.253407
0.913386 0.574803 0.234529
0.92126 0.574803 0.215076
0.929134 0.574803 0.195098
0.937008 0.574803 0.174642
0.944882 0.574803 0.153758
0.952756 0.574803 0.132498
0.96063 0.574803 0.110914
0.968504 0.574803 0.089059
0.976378 0.574803 0.0669856
0.984252 0.574803 0.0447484
0.992126 0.574803 0.0224016
1 0.574803 0
0 0.582677 0
0.00787402 0.582677 -0.0245551
0.015748 0.582677 -0.04905
0.023622 0.582677 -0.073425
0.0314961 0.582677 -0.0976202
0.0393701 0.582677 -0.121577
0.0472441 0.582677 -0.145235
0.0551181 0.582677 -0.168539
0.0629921 0.582677 -0.19143
0.0708661 0.582677 -0.213852
0.0787402 0.582677 -0.235752
0.0866142 0.582677 -0.257074
0.0944882 0.582677 -0.277767
0.102362 0.582677 -0.29778
0.110236 0.582677 -0.317065
0.11811 0.582677 -0.335574
0.125984 0.582677 -0.353262
0.133858 0.582677 -0.370085
0.141732 0.582677 -0.386002
0.149606 0.582677 -0.400975
0.15748 0.582677 -0.414966
0.165354 0.582677 -0.427943
0.173228 0.582677 -0.439871
0.181102 0.582677 -0.450724
0.188976 0.582677 -0.460473
0.19685 0.582677 -0.469096
0.204724 0.582677 -0.47657
0.212598 0.582677 -0.482879
0.220472 0.582677 -0.488005
0.228346 0.582677 -0.491938
0.23622 0.582677 -0.494666
0.244094 0.582677 -0.496184
0.251969 0.582677 -0.496488
0.259843 0.582677 -0.495577
0.267717 0.582677 -0.493453
0.275591 0.582677 -0.490121
0.283465 0.582677 -0.48559
0.291339 0.582677 -0.479871
0.299213 0.582677 -0.472978
0.307087 0.582677 -0.464926
0.314961 0.582677 -0.455738
0.322835 0.582677 -0.445434
0.330709 0.582677 -0.434039
0.338583 0.582677 -0.421583
0.346457 0.582677 -0.408095
0.354331 0.582677 -0.393609
0.362205 0.582677 -0.378159
0.370079 0.582677 -0.361783
0.377953 0.582677 -0.344523
0.385827 0.582677 -0.326419
0.393701 0.582677 -0.307516
0.401575 0.582677 -0.287861
0.409449 0.582677 -0.267502
0.417323 0.582677 -0.246488
0.425197 0.582677 -0.22487
0.433071 0.582677 -0.202703
0.440945 0.582677 -0.180039
0.448819 0.582677 -0.156935
0.456693 0.582677 -0.133446
0.464567 0.582677 -0.109631
0.472441 0.582677 -0.0855481
0.480315 0.582677 -0.0612555
0.488189 0.582677 -0.0368131
0.496063 0.582677 -0.0122805
0.503937 0.582677 0.0122821
0.511811 0.582677 0.0368146
0.519685 0.582677 0.0612571
0.527559 0.582677 0.0855496
0.535433 0.582677 0.109633
0.543307 0.582677 0.133448
0.551181 0.582677 0.156936
0.559055 0.582677 0.18004
0.566929 0.582677 0.202704
0.574803 0.582677 0.224872
0.582677 0.582677 0.246489
0.590551 0.582677 0.267503
0.598425 0.582677 0.287863
0.606299 0.582677 0.307518
0.614173 0.582677 0.32642
0.622047 0.582677 0.344524
0.629921 0.582677 0.361785
0.637795 0.582677 0.37816
0.645669 0.582677 0.39361
0.653543 0.582677 0.408097
0.661417 0.582677 0.421585
0.669291 0.582677 0.434041
0.677165 0.582677 0.445435
0.685039 0.582677 0.455739
0.692913 0.582677 0.464928
0.700787 0.582677 0.472979
0.708661 0.582677 0.479872
0.716535 0.582677 0.485592
0.724409 0.582677 0.490123
0.732283 0.582677 0.493454
0.740157 0.582677 0.495578
0.748031 0.582677 0.496489
0.755906 0.582677 0.496185
0.76378 0.582677 0.494667
0.771654 0.582677 0.491939
0.779528 0.582677 0.488006
0.787402 0.582677 0.48288
0.795276 0.582677 0.476571
0.80315 0.582677 0.469097
0.811024 0.582677 0.460474
0.818898 0.582677 0.450725
0.826772 0.582677 0.439872
0.834646 0.582677 0.427943
0.84252 0.582677 0.414967
0.850394 0.582677 0.400976
0.858268 0.582677 0.386003
0.866142 0.582677 0.370085
0.874016 0.582677 0.353262
0.88189 0.582677 0.335575
0.889764 0.582677 0.317066
0.897638 0.582677 0.297781
0.905512 0.582677 0.277767
0.913386 0.582677 0.257074
0.92126 0.582677 0.235752
0.929134 0.582677 0.213853
0.937008 0.582677 0.19143
0.944882 0.582677 0.168539
0.952756 0.582677 0.145236
0.96063 0.582677 0.121577
0.968504 0.582677 0.0976204
0.976378 0.582677 0.0734251
0.984252 0.582677 0.0490501
0.992126 0.582677 0.0245551
1 0.582677 0
0 0.590551 0
0.00787402 0.590551 -0.0266485
0.015748 0.590551 -0.0532318
0.023622 0.590551 -0.0796848
0.0314961 0.590551 -0.105943
0.0393701 0.590551 -0.131942
0.0472441 0.590551 -0.157617
0.0551181 0.590551 -0.182908
0.0629921 0.590551 -0.20775
0.0708661 0.590551 -0.232084
0.0787402 0.590551 -0.25585
0.0866142 0.590551 -0.278991
0.0944882 0.590551 -0.301448
0.102362 0.590551 -0.323168
0.110236 0.590551 -0.344096
0.11811 0.590551 -0.364183
0.125984 0.590551 -0.383379
0.133858 0.590551 -0.401636
0.141732 0.590551 -0.41891
0.149606 0.590551 -0.43516
0.15748 0.590551 -0.450344
0.165354 0.590551 -0.464426
0.173228 0.590551 -0.477372
0.181102 0.590551 -0.48915
0.188976 0.590551 -0.49973
0.19685 0.590551 -0.509088
0.204724 0.590551 -0.5172
0.212598 0.590551 -0.524046
0.220472 0.590551 -0.52961
0.228346 0.590551 -0.533877
0.23622 0.590551 -0.536839
0.244094 0.590551 -0.538486
0.251969 0.590551 -0.538816
0.259843 0.590551 -0.537827
0.267717 0.590551 -0.535522
0.275591 0.590551 -0.531906
0.283465 0.590551 -0.526989
0.291339 0.590551 -0.520782
0.299213 0.590551 -0.513301
0.307087 0.590551 -0.504563
0.314961 0.590551 -0.494591
0.322835 0.590551 -0.483409
0.330709 0.590551 -0.471043
0.338583 0.590551 -0.457525
0.346457 0.590551 -0.442887
0.354331 0.590551 -0.427165
0.362205 0.590551 -0.410398
0.370079 0.590551 -0.392627
0.377953 0.590551 -0.373895
0.385827 0.590551 -0.354248
0.393701 0.590551 -0.333734
0.401575 0.590551 -0.312403
0.409449 0.590551 -0.290307
0.417323 0.590551 -0.267502
0.425197 0.590551 -0.244041
0.433071 0.590551 -0.219984
0.440945 0.590551 -0.195388
0.448819 0.590551 -0.170314
0.456693 0.590551 -0.144823
0.464567 0.590551 -0.118978
0.472441 0.590551 -0.0928415
0.480315 0.590551 -0.0664779
0.488189 0.590551 -0.0399516
0.496063 0.590551 -0.0133275
0.503937 0.590551 0.0133291
0.511811 0.590551 0.0399532
0.519685 0.590551 0.0664794
0.527559 0.590551 0.092843
0.535433 0.590551 0.118979
0.543307 0.590551 0.144825
0.551181 0.590551 0.170315
0.559055 0.590551 0.19539
0.566929 0.590551 0.219985
0.574803 0.590551 0.244043
0.582677 0.590551 0.267503
0.590551 0.590551 0.290309
0.598425 0.590551 0.312404
0.606299 0.590551 0.333735
0.614173 0.590551 0.354249
0.622047 0.590551 0.373896
0.629921 0.590551 0.392628
0.637795 0.590551 0.4104
0.645669 0.590551 0.427167
0.653543 0.590551 0.442888
0.661417 0.590551 0.457526
0.669291 0.590551 0.471045
0.677165 0.590551 0.48341
0.685039 0.590551 0.494593
0.692913 0.590551 0.504565
0.700787 0.590551 0.513302
0.708661 0.590551 0.520783
0.716535 0.590551 0.52699
0.724409 0.590551 0.531907
0.732283 0.590551 0.535523
0.740157 0.590551 0.537828
0.748031 0.590551 0.538817
0.755906 0.590551 0.538487
0.76378 0.590551 0.53684
0.771654 0.590551 0.533878
0.779528 0.590551 0.529611
0.787402 0.590551 0.524047
0.795276 0.590551 0.517201
0.80315 0.590551 0.509089
0.811024 0.590551 0.499731
0.818898 0.590551 0.489151
0.826772 0.590551 0.477373
0.834646 0.590551 0.464427
0.84252 0.590551 0.450345
0.850394 0.590551 0.43516
0.858268 0.590551 0.418911
0.866142 0.590551 0.401637
0.874016 0.590551 0.383379
0.88189 0.590551 0.364184
0.889764 0.590551 0.344097
0.897638 0.590551 0.323168
0.905512 0.590551 0.301448
0.913386 0.590551 0.278991
0.92126 0.590551 0.255851
0.929134 0.590551 0.232085
0.937008 0.590551 0.20775
0.944882 0.590551 0.182908
0.952756 0.590551 0.157618
0.96063 0.590551 0.131942
0.968504 0.590551 0.105943
0.976378 0.590551 0.0796849
0.984252 0.590551 0.0532318
0.992126 0.590551 0.0266485
1 0.590551 0
0 0.598425 0
0.00787402 0.598425 -0.0286767
0.015748 0.598425 -0.0572832
0.023622 0.598425 -0.0857496
0.0314961 0.598425 -0.114006
0.0393701 0.598425 -0.141984
0.0472441 0.598425 -0.169614
0.0551181 0.598425 -0.196829
0.0629921 0.598425 -0.223562
0.0708661 0.598425 -0.249748
0.0787402 0.598425 -0.275323
0.0866142 0.598425 -0.300224
0.0944882 0.598425 -0.324391
0.102362 0.598425 -0.347764
0.110236 0.598425 -0.370285
0.11811 0.598425 -0.391901
0.125984 0.598425 -0.412557
0.133858 0.598425 -0.432204
0.141732 0.598425 -0.450794
0.149606 0.598425 -0.46828
0.15748 0.598425 -0.48462
0.165354 0.598425 -0.499774
0.173228 0.598425 -0.513705
0.181102 0.598425 -0.526379
0.188976 0.598425 -0.537765
0.19685 0.598425 -0.547835
0.204724 0.598425 -0.556564
0.212598 0.598425 -0.563931
0.220472 0.598425 -0.569918
0.228346 0.598425 -0.574511
0.23622 0.598425 -0.577697
0.244094 0.598425 -0.57947
0.251969 0.598425 -0.579825
0.259843 0.598425 -0.578761
0.267717 0.598425 -0.57628
0.275591 0.598425 -0.57239
0.283465 0.598425 -0.567098
0.291339 0.598425 -0.560419
0.299213 0.598425 -0.552368
0.307087 0.598425 -0.542966
0.314961 0.598425 -0.532235
0.322835 0.598425 -0.520201
0.330709 0.598425 -0.506894
0.338583 0.598425 -0.492347
0.346457 0.598425 -0.476595
0.354331 0.598425 -0.459677
0.362205 0.598425 -0.441634
0.370079 0.598425 -0.42251
0.377953 0.598425 -0.402352
0.385827 0.598425 -0.381209
0.393701 0.598425 -0.359134
0.401575 0.598425 -0.33618
0.409449 0.598425 -0.312403
0.417323 0.598425 -0.287861
0.425197 0.598425 -0.262615
0.433071 0.598425 -0.236727
0.440945 0.598425 -0.210259
0.448819 0.598425 -0.183277
0.456693 0.598425 -0.155846
0.464567 0.598425 -0.128033
0.472441 0.598425 -0.0999077
0.480315 0.598425 -0.0715376
0.488189 0.598425 -0.0429924
0.496063 0.598425 -0.014342
0.503937 0.598425 0.0143435
0.511811 0.598425 0.0429939
0.519685 0.598425 0.0715391
0.527559 0.598425 0.0999092
0.535433 0.598425 0.128035
0.543307 0.598425 0.155847
0.551181 0.598425 0.183278
0.559055 0.598425 0.21026
0.566929 0.598425 0.236728
0.574803 0.598425 0.262617
0.582677 0.598425 0.287863
0.590551 0.598425 0.312404
0.598425 0.598425 0.336181
0.606299 0.598425 0.359135
0.614173 0.598425 0.381211
0.622047 0.598425 0.402353
0.629921 0.598425 0.422511
0.637795 0.598425 0.441635
0.645669 0.598425 0.459678
0.653543 0.598425 0.476597
0.661417 0.598425 0.492348
0.669291 0.598425 0.506896
0.677165 0.598425 0.520202
0.685039 0.598425 0.532236
0.692913 0.598425 0.542967
0.700787 0.598425 0.552369
0.708661 0.598425 0.56042
0.716535 0.598425 0.567099
0.724409 0.598425 0.572391
0.732283 0.598425 0.576281
0.740157 0.598425 0.578762
0.748031 0.598425 0.579826
0.755906 0.598425 0.579471
0.76378 0.598425 0.577698
0.771654 0.598425 0.574512
0.779528 0.598425 0.569919
0.787402 0.598425 0.563932
0.795276 0.598425 0.556565
0.80315 0.598425 0.547836
0.811024 0.598425 0.537766
0.818898 0.598425 0.52638
0.826772 0.598425 0.513706
0.834646 0.598425 0.499775
0.84252 0.598425 0.48462
0.850394 0.598425 0.46828
0.858268 0.598425 0.450794
0.866142 0.598425 0.432205
0.874016 0.598425 0.412558
0.88189 0.598425 0.391902
0.889764 0.598425 0.370286
0.897638 0.598425 0.347764
0.905512 0.598425 0.324391
0.913386 0.598425 0.300225
0.92126 0.598425 0.275324
0.929134 0.598425 0.249748
0.937008 0.598425 0.223562
0.944882 0.598425 0.196829
0.952756 0.598425 0.169614
0.96063 0.598425 0.141984
0.968504 0.598425 0.114006
0.976378 0.598425 0.0857497
0.984252 0.598425 0.0572833
0.992126 0.598425 0.0286767
1 0.598425 0
0 0.606299 0
0.00787402 0.606299 -0.0306347
0.015748 0.606299 -0.0611945
0.023622 0.606299 -0.0916045
0.0314961 0.606299 -0.12179
0.0393701 0.606299 -0.151678
0.0472441 0.606299 -0.181195
0.0551181 0.606299 -0.210268
0.0629921 0.606299 -0.238827
0.0708661 0.606299 -0.266801
0.0787402 0.606299 -0.294122
0.0866142 0.606299 -0.320724
0.0944882 0.606299 -0.34654
0.102362 0.606299 -0.371509
0.110236 0.606299 -0.395568
0.11811 0.606299 -0.41866
0.125984 0.606299 -0.440727
0.133858 0.606299 -0.461715
0.141732 0.606299 -0.481574
0.149606 0.606299 -0.500254
0.15748 0.606299 -0.517709
0.165354 0.606299 -0.533898
0.173228 0.606299 -0.548781
0.181102 0.606299 -0.56232
0.188976 0.606299 -0.574483
0.19685 0.606299 -0.585241
0.204724 0.606299 -0.594566
0.212598 0.606299 -0.602436
0.220472 0.606299 -0.608832
0.228346 0.606299 -0.613738
0.23622 0.606299 -0.617142
0.244094 0.606299 -0.619036
0.251969 0.606299 -0.619415
0.259843 0.606299 -0.618278
0.267717 0.606299 -0.615628
0.275591 0.606299 -0.611472
0.283465 0.606299 -0.605819
0.291339 0.606299 -0.598684
0.299213 0.606299 -0.590084
0.307087 0.606299 -0.580039
0.314961 0.606299 -0.568575
0.322835 0.606299 -0.55572
0.330709 0.606299 -0.541505
0.338583 0.606299 -0.525964
0.346457 0.606299 -0.509137
0.354331 0.606299 -0.491063
0.362205 0.606299 -0.471788
0.370079 0.606299 -0.451359
0.377953 0.606299 -0.429824
0.385827 0.606299 -0.407238
0.393701 0.606299 -0.383656
0.401575 0.606299 -0.359134
0.409449 0.606299 -0.333734
0.417323 0.606299 -0.307516
0.425197 0.606299 -0.280547
0.433071 0.606299 -0.25289
0.440945 0.606299 -0.224615
0.448819 0.606299 -0.195791
0.456693 0.606299 -0.166487
0.464567 0.606299 -0.136775
0.472441 0.606299 -0.106729
0.480315 0.606299 -0.0764222
0.488189 0.606299 -0.0459279
0.496063 0.606299 -0.0153213
0.503937 0.606299 0.0153228
0.511811 0.606299 0.0459295
0.519685 0.606299 0.0764237
0.527559 0.606299 0.106731
0.535433 0.606299 0.136777
0.543307 0.606299 0.166488
0.551181 0.606299 0.195792
0.559055 0.606299 0.224617
0.566929 0.606299 0.252892
0.574803 0.606299 0.280548
0.582677 0.606299 0.307518
0.590551 0.606299 0.333735
0.598425 0.606299 0.359135
0.606299 0.606299 0.383657
0.614173 0.606299 0.40724
0.622047 0.606299 0.429826
0.629921 0.606299 0.45136
0.637795 0.606299 0.47179
0.645669 0.606299 0.491065
0.653543 0.606299 0.509138
0.661417 0.606299 0.525966
0.669291 0.606299 0.541506
0.677165 0.606299 0.555721
0.685039 0.606299 0.568577
0.692913 0.606299 0.58004
0.700787 0.606299 0.590085
0.708661 0.606299 0.598685
0.716535 0.606299 0.605821
0.724409 0.606299 0.611473
0.732283 0.606299 0.61563
0.740157 0.606299 0.618279
0.748031 0.606299 0.619416
0.755906 0.606299 0.619037
0.76378 0.606299 0.617143
0.771654 0.606299 0.613739
0.779528 0.606299 0.608833
0.787402 0.606299 0.602437
0.795276 0.606299 0.594567
0.80315 0.606299 0.585242
0.811024 0.606299 0.574484
0.818898 0.606299 0.562321
0.826772 0.606299 0.548781
0.834646 0.606299 0.533899
0.84252 0.606299 0.51771
0.850394 0.606299 0.500254
0.858268 0.606299 0.481574
0.866142 0.606299 0.461716
0.874016 0.606299 0.440727
0.88189 0.606299 0.41866
0.889764 0.606299 0.395569
0.897638 0.606299 0.371509
0.905512 0.606299 0.346541
0.913386 0.606299 0.320724
0.92126 0.606299 0.294122
0.929134 0.606299 0.266801
0.937008 0.606299 0.238827
0.944882 0.606299 0.210268
0.952756 0.606299 0.181195
0.96063 0.606299 0.151678
0.968504 0.606299 0.121791
0.976378 0.606299 0.0916046
0.984252 0.606299 0.0611946
0.992126 0.606299 0.0306348
1 0.606299 0
0 0.614173 0
0.00787402 0.614173 -0.0325178
0.015748 0.614173 -0.064956
0.023622 0.614173 -0.0972353
0.0314961 0.614173 -0.129277
0.0393701 0.614173 -0.161002
0.0472441 0.614173 -0.192333
0.0551181 0.614173 -0.223193
0.0629921 0.614173 -0.253507
0.0708661 0.614173 -0.283201
0.0787402 0.614173 -0.312201
0.0866142 0.614173 -0.340438
0.0944882 0.614173 -0.367842
0.102362 0.614173 -0.394345
0.110236 0.614173 -0.419883
0.11811 0.614173 -0.444394
0.125984 0.614173 -0.467817
0.133858 0.614173 -0.490096
0.141732 0.614173 -0.511175
0.149606 0.614173 -0.531003
0.15748 0.614173 -0.549532
0.165354 0.614173 -0.566716
0.173228 0.614173 -0.582513
0.181102 0.614173 -0.596885
0.188976 0.614173 -0.609796
0.19685 0.614173 -0.621214
0.204724 0.614173 -0.631113
0.212598 0.614173 -0.639467
0.220472 0.614173 -0.646256
0.228346 0.614173 -0.651464
0.23622 0.614173 -0.655077
0.244094 0.614173 -0.657087
0.251969 0.614173 -0.65749
0.259843 0.614173 -0.656283
0.267717 0.614173 -0.65347
0.275591 0.614173 -0.649058
0.283465 0.614173 -0.643058
0.291339 0.614173 -0.635484
0.299213 0.614173 -0.626355
0.307087 0.614173 -0.615693
0.314961 0.614173 -0.603525
0.322835 0.614173 -0.589879
0.330709 0.614173 -0.57479
0.338583 0.614173 -0.558295
0.346457 0.614173 -0.540433
0.354331 0.614173 -0.521248
0.362205 0.614173 -0.500788
0.370079 0.614173 -0.479103
0.377953 0.614173 -0.456245
0.385827 0.614173 -0.432271
0.393701 0.614173 -0.407238
0.401575 0.614173 -0.381209
0.409449 0.614173 -0.354248
0.417323 0.614173 -0.326419
0.425197 0.614173 -0.297791
0.433071 0.614173 -0.268435
0.440945 0.614173 -0.238422
0.448819 0.614173 -0.207826
0.456693 0.614173 -0.17672
0.464567 0.614173 -0.145183
0.472441 0.614173 -0.11329
0.480315 0.614173 -0.0811198
0.488189 0.614173 -0.0487511
0.496063 0.614173 -0.0162631
0.503937 0.614173 0.0162647
0.511811 0.614173 0.0487526
0.519685 0.614173 0.0811213
0.527559 0.614173 0.113291
0.535433 0.614173 0.145184
0.543307 0.614173 0.176722
0.551181 0.614173 0.207827
0.559055 0.614173 0.238424
0.566929 0.614173 0.268437
0.574803 0.614173 0.297793
0.582677 0.614173 0.32642
0.590551 0.614173 0.354249
0.598425 0.614173 0.381211
0.606299 0.614173 0.40724
0.614173 0.614173 0.432272
0.622047 0.614173 0.456246
0.629921 0.614173 0.479104
0.637795 0.614173 0.50079
0.645669 0.614173 0.52125
0.653543 0.614173 0.540434
0.661417 0.614173 0.558296
0.669291 0.614173 0.574792
0.677165 0.614173 0.589881
0.685039 0.614173 0.603526
0.692913 0.614173 0.615695
0.700787 0.614173 0.626356
0.708661 0.614173 0.635485
0.716535 0.614173 0.643059
0.724409 0.614173 0.649059
0.732283 0.614173 0.653471
0.740157 0.614173 0.656284
0.748031 0.614173 0.657491
0.755906 0.614173 0.657088
0.76378 0.614173 0.655078
0.771654 0.614173 0.651465
0.779528 0.614173 0.646257
0.787402 0.614173 0.639468
0.795276 0.614173 0.631114
0.80315 0.614173 0.621215
0.811024 0.614173 0.609797
0.818898 0.614173 0.596886
0.826772 0.614173 0.582514
0.834646 0.614173 0.566717
0.84252 0.614173 0.549533
0.850394 0.614173 0.531004
0.858268 0.614173 0.511176
0.866142 0.614173 0.490097
0.874016 0.614173 0.467818
0.88189 0.614173 0.444395
0.889764 0.614173 0.419884
0.897638 0.614173 0.394345
0.905512 0.614173 0.367842
0.913386 0.614173 0.340438
0.92126 0.614173 0.312202
0.929134 0.614173 0.283201
0.937008 0.614173 0.253507
0.944882 0.614173 0.223193
0.952756 0.614173 0.192333
0.96063 0.614173 0.161002
0.968504 0.614173 0.129277
0.976378 0.614173 0.0972354
0.984252 0.614173 0.0649561
0.992126 0.614173 0.0325178
1 0.614173 0
0 0.622047 0
0.00787402 0.622047 -0.0343213
0.015748 0.622047 -0.0685586
0.023622 0.622047 -0.102628
0.0314961 0.622047 -0.136446
0.0393701 0.622047 -0.169931
0.0472441 0.622047 -0.203
0.0551181 0.622047 -0.235571
0.0629921 0.622047 -0.267567
0.0708661 0.622047 -0.298907
0.0787402 0.622047 -0.329516
0.0866142 0.622047 -0.359319
0.0944882 0.622047 -0.388243
0.102362 0.622047 -0.416216
0.110236 0.622047 -0.443171
0.11811 0.622047 -0.469041
0.125984 0.622047 -0.493763
0.133858 0.622047 -0.517277
0.141732 0.622047 -0.539526
0.149606 0.622047 -0.560454
0.15748 0.622047 -0.58001
0.165354 0.622047 -0.598147
0.173228 0.622047 -0.61482
0.181102 0.622047 -0.629989
0.188976 0.622047 -0.643616
0.19685 0.622047 -0.655668
0.204724 0.622047 -0.666115
0.212598 0.622047 -0.674933
0.220472 0.622047 -0.682098
0.228346 0.622047 -0.687595
0.23622 0.622047 -0.691409
0.244094 0.622047 -0.69353
0.251969 0.622047 -0.693955
0.259843 0.622047 -0.692681
0.267717 0.622047 -0.689713
0.275591 0.622047 -0.685056
0.283465 0.622047 -0.678723
0.291339 0.622047 -0.670729
0.299213 0.622047 -0.661094
0.307087 0.622047 -0.649841
0.314961 0.622047 -0.636997
0.322835 0.622047 -0.622595
0.330709 0.622047 -0.606669
0.338583 0.622047 -0.589259
0.346457 0.622047 -0.570406
0.354331 0.622047 -0.550158
0.362205 0.622047 -0.528563
0.370079 0.622047 -0.505675
0.377953 0.622047 -0.481549
0.385827 0.622047 -0.456245
0.393701 0.622047 -0.429824
0.401575 0.622047 -0.402352
0.409449 0.622047 -0.373895
0.417323 0.622047 -0.344523
0.425197 0.622047 -0.314308
0.433071 0.622047 -0.283323
0.440945 0.622047 -0.251645
0.448819 0.622047 -0.219352
0.456693 0.622047 -0.186522
0.464567 0.622047 -0.153235
0.472441 0.622047 -0.119573
0.480315 0.622047 -0.0856188
0.488189 0.622047 -0.051455
0.496063 0.622047 -0.0171651
0.503937 0.622047 0.0171667
0.511811 0.622047 0.0514565
0.519685 0.622047 0.0856204
0.527559 0.622047 0.119575
0.535433 0.622047 0.153236
0.543307 0.622047 0.186523
0.551181 0.622047 0.219353
0.559055 0.622047 0.251647
0.566929 0.622047 0.283325
0.574803 0.622047 0.314309
0.582677 0.622047 0.344524
0.590551 0.622047 0.373896
0.598425 0.622047 0.402353
0.606299 0.622047 0.429826
0.614173 0.622047 0.456246
0.622047 0.622047 0.48155
0.629921 0.622047 0.505676
0.637795 0.622047 0.528564
0.645669 0.622047 0.550159
0.653543 0.622047 0.570407
0.661417 0.622047 0.58926
0.669291 0.622047 0.60667
0.677165 0.622047 0.622596
0.685039 0.622047 0.636998
0.692913 0.622047 0.649842
0.700787 0.622047 0.661095
0.708661 0.622047 0.67073
0.716535 0.622047 0.678724
0.724409 0.622047 0.685057
0.732283 0.622047 0.689714
0.740157 0.622047 0.692683
0.748031 0.622047 0.693956
0.755906 0.622047 0.693531
0.76378 0.622047 0.69141
0.771654 0.622047 0.687596
0.779528 0.622047 0.682099
0.787402 0.622047 0.674934
0.795276 0.622047 0.666116
0.80315 0.622047 0.655669
0.811024 0.622047 0.643617
0.818898 0.622047 0.62999
0.826772 0.622047 0.614821
0.834646 0.622047 0.598148
0.84252 0.622047 0.580011
0.850394 0.622047 0.560454
0.858268 0.622047 0.539526
0.866142 0.622047 0.517278
0.874016 0.622047 0.493764
0.88189 0.622047 0.469041
0.889764 0.622047 0.443171
0.897638 0.622047 0.416216
0.905512 0.622047 0.388243
0.913386 0.622047 0.35932
0.92126 0.622047 0.329517
0.929134 0.622047 0.298908
0.937008 0.622047 0.267567
0.944882 0.622047 0.235572
0.952756 0.622047 0.203
0.96063 0.622047 0.169931
0.968504 0.622047 0.136447
0.976378 0.622047 0.102628
0.984252 0.622047 0.0685587
0.992126 0.622047 0.0343213
1 0.622047 0
0 0.629921 0
0.00787402 0.629921 -0.0360408
0.015748 0.629921 -0.0719934
0.023622 0.629921 -0.10777
0.0314961 0.629921 -0.143282
0.0393701 0.629921 -0.178445
0.0472441 0.629921 -0.21317
0.0551181 0.629921 -0.247374
0.0629921 0.629921 -0.280972
0.0708661 0.629921 -0.313883
0.0787402 0.629921 -0.346025
0.0866142 0.629921 -0.377321
0.0944882 0.629921 -0.407694
0.102362 0.629921 -0.437068
0.110236 0.629921 -0.465374
0.11811 0.629921 -0.49254
0.125984 0.629921 -0.518501
0.133858 0.629921 -0.543193
0.141732 0.629921 -0.566556
0.149606 0.629921 -0.588532
0.15748 0.629921 -0.609069
0.165354 0.629921 -0.628114
0.173228 0.629921 -0.645623
0.181102 0.629921 -0.661552
0.188976 0.629921 -0.675861
0.19685 0.629921 -0.688517
0.204724 0.629921 -0.699488
0.212598 0.629921 -0.708747
0.220472 0.629921 -0.716272
0.228346 0.629921 -0.722043
0.23622 0.629921 -0.726048
0.244094 0.629921 -0.728276
0.251969 0.629921 -0.728722
0.259843 0.629921 -0.727385
0.267717 0.629921 -0.724267
0.275591 0.629921 -0.719377
0.283465 0.629921 -0.712727
0.291339 0.629921 -0.704333
0.299213 0.629921 -0.694215
0.307087 0.629921 -0.682398
0.314961 0.629921 -0.668911
0.322835 0.629921 -0.653787
0.330709 0.629921 -0.637063
0.338583 0.629921 -0.61878
0.346457 0.629921 -0.598983
0.354331 0.629921 -0.577721
0.362205 0.629921 -0.555044
0.370079 0.629921 -0.531009
0.377953 0.629921 -0.505675
0.385827 0.629921 -0.479103
0.393701 0.629921 -0.451359
0.401575 0.629921 -0.42251
0.409449 0.629921 -0.392627
0.417323 0.629921 -0.361783
0.425197 0.629921 -0.330054
0.433071 0.629921 -0.297518
0.440945 0.629921 -0.264253
0.448819 0.629921 -0.230342
0.456693 0.629921 -0.195866
0.464567 0.629921 -0.160912
0.472441 0.629921 -0.125564
0.480315 0.629921 -0.0899084
0.488189 0.629921 -0.0540329
0.496063 0.629921 -0.0180252
0.503937 0.629921 0.0180267
0.511811 0.629921 0.0540344
0.519685 0.629921 0.0899099
0.527559 0.629921 0.125565
0.535433 0.629921 0.160914
0.543307 0.629921 0.195868
0.551181 0.629921 0.230343
0.559055 0.629921 0.264254
0.566929 0.629921 0.297519
0.574803 0.629921 0.330056
0.582677 0.629921 0.361785
0.590551 0.629921 0.392628
0.598425 0.629921 0.422511
0.606299 0.629921 0.45136
0.614173 0.629921 0.479104
0.622047 0.629921 0.505676
0.629921 0.629921 0.53101
0.637795 0.629921 0.555045
0.645669 0.629921 0.577722
0.653543 0.629921 0.598985
0.661417 0.629921 0.618782
0.669291 0.629921 0.637065
0.677165 0.629921 0.653788
0.685039 0.629921 0.668912
0.692913 0.629921 0.682399
0.700787 0.629921 0.694216
0.708661 0.629921 0.704334
0.716535 0.629921 0.712728
0.724409 0.629921 0.719379
0.732283 0.629921 0.724268
0.740157 0.629921 0.727386
0.748031 0.629921 0.728723
0.755906 0.629921 0.728277
0.76378 0.629921 0.726049
0.771654 0.629921 0.722044
0.779528 0.629921 0.716273
0.787402 0.629921 0.708748
0.795276 0.629921 0.699489
0.80315 0.629921 0.688518
0.811024 0.629921 0.675862
0.818898 0.629921 0.661552
0.826772 0.629921 0.645624
0.834646 0.629921 0.628115
0.84252 0.629921 0.609069
0.850394 0.629921 0.588533
0.858268 0.629921 0.566557
0.866142 0.629921 0.543194
0.874016 0.629921 0.518502
0.88189 0.629921 0.49254
0.889764 0.629921 0.465374
0.897638 0.629921 0.437069
0.905512 0.629921 0.407694
0.913386 0.629921 0.377322
0.92126 0.629921 0.346026
0.929134 0.629921 0.313883
0.937008 0.629921 0.280972
0.944882 0.629921 0.247374
0.952756 0.629921 0.21317
0.96063 0.629921 0.178445
0.968504 0.629921 0.143283
0.976378 0.629921 0.10777
0.984252 0.629921 0.0719935
0.992126 0.629921 0.0360408
1 0.629921 0
0 0.637795 0
0.00787402 0.637795 -0.0376721
0.015748 0.637795 -0.075252
0.023622 0.637795 -0.112648
0.0314961 0.637795 -0.149768
0.0393701 0.637795 -0.186521
0.0472441 0.637795 -0.222819
0.0551181 0.637795 -0.25857
0.0629921 0.637795 -0.293689
0.0708661 0.637795 -0.32809
0.0787402 0.637795 -0.361687
0.0866142 0.637795 -0.3944
0.0944882 0.637795 -0.426147
0.102362 0.637795 -0.456851
0.110236 0.637795 -0.486438
0.11811 0.637795 -0.514834
0.125984 0.637795 -0.54197
0.133858 0.637795 -0.567779
0.141732 0.637795 -0.5922
0.149606 0.637795 -0.615171
0.15748 0.637795 -0.636637
0.165354 0.637795 -0.656544
0.173228 0.637795 -0.674845
0.181102 0.637795 -0.691495
0.188976 0.637795 -0.706452
0.19685 0.637795 -0.719681
0.204724 0.637795 -0.731148
0.212598 0.637795 -0.740827
0.220472 0.637795 -0.748692
0.228346 0.637795 -0.754725
0.23622 0.637795 -0.758911
0.244094 0.637795 -0.76124
0.251969 0.637795 -0.761706
0.259843 0.637795 -0.760308
0.267717 0.637795 -0.75705
0.275591 0.637795 -0.751938
0.283465 0.637795 -0.744987
0.291339 0.637795 -0.736213
0.299213 0.637795 -0.725637
0.307087 0.637795 -0.713285
0.314961 0.637795 -0.699187
0.322835 0.637795 -0.683379
0.330709 0.637795 -0.665898
0.338583 0.637795 -0.646788
0.346457 0.637795 -0.626095
0.354331 0.637795 -0.60387
0.362205 0.637795 -0.580167
0.370079 0.637795 -0.555044
0.377953 0.637795 -0.528563
0.385827 0.637795 -0.500788
0.393701 0.637795 -0.471788
0.401575 0.637795 -0.441634
0.409449 0.637795 -0.410398
0.417323 0.637795 -0.378159
0.425197 0.637795 -0.344994
0.433071 0.637795 -0.310984
0.440945 0.637795 -0.276214
0.448819 0.637795 -0.240767
0.456693 0.637795 -0.204732
0.464567 0.637795 -0.168195
0.472441 0.637795 -0.131247
0.480315 0.637795 -0.0939779
0.488189 0.637795 -0.0564786
0.496063 0.637795 -0.0188411
0.503937 0.637795 0.0188426
0.511811 0.637795 0.0564801
0.519685 0.637795 0.0939794
0.527559 0.637795 0.131249
0.535433 0.637795 0.168197
0.543307 0.637795 0.204733
0.551181 0.637795 0.240769
0.559055 0.637795 0.276215
0.566929 0.637795 0.310986
0.574803 0.637795 0.344995
0.582677 0.637795 0.37816
0.590551 0.637795 0.4104
0.598425 0.637795 0.441635
0.606299 0.637795 0.47179
0.614173 0.637795 0.50079
0.622047 0.637795 0.528564
0.629921 0.637795 0.555045
0.637795 0.637795 0.580168
0.645669 0.637795 0.603871
0.653543 0.637795 0.626096
0.661417 0.637795 0.646789
0.669291 0.637795 0.6659
0.677165 0.637795 0.68338
0.685039 0.637795 0.699189
0.692913 0.637795 0.713286
0.700787 0.637795 0.725638
0.708661 0.637795 0.736214
0.716535 0.637795 0.744988
0.724409 0.637795 0.75194
0.732283 0.637795 0.757051
0.740157 0.637795 0.760309
0.748031 0.637795 0.761707
0.755906 0.637795 0.761241
0.76378 0.637795 0.758912
0.771654 0.637795 0.754726
0.779528 0.637795 0.748693
0.787402 0.637795 0.740828
0.795276 0.637795 0.731149
0.80315 0.637795 0.719682
0.811024 0.637795 0.706453
0.818898 0.637795 0.691496
0.826772 0.637795 0.674846
0.834646 0.637795 0.656545
0.84252 0.637795 0.636637
0.850394 0.637795 0.615172
0.858268 0.637795 0.5922
0.866142 0.637795 0.56778
0.874016 0.637795 0.54197
0.88189 0.637795 0.514834
0.889764 0.637795 0.486438
0.897638 0.637795 0.456852
0.905512 0.637795 0.426147
0.913386 0.637795 0.3944
0.92126 0.637795 0.361688
0.929134 0.637795 0.32809
0.937008 0.637795 0.29369
0.944882 0.637795 0.258571
0.952756 0.637795 0.222819
0.96063 0.637795 0.186522
0.968504 0.637795 0.149768
0.976378 0.637795 0.112648
0.984252 0.637795 0.0752521
0.992126 0.637795 0.0376721
1 0.637795 0
0 0.645669 0
0.00787402 0.645669 -0.0392112
0.015748 0.645669 -0.0783264
0.023622 0.645669 -0.11725
0.0314961 0.645669 -0.155887
0.0393701 0.645669 -0.194142
0.0472441 0.645669 -0.231922
0.0551181 0.645669 -0.269134
0.0629921 0.645669 -0.305688
0.0708661 0.645669 -0.341494
0.0787402 0.645669 -0.376464
0.0866142 0.645669 -0.410513
0.0944882 0.645669 -0.443557
0.102362 0.645669 -0.475516
0.110236 0.645669 -0.506311
0.11811 0.645669 -0.535867
0.125984 0.645669 -0.564112
0.133858 0.645669 -0.590976
0.141732 0.645669 -0.616394
0.149606 0.645669 -0.640304
0.15748 0.645669 -0.662647
0.165354 0.645669 -0.683368
0.173228 0.645669 -0.702417
0.181102 0.645669 -0.719746
0.188976 0.645669 -0.735315
0.19685 0.645669 -0.749084
0.204724 0.645669 -0.76102
0.212598 0.645669 -0.771094
0.220472 0.645669 -0.77928
0.228346 0.645669 -0.78556
0.23622 0.645669 -0.789917
0.244094 0.645669 -0.792341
0.251969 0.645669 -0.792826
0.259843 0.645669 -0.791371
0.267717 0.645669 -0.787979
0.275591 0.645669 -0.782659
0.283465 0.645669 -0.775424
0.291339 0.645669 -0.766291
0.299213 0.645669 -0.755283
0.307087 0.645669 -0.742426
0.314961 0.645669 -0.727753
0.322835 0.645669 -0.711299
0.330709 0.645669 -0.693104
0.338583 0.645669 -0.673213
0.346457 0.645669 -0.651674
0.354331 0.645669 -0.628541
0.362205 0.645669 -0.60387
0.370079 0.645669 -0.577721
0.377953 0.645669 -0.550158
0.385827 0.645669 -0.521248
0.393701 0.645669 -0.491063
0.401575 0.645669 -0.459677
0.409449 0.645669 -0.427165
0.417323 0.645669 -0.393609
0.425197 0.645669 -0.359088
0.433071 0.645669 -0.32369
0.440945 0.645669 -0.287499
0.448819 0.645669 -0.250604
0.456693 0.645669 -0.213096
0.464567 0.645669 -0.175067
0.472441 0.645669 -0.136609
0.480315 0.645669 -0.0978175
0.488189 0.645669 -0.0587861
0.496063 0.645669 -0.0196109
0.503937 0.645669 0.0196123
0.511811 0.645669 0.0587876
0.519685 0.645669 0.0978189
0.527559 0.645669 0.136611
0.535433 0.645669 0.175069
0.543307 0.645669 0.213098
0.551181 0.645669 0.250606
0.559055 0.645669 0.2875
0.566929 0.645669 0.323691
0.574803 0.645669 0.35909
0.582677 0.645669 0.39361
0.590551 0.645669 0.427167
0.598425 0.645669 0.459678
0.606299 0.645669 0.491065
0.614173 0.645669 0.52125
0.622047 0.645669 0.550159
0.629921 0.645669 0.577722
0.637795 0.645669 0.603871
0.645669 0.645669 0.628543
0.653543 0.645669 0.651676
0.661417 0.645669 0.673214
0.669291 0.645669 0.693105
0.677165 0.645669 0.7113
0.685039 0.645669 0.727754
0.692913 0.645669 0.742428
0.700787 0.645669 0.755284
0.708661 0.645669 0.766292
0.716535 0.645669 0.775425
0.724409 0.645669 0.78266
0.732283 0.645669 0.78798
0.740157 0.645669 0.791372
0.748031 0.645669 0.792827
0.755906 0.645669 0.792342
0.76378 0.645669 0.789918
0.771654 0.645669 0.785561
0.779528 0.645669 0.779281
0.787402 0.645669 0.771094
0.795276 0.645669 0.761021
0.80315 0.645669 0.749085
0.811024 0.645669 0.735316
0.818898 0.645669 0.719747
0.826772 0.645669 0.702417
0.834646 0.645669 0.683369
0.84252 0.645669 0.662647
0.850394 0.645669 0.640305
0.858268 0.645669 0.616395
0.866142 0.645669 0.590977
0.874016 0.645669 0.564113
0.88189 0.645669 0.535868
0.889764 0.645669 0.506312
0.897638 0.645669 0.475517
0.905512 0.645669 0.443558
0.913386 0.645669 0.410513
0.92126 0.645669 0.376465
0.929134 0.645669 0.341494
0.937008 0.645669 0.305689
0.944882 0.645669 0.269135
0.952756 0.645669 0.231922
0.96063 0.645669 0.194142
0.968504 0.645669 0.155887
0.976378 0.645669 0.11725
0.984252 0.645669 0.0783265
0.992126 0.645669 0.0392112
1 0.645669 0
0 0.653543 0
0.00787402 0.653543 -0.0406544
0.015748 0.653543 -0.0812092
0.023622 0.653543 -0.121565
0.0314961 0.653543 -0.161624
0.0393701 0.653543 -0.201287
0.0472441 0.653543 -0.240458
0.0551181 0.653543 -0.27904
0.0629921 0.653543 -0.316939
0.0708661 0.653543 -0.354063
0.0787402 0.653543 -0.39032
0.0866142 0.653543 -0.425622
0.0944882 0.653543 -0.459882
0.102362 0.653543 -0.493017
0.110236 0.653543 -0.524946
0.11811 0.653543 -0.55559
0.125984 0.653543 -0.584874
0.133858 0.653543 -0.612727
0.141732 0.653543 -0.639081
0.149606 0.653543 -0.66387
0.15748 0.653543 -0.687035
0.165354 0.653543 -0.708519
0.173228 0.653543 -0.728269
0.181102 0.653543 -0.746236
0.188976 0.653543 -0.762378
0.19685 0.653543 -0.776654
0.204724 0.653543 -0.789029
0.212598 0.653543 -0.799473
0.220472 0.653543 -0.807961
0.228346 0.653543 -0.814472
0.23622 0.653543 -0.818989
0.244094 0.653543 -0.821503
0.251969 0.653543 -0.822006
0.259843 0.653543 -0.820497
0.267717 0.653543 -0.816981
0.275591 0.653543 -0.811465
0.283465 0.653543 -0.803963
0.291339 0.653543 -0.794494
0.299213 0.653543 -0.783081
0.307087 0.653543 -0.769751
0.314961 0.653543 -0.754538
0.322835 0.653543 -0.737478
0.330709 0.653543 -0.718613
0.338583 0.653543 -0.69799
0.346457 0.653543 -0.675659
0.354331 0.653543 -0.651674
0.362205 0.653543 -0.626095
0.370079 0.653543 -0.598983
0.377953 0.653543 -0.570406
0.385827 0.653543 -0.540433
0.393701 0.653543 -0.509137
0.401575 0.653543 -0.476595
0.409449 0.653543 -0.442887
0.417323 0.653543 -0.408095
0.425197 0.653543 -0.372305
0.433071 0.653543 -0.335603
0.440945 0.653543 -0.29808
0.448819 0.653543 -0.259828
0.456693 0.653543 -0.220939
0.464567 0.653543 -0.18151
0.472441 0.653543 -0.141637
0.480315 0.653543 -0.101418
0.488189 0.653543 -0.0609497
0.496063 0.653543 -0.0203327
0.503937 0.653543 0.0203341
0.511811 0.653543 0.0609512
0.519685 0.653543 0.101419
0.527559 0.653543 0.141639
0.535433 0.653543 0.181512
0.543307 0.653543 0.220941
0.551181 0.653543 0.259829
0.559055 0.653543 0.298081
0.566929 0.653543 0.335604
0.574803 0.653543 0.372306
0.582677 0.653543 0.408097
0.590551 0.653543 0.442888
0.598425 0.653543 0.476597
0.606299 0.653543 0.509138
0.614173 0.653543 0.540434
0.622047 0.653543 0.570407
0.629921 0.653543 0.598985
0.637795 0.653543 0.626096
0.645669 0.653543 0.651676
0.653543 0.653543 0.67566
0.661417 0.653543 0.697992
0.669291 0.653543 0.718615
0.677165 0.653543 0.737479
0.685039 0.653543 0.754539
0.692913 0.653543 0.769752
0.700787 0.653543 0.783082
0.708661 0.653543 0.794495
0.716535 0.653543 0.803964
0.724409 0.653543 0.811466
0.732283 0.653543 0.816982
0.740157 0.653543 0.820498
0.748031 0.653543 0.822007
0.755906 0.653543 0.821504
0.76378 0.653543 0.81899
0.771654 0.653543 0.814473
0.779528 0.653543 0.807962
0.787402 0.653543 0.799474
0.795276 0.653543 0.78903
0.80315 0.653543 0.776655
0.811024 0.653543 0.762379
0.818898 0.653543 0.746237
0.826772 0.653543 0.72827
0.834646 0.653543 0.70852
0.84252 0.653543 0.687036
0.850394 0.653543 0.663871
0.858268 0.653543 0.639081
0.866142 0.653543 0.612728
0.874016 0.653543 0.584875
0.88189 0.653543 0.55559
0.889764 0.653543 0.524946
0.897638 0.653543 0.493018
0.905512 0.653543 0.459883
0.913386 0.653543 0.425622
0.92126 0.653543 0.39032
0.929134 0.653543 0.354063
0.937008 0.653543 0.316939
0.944882 0.653543 0.27904
0.952756 0.653543 0.240458
0.96063 0.653543 0.201287
0.968504 0.653543 0.161624
0.976378 0.653543 0.121565
0.984252 0.653543 0.0812093
0.992126 0.653543 0.0406544
1 0.653543 0
0 0.661417 0
0.00787402 0.661417 -0.041998
0.015748 0.661417 -0.0838933
0.023622 0.661417 -0.125583
0.0314961 0.661417 -0.166966
0.0393701 0.661417 -0.20794
0.0472441 0.661417 -0.248405
0.0551181 0.661417 -0.288262
0.0629921 0.661417 -0.327414
0.0708661 0.661417 -0.365765
0.0787402 0.661417 -0.40322
0.0866142 0.661417 -0.439689
0.0944882 0.661417 -0.475082
0.102362 0.661417 -0.509312
0.110236 0.661417 -0.542296
0.11811 0.661417 -0.573953
0.125984 0.661417 -0.604205
0.133858 0.661417 -0.632978
0.141732 0.661417 -0.660203
0.149606 0.661417 -0.685812
0.15748 0.661417 -0.709742
0.165354 0.661417 -0.731936
0.173228 0.661417 -0.752339
0.181102 0.661417 -0.7709
0.188976 0.661417 -0.787575
0.19685 0.661417 -0.802323
0.204724 0.661417 -0.815107
0.212598 0.661417 -0.825897
0.220472 0.661417 -0.834665
0.228346 0.661417 -0.841391
0.23622 0.661417 -0.846058
0.244094 0.661417 -0.848654
0.251969 0.661417 -0.849174
0.259843 0.661417 -0.847615
0.267717 0.661417 -0.843983
0.275591 0.661417 -0.838284
0.283465 0.661417 -0.830535
0.291339 0.661417 -0.820753
0.299213 0.661417 -0.808962
0.307087 0.661417 -0.795192
0.314961 0.661417 -0.779476
0.322835 0.661417 -0.761852
0.330709 0.661417 -0.742364
0.338583 0.661417 -0.72106
0.346457 0.661417 -0.69799
0.354331 0.661417 -0.673213
0.362205 0.661417 -0.646788
0.370079 0.661417 -0.61878
0.377953 0.661417 -0.589259
0.385827 0.661417 -0.558295
0.393701 0.661417 -0.525964
0.401575 0.661417 -0.492347
0.409449 0.661417 -0.457525
0.417323 0.661417 -0.421583
0.425197 0.661417 -0.38461
0.433071 0.661417 -0.346695
0.440945 0.661417 -0.307932
0.448819 0.661417 -0.268415
0.456693 0.661417 -0.228242
0.464567 0.661417 -0.18751
0.472441 0.661417 -0.146319
0.480315 0.661417 -0.10477
0.488189 0.661417 -0.0629642
0.496063 0.661417 -0.0210047
0.503937 0.661417 0.0210062
0.511811 0.661417 0.0629657
0.519685 0.661417 0.104771
0.527559 0.661417 0.14632
0.535433 0.661417 0.187511
0.543307 0.661417 0.228243
0.551181 0.661417 0.268417
0.559055 0.661417 0.307933
0.566929 0.661417 0.346696
0.574803 0.661417 0.384611
0.582677 0.661417 0.421585
0.590551 0.661417 0.457526
0.598425 0.661417 0.492348
0.606299 0.661417 0.525966
0.614173 0.661417 0.558296
0.622047 0.661417 0.58926
0.629921 0.661417 0.618782
0.637795 0.661417 0.646789
0.645669 0.661417 0.673214
0.653543 0.661417 0.697992
0.661417 0.661417 0.721061
0.669291 0.661417 0.742366
0.677165 0.661417 0.761854
0.685039 0.661417 0.779477
0.692913 0.661417 0.795193
0.700787 0.661417 0.808964
0.708661 0.661417 0.820754
0.716535 0.661417 0.830536
0.724409 0.661417 0.838286
0.732283 0.661417 0.843984
0.740157 0.661417 0.847616
0.748031 0.661417 0.849175
0.755906 0.661417 0.848655
0.76378 0.661417 0.846059
0.771654 0.661417 0.841392
0.779528 0.661417 0.834666
0.787402 0.661417 0.825898
0.795276 0.661417 0.815108
0.80315 0.661417 0.802324
0.811024 0.661417 0.787576
0.818898 0.661417 0.770901
0.826772 0.661417 0.75234
0.834646 0.661417 0.731937
0.84252 0.661417 0.709743
0.850394 0.661417 0.685812
0.858268 0.661417 0.660203
0.866142 0.661417 0.632979
0.874016 0.661417 0.604205
0.88189 0.661417 0.573953
0.889764 0.661417 0.542296
0.897638 0.661417 0.509313
0.905512 0.661417 0.475082
0.913386 0.661417 0.439689
0.92126 0.661417 0.403221
0.929134 0.661417 0.365765
0.937008 0.661417 0.327414
0.944882 0.661417 0.288263
0.952756 0.661417 0.248405
0.96063 0.661417 0.20794
0.968504 0.661417 0.166966
0.976378 0.661417 0.125583
0.984252 0.661417 0.0838933
0.992126 0.661417 0.0419981
1 0.661417 0
0 0.669291 0
0.00787402 0.669291 -0.0432389
0.015748 0.669291 -0.086372
0.023622 0.669291 -0.129294
0.0314961 0.669291 -0.171899
0.0393701 0.669291 -0.214084
0.0472441 0.669291 -0.255745
0.0551181 0.669291 -0.296779
0.0629921 0.669291 -0.337088
0.0708661 0.669291 -0.376572
0.0787402 0.669291 -0.415134
0.0866142 0.669291 -0.45268
0.0944882 0.669291 -0.489119
0.102362 0.669291 -0.52436
0.110236 0.669291 -0.558319
0.11811 0.669291 -0.590911
0.125984 0.669291 -0.622057
0.133858 0.669291 -0.651681
0.141732 0.669291 -0.679709
0.149606 0.669291 -0.706075
0.15748 0.669291 -0.730713
0.165354 0.669291 -0.753562
0.173228 0.669291 -0.774568
0.181102 0.669291 -0.793678
0.188976 0.669291 -0.810845
0.19685 0.669291 -0.826029
0.204724 0.669291 -0.839191
0.212598 0.669291 -0.850299
0.220472 0.669291 -0.859327
0.228346 0.669291 -0.866251
0.23622 0.669291 -0.871056
0.244094 0.669291 -0.873729
0.251969 0.669291 -0.874264
0.259843 0.669291 -0.872659
0.267717 0.669291 -0.868919
0.275591 0.669291 -0.863053
0.283465 0.669291 -0.855074
0.291339 0.669291 -0.845003
0.299213 0.669291 -0.832864
0.307087 0.669291 -0.818687
0.314961 0.669291 -0.802507
0.322835 0.669291 -0.784362
0.330709 0.669291 -0.764299
0.338583 0.669291 -0.742364
0.346457 0.669291 -0.718613
0.354331 0.669291 -0.693104
0.362205 0.669291 -0.665898
0.370079 0.669291 -0.637063
0.377953 0.669291 -0.606669
0.385827 0.669291 -0.57479
0.393701 0.669291 -0.541505
0.401575 0.669291 -0.506894
0.409449 0.669291 -0.471043
0.417323 0.669291 -0.434039
0.425197 0.669291 -0.395974
0.433071 0.669291 -0.356939
0.440945 0.669291 -0.31703
0.448819 0.669291 -0.276346
0.456693 0.669291 -0.234985
0.464567 0.669291 -0.19305
0.472441 0.669291 -0.150642
0.480315 0.669291 -0.107865
0.488189 0.669291 -0.0648246
0.496063 0.669291 -0.0216254
0.503937 0.669291 0.0216268
0.511811 0.669291 0.064826
0.519685 0.669291 0.107867
0.527559 0.669291 0.150643
0.535433 0.669291 0.193051
0.543307 0.669291 0.234987
0.551181 0.669291 0.276347
0.559055 0.669291 0.317032
0.566929 0.669291 0.35694
0.574803 0.669291 0.395975
0.582677 0.669291 0.434041
0.590551 0.669291 0.471045
0.598425 0.669291 0.506896
0.606299 0.669291 0.541506
0.614173 0.669291 0.574792
0.622047 0.669291 0.60667
0.629921 0.669291 0.637065
0.637795 0.669291 0.6659
0.645669 0.669291 0.693105
0.653543 0.669291 0.718615
0.661417 0.669291 0.742366
0.669291 0.669291 0.7643
0.677165 0.669291 0.784364
0.685039 0.669291 0.802508
0.692913 0.669291 0.818688
0.700787 0.669291 0.832866
0.708661 0.669291 0.845004
0.716535 0.669291 0.855075
0.724409 0.669291 0.863054
0.732283 0.669291 0.86892
0.740157 0.669291 0.87266
0.748031 0.669291 0.874265
0.755906 0.669291 0.87373
0.76378 0.669291 0.871057
0.771654 0.669291 0.866252
0.779528 0.669291 0.859327
0.787402 0.669291 0.8503
0.795276 0.669291 0.839192
0.80315 0.669291 0.82603
0.811024 0.669291 0.810846
0.818898 0.669291 0.793678
0.826772 0.669291 0.774568
0.834646 0.669291 0.753563
0.84252 0.669291 0.730713
0.850394 0.669291 0.706076
0.858268 0.669291 0.67971
0.866142 0.669291 0.651681
0.874016 0.669291 0.622057
0.88189 0.669291 0.590911
0.889764 0.669291 0.558319
0.897638 0.669291 0.524361
0.905512 0.669291 0.489119
0.913386 0.669291 0.452681
0.92126 0.669291 0.415134
0.929134 0.669291 0.376572
0.937008 0.669291 0.337088
0.944882 0.669291 0.29678
0.952756 0.669291 0.255745
0.96063 0.669291 0.214084
0.968504 0.669291 0.171899
0.976378 0.669291 0.129294
0.984252 0.669291 0.0863721
0.992126 0.669291 0.0432389
1 0.669291 0
0 0.677165 0
0.00787402 0.677165 -0.044374
0.015748 0.677165 -0.0886394
0.023622 0.677165 -0.132688
0.0314961 0.677165 -0.176412
0.0393701 0.677165 -0.219704
0.0472441 0.677165 -0.262458
0.0551181 0.677165 -0.30457
0.0629921 0.677165 -0.345937
0.0708661 0.677165 -0.386457
0.0787402 0.677165 -0.426032
0.0866142 0.677165 -0.464564
0.0944882 0.677165 -0.501959
0.102362 0.677165 -0.538126
0.110236 0.677165 -0.572975
0.11811 0.677165 -0.606423
0.125984 0.677165 -0.638387
0.133858 0.677165 -0.668788
0.141732 0.677165 -0.697553
0.149606 0.677165 -0.72461
0.15748 0.677165 -0.749895
0.165354 0.677165 -0.773344
0.173228 0.677165 -0.794901
0.181102 0.677165 -0.814513
0.188976 0.677165 -0.832131
0.19685 0.677165 -0.847713
0.204724 0.677165 -0.861221
0.212598 0.677165 -0.87262
0.220472 0.677165 -0.881885
0.228346 0.677165 -0.888991
0.23622 0.677165 -0.893922
0.244094 0.677165 -0.896665
0.251969 0.677165 -0.897214
0.259843 0.677165 -0.895568
0.267717 0.677165 -0.89173
0.275591 0.677165 -0.885709
0.283465 0.677165 -0.877521
0.291339 0.677165 -0.867186
0.299213 0.677165 -0.854728
0.307087 0.677165 -0.840179
0.314961 0.677165 -0.823574
0.322835 0.677165 -0.804953
0.330709 0.677165 -0.784362
0.338583 0.677165 -0.761852
0.346457 0.677165 -0.737478
0.354331 0.677165 -0.711299
0.362205 0.677165 -0.683379
0.370079 0.677165 -0.653787
0.377953 0.677165 -0.622595
0.385827 0.677165 -0.589879
0.393701 0.677165 -0.55572
0.401575 0.677165 -0.520201
0.409449 0.677165 -0.483409
0.417323 0.677165 -0.445434
0.425197 0.677165 -0.406368
0.433071 0.677165 -0.366309
0.440945 0.677165 -0.325353
0.448819 0.677165 -0.2836
0.456693 0.677165 -0.241154
0.464567 0.677165 -0.198118
0.472441 0.677165 -0.154596
0.480315 0.677165 -0.110697
0.488189 0.677165 -0.0665264
0.496063 0.677165 -0.0221931
0.503937 0.677165 0.0221945
0.511811 0.677165 0.0665278
0.519685 0.677165 0.110698
0.527559 0.677165 0.154598
0.535433 0.677165 0.198119
0.543307 0.677165 0.241155
0.551181 0.677165 0.283602
0.559055 0.677165 0.325354
0.566929 0.677165 0.36631
0.574803 0.677165 0.40637
0.582677 0.677165 0.445435
0.590551 0.677165 0.48341
0.598425 0.677165 0.520202
0.606299 0.677165 0.555721
0.614173 0.677165 0.589881
0.622047 0.677165 0.622596
0.629921 0.677165 0.653788
0.637795 0.677165 0.68338
0.645669 0.677165 0.7113
0.653543 0.677165 0.737479
0.661417 0.677165 0.761854
0.669291 0.677165 0.784364
0.677165 0.677165 0.804954
0.685039 0.677165 0.823575
0.692913 0.677165 0.84018
0.700787 0.677165 0.854729
0.708661 0.677165 0.867187
0.716535 0.677165 0.877522
0.724409 0.677165 0.88571
0.732283 0.677165 0.891731
0.740157 0.677165 0.895569
0.748031 0.677165 0.897215
0.755906 0.677165 0.896666
0.76378 0.677165 0.893923
0.771654 0.677165 0.888992
0.779528 0.677165 0.881886
0.787402 0.677165 0.872621
0.795276 0.677165 0.861221
0.80315 0.677165 0.847714
0.811024 0.677165 0.832132
0.818898 0.677165 0.814513
0.826772 0.677165 0.794902
0.834646 0.677165 0.773345
0.84252 0.677165 0.749896
0.850394 0.677165 0.724611
0.858268 0.677165 0.697553
0.866142 0.677165 0.668789
0.874016 0.677165 0.638387
0.88189 0.677165 0.606423
0.889764 0.677165 0.572976
0.897638 0.677165 0.538126
0.905512 0.677165 0.501959
0.913386 0.677165 0.464564
0.92126 0.677165 0.426032
0.929134 0.677165 0.386458
0.937008 0.677165 0.345937
0.944882 0.677165 0.304571
0.952756 0.677165 0.262458
0.96063 0.677165 0.219704
0.968504 0.677165 0.176412
0.976378 0.677165 0.132688
0.984252 0.677165 0.0886395
0.992126 0.677165 0.044374
1 0.677165 0
0 0.685039 0
0.00787402 0.685039 -0.0454005
0.015748 0.685039 -0.0906899
0.023622 0.685039 -0.135757
0.0314961 0.685039 -0.180493
0.0393701 0.685039 -0.224786
0.0472441 0.685039 -0.268529
0.0551181 0.685039 -0.311616
0.0629921 0.685039 -0.35394
0.0708661 0.685039 -0.395397
0.0787402 0.685039 -0.435887
0.0866142 0.685039 -0.47531
0.0944882 0.685039 -0.51357
0.102362 0.685039 -0.550574
0.110236 0.685039 -0.58623
0.11811 0.685039 -0.620451
0.125984 0.685039 -0.653154
0.133858 0.685039 -0.684259
0.141732 0.685039 -0.713689
0.149606 0.685039 -0.741373
0.15748 0.685039 -0.767242
0.165354 0.685039 -0.791234
0.173228 0.685039 -0.813289
0.181102 0.685039 -0.833355
0.188976 0.685039 -0.85138
0.19685 0.685039 -0.867323
0.204724 0.685039 -0.881143
0.212598 0.685039 -0.892806
0.220472 0.685039 -0.902285
0.228346 0.685039 -0.909556
0.23622 0.685039 -0.914601
0.244094 0.685039 -0.917408
0.251969 0.685039 -0.917969
0.259843 0.685039 -0.916285
0.267717 0.685039 -0.912358
0.275591 0.685039 -0.906198
0.283465 0.685039 -0.89782
0.291339 0.685039 -0.887246
0.299213 0.685039 -0.8745
0.307087 0.685039 -0.859615
0.314961 0.685039 -0.842625
0.322835 0.685039 -0.823574
0.330709 0.685039 -0.802507
0.338583 0.685039 -0.779476
0.346457 0.685039 -0.754538
0.354331 0.685039 -0.727753
0.362205 0.685039 -0.699187
0.370079 0.685039 -0.668911
0.377953 0.685039 -0.636997
0.385827 0.685039 -0.603525
0.393701 0.685039 -0.568575
0.401575 0.685039 -0.532235
0.409449 0.685039 -0.494591
0.417323 0.685039 -0.455738
0.425197 0.685039 -0.415769
0.433071 0.685039 -0.374782
0.440945 0.685039 -0.332879
0.448819 0.685039 -0.290161
0.456693 0.685039 -0.246733
0.464567 0.685039 -0.202701
0.472441 0.685039 -0.158173
0.480315 0.685039 -0.113258
0.488189 0.685039 -0.0680653
0.496063 0.685039 -0.0227065
0.503937 0.685039 0.0227079
0.511811 0.685039 0.0680667
0.519685 0.685039 0.113259
0.527559 0.685039 0.158174
0.535433 0.685039 0.202702
0.543307 0.685039 0.246734
0.551181 0.685039 0.290162
0.559055 0.685039 0.33288
0.566929 0.685039 0.374784
0.574803 0.685039 0.41577
0.582677 0.685039 0.455739
0.590551 0.685039 0.494593
0.598425 0.685039 0.532236
0.606299 0.685039 0.568577
0.614173 0.685039 0.603526
0.622047 0.685039 0.636998
0.629921 0.685039 0.668912
0.637795 0.685039 0.699189
0.645669 0.685039 0.727754
0.653543 0.685039 0.754539
0.661417 0.685039 0.779477
0.669291 0.685039 0.802508
0.677165 0.685039 0.823575
0.685039 0.685039 0.842626
0.692913 0.685039 0.859616
0.700787 0.685039 0.874501
0.708661 0.685039 0.887247
0.716535 0.685039 0.897822
0.724409 0.685039 0.906199
0.732283 0.685039 0.912359
0.740157 0.685039 0.916286
0.748031 0.685039 0.91797
0.755906 0.685039 0.917409
0.76378 0.685039 0.914602
0.771654 0.685039 0.909557
0.779528 0.685039 0.902286
0.787402 0.685039 0.892807
0.795276 0.685039 0.881144
0.80315 0.685039 0.867324
0.811024 0.685039 0.851381
0.818898 0.685039 0.833355
0.826772 0.685039 0.81329
0.834646 0.685039 0.791234
0.84252 0.685039 0.767243
0.850394 0.685039 0.741373
0.858268 0.685039 0.71369
0.866142 0.685039 0.684259
0.874016 0.685039 0.653155
0.88189 0.685039 0.620452
0.889764 0.685039 0.58623
0.897638 0.685039 0.550574
0.905512 0.685039 0.513571
0.913386 0.685039 0.475311
0.92126 0.685039 0.435887
0.929134 0.685039 0.395397
0.937008 0.685039 0.35394
0.944882 0.685039 0.311616
0.952756 0.685039 0.26853
0.96063 0.685039 0.224786
0.968504 0.685039 0.180493
0.976378 0.685039 0.135757
0.984252 0.685039 0.0906899
0.992126 0.685039 0.0454005
1 0.685039 0
0 0.692913 0
0.00787402 0.692913 -0.0463159
0.015748 0.692913 -0.0925184
0.023622 0.692913 -0.138495
0.0314961 0.692913 -0.184132
0.0393701 0.692913 -0.229318
0.0472441 0.692913 -0.273944
0.0551181 0.692913 -0.317899
0.0629921 0.692913 -0.361076
0.0708661 0.692913 -0.403369
0.0787402 0.692913 -0.444676
0.0866142 0.692913 -0.484894
0.0944882 0.692913 -0.523925
0.102362 0.692913 -0.561675
0.110236 0.692913 -0.59805
0.11811 0.692913 -0.632961
0.125984 0.692913 -0.666323
0.133858 0.692913 -0.698055
0.141732 0.692913 -0.728079
0.149606 0.692913 -0.75632
0.15748 0.692913 -0.782711
0.165354 0.692913 -0.807187
0.173228 0.692913 -0.829687
0.181102 0.692913 -0.850157
0.188976 0.692913 -0.868546
0.19685 0.692913 -0.88481
0.204724 0.692913 -0.898909
0.212598 0.692913 -0.910808
0.220472 0.692913 -0.920478
0.228346 0.692913 -0.927895
0.23622 0.692913 -0.933042
0.244094 0.692913 -0.935905
0.251969 0.692913 -0.936478
0.259843 0.692913 -0.934759
0.267717 0.692913 -0.930753
0.275591 0.692913 -0.924469
0.283465 0.692913 -0.915923
0.291339 0.692913 -0.905135
0.299213 0.692913 -0.892132
0.307087 0.692913 -0.876946
0.314961 0.692913 -0.859615
0.322835 0.692913 -0.840179
0.330709 0.692913 -0.818687
0.338583 0.692913 -0.795192
0.346457 0.692913 -0.769751
0.354331 0.692913 -0.742426
0.362205 0.692913 -0.713285
0.370079 0.692913 -0.682398
0.377953 0.692913 -0.649841
0.385827 0.692913 -0.615693
0.393701 0.692913 -0.580039
0.401575 0.692913 -0.542966
0.409449 0.692913 -0.504563
0.417323 0.692913 -0.464926
0.425197 0.692913 -0.424152
0.433071 0.692913 -0.382339
0.440945 0.692913 -0.339591
0.448819 0.692913 -0.296011
0.456693 0.692913 -0.251707
0.464567 0.692913 -0.206788
0.472441 0.692913 -0.161362
0.480315 0.692913 -0.115541
0.488189 0.692913 -0.0694377
0.496063 0.692913 -0.0231644
0.503937 0.692913 0.0231657
0.511811 0.692913 0.0694391
0.519685 0.692913 0.115543
0.527559 0.692913 0.161363
0.535433 0.692913 0.206789
0.543307 0.692913 0.251709
0.551181 0.692913 0.296013
0.559055 0.692913 0.339592
0.566929 0.692913 0.38234
0.574803 0.692913 0.424153
0.582677 0.692913 0.464928
0.590551 0.692913 0.504565
0.598425 0.692913 0.542967
0.606299 0.692913 0.58004
0.614173 0.692913 0.615695
0.622047 0.692913 0.649842
0.629921 0.692913 0.682399
0.637795 0.692913 0.713286
0.645669 0.692913 0.742428
0.653543 0.692913 0.769752
0.661417 0.692913 0.795193
0.669291 0.692913 0.818688
0.677165 0.692913 0.84018
0.685039 0.692913 0.859616
0.692913 0.692913 0.876948
0.700787 0.692913 0.892133
0.708661 0.692913 0.905136
0.716535 0.692913 0.915924
0.724409 0.692913 0.92447
0.732283 0.692913 0.930754
0.740157 0.692913 0.93476
0.748031 0.692913 0.936479
0.755906 0.692913 0.935906
0.76378 0.692913 0.933042
0.771654 0.692913 0.927896
0.779528 0.692913 0.920478
0.787402 0.692913 0.910808
0.795276 0.692913 0.89891
0.80315 0.692913 0.884811
0.811024 0.692913 0.868547
0.818898 0.692913 0.850158
0.826772 0.692913 0.829688
0.834646 0.692913 0.807188
0.84252 0.692913 0.782712
0.850394 0.692913 0.756321
0.858268 0.692913 0.728079
0.866142 0.692913 0.698056
0.874016 0.692913 0.666324
0.88189 0.692913 0.632961
0.889764 0.692913 0.59805
0.897638 0.692913 0.561675
0.905512 0.692913 0.523926
0.913386 0.692913 0.484894
0.92126 0.692913 0.444676
0.929134 0.692913 0.40337
0.937008 0.692913 0.361076
0.944882 0.692913 0.317899
0.952756 0.692913 0.273944
0.96063 0.692913 0.229318
0.968504 0.692913 0.184132
0.976378 0.692913 0.138495
0.984252 0.692913 0.0925185
0.992126 0.692913 0.0463159
1 0.692913 0
0 0.700787 0
0.00787402 0.700787 -0.0471179
0.015748 0.700787 -0.0941205
0.023622 0.700787 -0.140893
0.0314961 0.700787 -0.18732
0.0393701 0.700787 -0.233289
0.0472441 0.700787 -0.278688
0.0551181 0.700787 -0.323404
0.0629921 0.700787 -0.367328
0.0708661 0.700787 -0.410354
0.0787402 0.700787 -0.452376
0.0866142 0.700787 -0.493291
0.0944882 0.700787 -0.532998
0.102362 0.700787 -0.571401
0.110236 0.700787 -0.608406
0.11811 0.700787 -0.643922
0.125984 0.700787 -0.677862
0.133858 0.700787 -0.710143
0.141732 0.700787 -0.740687
0.149606 0.700787 -0.769418
0.15748 0.700787 -0.796266
0.165354 0.700787 -0.821165
0.173228 0.700787 -0.844055
0.181102 0.700787 -0.864879
0.188976 0.700787 -0.883587
0.19685 0.700787 -0.900132
0.204724 0.700787 -0.914475
0.212598 0.700787 -0.92658
0.220472 0.700787 -0.936417
0.228346 0.700787 -0.943963
0.23622 0.700787 -0.949199
0.244094 0.700787 -0.952112
0.251969 0.700787 -0.952695
0.259843 0.700787 -0.950946
0.267717 0.700787 -0.946871
0.275591 0.700787 -0.940478
0.283465 0.700787 -0.931784
0.291339 0.700787 -0.920809
0.299213 0.700787 -0.907581
0.307087 0.700787 -0.892132
0.314961 0.700787 -0.8745
0.322835 0.700787 -0.854728
0.330709 0.700787 -0.832864
0.338583 0.700787 -0.808962
0.346457 0.700787 -0.783081
0.354331 0.700787 -0.755283
0.362205 0.700787 -0.725637
0.370079 0.700787 -0.694215
0.377953 0.700787 -0.661094
0.385827 0.700787 -0.626355
0.393701 0.700787 -0.590084
0.401575 0.700787 -0.552368
0.409449 0.700787 -0.513301
0.417323 0.700787 -0.472978
0.425197 0.700787 -0.431497
0.433071 0.700787 -0.38896
0.440945 0.700787 -0.345471
0.448819 0.700787 -0.301137
0.456693 0.700787 -0.256066
0.464567 0.700787 -0.210369
0.472441 0.700787 -0.164156
0.480315 0.700787 -0.117542
0.488189 0.700787 -0.0706402
0.496063 0.700787 -0.0235655
0.503937 0.700787 0.0235668
0.511811 0.700787 0.0706415
0.519685 0.700787 0.117543
0.527559 0.700787 0.164157
0.535433 0.700787 0.21037
0.543307 0.700787 0.256068
0.551181 0.700787 0.301139
0.559055 0.700787 0.345473
0.566929 0.700787 0.388961
0.574803 0.700787 0.431498
0.582677 0.700787 0.472979
0.590551 0.700787 0.513302
0.598425 0.700787 0.552369
0.606299 0.700787 0.590085
0.614173 0.700787 0.626356
0.622047 0.700787 0.661095
0.629921 0.700787 0.694216
0.637795 0.700787 0.725638
0.645669 0.700787 0.755284
0.653543 0.700787 0.783082
0.661417 0.700787 0.808964
0.669291 0.700787 0.832866
0.677165 0.700787 0.854729
0.685039 0.700787 0.874501
0.692913 0.700787 0.892133
0.700787 0.700787 0.907582
0.708661 0.700787 0.92081
0.716535 0.700787 0.931785
0.724409 0.700787 0.940479
0.732283 0.700787 0.946872
0.740157 0.700787 0.950947
0.748031 0.700787 0.952696
0.755906 0.700787 0.952113
0.76378 0.700787 0.9492
0.771654 0.700787 0.943964
0.779528 0.700787 0.936418
0.787402 0.700787 0.926581
0.795276 0.700787 0.914476
0.80315 0.700787 0.900133
0.811024 0.700787 0.883588
0.818898 0.700787 0.86488
0.826772 0.700787 0.844055
0.834646 0.700787 0.821166
0.84252 0.700787 0.796266
0.850394 0.700787 0.769418
0.858268 0.700787 0.740687
0.866142 0.700787 0.710144
0.874016 0.700787 0.677862
0.88189 0.700787 0.643922
0.889764 0.700787 0.608406
0.897638 0.700787 0.571402
0.905512 0.700787 0.532998
0.913386 0.700787 0.493291
0.92126 0.700787 0.452376
0.929134 0.700787 0.410355
0.937008 0.700787 0.367329
0.944882 0.700787 0.323404
0.952756 0.700787 0.278688
0.96063 0.700787 0.23329
0.968504 0.700787 0.18732
0.976378 0.700787 0.140893
0.984252 0.700787 0.0941206
0.992126 0.700787 0.0471179
1 0.700787 0
0 0.708661 0
0.00787402 0.708661 -0.0478046
0.015748 0.708661 -0.0954923
0.023622 0.708661 -0.142946
0.0314961 0.708661 -0.19005
0.0393701 0.708661 -0.23669
0.0472441 0.708661 -0.282749
0.0551181 0.708661 -0.328117
0.0629921 0.708661 -0.372682
0.0708661 0.708661 -0.416335
0.0787402 0.708661 -0.458969
0.0866142 0.708661 -0.50048
0.0944882 0.708661 -0.540766
0.102362 0.708661 -0.579729
0.110236 0.708661 -0.617273
0.11811 0.708661 -0.653307
0.125984 0.708661 -0.687742
0.133858 0.708661 -0.720493
0.141732 0.708661 -0.751482
0.149606 0.708661 -0.780632
0.15748 0.708661 -0.807871
0.165354 0.708661 -0.833133
0.173228 0.708661 -0.856357
0.181102 0.708661 -0.877485
0.188976 0.708661 -0.896465
0.19685 0.708661 -0.913252
0.204724 0.708661 -0.927803
0.212598 0.708661 -0.940085
0.220472 0.708661 -0.950065
0.228346 0.708661 -0.957721
0.23622 0.708661 -0.963033
0.244094 0.708661 -0.965989
0.251969 0.708661 -0.96658
0.259843 0.708661 -0.964806
0.267717 0.708661 -0.960671
0.275591 0.708661 -0.954185
0.283465 0.708661 -0.945364
0.291339 0.708661 -0.93423
0.299213 0.708661 -0.920809
0.307087 0.708661 -0.905135
0.314961 0.708661 -0.887246
0.322835 0.708661 -0.867186
0.330709 0.708661 -0.845003
0.338583 0.708661 -0.820753
0.346457 0.708661 -0.794494
0.354331 0.708661 -0.766291
0.362205 0.708661 -0.736213
0.370079 0.708661 -0.704333
0.377953 0.708661 -0.670729
0.385827 0.708661 -0.635484
0.393701 0.708661 -0.598684
0.401575 0.708661 -0.560419
0.409449 0.708661 -0.520782
0.417323 0.708661 -0.479871
0.425197 0.708661 -0.437786
0.433071 0.708661 -0.394629
0.440945 0.708661 -0.350506
0.448819 0.708661 -0.305526
0.456693 0.708661 -0.259798
0.464567 0.708661 -0.213435
0.472441 0.708661 -0.166549
0.480315 0.708661 -0.119255
0.488189 0.708661 -0.0716698
0.496063 0.708661 -0.023909
0.503937 0.708661 0.0239103
0.511811 0.708661 0.0716711
0.519685 0.708661 0.119256
0.527559 0.708661 0.16655
0.535433 0.708661 0.213436
0.543307 0.708661 0.2598
0.551181 0.708661 0.305528
0.559055 0.708661 0.350508
0.566929 0.708661 0.39463
0.574803 0.708661 0.437787
0.582677 0.708661 0.479872
0.590551 0.708661 0.520783
0.598425 0.708661 0.56042
0.606299 0.708661 0.598685
0.614173 0.708661 0.635485
0.622047 0.708661 0.67073
0.629921 0.708661 0.704334
0.637795 0.708661 0.736214
0.645669 0.708661 0.766292
0.653543 0.708661 0.794495
0.661417 0.708661 0.820754
0.669291 0.708661 0.845004
0.677165 0.708661 0.867187
0.685039 0.708661 0.887247
0.692913 0.708661 0.905136
0.700787 0.708661 0.92081
0.708661 0.708661 0.934231
0.716535 0.708661 0.945365
0.724409 0.708661 0.954186
0.732283 0.708661 0.960672
0.740157 0.708661 0.964807
0.748031 0.708661 0.966581
0.755906 0.708661 0.96599
0.76378 0.708661 0.963034
0.771654 0.708661 0.957722
0.779528 0.708661 0.950066
0.787402 0.708661 0.940085
0.795276 0.708661 0.927804
0.80315 0.708661 0.913252
0.811024 0.708661 0.896466
0.818898 0.708661 0.877485
0.826772 0.708661 0.856357
0.834646 0.708661 0.833134
0.84252 0.708661 0.807872
0.850394 0.708661 0.780632
0.858268 0.708661 0.751483
0.866142 0.708661 0.720494
0.874016 0.708661 0.687742
0.88189 0.708661 0.653307
0.889764 0.708661 0.617274
0.897638 0.708661 0.57973
0.905512 0.708661 0.540767
0.913386 0.708661 0.500481
0.92126 0.708661 0.45897
0.929134 0.708661 0.416335
0.937008 0.708661 0.372682
0.944882 0.708661 0.328117
0.952756 0.708661 0.28275
0.96063 0.708661 0.23669
0.968504 0.708661 0.190051
0.976378 0.708661 0.142946
0.984252 0.708661 0.0954924
0.992126 0.708661 0.0478047
1 0.708661 0
0 0.716535 0
0.00787402 0.716535 -0.0483744
0.015748 0.716535 -0.0966304
0.023622 0.716535 -0.14465
0.0314961 0.716535 -0.192316
0.0393701 0.716535 -0.23951
0.0472441 0.716535 -0.286119
0.0551181 0.716535 -0.332028
0.0629921 0.716535 -0.377124
0.0708661 0.716535 -0.421297
0.0787402 0.716535 -0.464439
0.0866142 0.716535 -0.506445
0.0944882 0.716535 -0.547211
0.102362 0.716535 -0.586639
0.110236 0.716535 -0.62463
0.11811 0.716535 -0.661093
0.125984 0.716535 -0.695938
0.133858 0.716535 -0.729081
0.141732 0.716535 -0.760438
0.149606 0.716535 -0.789935
0.15748 0.716535 -0.817499
0.165354 0.716535 -0.843063
0.173228 0.716535 -0.866563
0.181102 0.716535 -0.887943
0.188976 0.716535 -0.907149
0.19685 0.716535 -0.924136
0.204724 0.716535 -0.938861
0.212598 0.716535 -0.951289
0.220472 0.716535 -0.961389
0.228346 0.716535 -0.969136
0.23622 0.716535 -0.974511
0.244094 0.716535 -0.977502
0.251969 0.716535 -0.9781
0.259843 0.716535 -0.976305
0.267717 0.716535 -0.972121
0.275591 0.716535 -0.965557
0.283465 0.716535 -0.956631
0.291339 0.716535 -0.945364
0.299213 0.716535 -0.931784
0.307087 0.716535 -0.915923
0.314961 0.716535 -0.89782
0.322835 0.716535 -0.877521
0.330709 0.716535 -0.855074
0.338583 0.716535 -0.830535
0.346457 0.716535 -0.803963
0.354331 0.716535 -0.775424
0.362205 0.716535 -0.744987
0.370079 0.716535 -0.712727
0.377953 0.716535 -0.678723
0.385827 0.716535 -0.643058
0.393701 0.716535 -0.605819
0.401575 0.716535 -0.567098
0.409449 0.716535 -0.526989
0.417323 0.716535 -0.48559
0.425197 0.716535 -0.443003
0.433071 0.716535 -0.399332
0.440945 0.716535 -0.354684
0.448819 0.716535 -0.309168
0.456693 0.716535 -0.262895
0.464567 0.716535 -0.215978
0.472441 0.716535 -0.168534
0.480315 0.716535 -0.120677
0.488189 0.716535 -0.072524
0.496063 0.716535 -0.024194
0.503937 0.716535 0.0241952
0.511811 0.716535 0.0725252
0.519685 0.716535 0.120678
0.527559 0.716535 0.168535
0.535433 0.716535 0.21598
0.543307 0.716535 0.262896
0.551181 0.716535 0.309169
0.559055 0.716535 0.354685
0.566929 0.716535 0.399334
0.574803 0.716535 0.443005
0.582677 0.716535 0.485592
0.590551 0.716535 0.52699
0.598425 0.716535 0.567099
0.606299 0.716535 0.605821
0.614173 0.716535 0.643059
0.622047 0.716535 0.678724
0.629921 0.716535 0.712728
0.637795 0.716535 0.744988
0.645669 0.716535 0.775425
0.653543 0.716535 0.803964
0.661417 0.716535 0.830536
0.669291 0.716535 0.855075
0.677165 0.716535 0.877522
0.685039 0.716535 0.897822
0.692913 0.716535 0.915924
0.700787 0.716535 0.931785
0.708661 0.716535 0.945365
0.716535 0.716535 0.956632
0.724409 0.716535 0.965558
0.732283 0.716535 0.972122
0.740157 0.716535 0.976306
0.748031 0.716535 0.978101
0.755906 0.716535 0.977502
0.76378 0.716535 0.974512
0.771654 0.716535 0.969136
0.779528 0.716535 0.961389
0.787402 0.716535 0.95129
0.795276 0.716535 0.938862
0.80315 0.716535 0.924137
0.811024 0.716535 0.90715
0.818898 0.716535 0.887943
0.826772 0.716535 0.866564
0.834646 0.716535 0.843063
0.84252 0.716535 0.8175
0.850394 0.716535 0.789936
0.858268 0.716535 0.760439
0.866142 0.716535 0.729081
0.874016 0.716535 0.695939
0.88189 0.716535 0.661094
0.889764 0.716535 0.624631
0.897638 0.716535 0.586639
0.905512 0.716535 0.547212
0.913386 0.716535 0.506445
0.92126 0.716535 0.46444
0.929134 0.716535 0.421297
0.937008 0.716535 0.377124
0.944882 0.716535 0.332028
0.952756 0.716535 0.286119
0.96063 0.716535 0.239511
0.968504 0.716535 0.192316
0.976378 0.716535 0.14465
0.984252 0.716535 0.0966305
0.992126 0.716535 0.0483744
1 0.716535 0
0 0.724409 0
0.00787402 0.724409 -0.0488258
0.015748 0.724409 -0.097532
0.023622 0.724409 -0.146
0.0314961 0.724409 -0.19411
0.0393701 0.724409 -0.241745
0.0472441 0.724409 -0.288789
0.0551181 0.724409 -0.335126
0.0629921 0.724409 -0.380643
0.0708661 0.724409 -0.425228
0.0787402 0.724409 -0.468773
0.0866142 0.724409 -0.511171
0.0944882 0.724409 -0.552317
0.102362 0.724409 -0.592112
0.110236 0.724409 -0.630458
0.11811 0.724409 -0.667262
0.125984 0.724409 -0.702432
0.133858 0.724409 -0.735883
0.141732 0.724409 -0.767534
0.149606 0.724409 -0.797306
0.15748 0.724409 -0.825127
0.165354 0.724409 -0.850929
0.173228 0.724409 -0.874649
0.181102 0.724409 -0.896228
0.188976 0.724409 -0.915614
0.19685 0.724409 -0.932759
0.204724 0.724409 -0.947622
0.212598 0.724409 -0.960165
0.220472 0.724409 -0.970359
0.228346 0.724409 -0.978178
0.23622 0.724409 -0.983604
0.244094 0.724409 -0.986622
0.251969 0.724409 -0.987226
0.259843 0.724409 -0.985415
0.267717 0.724409 -0.981191
0.275591 0.724409 -0.974567
0.283465 0.724409 -0.965557
0.291339 0.724409 -0.954185
0.299213 0.724409 -0.940478
0.307087 0.724409 -0.924469
0.314961 0.724409 -0.906198
0.322835 0.724409 -0.885709
0.330709 0.724409 -0.863053
0.338583 0.724409 -0.838284
0.346457 0.724409 -0.811465
0.354331 0.724409 -0.782659
0.362205 0.724409 -0.751938
0.370079 0.724409 -0.719377
0.377953 0.724409 -0.685056
0.385827 0.724409 -0.649058
0.393701 0.724409 -0.611472
0.401575 0.724409 -0.57239
0.409449 0.724409 -0.531906
0.417323 0.724409 -0.490121
0.425197 0.724409 -0.447137
0.433071 0.724409 -0.403058
0.440945 0.724409 -0.357993
0.448819 0.724409 -0.312052
0.456693 0.724409 -0.265348
0.464567 0.724409 -0.217994
0.472441 0.724409 -0.170106
0.480315 0.724409 -0.121803
0.488189 0.724409 -0.0732007
0.496063 0.724409 -0.0244197
0.503937 0.724409 0.024421
0.511811 0.724409 0.0732019
0.519685 0.724409 0.121804
0.527559 0.724409 0.170108
0.535433 0.724409 0.217995
0.543307 0.724409 0.265349
0.551181 0.724409 0.312054
0.559055 0.724409 0.357995
0.566929 0.724409 0.40306
0.574803 0.724409 0.447138
0.582677 0.724409 0.490123
0.590551 0.724409 0.531907
0.598425 0.724409 0.572391
0.606299 0.724409 0.611473
0.614173 0.724409 0.649059
0.622047 0.724409 0.685057
0.629921 0.724409 0.719379
0.637795 0.724409 0.75194
0.645669 0.724409 0.78266
0.653543 0.724409 0.811466
0.661417 0.724409 0.838286
0.669291 0.724409 0.863054
0.677165 0.724409 0.88571
0.685039 0.724409 0.906199
0.692913 0.724409 0.92447
0.700787 0.724409 0.940479
0.708661 0.724409 0.954186
0.716535 0.724409 0.965558
0.724409 0.724409 0.974568
0.732283 0.724409 0.981192
0.740157 0.724409 0.985416
0.748031 0.724409 0.987227
0.755906 0.724409 0.986623
0.76378 0.724409 0.983605
0.771654 0.724409 0.978179
0.779528 0.724409 0.97036
0.787402 0.724409 0.960166
0.795276 0.724409 0.947622
0.80315 0.724409 0.93276
0.811024 0.724409 0.915614
0.818898 0.724409 0.896229
0.826772 0.724409 0.874649
0.834646 0.724409 0.85093
0.84252 0.724409 0.825128
0.850394 0.724409 0.797307
0.858268 0.724409 0.767534
0.866142 0.724409 0.735884
0.874016 0.724409 0.702433
0.88189 0.724409 0.667262
0.889764 0.724409 0.630459
0.897638 0.724409 0.592113
0.905512 0.724409 0.552318
0.913386 0.724409 0.511171
0.92126 0.724409 0.468773
0.929134 0.724409 0.425228
0.937008 0.724409 0.380643
0.944882 0.724409 0.335126
0.952756 0.724409 0.288789
0.96063 0.724409 0.241745
0.968504 0.724409 0.19411
0.976378 0.724409 0.146
0.984252 0.724409 0.0975321
0.992126 0.724409 0.0488258
1 0.724409 0
0 0.732283 0
0.00787402 0.732283 -0.0491576
0.015748 0.732283 -0.098195
0.023622 0.732283 -0.146992
0.0314961 0.732283 -0.195429
0.0393701 0.732283 -0.243388
0.0472441 0.732283 -0.290752
0.0551181 0.732283 -0.337404
0.0629921 0.732283 -0.38323
0.0708661 0.732283 -0.428119
0.0787402 0.732283 -0.471959
0.0866142 0.732283 -0.514645
0.0944882 0.732283 -0.556072
0.102362 0.732283 -0.596137
0.110236 0.732283 -0.634744
0.11811 0.732283 -0.671797
0.125984 0.732283 -0.707207
0.133858 0.732283 -0.740885
0.141732 0.732283 -0.772751
0.149606 0.732283 -0.802726
0.15748 0.732283 -0.830736
0.165354 0.732283 -0.856713
0.173228 0.732283 -0.880594
0.181102 0.732283 -0.90232
0.188976 0.732283 -0.921837
0.19685 0.732283 -0.939099
0.204724 0.732283 -0.954063
0.212598 0.732283 -0.966692
0.220472 0.732283 -0.976955
0.228346 0.732283 -0.984827
0.23622 0.732283 -0.99029
0.244094 0.732283 -0.993329
0.251969 0.732283 -0.993937
0.259843 0.732283 -0.992113
0.267717 0.732283 -0.987861
0.275591 0.732283 -0.981191
0.283465 0.732283 -0.972121
0.291339 0.732283 -0.960671
0.299213 0.732283 -0.946871
0.307087 0.732283 -0.930753
0.314961 0.732283 -0.912358
0.322835 0.732283 -0.89173
0.330709 0.732283 -0.868919
0.338583 0.732283 -0.843983
0.346457 0.732283 -0.816981
0.354331 0.732283 -0.787979
0.362205 0.732283 -0.75705
0.370079 0.732283 -0.724267
0.377953 0.732283 -0.689713
0.385827 0.732283 -0.65347
0.393701 0.732283 -0.615628
0.401575 0.732283 -0.57628
0.409449 0.732283 -0.535522
0.417323 0.732283 -0.493453
0.425197 0.732283 -0.450176
0.433071 0.732283 -0.405798
0.440945 0.732283 -0.360427
0.448819 0.732283 -0.314174
0.456693 0.732283 -0.267151
0.464567 0.732283 -0.219476
0.472441 0.732283 -0.171263
0.480315 0.732283 -0.12263
0.488189 0.732283 -0.0736983
0.496063 0.732283 -0.0245857
0.503937 0.732283 0.024587
0.511811 0.732283 0.0736995
0.519685 0.732283 0.122632
0.527559 0.732283 0.171264
0.535433 0.732283 0.219477
0.543307 0.732283 0.267153
0.551181 0.732283 0.314175
0.559055 0.732283 0.360428
0.566929 0.732283 0.405799
0.574803 0.732283 0.450177
0.582677 0.732283 0.493454
0.590551 0.732283 0.535523
0.598425 0.732283 0.576281
0.606299 0.732283 0.61563
0.614173 0.732283 0.653471
0.622047 0.732283 0.689714
0.629921 0.732283 0.724268
0.637795 0.732283 0.757051
0.645669 0.732283 0.78798
0.653543 0.732283 0.816982
0.661417 0.732283 0.843984
0.669291 0.732283 0.86892
0.677165 0.732283 0.891731
0.685039 0.732283 0.912359
0.692913 0.732283 0.930754
0.700787 0.732283 0.946872
0.708661 0.732283 0.960672
0.716535 0.732283 0.972122
0.724409 0.732283 0.981192
0.732283 0.732283 0.987862
0.740157 0.732283 0.992114
0.748031 0.732283 0.993938
0.755906 0.732283 0.99333
0.76378 0.732283 0.990291
0.771654 0.732283 0.984828
0.779528 0.732283 0.976956
0.787402 0.732283 0.966692
0.795276 0.732283 0.954064
0.80315 0.732283 0.9391
0.811024 0.732283 0.921838
0.818898 0.732283 0.90232
0.826772 0.732283 0.880595
0.834646 0.732283 0.856714
0.84252 0.732283 0.830737
0.850394 0.732283 0.802726
0.858268 0.732283 0.772752
0.866142 0.732283 0.740886
0.874016 0.732283 0.707207
0.88189 0.732283 0.671798
0.889764 0.732283 0.634744
0.897638 0.732283 0.596138
0.905512 0.732283 0.556072
0.913386 0.732283 0.514646
0.92126 0.732283 0.47196
0.929134 0.732283 0.428119
0.937008 0.732283 0.38323
0.944882 0.732283 0.337404
0.952756 0.732283 0.290752
0.96063 0.732283 0.243389
0.968504 0.732283 0.19543
0.976378 0.732283 0.146992
0.984252 0.732283 0.0981951
0.992126 0.732283 0.0491577
1 0.732283 0
0 0.740157 0
0.00787402 0.740157 -0.0493692
0.015748 0.740157 -0.0986177
0.023622 0.740157 -0.147625
0.0314961 0.740157 -0.196271
0.0393701 0.740157 -0.244436
0.0472441 0.740157 -0.292003
0.0551181 0.740157 -0.338856
0.0629921 0.740157 -0.38488
0.0708661 0.740157 -0.429961
0.0787402 0.740157 -0.473991
0.0866142 0.740157 -0.51686
0.0944882 0.740157 -0.558465
0.102362 0.740157 -0.598703
0.110236 0.740157 -0.637476
0.11811 0.740157 -0.674689
0.125984 0.740157 -0.710251
0.133858 0.740157 -0.744074
0.141732 0.740157 -0.776077
0.149606 0.740157 -0.806181
0.15748 0.740157 -0.834312
0.165354 0.740157 -0.860401
0.173228 0.740157 -0.884384
0.181102 0.740157 -0.906204
0.188976 0.740157 -0.925805
0.19685 0.740157 -0.943141
0.204724 0.740157 -0.958169
0.212598 0.740157 -0.970853
0.220472 0.740157 -0.98116
0.228346 0.740157 -0.989066
0.23622 0.740157 -0.994552
0.244094 0.740157 -0.997604
0.251969 0.740157 -0.998215
0.259843 0.740157 -0.996383
0.267717 0.740157 -0.992113
0.275591 0.740157 -0.985415
0.283465 0.740157 -0.976305
0.291339 0.740157 -0.964806
0.299213 0.740157 -0.950946
0.307087 0.740157 -0.934759
0.314961 0.740157 -0.916285
0.322835 0.740157 -0.895568
0.330709 0.740157 -0.872659
0.338583 0.740157 -0.847615
0.346457 0.740157 -0.820497
0.354331 0.740157 -0.791371
0.362205 0.740157 -0.760308
0.370079 0.740157 -0.727385
0.377953 0.740157 -0.692681
0.385827 0.740157 -0.656283
0.393701 0.740157 -0.618278
0.401575 0.740157 -0.578761
0.409449 0.740157 -0.537827
0.417323 0.740157 -0.495577
0.425197 0.740157 -0.452114
0.433071 0.740157 -0.407545
0.440945 0.740157 -0.361978
0.448819 0.740157 -0.315526
0.456693 0.740157 -0.268301
0.464567 0.740157 -0.22042
0.472441 0.740157 -0.172
0.480315 0.740157 -0.123158
0.488189 0.740157 -0.0740155
0.496063 0.740157 -0.0246916
0.503937 0.740157 0.0246928
0.511811 0.740157 0.0740167
0.519685 0.740157 0.12316
0.527559 0.740157 0.172001
0.535433 0.740157 0.220421
0.543307 0.740157 0.268303
0.551181 0.740157 0.315527
0.559055 0.740157 0.361979
0.566929 0.740157 0.407546
0.574803 0.740157 0.452115
0.582677 0.740157 0.495578
0.590551 0.740157 0.537828
0.598425 0.740157 0.578762
0.606299 0.740157 0.618279
0.614173 0.740157 0.656284
0.622047 0.740157 0.692683
0.629921 0.740157 0.727386
0.637795 0.740157 0.760309
0.645669 0.740157 0.791372
0.653543 0.740157 0.820498
0.661417 0.740157 0.847616
0.669291 0.740157 0.87266
0.677165 0.740157 0.895569
0.685039 0.740157 0.916286
0.692913 0.740157 0.93476
0.700787 0.740157 0.950947
0.708661 0.740157 0.964807
0.716535 0.740157 0.976306
0.724409 0.740157 0.985416
0.732283 0.740157 0.992114
0.740157 0.740157 0.996384
0.748031 0.740157 0.998216
0.755906 0.740157 0.997605
0.76378 0.740157 0.994553
0.771654 0.740157 0.989067
0.779528 0.740157 0.981161
0.787402 0.740157 0.970853
0.795276 0.740157 0.95817
0.80315 0.740157 0.943142
0.811024 0.740157 0.925806
0.818898 0.740157 0.906204
0.826772 0.740157 0.884385
0.834646 0.740157 0.860401
0.84252 0.740157 0.834312
0.850394 0.740157 0.806181
0.858268 0.740157 0.776078
0.866142 0.740157 0.744075
0.874016 0.740157 0.710251
0.88189 0.740157 0.674689
0.889764 0.740157 0.637476
0.897638 0.740157 0.598703
0.905512 0.740157 0.558465
0.913386 0.740157 0.516861
0.92126 0.740157 0.473991
0.929134 0.740157 0.429962
0.937008 0.740157 0.38488
0.944882 0.740157 0.338856
0.952756 0.740157 0.292004
0.96063 0.740157 0.244436
0.968504 0.740157 0.196271
0.976378 0.740157 0.147625
0.984252 0.740157 0.0986177
0.992126 0.740157 0.0493693
1 0.740157 0
0 0.748031 0
0.00787402 0.748031 -0.04946
0.015748 0.748031 -0.098799
0.023622 0.748031 -0.147896
0.0314961 0.748031 -0.196631
0.0393701 0.748031 -0.244886
0.0472441 0.748031 -0.29254
0.0551181 0.748031 -0.339479
0.0629921 0.748031 -0.385587
0.0708661 0.748031 -0.430752
0.0787402 0.748031 -0.474862
0.0866142 0.748031 -0.517811
0.0944882 0.748031 -0.559492
0.102362 0.748031 -0.599804
0.110236 0.748031 -0.638648
0.11811 0.748031 -0.675929
0.125984 0.748031 -0.711557
0.133858 0.748031 -0.745443
0.141732 0.748031 -0.777504
0.149606 0.748031 -0.807663
0.15748 0.748031 -0.835846
0.165354 0.748031 -0.861983
0.173228 0.748031 -0.88601
0.181102 0.748031 -0.90787
0.188976 0.748031 -0.927508
0.19685 0.748031 -0.944875
0.204724 0.748031 -0.959931
0.212598 0.748031 -0.972638
0.220472 0.748031 -0.982964
0.228346 0.748031 -0.990885
0.23622 0.748031 -0.996381
0.244094 0.748031 -0.999439
0.251969 0.748031 -1.00005
0.259843 0.748031 -0.998215
0.267717 0.748031 -0.993937
0.275591 0.748031 -0.987226
0.283465 0.748031 -0.9781
0.291339 0.748031 -0.96658
0.299213 0.748031 -0.952695
0.307087 0.748031 -0.936478
0.314961 0.748031 -0.917969
0.322835 0.748031 -0.897214
0.330709 0.748031 -0.874264
0.338583 0.748031 -0.849174
0.346457 0.748031 -0.822006
0.354331 0.748031 -0.792826
0.362205 0.748031 -0.761706
0.370079 0.748031 -0.728722
0.377953 0.748031 -0.693955
0.385827 0.748031 -0.65749
0.393701 0.748031 -0.619415
0.401575 0.748031 -0.579825
0.409449 0.748031 -0.538816
0.417323 0.748031 -0.496488
0.425197 0.748031 -0.452945
0.433071 0.748031 -0.408294
0.440945 0.748031 -0.362644
0.448819 0.748031 -0.316106
0.456693 0.748031 -0.268795
0.464567 0.748031 -0.220826
0.472441 0.748031 -0.172316
0.480315 0.748031 -0.123385
0.488189 0.748031 -0.0741516
0.496063 0.748031 -0.024737
0.503937 0.748031 0.0247382
0.511811 0.748031 0.0741528
0.519685 0.748031 0.123386
0.527559 0.748031 0.172317
0.535433 0.748031 0.220827
0.543307 0.748031 0.268796
0.551181 0.748031 0.316107
0.559055 0.748031 0.362645
0.566929 0.748031 0.408295
0.574803 0.748031 0.452946
0.582677 0.748031 0.496489
0.590551 0.748031 0.538817
0.598425 0.748031 0.579826
0.606299 0.748031 0.619416
0.614173 0.748031 0.657491
0.622047 0.748031 0.693956
0.629921 0.748031 0.728723
0.637795 0.748031 0.761707
0.645669 0.748031 0.792827
0.653543 0.748031 0.822007
0.661417 0.748031 0.849175
0.669291 0.748031 0.874265
0.677165 0.748031 0.897215
0.685039 0.748031 0.91797
0.692913 0.748031 0.936479
0.700787 0.748031 0.952696
0.708661 0.748031 0.966581
0.716535 0.748031 0.978101
0.724409 0.748031 0.987227
0.732283 0.748031 0.993938
0.740157 0.748031 0.998216
0.748031 0.748031 1.00005
0.755906 0.748031 0.999439
0.76378 0.748031 0.996382
0.771654 0.748031 0.990886
0.779528 0.748031 0.982965
0.787402 0.748031 0.972638
0.795276 0.748031 0.959932
0.80315 0.748031 0.944876
0.811024 0.748031 0.927508
0.818898 0.748031 0.90787
0.826772 0.748031 0.886011
0.834646 0.748031 0.861983
0.84252 0.748031 0.835846
0.850394 0.748031 0.807664
0.858268 0.748031 0.777505
0.866142 0.748031 0.745443
0.874016 0.748031 0.711557
0.88189 0.748031 0.67593
0.889764 0.748031 0.638649
0.897638 0.748031 0.599804
0.905512 0.748031 0.559492
0.913386 0.748031 0.517811
0.92126 0.748031 0.474863
0.929134 0.748031 0.430752
0.937008 0.748031 0.385588
0.944882 0.748031 0.339479
0.952756 0.748031 0.292541
0.96063 0.748031 0.244886
0.968504 0.748031 0.196632
0.976378 0.748031 0.147896
0.984252 0.748031 0.098799
0.992126 0.748031 0.04946
1 0.748031 0
0 0.755906 0
0.00787402 0.755906 -0.0494297
0.015748 0.755906 -0.0987385
0.023622 0.755906 -0.147806
0.0314961 0.755906 -0.196511
0.0393701 0.755906 -0.244736
0.0472441 0.755906 -0.292361
0.0551181 0.755906 -0.339272
0.0629921 0.755906 -0.385351
0.0708661 0.755906 -0.430488
0.0787402 0.755906 -0.474572
0.0866142 0.755906 -0.517494
0.0944882 0.755906 -0.55915
0.102362 0.755906 -0.599437
0.110236 0.755906 -0.638257
0.11811 0.755906 -0.675516
0.125984 0.755906 -0.711121
0.133858 0.755906 -0.744986
0.141732 0.755906 -0.777028
0.149606 0.755906 -0.807169
0.15748 0.755906 -0.835334
0.165354 0.755906 -0.861455
0.173228 0.755906 -0.885468
0.181102 0.755906 -0.907314
0.188976 0.755906 -0.92694
0.19685 0.755906 -0.944297
0.204724 0.755906 -0.959344
0.212598 0.755906 -0.972043
0.220472 0.755906 -0.982363
0.228346 0.755906 -0.990279
0.23622 0.755906 -0.995771
0.244094 0.755906 -0.998827
0.251969 0.755906 -0.999439
0.259843 0.755906 -0.997604
0.267717 0.755906 -0.993329
0.275591 0.755906 -0.986622
0.283465 0.755906 -0.977502
0.291339 0.755906 -0.965989
0.299213 0.755906 -0.952112
0.307087 0.755906 -0.935905
0.314961 0.755906 -0.917408
0.322835 0.755906 -0.896665
0.330709 0.755906 -0.873729
0.338583 0.755906 -0.848654
0.346457 0.755906 -0.821503
0.354331 0.755906 -0.792341
0.362205 0.755906 -0.76124
0.370079 0.755906 -0.728276
0.377953 0.755906 -0.69353
0.385827 0.755906 -0.657087
0.393701 0.755906 -0.619036
0.401575 0.755906 -0.57947
0.409449 0.755906 -0.538486
0.417323 0.755906 -0.496184
0.425197 0.755906 -0.452668
0.433071 0.755906 -0.408044
0.440945 0.755906 -0.362422
0.448819 0.755906 -0.315913
0.456693 0.755906 -0.26863
0.464567 0.755906 -0.22069
0.472441 0.755906 -0.172211
0.480315 0.755906 -0.123309
0.488189 0.755906 -0.0741063
0.496063 0.755906 -0.0247219
0.503937 0.755906 0.024723
0.511811 0.755906 0.0741074
0.519685 0.755906 0.12331
0.527559 0.755906 0.172212
0.535433 0.755906 0.220692
0.543307 0.755906 0.268631
0.551181 0.755906 0.315914
0.559055 0.755906 0.362423
0.566929 0.755906 0.408045
0.574803 0.755906 0.452669
0.582677 0.755906 0.496185
0.590551 0.755906 0.538487
0.598425 0.755906 0.579471
0.606299 0.755906 0.619037
0.614173 0.755906 0.657088
0.622047 0.755906 0.693531
0.629921 0.755906 0.728277
0.637795 0.755906 0.761241
0.645669 0.755906 0.792342
0.653543 0.755906 0.821504
0.661417 0.755906 0.848655
0.669291 0.755906 0.87373
0.677165 0.755906 0.896666
0.685039 0.755906 0.917409
0.692913 0.755906 0.935906
0.700787 0.755906 0.952113
0.708661 0.755906 0.96599
0.716535 0.755906 0.977502
0.724409 0.755906 0.986623
0.732283 0.755906 0.99333
0.740157 0.755906 0.997605
0.748031 0.755906 0.999439
0.755906 0.755906 0.998828
0.76378 0.755906 0.995772
0.771654 0.755906 0.990279
0.779528 0.755906 0.982363
0.787402 0.755906 0.972043
0.795276 0.755906 0.959344
0.80315 0.755906 0.944298
0.811024 0.755906 0.926941
0.818898 0.755906 0.907315
0.826772 0.755906 0.885469
0.834646 0.755906 0.861456
0.84252 0.755906 0.835335
0.850394 0.755906 0.80717
0.858268 0.755906 0.777029
0.866142 0.755906 0.744987
0.874016 0.755906 0.711122
0.88189 0.755906 0.675516
0.889764 0.755906 0.638258
0.897638 0.755906 0.599437
0.905512 0.755906 0.55915
0.913386 0.755906 0.517494
0.92126 0.755906 0.474572
0.929134 0.755906 0.430489
0.937008 0.755906 0.385352
0.944882 0.755906 0.339272
0.952756 0.755906 0.292361
0.96063 0.755906 0.244736
0.968504 0.755906 0.196511
0.976378 0.755906 0.147806
0.984252 0.755906 0.0987386
0.992126 0.755906 0.0494298
1 0.755906 0
0 0.76378 0
0.00787402 0.76378 -0.0492785
0.015748 0.76378 -0.0984364
0.023622 0.76378 -0.147353
0.0314961 0.76378 -0.19591
0.0393701 0.76378 -0.243987
0.0472441 0.76378 -0.291467
0.0551181 0.76378 -0.338234
0.0629921 0.76378 -0.384172
0.0708661 0.76378 -0.429171
0.0787402 0.76378 -0.47312
0.0866142 0.76378 -0.515911
0.0944882 0.76378 -0.557439
0.102362 0.76378 -0.597603
0.110236 0.76378 -0.636305
0.11811 0.76378 -0.673449
0.125984 0.76378 -0.708946
0.133858 0.76378 -0.742707
0.141732 0.76378 -0.774651
0.149606 0.76378 -0.8047
0.15748 0.76378 -0.832779
0.165354 0.76378 -0.85882
0.173228 0.76378 -0.882759
0.181102 0.76378 -0.904538
0.188976 0.76378 -0.924104
0.19685 0.76378 -0.941408
0.204724 0.76378 -0.956409
0.212598 0.76378 -0.969069
0.220472 0.76378 -0.979357
0.228346 0.76378 -0.987249
0.23622 0.76378 -0.992725
0.244094 0.76378 -0.995771
0.251969 0.76378 -0.996381
0.259843 0.76378 -0.994552
0.267717 0.76378 -0.99029
0.275591 0.76378 -0.983604
0.283465 0.76378 -0.974511
0.291339 0.76378 -0.963033
0.299213 0.76378 -0.949199
0.307087 0.76378 -0.933042
0.314961 0.76378 -0.914601
0.322835 0.76378 -0.893922
0.330709 0.76378 -0.871056
0.338583 0.76378 -0.846058
0.346457 0.76378 -0.818989
0.354331 0.76378 -0.789917
0.362205 0.76378 -0.758911
0.370079 0.76378 -0.726048
0.377953 0.76378 -0.691409
0.385827 0.76378 -0.655077
0.393701 0.76378 -0.617142
0.401575 0.76378 -0.577697
0.409449 0.76378 -0.536839
0.417323 0.76378 -0.494666
0.425197 0.76378 -0.451283
0.433071 0.76378 -0.406796
0.440945 0.76378 -0.361313
0.448819 0.76378 -0.314946
0.456693 0.76378 -0.267808
0.464567 0.76378 -0.220015
0.472441 0.76378 -0.171684
0.480315 0.76378 -0.122932
0.488189 0.76378 -0.0738796
0.496063 0.76378 -0.0246463
0.503937 0.76378 0.0246474
0.511811 0.76378 0.0738807
0.519685 0.76378 0.122933
0.527559 0.76378 0.171685
0.535433 0.76378 0.220016
0.543307 0.76378 0.267809
0.551181 0.76378 0.314947
0.559055 0.76378 0.361314
0.566929 0.76378 0.406797
0.574803 0.76378 0.451284
0.582677 0.76378 0.494667
0.590551 0.76378 0.53684
0.598425 0.76378 0.577698
0.606299 0.76378 0.617143
0.614173 0.76378 0.655078
0.622047 0.76378 0.69141
0.629921 0.76378 0.726049
0.637795 0.76378 0.758912
0.645669 0.76378 0.789918
0.653543 0.76378 0.81899
0.661417 0.76378 0.846059
0.669291 0.76378 0.871057
0.677165 0.76378 0.893923
0.685039 0.76378 0.914602
0.692913 0.76378 0.933042
0.700787 0.76378 0.9492
0.708661 0.76378 0.963034
0.716535 0.76378 0.974512
0.724409 0.76378 0.983605
0.732283 0.76378 0.990291
0.740157 0.76378 0.994553
0.748031 0.76378 0.996382
0.755906 0.76378 0.995772
0.76378 0.76378 0.992726
0.771654 0.76378 0.98725
0.779528 0.76378 0.979358
0.787402 0.76378 0.969069
0.795276 0.76378 0.956409
0.80315 0.76378 0.941409
0.811024 0.76378 0.924105
0.818898 0.76378 0.904539
0.826772 0.76378 0.88276
0.834646 0.76378 0.85882
0.84252 0.76378 0.832779
0.850394 0.76378 0.8047
0.858268 0.76378 0.774652
0.866142 0.76378 0.742708
0.874016 0.76378 0.708946
0.88189 0.76378 0.67345
0.889764 0.76378 0.636305
0.897638 0.76378 0.597603
0.905512 0.76378 0.557439
0.913386 0.76378 0.515911
0.92126 0.76378 0.47312
0.929134 0.76378 0.429172
0.937008 0.76378 0.384173
0.944882 0.76378 0.338234
0.952756 0.76378 0.291467
0.96063 0.76378 0.243987
0.968504 0.76378 0.19591
0.976378 0.76378 0.147354
0.984252 0.76378 0.0984365
0.992126 0.76378 0.0492785
1 0.76378 0
0 0.771654 0
0.00787402 0.771654 -0.0490067
0.015748 0.771654 -0.0978935
0.023622 0.771654 -0.146541
0.0314961 0.771654 -0.194829
0.0393701 0.771654 -0.242641
0.0472441 0.771654 -0.289859
0.0551181 0.771654 -0.336368
0.0629921 0.771654 -0.382053
0.0708661 0.771654 -0.426804
0.0787402 0.771654 -0.47051
0.0866142 0.771654 -0.513065
0.0944882 0.771654 -0.554364
0.102362 0.771654 -0.594307
0.110236 0.771654 -0.632795
0.11811 0.771654 -0.669734
0.125984 0.771654 -0.705035
0.133858 0.771654 -0.73861
0.141732 0.771654 -0.770378
0.149606 0.771654 -0.800261
0.15748 0.771654 -0.828185
0.165354 0.771654 -0.854083
0.173228 0.771654 -0.87789
0.181102 0.771654 -0.899549
0.188976 0.771654 -0.919007
0.19685 0.771654 -0.936216
0.204724 0.771654 -0.951133
0.212598 0.771654 -0.963723
0.220472 0.771654 -0.973955
0.228346 0.771654 -0.981803
0.23622 0.771654 -0.987249
0.244094 0.771654 -0.990279
0.251969 0.771654 -0.990885
0.259843 0.771654 -0.989066
0.267717 0.771654 -0.984827
0.275591 0.771654 -0.978178
0.283465 0.771654 -0.969136
0.291339 0.771654 -0.957721
0.299213 0.771654 -0.943963
0.307087 0.771654 -0.927895
0.314961 0.771654 -0.909556
0.322835 0.771654 -0.888991
0.330709 0.771654 -0.866251
0.338583 0.771654 -0.841391
0.346457 0.771654 -0.814472
0.354331 0.771654 -0.78556
0.362205 0.771654 -0.754725
0.370079 0.771654 -0.722043
0.377953 0.771654 -0.687595
0.385827 0.771654 -0.651464
0.393701 0.771654 -0.613738
0.401575 0.771654 -0.574511
0.409449 0.771654 -0.533877
0.417323 0.771654 -0.491938
0.425197 0.771654 -0.448794
0.433071 0.771654 -0.404552
0.440945 0.771654 -0.35932
0.448819 0.771654 -0.313209
0.456693 0.771654 -0.266331
0.464567 0.771654 -0.218802
0.472441 0.771654 -0.170737
0.480315 0.771654 -0.122254
0.488189 0.771654 -0.073472
0.496063 0.771654 -0.0245103
0.503937 0.771654 0.0245114
0.511811 0.771654 0.0734731
0.519685 0.771654 0.122255
0.527559 0.771654 0.170738
0.535433 0.771654 0.218803
0.543307 0.771654 0.266332
0.551181 0.771654 0.31321
0.559055 0.771654 0.359321
0.566929 0.771654 0.404553
0.574803 0.771654 0.448795
0.582677 0.771654 0.491939
0.590551 0.771654 0.533878
0.598425 0.771654 0.574512
0.606299 0.771654 0.613739
0.614173 0.771654 0.651465
0.622047 0.771654 0.687596
0.629921 0.771654 0.722044
0.637795 0.771654 0.754726
0.645669 0.771654 0.785561
0.653543 0.771654 0.814473
0.661417 0.771654 0.841392
0.669291 0.771654 0.866252
0.677165 0.771654 0.888992
0.685039 0.771654 0.909557
0.692913 0.771654 0.927896
0.700787 0.771654 0.943964
0.708661 0.771654 0.957722
0.716535 0.771654 0.969136
0.724409 0.771654 0.978179
0.732283 0.771654 0.984828
0.740157 0.771654 0.989067
0.748031 0.771654 0.990886
0.755906 0.771654 0.990279
0.76378 0.771654 0.98725
0.771654 0.771654 0.981804
0.779528 0.771654 0.973956
0.787402 0.771654 0.963724
0.795276 0.771654 0.951134
0.80315 0.771654 0.936216
0.811024 0.771654 0.919007
0.818898 0.771654 0.89955
0.826772 0.771654 0.877891
0.834646 0.771654 0.854083
0.84252 0.771654 0.828186
0.850394 0.771654 0.800261
0.858268 0.771654 0.770379
0.866142 0.771654 0.738611
0.874016 0.771654 0.705036
0.88189 0.771654 0.669735
0.889764 0.771654 0.632795
0.897638 0.771654 0.594307
0.905512 0.771654 0.554364
0.913386 0.771654 0.513065
0.92126 0.771654 0.47051
0.929134 0.771654 0.426804
0.937008 0.771654 0.382054
0.944882 0.771654 0.336368
0.952756 0.771654 0.289859
0.96063 0.771654 0.242641
0.968504 0.771654 0.194829
0.976378 0.771654 0.146541
0.984252 0.771654 0.0978935
0.992126 0.771654 0.0490067
1 0.771654 0
0 0.779528 0
0.00787402 0.779528 -0.048615
0.015748 0.779528 -0.0971109
0.023622 0.779528 -0.145369
0.0314961 0.779528 -0.193272
0.0393701 0.779528 -0.240702
0.0472441 0.779528 -0.287542
0.0551181 0.779528 -0.333679
0.0629921 0.779528 -0.378999
0.0708661 0.779528 -0.423392
0.0787402 0.779528 -0.466749
0.0866142 0.779528 -0.508964
0.0944882 0.779528 -0.549933
0.102362 0.779528 -0.589556
0.110236 0.779528 -0.627736
0.11811 0.779528 -0.664381
0.125984 0.779528 -0.699399
0.133858 0.779528 -0.732706
0.141732 0.779528 -0.76422
0.149606 0.779528 -0.793864
0.15748 0.779528 -0.821565
0.165354 0.779528 -0.847255
0.173228 0.779528 -0.870872
0.181102 0.779528 -0.892358
0.188976 0.779528 -0.91166
0.19685 0.779528 -0.928732
0.204724 0.779528 -0.94353
0.212598 0.779528 -0.95602
0.220472 0.779528 -0.96617
0.228346 0.779528 -0.973955
0.23622 0.779528 -0.979357
0.244094 0.779528 -0.982363
0.251969 0.779528 -0.982964
0.259843 0.779528 -0.98116
0.267717 0.779528 -0.976955
0.275591 0.779528 -0.970359
0.283465 0.779528 -0.961389
0.291339 0.779528 -0.950065
0.299213 0.779528 -0.936417
0.307087 0.779528 -0.920478
0.314961 0.779528 -0.902285
0.322835 0.779528 -0.881885
0.330709 0.779528 -0.859327
0.338583 0.779528 -0.834665
0.346457 0.779528 -0.807961
0.354331 0.779528 -0.77928
0.362205 0.779528 -0.748692
0.370079 0.779528 -0.716272
0.377953 0.779528 -0.682098
0.385827 0.779528 -0.646256
0.393701 0.779528 -0.608832
0.401575 0.779528 -0.569918
0.409449 0.779528 -0.52961
0.417323 0.779528 -0.488005
0.425197 0.779528 -0.445206
0.433071 0.779528 -0.401318
0.440945 0.779528 -0.356448
0.448819 0.779528 -0.310705
0.456693 0.779528 -0.264202
0.464567 0.779528 -0.217053
0.472441 0.779528 -0.169372
0.480315 0.779528 -0.121277
0.488189 0.779528 -0.0728847
0.496063 0.779528 -0.0243144
0.503937 0.779528 0.0243154
0.511811 0.779528 0.0728858
0.519685 0.779528 0.121278
0.527559 0.779528 0.169373
0.535433 0.779528 0.217054
0.543307 0.779528 0.264203
0.551181 0.779528 0.310706
0.559055 0.779528 0.356449
0.566929 0.779528 0.401319
0.574803 0.779528 0.445207
0.582677 0.779528 0.488006
0.590551 0.779528 0.529611
0.598425 0.779528 0.569919
0.606299 0.779528 0.608833
0.614173 0.779528 0.646257
0.622047 0.779528 0.682099
0.629921 0.779528 0.716273
0.637795 0.779528 0.748693
0.645669 0.779528 0.779281
0.653543 0.779528 0.807962
0.661417 0.779528 0.834666
0.669291 0.779528 0.859327
0.677165 0.779528 0.881886
0.685039 0.779528 0.902286
0.692913 0.779528 0.920478
0.700787 0.779528 0.936418
0.708661 0.779528 0.950066
0.716535 0.779528 0.961389
0.724409 0.779528 0.97036
0.732283 0.779528 0.976956
0.740157 0.779528 0.981161
0.748031 0.779528 0.982965
0.755906 0.779528 0.982363
0.76378 0.779528 0.979358
0.771654 0.779528 0.973956
0.779528 0.779528 0.96617
0.787402 0.779528 0.95602
0.795276 0.779528 0.943531
0.80315 0.779528 0.928732
0.811024 0.779528 0.911661
0.818898 0.779528 0.892359
0.826772 0.779528 0.870873
0.834646 0.779528 0.847256
0.84252 0.779528 0.821565
0.850394 0.779528 0.793864
0.858268 0.779528 0.764221
0.866142 0.779528 0.732707
0.874016 0.779528 0.6994
0.88189 0.779528 0.664381
0.889764 0.779528 0.627737
0.897638 0.779528 0.589556
0.905512 0.779528 0.549933
0.913386 0.779528 0.508964
0.92126 0.779528 0.466749
0.929134 0.779528 0.423392
0.937008 0.779528 0.379
0.944882 0.779528 0.333679
0.952756 0.779528 0.287542
0.96063 0.779528 0.240702
0.968504 0.779528 0.193272
0.976378 0.779528 0.145369
0.984252 0.779528 0.097111
0.992126 0.779528 0.048615
1 0.779528 0
0 0.787402 0
0.00787402 0.787402 -0.0481042
0.015748 0.787402 -0.0960908
0.023622 0.787402 -0.143842
0.0314961 0.787402 -0.191241
0.0393701 0.787402 -0.238173
0.0472441 0.787402 -0.284521
0.0551181 0.787402 -0.330174
0.0629921 0.787402 -0.375018
0.0708661 0.787402 -0.418944
0.0787402 0.787402 -0.461846
0.0866142 0.787402 -0.503617
0.0944882 0.787402 -0.544155
0.102362 0.787402 -0.583362
0.110236 0.787402 -0.621142
0.11811 0.787402 -0.657401
0.125984 0.787402 -0.692052
0.133858 0.787402 -0.725009
0.141732 0.787402 -0.756192
0.149606 0.787402 -0.785524
0.15748 0.787402 -0.812934
0.165354 0.787402 -0.838355
0.173228 0.787402 -0.861724
0.181102 0.787402 -0.882984
0.188976 0.787402 -0.902083
0.19685 0.787402 -0.918975
0.204724 0.787402 -0.933618
0.212598 0.787402 -0.945976
0.220472 0.787402 -0.95602
0.228346 0.787402 -0.963723
0.23622 0.787402 -0.969069
0.244094 0.787402 -0.972043
0.251969 0.787402 -0.972638
0.259843 0.787402 -0.970853
0.267717 0.787402 -0.966692
0.275591 0.787402 -0.960165
0.283465 0.787402 -0.951289
0.291339 0.787402 -0.940085
0.299213 0.787402 -0.92658
0.307087 0.787402 -0.910808
0.314961 0.787402 -0.892806
0.322835 0.787402 -0.87262
0.330709 0.787402 -0.850299
0.338583 0.787402 -0.825897
0.346457 0.787402 -0.799473
0.354331 0.787402 -0.771094
0.362205 0.787402 -0.740827
0.370079 0.787402 -0.708747
0.377953 0.787402 -0.674933
0.385827 0.787402 -0.639467
0.393701 0.787402 -0.602436
0.401575 0.787402 -0.563931
0.409449 0.787402 -0.524046
0.417323 0.787402 -0.482879
0.425197 0.787402 -0.440529
0.433071 0.787402 -0.397102
0.440945 0.787402 -0.352703
0.448819 0.787402 -0.307441
0.456693 0.787402 -0.261427
0.464567 0.787402 -0.214772
0.472441 0.787402 -0.167593
0.480315 0.787402 -0.120003
0.488189 0.787402 -0.0721191
0.496063 0.787402 -0.024059
0.503937 0.787402 0.02406
0.511811 0.787402 0.0721201
0.519685 0.787402 0.120004
0.527559 0.787402 0.167594
0.535433 0.787402 0.214773
0.543307 0.787402 0.261428
0.551181 0.787402 0.307442
0.559055 0.787402 0.352704
0.566929 0.787402 0.397103
0.574803 0.787402 0.44053
0.582677 0.787402 0.48288
0.590551 0.787402 0.524047
0.598425 0.787402 0.563932
0.606299 0.787402 0.602437
0.614173 0.787402 0.639468
0.622047 0.787402 0.674934
0.629921 0.787402 0.708748
0.637795 0.787402 0.740828
0.645669 0.787402 0.771094
0.653543 0.787402 0.799474
0.661417 0.787402 0.825898
0.669291 0.787402 0.8503
0.677165 0.787402 0.872621
0.685039 0.787402 0.892807
0.692913 0.787402 0.910808
0.700787 0.787402 0.926581
0.708661 0.787402 0.940085
0.716535 0.787402 0.95129
0.724409 0.787402 0.960166
0.732283 0.787402 0.966692
0.740157 0.787402 0.970853
0.748031 0.787402 0.972638
0.755906 0.787402 0.972043
0.76378 0.787402 0.969069
0.771654 0.787402 0.963724
0.779528 0.787402 0.95602
0.787402 0.787402 0.945977
0.795276 0.787402 0.933619
0.80315 0.787402 0.918976
0.811024 0.787402 0.902084
0.818898 0.787402 0.882984
0.826772 0.787402 0.861724
0.834646 0.787402 0.838355
0.84252 0.787402 0.812934
0.850394 0.787402 0.785524
0.858268 0.787402 0.756192
0.866142 0.787402 0.725009
0.874016 0.787402 0.692052
0.88189 0.787402 0.657402
0.889764 0.787402 0.621142
0.897638 0.787402 0.583363
0.905512 0.787402 0.544156
0.913386 0.787402 0.503617
0.92126 0.787402 0.461846
0.929134 0.787402 0.418945
0.937008 0.787402 0.375018
0.944882 0.787402 0.330174
0.952756 0.787402 0.284522
0.96063 0.787402 0.238173
0.968504 0.787402 0.191242
0.976378 0.787402 0.143842
0.984252 0.787402 0.0960908
0.992126 0.787402 0.0481043
1 0.787402 0
0 0.795276 0
0.00787402 0.795276 -0.0474758
0.015748 0.795276 -0.0948354
0.023622 0.795276 -0.141963
0.0314961 0.795276 -0.188743
0.0393701 0.795276 -0.235061
0.0472441 0.795276 -0.280804
0.0551181 0.795276 -0.32586
0.0629921 0.795276 -0.370119
0.0708661 0.795276 -0.413471
0.0787402 0.795276 -0.455812
0.0866142 0.795276 -0.497037
0.0944882 0.795276 -0.537047
0.102362 0.795276 -0.575741
0.110236 0.795276 -0.613027
0.11811 0.795276 -0.648813
0.125984 0.795276 -0.683011
0.133858 0.795276 -0.715537
0.141732 0.795276 -0.746313
0.149606 0.795276 -0.775262
0.15748 0.795276 -0.802314
0.165354 0.795276 -0.827402
0.173228 0.795276 -0.850466
0.181102 0.795276 -0.871448
0.188976 0.795276 -0.890298
0.19685 0.795276 -0.90697
0.204724 0.795276 -0.921421
0.212598 0.795276 -0.933618
0.220472 0.795276 -0.94353
0.228346 0.795276 -0.951133
0.23622 0.795276 -0.956409
0.244094 0.795276 -0.959344
0.251969 0.795276 -0.959931
0.259843 0.795276 -0.958169
0.267717 0.795276 -0.954063
0.275591 0.795276 -0.947622
0.283465 0.795276 -0.938861
0.291339 0.795276 -0.927803
0.299213 0.795276 -0.914475
0.307087 0.795276 -0.898909
0.314961 0.795276 -0.881143
0.322835 0.795276 -0.861221
0.330709 0.795276 -0.839191
0.338583 0.795276 -0.815107
0.346457 0.795276 -0.789029
0.354331 0.795276 -0.76102
0.362205 0.795276 -0.731148
0.370079 0.795276 -0.699488
0.377953 0.795276 -0.666115
0.385827 0.795276 -0.631113
0.393701 0.795276 -0.594566
0.401575 0.795276 -0.556564
0.409449 0.795276 -0.5172
0.417323 0.795276 -0.47657
0.425197 0.795276 -0.434774
0.433071 0.795276 -0.391914
0.440945 0.795276 -0.348096
0.448819 0.795276 -0.303425
0.456693 0.795276 -0.258011
0.464567 0.795276 -0.211967
0.472441 0.795276 -0.165403
0.480315 0.795276 -0.118435
0.488189 0.795276 -0.0711769
0.496063 0.795276 -0.0237447
0.503937 0.795276 0.0237457
0.511811 0.795276 0.0711779
0.519685 0.795276 0.118436
0.527559 0.795276 0.165404
0.535433 0.795276 0.211968
0.543307 0.795276 0.258012
0.551181 0.795276 0.303426
0.559055 0.795276 0.348096
0.566929 0.795276 0.391915
0.574803 0.795276 0.434775
0.582677 0.795276 0.476571
0.590551 0.795276 0.517201
0.598425 0.795276 0.556565
0.606299 0.795276 0.594567
0.614173 0.795276 0.631114
0.622047 0.795276 0.666116
0.629921 0.795276 0.699489
0.637795 0.795276 0.731149
0.645669 0.795276 0.761021
0.653543 0.795276 0.78903
0.661417 0.795276 0.815108
0.669291 0.795276 0.839192
0.677165 0.795276 0.861221
0.685039 0.795276 0.881144
0.692913 0.795276 0.89891
0.700787 0.795276 0.914476
0.708661 0.795276 0.927804
0.716535 0.795276 0.938862
0.724409 0.795276 0.947622
0.732283 0.795276 0.954064
0.740157 0.795276 0.95817
0.748031 0.795276 0.959932
0.755906 0.795276 0.959344
0.76378 0.795276 0.956409
0.771654 0.795276 0.951134
0.779528 0.795276 0.943531
0.787402 0.795276 0.933619
0.795276 0.795276 0.921422
0.80315 0.795276 0.90697
0.811024 0.795276 0.890299
0.818898 0.795276 0.871449
0.826772 0.795276 0.850466
0.834646 0.795276 0.827403
0.84252 0.795276 0.802314
0.850394 0.795276 0.775262
0.858268 0.795276 0.746313
0.866142 0.795276 0.715538
0.874016 0.795276 0.683011
0.88189 0.795276 0.648813
0.889764 0.795276 0.613028
0.897638 0.795276 0.575742
0.905512 0.795276 0.537047
0.913386 0.795276 0.497038
0.92126 0.795276 0.455812
0.929134 0.795276 0.413472
0.937008 0.795276 0.370119
0.944882 0.795276 0.32586
0.952756 0.795276 0.280805
0.96063 0.795276 0.235061
0.968504 0.795276 0.188743
0.976378 0.795276 0.141963
0.984252 0.795276 0.0948355
0.992126 0.795276 0.0474758
1 0.795276 0
0 0.80315 0
0.00787402 0.80315 -0.0467312
0.015748 0.80315 -0.093348
0.023622 0.80315 -0.139736
0.0314961 0.80315 -0.185783
0.0393701 0.80315 -0.231375
0.0472441 0.80315 -0.2764
0.0551181 0.80315 -0.320749
0.0629921 0.80315 -0.364314
0.0708661 0.80315 -0.406986
0.0787402 0.80315 -0.448663
0.0866142 0.80315 -0.489242
0.0944882 0.80315 -0.528623
0.102362 0.80315 -0.566711
0.110236 0.80315 -0.603412
0.11811 0.80315 -0.638637
0.125984 0.80315 -0.672298
0.133858 0.80315 -0.704315
0.141732 0.80315 -0.734608
0.149606 0.80315 -0.763103
0.15748 0.80315 -0.78973
0.165354 0.80315 -0.814425
0.173228 0.80315 -0.837127
0.181102 0.80315 -0.857781
0.188976 0.80315 -0.876335
0.19685 0.80315 -0.892745
0.204724 0.80315 -0.90697
0.212598 0.80315 -0.918975
0.220472 0.80315 -0.928732
0.228346 0.80315 -0.936216
0.23622 0.80315 -0.941408
0.244094 0.80315 -0.944297
0.251969 0.80315 -0.944875
0.259843 0.80315 -0.943141
0.267717 0.80315 -0.939099
0.275591 0.80315 -0.932759
0.283465 0.80315 -0.924136
0.291339 0.80315 -0.913252
0.299213 0.80315 -0.900132
0.307087 0.80315 -0.88481
0.314961 0.80315 -0.867323
0.322835 0.80315 -0.847713
0.330709 0.80315 -0.826029
0.338583 0.80315 -0.802323
0.346457 0.80315 -0.776654
0.354331 0.80315 -0.749084
0.362205 0.80315 -0.719681
0.370079 0.80315 -0.688517
0.377953 0.80315 -0.655668
0.385827 0.80315 -0.621214
0.393701 0.80315 -0.585241
0.401575 0.80315 -0.547835
0.409449 0.80315 -0.509088
0.417323 0.80315 -0.469096
0.425197 0.80315 -0.427955
0.433071 0.80315 -0.385768
0.440945 0.80315 -0.342636
0.448819 0.80315 -0.298666
0.456693 0.80315 -0.253965
0.464567 0.80315 -0.208642
0.472441 0.80315 -0.162809
0.480315 0.80315 -0.116577
0.488189 0.80315 -0.0700606
0.496063 0.80315 -0.0233723
0.503937 0.80315 0.0233732
0.511811 0.80315 0.0700615
0.519685 0.80315 0.116578
0.527559 0.80315 0.16281
0.535433 0.80315 0.208643
0.543307 0.80315 0.253966
0.551181 0.80315 0.298667
0.559055 0.80315 0.342637
0.566929 0.80315 0.385769
0.574803 0.80315 0.427956
0.582677 0.80315 0.469097
0.590551 0.80315 0.509089
0.598425 0.80315 0.547836
0.606299 0.80315 0.585242
0.614173 0.80315 0.621215
0.622047 0.80315 0.655669
0.629921 0.80315 0.688518
0.637795 0.80315 0.719682
0.645669 0.80315 0.749085
0.653543 0.80315 0.776655
0.661417 0.80315 0.802324
0.669291 0.80315 0.82603
0.677165 0.80315 0.847714
0.685039 0.80315 0.867324
0.692913 0.80315 0.884811
0.700787 0.80315 0.900133
0.708661 0.80315 0.913252
0.716535 0.80315 0.924137
0.724409 0.80315 0.93276
0.732283 0.80315 0.9391
0.740157 0.80315 0.943142
0.748031 0.80315 0.944876
0.755906 0.80315 0.944298
0.76378 0.80315 0.941409
0.771654 0.80315 0.936216
0.779528 0.80315 0.928732
0.787402 0.80315 0.918976
0.795276 0.80315 0.90697
0.80315 0.80315 0.892745
0.811024 0.80315 0.876335
0.818898 0.80315 0.857781
0.826772 0.80315 0.837128
0.834646 0.80315 0.814426
0.84252 0.80315 0.789731
0.850394 0.80315 0.763103
0.858268 0.80315 0.734608
0.866142 0.80315 0.704315
0.874016 0.80315 0.672299
0.88189 0.80315 0.638637
0.889764 0.80315 0.603413
0.897638 0.80315 0.566712
0.905512 0.80315 0.528624
0.913386 0.80315 0.489242
0.92126 0.80315 0.448663
0.929134 0.80315 0.406987
0.937008 0.80315 0.364314
0.944882 0.80315 0.32075
0.952756 0.80315 0.2764
0.96063 0.80315 0.231375
0.968504 0.80315 0.185783
0.976378 0.80315 0.139736
0.984252 0.80315 0.0933481
0.992126 0.80315 0.0467312
1 0.80315 0
0 0.811024 0
0.00787402 0.811024 -0.0458722
0.015748 0.811024 -0.0916322
0.023622 0.811024 -0.137168
0.0314961 0.811024 -0.182368
0.0393701 0.811024 -0.227122
0.0472441 0.811024 -0.27132
0.0551181 0.811024 -0.314854
0.0629921 0.811024 -0.357617
0.0708661 0.811024 -0.399505
0.0787402 0.811024 -0.440416
0.0866142 0.811024 -0.480249
0.0944882 0.811024 -0.518907
0.102362 0.811024 -0.556295
0.110236 0.811024 -0.592321
0.11811 0.811024 -0.626898
0.125984 0.811024 -0.659941
0.133858 0.811024 -0.691369
0.141732 0.811024 -0.721105
0.149606 0.811024 -0.749076
0.15748 0.811024 -0.775214
0.165354 0.811024 -0.799455
0.173228 0.811024 -0.82174
0.181102 0.811024 -0.842014
0.188976 0.811024 -0.860227
0.19685 0.811024 -0.876335
0.204724 0.811024 -0.890298
0.212598 0.811024 -0.902083
0.220472 0.811024 -0.91166
0.228346 0.811024 -0.919007
0.23622 0.811024 -0.924104
0.244094 0.811024 -0.92694
0.251969 0.811024 -0.927508
0.259843 0.811024 -0.925805
0.267717 0.811024 -0.921837
0.275591 0.811024 -0.915614
0.283465 0.811024 -0.907149
0.291339 0.811024 -0.896465
0.299213 0.811024 -0.883587
0.307087 0.811024 -0.868546
0.314961 0.811024 -0.85138
0.322835 0.811024 -0.832131
0.330709 0.811024 -0.810845
0.338583 0.811024 -0.787575
0.346457 0.811024 -0.762378
0.354331 0.811024 -0.735315
0.362205 0.811024 -0.706452
0.370079 0.811024 -0.675861
0.377953 0.811024 -0.643616
0.385827 0.811024 -0.609796
0.393701 0.811024 -0.574483
0.401575 0.811024 -0.537765
0.409449 0.811024 -0.49973
0.417323 0.811024 -0.460473
0.425197 0.811024 -0.420089
0.433071 0.811024 -0.378677
0.440945 0.811024 -0.336338
0.448819 0.811024 -0.293176
0.456693 0.811024 -0.249297
0.464567 0.811024 -0.204807
0.472441 0.811024 -0.159816
0.480315 0.811024 -0.114435
0.488189 0.811024 -0.0687728
0.496063 0.811024 -0.0229427
0.503937 0.811024 0.0229436
0.511811 0.811024 0.0687737
0.519685 0.811024 0.114436
0.527559 0.811024 0.159817
0.535433 0.811024 0.204808
0.543307 0.811024 0.249297
0.551181 0.811024 0.293177
0.559055 0.811024 0.336339
0.566929 0.811024 0.378678
0.574803 0.811024 0.42009
0.582677 0.811024 0.460474
0.590551 0.811024 0.499731
0.598425 0.811024 0.537766
0.606299 0.811024 0.574484
0.614173 0.811024 0.609797
0.622047 0.811024 0.643617
0.629921 0.811024 0.675862
0.637795 0.811024 0.706453
0.645669 0.811024 0.735316
0.653543 0.811024 0.762379
0.661417 0.811024 0.787576
0.669291 0.811024 0.810846
0.677165 0.811024 0.832132
0.685039 0.811024 0.851381
0.692913 0.811024 0.868547
0.700787 0.811024 0.883588
0.708661 0.811024 0.896466
0.716535 0.811024 0.90715
0.724409 0.811024 0.915614
0.732283 0.811024 0.921838
0.740157 0.811024 0.925806
0.748031 0.811024 0.927508
0.755906 0.811024 0.926941
0.76378 0.811024 0.924105
0.771654 0.811024 0.919007
0.779528 0.811024 0.911661
0.787402 0.811024 0.902084
0.795276 0.811024 0.890299
0.80315 0.811024 0.876335
0.811024 0.811024 0.860227
0.818898 0.811024 0.842014
0.826772 0.811024 0.82174
0.834646 0.811024 0.799456
0.84252 0.811024 0.775214
0.850394 0.811024 0.749076
0.858268 0.811024 0.721105
0.866142 0.811024 0.691369
0.874016 0.811024 0.659941
0.88189 0.811024 0.626898
0.889764 0.811024 0.592321
0.897638 0.811024 0.556295
0.905512 0.811024 0.518907
0.913386 0.811024 0.480249
0.92126 0.811024 0.440416
0.929134 0.811024 0.399506
0.937008 0.811024 0.357617
0.944882 0.811024 0.314854
0.952756 0.811024 0.27132
0.96063 0.811024 0.227122
0.968504 0.811024 0.182368
0.976378 0.811024 0.137168
0.984252 0.811024 0.0916322
0.992126 0.811024 0.0458722
1 0.811024 0
0 0.818898 0
0.00787402 0.818898 -0.044901
0.015748 0.818898 -0.0896921
0.023622 0.818898 -0.134264
0.0314961 0.818898 -0.178507
0.0393701 0.818898 -0.222313
0.0472441 0.818898 -0.265575
0.0551181 0.818898 -0.308187
0.0629921 0.818898 -0.350045
0.0708661 0.818898 -0.391047
0.0787402 0.818898 -0.431091
0.0866142 0.818898 -0.470081
0.0944882 0.818898 -0.50792
0.102362 0.818898 -0.544516
0.110236 0.818898 -0.57978
0.11811 0.818898 -0.613625
0.125984 0.818898 -0.645968
0.133858 0.818898 -0.676731
0.141732 0.818898 -0.705837
0.149606 0.818898 -0.733216
0.15748 0.818898 -0.758801
0.165354 0.818898 -0.782529
0.173228 0.818898 -0.804341
0.181102 0.818898 -0.824186
0.188976 0.818898 -0.842014
0.19685 0.818898 -0.857781
0.204724 0.818898 -0.871448
0.212598 0.818898 -0.882984
0.220472 0.818898 -0.892358
0.228346 0.818898 -0.899549
0.23622 0.818898 -0.904538
0.244094 0.818898 -0.907314
0.251969 0.818898 -0.90787
0.259843 0.818898 -0.906204
0.267717 0.818898 -0.90232
0.275591 0.818898 -0.896228
0.283465 0.818898 -0.887943
0.291339 0.818898 -0.877485
0.299213 0.818898 -0.864879
0.307087 0.818898 -0.850157
0.314961 0.818898 -0.833355
0.322835 0.818898 -0.814513
0.330709 0.818898 -0.793678
0.338583 0.818898 -0.7709
0.346457 0.818898 -0.746236
0.354331 0.818898 -0.719746
0.362205 0.818898 -0.691495
0.370079 0.818898 -0.661552
0.377953 0.818898 -0.629989
0.385827 0.818898 -0.596885
0.393701 0.818898 -0.56232
0.401575 0.818898 -0.526379
0.409449 0.818898 -0.48915
0.417323 0.818898 -0.450724
0.425197 0.818898 -0.411195
0.433071 0.818898 -0.370659
0.440945 0.818898 -0.329217
0.448819 0.818898 -0.286969
0.456693 0.818898 -0.244018
0.464567 0.818898 -0.200471
0.472441 0.818898 -0.156433
0.480315 0.818898 -0.112012
0.488189 0.818898 -0.0673167
0.496063 0.818898 -0.0224569
0.503937 0.818898 0.0224578
0.511811 0.818898 0.0673176
0.519685 0.818898 0.112013
0.527559 0.818898 0.156434
0.535433 0.818898 0.200472
0.543307 0.818898 0.244019
0.551181 0.818898 0.28697
0.559055 0.818898 0.329218
0.566929 0.818898 0.37066
0.574803 0.818898 0.411195
0.582677 0.818898 0.450725
0.590551 0.818898 0.489151
0.598425 0.818898 0.52638
0.606299 0.818898 0.562321
0.614173 0.818898 0.596886
0.622047 0.818898 0.62999
0.629921 0.818898 0.661552
0.637795 0.818898 0.691496
0.645669 0.818898 0.719747
0.653543 0.818898 0.746237
0.661417 0.818898 0.770901
0.669291 0.818898 0.793678
0.677165 0.818898 0.814513
0.685039 0.818898 0.833355
0.692913 0.818898 0.850158
0.700787 0.818898 0.86488
0.708661 0.818898 0.877485
0.716535 0.818898 0.887943
0.724409 0.818898 0.896229
0.732283 0.818898 0.90232
0.740157 0.818898 0.906204
0.748031 0.818898 0.90787
0.755906 0.818898 0.907315
0.76378 0.818898 0.904539
0.771654 0.818898 0.89955
0.779528 0.818898 0.892359
0.787402 0.818898 0.882984
0.795276 0.818898 0.871449
0.80315 0.818898 0.857781
0.811024 0.818898 0.842014
0.818898 0.818898 0.824186
0.826772 0.818898 0.804342
0.834646 0.818898 0.782529
0.84252 0.818898 0.758801
0.850394 0.818898 0.733216
0.858268 0.818898 0.705837
0.866142 0.818898 0.676731
0.874016 0.818898 0.645968
0.88189 0.818898 0.613625
0.889764 0.818898 0.57978
0.897638 0.818898 0.544517
0.905512 0.818898 0.50792
0.913386 0.818898 0.470081
0.92126 0.818898 0.431092
0.929134 0.818898 0.391047
0.937008 0.818898 0.350046
0.944882 0.818898 0.308188
0.952756 0.818898 0.265575
0.96063 0.818898 0.222313
0.968504 0.818898 0.178507
0.976378 0.818898 0.134264
0.984252 0.818898 0.0896921
0.992126 0.818898 0.044901
1 0.818898 0
0 0.826772 0
0.00787402 0.826772 -0.0438199
0.015748 0.826772 -0.0875325
0.023622 0.826772 -0.131031
0.0314961 0.826772 -0.174209
0.0393701 0.826772 -0.21696
0.0472441 0.826772 -0.259181
0.0551181 0.826772 -0.300767
0.0629921 0.826772 -0.341617
0.0708661 0.826772 -0.381631
0.0787402 0.826772 -0.420712
0.0866142 0.826772 -0.458762
0.0944882 0.826772 -0.495691
0.102362 0.826772 -0.531406
0.110236 0.826772 -0.56582
0.11811 0.826772 -0.59885
0.125984 0.826772 -0.630415
0.133858 0.826772 -0.660436
0.141732 0.826772 -0.688842
0.149606 0.826772 -0.715562
0.15748 0.826772 -0.740531
0.165354 0.826772 -0.763687
0.173228 0.826772 -0.784975
0.181102 0.826772 -0.804341
0.188976 0.826772 -0.82174
0.19685 0.826772 -0.837127
0.204724 0.826772 -0.850466
0.212598 0.826772 -0.861724
0.220472 0.826772 -0.870872
0.228346 0.826772 -0.87789
0.23622 0.826772 -0.882759
0.244094 0.826772 -0.885468
0.251969 0.826772 -0.88601
0.259843 0.826772 -0.884384
0.267717 0.826772 -0.880594
0.275591 0.826772 -0.874649
0.283465 0.826772 -0.866563
0.291339 0.826772 -0.856357
0.299213 0.826772 -0.844055
0.307087 0.826772 -0.829687
0.314961 0.826772 -0.813289
0.322835 0.826772 -0.794901
0.330709 0.826772 -0.774568
0.338583 0.826772 -0.752339
0.346457 0.826772 -0.728269
0.354331 0.826772 -0.702417
0.362205 0.826772 -0.674845
0.370079 0.826772 -0.645623
0.377953 0.826772 -0.61482
0.385827 0.826772 -0.582513
0.393701 0.826772 -0.548781
0.401575 0.826772 -0.513705
0.409449 0.826772 -0.477372
0.417323 0.826772 -0.439871
0.425197 0.826772 -0.401294
0.433071 0.826772 -0.361735
0.440945 0.826772 -0.32129
0.448819 0.826772 -0.280059
0.456693 0.826772 -0.238143
0.464567 0.826772 -0.195644
0.472441 0.826772 -0.152666
0.480315 0.826772 -0.109315
0.488189 0.826772 -0.0656959
0.496063 0.826772 -0.0219162
0.503937 0.826772 0.0219171
0.511811 0.826772 0.0656967
0.519685 0.826772 0.109316
0.527559 0.826772 0.152667
0.535433 0.826772 0.195645
0.543307 0.826772 0.238144
0.551181 0.826772 0.28006
0.559055 0.826772 0.321291
0.566929 0.826772 0.361735
0.574803 0.826772 0.401295
0.582677 0.826772 0.439872
0.590551 0.826772 0.477373
0.598425 0.826772 0.513706
0.606299 0.826772 0.548781
0.614173 0.826772 0.582514
0.622047 0.826772 0.614821
0.629921 0.826772 0.645624
0.637795 0.826772 0.674846
0.645669 0.826772 0.702417
0.653543 0.826772 0.72827
0.661417 0.826772 0.75234
0.669291 0.826772 0.774568
0.677165 0.826772 0.794902
0.685039 0.826772 0.81329
0.692913 0.826772 0.829688
0.700787 0.826772 0.844055
0.708661 0.826772 0.856357
0.716535 0.826772 0.866564
0.724409 0.826772 0.874649
0.732283 0.826772 0.880595
0.740157 0.826772 0.884385
0.748031 0.826772 0.886011
0.755906 0.826772 0.885469
0.76378 0.826772 0.88276
0.771654 0.826772 0.877891
0.779528 0.826772 0.870873
0.787402 0.826772 0.861724
0.795276 0.826772 0.850466
0.80315 0.826772 0.837128
0.811024 0.826772 0.82174
0.818898 0.826772 0.804342
0.826772 0.826772 0.784975
0.834646 0.826772 0.763688
0.84252 0.826772 0.740531
0.850394 0.826772 0.715562
0.858268 0.826772 0.688842
0.866142 0.826772 0.660437
0.874016 0.826772 0.630415
0.88189 0.826772 0.598851
0.889764 0.826772 0.565821
0.897638 0.826772 0.531406
0.905512 0.826772 0.495691
0.913386 0.826772 0.458763
0.92126 0.826772 0.420712
0.929134 0.826772 0.381632
0.937008 0.826772 0.341617
0.944882 0.826772 0.300767
0.952756 0.826772 0.259181
0.96063 0.826772 0.21696
0.968504 0.826772 0.174209
0.976378 0.826772 0.131031
0.984252 0.826772 0.0875325
0.992126 0.826772 0.0438199
1 0.826772 0
0 0.834646 0
0.00787402 0.834646 -0.0426315
0.015748 0.834646 -0.0851587
0.023622 0.834646 -0.127478
0.0314961 0.834646 -0.169484
0.0393701 0.834646 -0.211076
0.0472441 0.834646 -0.252152
0.0551181 0.834646 -0.29261
0.0629921 0.834646 -0.332353
0.0708661 0.834646 -0.371282
0.0787402 0.834646 -0.409302
0.0866142 0.834646 -0.446321
0.0944882 0.834646 -0.482248
0.102362 0.834646 -0.516994
0.110236 0.834646 -0.550476
0.11811 0.834646 -0.58261
0.125984 0.834646 -0.613319
0.133858 0.834646 -0.642526
0.141732 0.834646 -0.670161
0.149606 0.834646 -0.696157
0.15748 0.834646 -0.720448
0.165354 0.834646 -0.742977
0.173228 0.834646 -0.763687
0.181102 0.834646 -0.782529
0.188976 0.834646 -0.799455
0.19685 0.834646 -0.814425
0.204724 0.834646 -0.827402
0.212598 0.834646 -0.838355
0.220472 0.834646 -0.847255
0.228346 0.834646 -0.854083
0.23622 0.834646 -0.85882
0.244094 0.834646 -0.861455
0.251969 0.834646 -0.861983
0.259843 0.834646 -0.860401
0.267717 0.834646 -0.856713
0.275591 0.834646 -0.850929
0.283465 0.834646 -0.843063
0.291339 0.834646 -0.833133
0.299213 0.834646 -0.821165
0.307087 0.834646 -0.807187
0.314961 0.834646 -0.791234
0.322835 0.834646 -0.773344
0.330709 0.834646 -0.753562
0.338583 0.834646 -0.731936
0.346457 0.834646 -0.708519
0.354331 0.834646 -0.683368
0.362205 0.834646 -0.656544
0.370079 0.834646 -0.628114
0.377953 0.834646 -0.598147
0.385827 0.834646 -0.566716
0.393701 0.834646 -0.533898
0.401575 0.834646 -0.499774
0.409449 0.834646 -0.464426
0.417323 0.834646 -0.427943
0.425197 0.834646 -0.390411
0.433071 0.834646 -0.351925
0.440945 0.834646 -0.312577
0.448819 0.834646 -0.272464
0.456693 0.834646 -0.231685
0.464567 0.834646 -0.190338
0.472441 0.834646 -0.148526
0.480315 0.834646 -0.10635
0.488189 0.834646 -0.0639143
0.496063 0.834646 -0.0213219
0.503937 0.834646 0.0213227
0.511811 0.834646 0.0639151
0.519685 0.834646 0.106351
0.527559 0.834646 0.148527
0.535433 0.834646 0.190339
0.543307 0.834646 0.231686
0.551181 0.834646 0.272465
0.559055 0.834646 0.312578
0.566929 0.834646 0.351926
0.574803 0.834646 0.390412
0.582677 0.834646 0.427943
0.590551 0.834646 0.464427
0.598425 0.834646 0.499775
0.606299 0.834646 0.533899
0.614173 0.834646 0.566717
0.622047 0.834646 0.598148
0.629921 0.834646 0.628115
0.637795 0.834646 0.656545
0.645669 0.834646 0.683369
0.653543 0.834646 0.70852
0.661417 0.834646 0.731937
0.669291 0.834646 0.753563
0.677165 0.834646 0.773345
0.685039 0.834646 0.791234
0.692913 0.834646 0.807188
0.700787 0.834646 0.821166
0.708661 0.834646 0.833134
0.716535 0.834646 0.843063
0.724409 0.834646 0.85093
0.732283 0.834646 0.856714
0.740157 0.834646 0.860401
0.748031 0.834646 0.861983
0.755906 0.834646 0.861456
0.76378 0.834646 0.85882
0.771654 0.834646 0.854083
0.779528 0.834646 0.847256
0.787402 0.834646 0.838355
0.795276 0.834646 0.827403
0.80315 0.834646 0.814426
0.811024 0.834646 0.799456
0.818898 0.834646 0.782529
0.826772 0.834646 0.763688
0.834646 0.834646 0.742977
0.84252 0.834646 0.720449
0.850394 0.834646 0.696157
0.858268 0.834646 0.670162
0.866142 0.834646 0.642526
0.874016 0.834646 0.613319
0.88189 0.834646 0.58261
0.889764 0.834646 0.550476
0.897638 0.834646 0.516995
0.905512 0.834646 0.482248
0.913386 0.834646 0.446322
0.92126 0.834646 0.409303
0.929134 0.834646 0.371282
0.937008 0.834646 0.332353
0.944882 0.834646 0.292611
0.952756 0.834646 0.252152
0.96063 0.834646 0.211077
0.968504 0.834646 0.169484
0.976378 0.834646 0.127478
0.984252 0.834646 0.0851588
0.992126 0.834646 0.0426315
1 0.834646 0
0 0.84252 0
0.00787402 0.84252 -0.0413388
0.015748 0.84252 -0.0825765
0.023622 0.84252 -0.123612
0.0314961 0.84252 -0.164345
0.0393701 0.84252 -0.204676
0.0472441 0.84252 -0.244506
0.0551181 0.84252 -0.283738
0.0629921 0.84252 -0.322275
0.0708661 0.84252 -0.360024
0.0787402 0.84252 -0.396892
0.0866142 0.84252 -0.432788
0.0944882 0.84252 -0.467625
0.102362 0.84252 -0.501318
0.110236 0.84252 -0.533784
0.11811 0.84252 -0.564944
0.125984 0.84252 -0.594721
0.133858 0.84252 -0.623043
0.141732 0.84252 -0.649841
0.149606 0.84252 -0.675048
0.15748 0.84252 -0.698603
0.165354 0.84252 -0.720448
0.173228 0.84252 -0.740531
0.181102 0.84252 -0.758801
0.188976 0.84252 -0.775214
0.19685 0.84252 -0.78973
0.204724 0.84252 -0.802314
0.212598 0.84252 -0.812934
0.220472 0.84252 -0.821565
0.228346 0.84252 -0.828185
0.23622 0.84252 -0.832779
0.244094 0.84252 -0.835334
0.251969 0.84252 -0.835846
0.259843 0.84252 -0.834312
0.267717 0.84252 -0.830736
0.275591 0.84252 -0.825127
0.283465 0.84252 -0.817499
0.291339 0.84252 -0.807871
0.299213 0.84252 -0.796266
0.307087 0.84252 -0.782711
0.314961 0.84252 -0.767242
0.322835 0.84252 -0.749895
0.330709 0.84252 -0.730713
0.338583 0.84252 -0.709742
0.346457 0.84252 -0.687035
0.354331 0.84252 -0.662647
0.362205 0.84252 -0.636637
0.370079 0.84252 -0.609069
0.377953 0.84252 -0.58001
0.385827 0.84252 -0.549532
0.393701 0.84252 -0.517709
0.401575 0.84252 -0.48462
0.409449 0.84252 -0.450344
0.417323 0.84252 -0.414966
0.425197 0.84252 -0.378573
0.433071 0.84252 -0.341254
0.440945 0.84252 -0.303099
0.448819 0.84252 -0.264203
0.456693 0.84252 -0.22466
0.464567 0.84252 -0.184567
0.472441 0.84252 -0.144022
0.480315 0.84252 -0.103126
0.488189 0.84252 -0.0619763
0.496063 0.84252 -0.0206754
0.503937 0.84252 0.0206761
0.511811 0.84252 0.0619771
0.519685 0.84252 0.103126
0.527559 0.84252 0.144023
0.535433 0.84252 0.184568
0.543307 0.84252 0.22466
0.551181 0.84252 0.264203
0.559055 0.84252 0.3031
0.566929 0.84252 0.341254
0.574803 0.84252 0.378574
0.582677 0.84252 0.414967
0.590551 0.84252 0.450345
0.598425 0.84252 0.48462
0.606299 0.84252 0.51771
0.614173 0.84252 0.549533
0.622047 0.84252 0.580011
0.629921 0.84252 0.609069
0.637795 0.84252 0.636637
0.645669 0.84252 0.662647
0.653543 0.84252 0.687036
0.661417 0.84252 0.709743
0.669291 0.84252 0.730713
0.677165 0.84252 0.749896
0.685039 0.84252 0.767243
0.692913 0.84252 0.782712
0.700787 0.84252 0.796266
0.708661 0.84252 0.807872
0.716535 0.84252 0.8175
0.724409 0.84252 0.825128
0.732283 0.84252 0.830737
0.740157 0.84252 0.834312
0.748031 0.84252 0.835846
0.755906 0.84252 0.835335
0.76378 0.84252 0.832779
0.771654 0.84252 0.828186
0.779528 0.84252 0.821565
0.787402 0.84252 0.812934
0.795276 0.84252 0.802314
0.80315 0.84252 0.789731
0.811024 0.84252 0.775214
0.818898 0.84252 0.758801
0.826772 0.84252 0.740531
0.834646 0.84252 0.720449
0.84252 0.84252 0.698603
0.850394 0.84252 0.675048
0.858268 0.84252 0.649841
0.866142 0.84252 0.623044
0.874016 0.84252 0.594722
0.88189 0.84252 0.564944
0.889764 0.84252 0.533785
0.897638 0.84252 0.501318
0.905512 0.84252 0.467625
0.913386 0.84252 0.432788
0.92126 0.84252 0.396892
0.929134 0.84252 0.360024
0.937008 0.84252 0.322275
0.944882 0.84252 0.283738
0.952756 0.84252 0.244506
0.96063 0.84252 0.204676
0.968504 0.84252 0.164345
0.976378 0.84252 0.123612
0.984252 0.84252 0.0825766
0.992126 0.84252 0.0413389
1 0.84252 0
0 0.850394 0
0.00787402 0.850394 -0.039945
0.015748 0.850394 -0.0797923
0.023622 0.850394 -0.119444
0.0314961 0.850394 -0.158804
0.0393701 0.850394 -0.197775
0.0472441 0.850394 -0.236262
0.0551181 0.850394 -0.274171
0.0629921 0.850394 -0.311409
0.0708661 0.850394 -0.347885
0.0787402 0.850394 -0.383509
0.0866142 0.850394 -0.418196
0.0944882 0.850394 -0.451858
0.102362 0.850394 -0.484415
0.110236 0.850394 -0.515786
0.11811 0.850394 -0.545896
0.125984 0.850394 -0.574669
0.133858 0.850394 -0.602036
0.141732 0.850394 -0.62793
0.149606 0.850394 -0.652287
0.15748 0.850394 -0.675048
0.165354 0.850394 -0.696157
0.173228 0.850394 -0.715562
0.181102 0.850394 -0.733216
0.188976 0.850394 -0.749076
0.19685 0.850394 -0.763103
0.204724 0.850394 -0.775262
0.212598 0.850394 -0.785524
0.220472 0.850394 -0.793864
0.228346 0.850394 -0.800261
0.23622 0.850394 -0.8047
0.244094 0.850394 -0.807169
0.251969 0.850394 -0.807663
0.259843 0.850394 -0.806181
0.267717 0.850394 -0.802726
0.275591 0.850394 -0.797306
0.283465 0.850394 -0.789935
0.291339 0.850394 -0.780632
0.299213 0.850394 -0.769418
0.307087 0.850394 -0.75632
0.314961 0.850394 -0.741373
0.322835 0.850394 -0.72461
0.330709 0.850394 -0.706075
0.338583 0.850394 -0.685812
0.346457 0.850394 -0.66387
0.354331 0.850394 -0.640304
0.362205 0.850394 -0.615171
0.370079 0.850394 -0.588532
0.377953 0.850394 -0.560454
0.385827 0.850394 -0.531003
0.393701 0.850394 -0.500254
0.401575 0.850394 -0.46828
0.409449 0.850394 -0.43516
0.417323 0.850394 -0.400975
0.425197 0.850394 -0.365809
0.433071 0.850394 -0.329748
0.440945 0.850394 -0.292879
0.448819 0.850394 -0.255294
0.456693 0.850394 -0.217085
0.464567 0.850394 -0.178344
0.472441 0.850394 -0.139166
0.480315 0.850394 -0.0996484
0.488189 0.850394 -0.0598866
0.496063 0.850394 -0.0199783
0.503937 0.850394 0.019979
0.511811 0.850394 0.0598873
0.519685 0.850394 0.0996491
0.527559 0.850394 0.139167
0.535433 0.850394 0.178344
0.543307 0.850394 0.217085
0.551181 0.850394 0.255295
0.559055 0.850394 0.29288
0.566929 0.850394 0.329748
0.574803 0.850394 0.36581
0.582677 0.850394 0.400976
0.590551 0.850394 0.43516
0.598425 0.850394 0.46828
0.606299 0.850394 0.500254
0.614173 0.850394 0.531004
0.622047 0.850394 0.560454
0.629921 0.850394 0.588533
0.637795 0.850394 0.615172
0.645669 0.850394 0.640305
0.653543 0.850394 0.663871
0.661417 0.850394 0.685812
0.669291 0.850394 0.706076
0.677165 0.850394 0.724611
0.685039 0.850394 0.741373
0.692913 0.850394 0.756321
0.700787 0.850394 0.769418
0.708661 0.850394 0.780632
0.716535 0.850394 0.789936
0.724409 0.850394 0.797307
0.732283 0.850394 0.802726
0.740157 0.850394 0.806181
0.748031 0.850394 0.807664
0.755906 0.850394 0.80717
0.76378 0.850394 0.8047
0.771654 0.850394 0.800261
0.779528 0.850394 0.793864
0.787402 0.850394 0.785524
0.795276 0.850394 0.775262
0.80315 0.850394 0.763103
0.811024 0.850394 0.749076
0.818898 0.850394 0.733216
0.826772 0.850394 0.715562
0.834646 0.850394 0.696157
0.84252 0.850394 0.675048
0.850394 0.850394 0.652287
0.858268 0.850394 0.62793
0.866142 0.850394 0.602036
0.874016 0.850394 0.574669
0.88189 0.850394 0.545896
0.889764 0.850394 0.515787
0.897638 0.850394 0.484415
0.905512 0.850394 0.451858
0.913386 0.850394 0.418196
0.92126 0.850394 0.38351
0.929134 0.850394 0.347885
0.937008 0.850394 0.311409
0.944882 0.850394 0.274171
0.952756 0.850394 0.236262
0.96063 0.850394 0.197775
0.968504 0.850394 0.158804
0.976378 0.850394 0.119444
0.984252 0.850394 0.0797923
0.992126 0.850394 0.039945
1 0.850394 0
0 0.858268 0
0.00787402 0.858268 -0.0384534
0.015748 0.858268 -0.0768127
0.023622 0.858268 -0.114984
0.0314961 0.858268 -0.152874
0.0393701 0.858268 -0.19039
0.0472441 0.858268 -0.22744
0.0551181 0.858268 -0.263933
0.0629921 0.858268 -0.299781
0.0708661 0.858268 -0.334894
0.0787402 0.858268 -0.369189
0.0866142 0.858268 -0.40258
0.0944882 0.858268 -0.434985
0.102362 0.858268 -0.466326
0.110236 0.858268 -0.496526
0.11811 0.858268 -0.525511
0.125984 0.858268 -0.55321
0.133858 0.858268 -0.579555
0.141732 0.858268 -0.604482
0.149606 0.858268 -0.62793
0.15748 0.858268 -0.649841
0.165354 0.858268 -0.670161
0.173228 0.858268 -0.688842
0.181102 0.858268 -0.705837
0.188976 0.858268 -0.721105
0.19685 0.858268 -0.734608
0.204724 0.858268 -0.746313
0.212598 0.858268 -0.756192
0.220472 0.858268 -0.76422
0.228346 0.858268 -0.770378
0.23622 0.858268 -0.774651
0.244094 0.858268 -0.777028
0.251969 0.858268 -0.777504
0.259843 0.858268 -0.776077
0.267717 0.858268 -0.772751
0.275591 0.858268 -0.767534
0.283465 0.858268 -0.760438
0.291339 0.858268 -0.751482
0.299213 0.858268 -0.740687
0.307087 0.858268 -0.728079
0.314961 0.858268 -0.713689
0.322835 0.858268 -0.697553
0.330709 0.858268 -0.679709
0.338583 0.858268 -0.660203
0.346457 0.858268 -0.639081
0.354331 0.858268 -0.616394
0.362205 0.858268 -0.5922
0.370079 0.858268 -0.566556
0.377953 0.858268 -0.539526
0.385827 0.858268 -0.511175
0.393701 0.858268 -0.481574
0.401575 0.858268 -0.450794
0.409449 0.858268 -0.41891
0.417323 0.858268 -0.386002
0.425197 0.858268 -0.352149
0.433071 0.858268 -0.317434
0.440945 0.858268 -0.281943
0.448819 0.858268 -0.245761
0.456693 0.858268 -0.208978
0.464567 0.858268 -0.171684
0.472441 0.858268 -0.13397
0.480315 0.858268 -0.0959274
0.488189 0.858268 -0.0576504
0.496063 0.858268 -0.0192322
0.503937 0.858268 0.019233
0.511811 0.858268 0.0576511
0.519685 0.858268 0.0959281
0.527559 0.858268 0.13397
0.535433 0.858268 0.171685
0.543307 0.858268 0.208979
0.551181 0.858268 0.245762
0.559055 0.858268 0.281944
0.566929 0.858268 0.317435
0.574803 0.858268 0.35215
0.582677 0.858268 0.386003
0.590551 0.858268 0.418911
0.598425 0.858268 0.450794
0.606299 0.858268 0.481574
0.614173 0.858268 0.511176
0.622047 0.858268 0.539526
0.629921 0.858268 0.566557
0.637795 0.858268 0.5922
0.645669 0.858268 0.616395
0.653543 0.858268 0.639081
0.661417 0.858268 0.660203
0.669291 0.858268 0.67971
0.677165 0.858268 0.697553
0.685039 0.858268 0.71369
0.692913 0.858268 0.728079
0.700787 0.858268 0.740687
0.708661 0.858268 0.751483
0.716535 0.858268 0.760439
0.724409 0.858268 0.767534
0.732283 0.858268 0.772752
0.740157 0.858268 0.776078
0.748031 0.858268 0.777505
0.755906 0.858268 0.777029
0.76378 0.858268 0.774652
0.771654 0.858268 0.770379
0.779528 0.858268 0.764221
0.787402 0.858268 0.756192
0.795276 0.858268 0.746313
0.80315 0.858268 0.734608
0.811024 0.858268 0.721105
0.818898 0.858268 0.705837
0.826772 0.858268 0.688842
0.834646 0.858268 0.670162
0.84252 0.858268 0.649841
0.850394 0.858268 0.62793
0.858268 0.858268 0.604483
0.866142 0.858268 0.579556
0.874016 0.858268 0.553211
0.88189 0.858268 0.525512
0.889764 0.858268 0.496527
0.897638 0.858268 0.466327
0.905512 0.858268 0.434986
0.913386 0.858268 0.40258
0.92126 0.858268 0.369189
0.929134 0.858268 0.334895
0.937008 0.858268 0.299781
0.944882 0.858268 0.263933
0.952756 0.858268 0.22744
0.96063 0.858268 0.19039
0.968504 0.858268 0.152874
0.976378 0.858268 0.114984
0.984252 0.858268 0.0768128
0.992126 0.858268 0.0384534
1 0.858268 0
0 0.866142 0
0.00787402 0.866142 -0.0368677
0.015748 0.866142 -0.0736452
0.023622 0.866142 -0.110243
0.0314961 0.866142 -0.14657
0.0393701 0.866142 -0.182539
0.0472441 0.866142 -0.218061
0.0551181 0.866142 -0.253049
0.0629921 0.866142 -0.287419
0.0708661 0.866142 -0.321085
0.0787402 0.866142 -0.353965
0.0866142 0.866142 -0.385979
0.0944882 0.866142 -0.417048
0.102362 0.866142 -0.447097
0.110236 0.866142 -0.476051
0.11811 0.866142 -0.503841
0.125984 0.866142 -0.530398
0.133858 0.866142 -0.555656
0.141732 0.866142 -0.579555
0.149606 0.866142 -0.602036
0.15748 0.866142 -0.623043
0.165354 0.866142 -0.642526
0.173228 0.866142 -0.660436
0.181102 0.866142 -0.676731
0.188976 0.866142 -0.691369
0.19685 0.866142 -0.704315
0.204724 0.866142 -0.715537
0.212598 0.866142 -0.725009
0.220472 0.866142 -0.732706
0.228346 0.866142 -0.73861
0.23622 0.866142 -0.742707
0.244094 0.866142 -0.744986
0.251969 0.866142 -0.745443
0.259843 0.866142 -0.744074
0.267717 0.866142 -0.740885
0.275591 0.866142 -0.735883
0.283465 0.866142 -0.729081
0.291339 0.866142 -0.720493
0.299213 0.866142 -0.710143
0.307087 0.866142 -0.698055
0.314961 0.866142 -0.684259
0.322835 0.866142 -0.668788
0.330709 0.866142 -0.651681
0.338583 0.866142 -0.632978
0.346457 0.866142 -0.612727
0.354331 0.866142 -0.590976
0.362205 0.866142 -0.567779
0.370079 0.866142 -0.543193
0.377953 0.866142 -0.517277
0.385827 0.866142 -0.490096
0.393701 0.866142 -0.461715
0.401575 0.866142 -0.432204
0.409449 0.866142 -0.401636
0.417323 0.866142 -0.370085
0.425197 0.866142 -0.337628
0.433071 0.866142 -0.304344
0.440945 0.866142 -0.270317
0.448819 0.866142 -0.235627
0.456693 0.866142 -0.200361
0.464567 0.866142 -0.164605
0.472441 0.866142 -0.128445
0.480315 0.866142 -0.0919717
0.488189 0.866142 -0.0552731
0.496063 0.866142 -0.0184392
0.503937 0.866142 0.0184398
0.511811 0.866142 0.0552737
0.519685 0.866142 0.0919724
0.527559 0.866142 0.128446
0.535433 0.866142 0.164605
0.543307 0.866142 0.200362
0.551181 0.866142 0.235628
0.559055 0.866142 0.270317
0.566929 0.866142 0.304345
0.574803 0.866142 0.337628
0.582677 0.866142 0.370085
0.590551 0.866142 0.401637
0.598425 0.866142 0.432205
0.606299 0.866142 0.461716
0.614173 0.866142 0.490097
0.622047 0.866142 0.517278
0.629921 0.866142 0.543194
0.637795 0.866142 0.56778
0.645669 0.866142 0.590977
0.653543 0.866142 0.612728
0.661417 0.866142 0.632979
0.669291 0.866142 0.651681
0.677165 0.866142 0.668789
0.685039 0.866142 0.684259
0.692913 0.866142 0.698056
0.700787 0.866142 0.710144
0.708661 0.866142 0.720494
0.716535 0.866142 0.729081
0.724409 0.866142 0.735884
0.732283 0.866142 0.740886
0.740157 0.866142 0.744075
0.748031 0.866142 0.745443
0.755906 0.866142 0.744987
0.76378 0.866142 0.742708
0.771654 0.866142 0.738611
0.779528 0.866142 0.732707
0.787402 0.866142 0.725009
0.795276 0.866142 0.715538
0.80315 0.866142 0.704315
0.811024 0.866142 0.691369
0.818898 0.866142 0.676731
0.826772 0.866142 0.660437
0.834646 0.866142 0.642526
0.84252 0.866142 0.623044
0.850394 0.866142 0.602036
0.858268 0.866142 0.579556
0.866142 0.866142 0.555657
0.874016 0.866142 0.530398
0.88189 0.866142 0.503841
0.889764 0.866142 0.476052
0.897638 0.866142 0.447097
0.905512 0.866142 0.417048
0.913386 0.866142 0.385979
0.92126 0.866142 0.353965
0.929134 0.866142 0.321085
0.937008 0.866142 0.287419
0.944882 0.866142 0.25305
0.952756 0.866142 0.218061
0.96063 0.866142 0.182539
0.968504 0.866142 0.14657
0.976378 0.866142 0.110243
0.984252 0.866142 0.0736453
0.992126 0.866142 0.0368677
1 0.866142 0
0 0.874016 0
0.00787402 0.874016 -0.0351918
0.015748 0.874016 -0.0702975
0.023622 0.874016 -0.105231
0.0314961 0.874016 -0.139907
0.0393701 0.874016 -0.174241
0.0472441 0.874016 -0.208148
0.0551181 0.874016 -0.241546
0.0629921 0.874016 -0.274353
0.0708661 0.874016 -0.306489
0.0787402 0.874016 -0.337874
0.0866142 0.874016 -0.368433
0.0944882 0.874016 -0.39809
0.102362 0.874016 -0.426773
0.110236 0.874016 -0.454411
0.11811 0.874016 -0.480938
0.125984 0.874016 -0.506287
0.133858 0.874016 -0.530398
0.141732 0.874016 -0.55321
0.149606 0.874016 -0.574669
0.15748 0.874016 -0.594721
0.165354 0.874016 -0.613319
0.173228 0.874016 -0.630415
0.181102 0.874016 -0.645968
0.188976 0.874016 -0.659941
0.19685 0.874016 -0.672298
0.204724 0.874016 -0.683011
0.212598 0.874016 -0.692052
0.220472 0.874016 -0.699399
0.228346 0.874016 -0.705035
0.23622 0.874016 -0.708946
0.244094 0.874016 -0.711121
0.251969 0.874016 -0.711557
0.259843 0.874016 -0.710251
0.267717 0.874016 -0.707207
0.275591 0.874016 -0.702432
0.283465 0.874016 -0.695938
0.291339 0.874016 -0.687742
0.299213 0.874016 -0.677862
0.307087 0.874016 -0.666323
0.314961 0.874016 -0.653154
0.322835 0.874016 -0.638387
0.330709 0.874016 -0.622057
0.338583 0.874016 -0.604205
0.346457 0.874016 -0.584874
0.354331 0.874016 -0.564112
0.362205 0.874016 -0.54197
0.370079 0.874016 -0.518501
0.377953 0.874016 -0.493763
0.385827 0.874016 -0.467817
0.393701 0.874016 -0.440727
0.401575 0.874016 -0.412557
0.409449 0.874016 -0.383379
0.417323 0.874016 -0.353262
0.425197 0.874016 -0.32228
0.433071 0.874016 -0.29051
0.440945 0.874016 -0.258029
0.448819 0.874016 -0.224916
0.456693 0.874016 -0.191253
0.464567 0.874016 -0.157122
0.472441 0.874016 -0.122606
0.480315 0.874016 -0.0877909
0.488189 0.874016 -0.0527605
0.496063 0.874016 -0.017601
0.503937 0.874016 0.0176016
0.511811 0.874016 0.0527611
0.519685 0.874016 0.0877915
0.527559 0.874016 0.122607
0.535433 0.874016 0.157123
0.543307 0.874016 0.191254
0.551181 0.874016 0.224917
0.559055 0.874016 0.258029
0.566929 0.874016 0.29051
0.574803 0.874016 0.322281
0.582677 0.874016 0.353262
0.590551 0.874016 0.383379
0.598425 0.874016 0.412558
0.606299 0.874016 0.440727
0.614173 0.874016 0.467818
0.622047 0.874016 0.493764
0.629921 0.874016 0.518502
0.637795 0.874016 0.54197
0.645669 0.874016 0.564113
0.653543 0.874016 0.584875
0.661417 0.874016 0.604205
0.669291 0.874016 0.622057
0.677165 0.874016 0.638387
0.685039 0.874016 0.653155
0.692913 0.874016 0.666324
0.700787 0.874016 0.677862
0.708661 0.874016 0.687742
0.716535 0.874016 0.695939
0.724409 0.874016 0.702433
0.732283 0.874016 0.707207
0.740157 0.874016 0.710251
0.748031 0.874016 0.711557
0.755906 0.874016 0.711122
0.76378 0.874016 0.708946
0.771654 0.874016 0.705036
0.779528 0.874016 0.6994
0.787402 0.874016 0.692052
0.795276 0.874016 0.683011
0.80315 0.874016 0.672299
0.811024 0.874016 0.659941
0.818898 0.874016 0.645968
0.826772 0.874016 0.630415
0.834646 0.874016 0.613319
0.84252 0.874016 0.594722
0.850394 0.874016 0.574669
0.858268 0.874016 0.553211
0.866142 0.874016 0.530398
0.874016 0.874016 0.506287
0.88189 0.874016 0.480938
0.889764 0.874016 0.454412
0.897638 0.874016 0.426773
0.905512 0.874016 0.39809
0.913386 0.874016 0.368433
0.92126 0.874016 0.337875
0.929134 0.874016 0.306489
0.937008 0.874016 0.274353
0.944882 0.874016 0.241547
0.952756 0.874016 0.208149
0.96063 0.874016 0.174241
0.968504 0.874016 0.139907
0.976378 0.874016 0.105231
0.984252 0.874016 0.0702975
0.992126 0.874016 0.0351918
1 0.874016 0
0 0.88189 0
0.00787402 0.88189 -0.0334298
0.015748 0.88189 -0.0667778
0.023622 0.88189 -0.0999623
0.0314961 0.88189 -0.132902
0.0393701 0.88189 -0.165517
0.0472441 0.88189 -0.197727
0.0551181 0.88189 -0.229452
0.0629921 0.88189 -0.260617
0.0708661 0.88189 -0.291143
0.0787402 0.88189 -0.320957
0.0866142 0.88189 -0.349986
0.0944882 0.88189 -0.378158
0.102362 0.88189 -0.405405
0.110236 0.88189 -0.431659
0.11811 0.88189 -0.456857
0.125984 0.88189 -0.480938
0.133858 0.88189 -0.503841
0.141732 0.88189 -0.525511
0.149606 0.88189 -0.545896
0.15748 0.88189 -0.564944
0.165354 0.88189 -0.58261
0.173228 0.88189 -0.59885
0.181102 0.88189 -0.613625
0.188976 0.88189 -0.626898
0.19685 0.88189 -0.638637
0.204724 0.88189 -0.648813
0.212598 0.88189 -0.657401
0.220472 0.88189 -0.664381
0.228346 0.88189 -0.669734
0.23622 0.88189 -0.673449
0.244094 0.88189 -0.675516
0.251969 0.88189 -0.675929
0.259843 0.88189 -0.674689
0.267717 0.88189 -0.671797
0.275591 0.88189 -0.667262
0.283465 0.88189 -0.661093
0.291339 0.88189 -0.653307
0.299213 0.88189 -0.643922
0.307087 0.88189 -0.632961
0.314961 0.88189 -0.620451
0.322835 0.88189 -0.606423
0.330709 0.88189 -0.590911
0.338583 0.88189 -0.573953
0.346457 0.88189 -0.55559
0.354331 0.88189 -0.535867
0.362205 0.88189 -0.514834
0.370079 0.88189 -0.49254
0.377953 0.88189 -0.469041
0.385827 0.88189 -0.444394
0.393701 0.88189 -0.41866
0.401575 0.88189 -0.391901
0.409449 0.88189 -0.364183
0.417323 0.88189 -0.335574
0.425197 0.88189 -0.306144
0.433071 0.88189 -0.275964
0.440945 0.88189 -0.245109
0.448819 0.88189 -0.213655
0.456693 0.88189 -0.181677
0.464567 0.88189 -0.149255
0.472441 0.88189 -0.116468
0.480315 0.88189 -0.0833953
0.488189 0.88189 -0.0501188
0.496063 0.88189 -0.0167197
0.503937 0.88189 0.0167203
0.511811 0.88189 0.0501194
0.519685 0.88189 0.0833959
0.527559 0.88189 0.116468
0.535433 0.88189 0.149256
0.543307 0.88189 0.181678
0.551181 0.88189 0.213655
0.559055 0.88189 0.24511
0.566929 0.88189 0.275965
0.574803 0.88189 0.306144
0.582677 0.88189 0.335575
0.590551 0.88189 0.364184
0.598425 0.88189 0.391902
0.606299 0.88189 0.41866
0.614173 0.88189 0.444395
0.622047 0.88189 0.469041
0.629921 0.88189 0.49254
0.637795 0.88189 0.514834
0.645669 0.88189 0.535868
0.653543 0.88189 0.55559
0.661417 0.88189 0.573953
0.669291 0.88189 0.590911
0.677165 0.88189 0.606423
0.685039 0.88189 0.620452
0.692913 0.88189 0.632961
0.700787 0.88189 0.643922
0.708661 0.88189 0.653307
0.716535 0.88189 0.661094
0.724409 0.88189 0.667262
0.732283 0.88189 0.671798
0.740157 0.88189 0.674689
0.748031 0.88189 0.67593
0.755906 0.88189 0.675516
0.76378 0.88189 0.67345
0.771654 0.88189 0.669735
0.779528 0.88189 0.664381
0.787402 0.88189 0.657402
0.795276 0.88189 0.648813
0.80315 0.88189 0.638637
0.811024 0.88189 0.626898
0.818898 0.88189 0.613625
0.826772 0.88189 0.598851
0.834646 0.88189 0.58261
0.84252 0.88189 0.564944
0.850394 0.88189 0.545896
0.858268 0.88189 0.525512
0.866142 0.88189 0.503841
0.874016 0.88189 0.480938
0.88189 0.88189 0.456858
0.889764 0.88189 0.431659
0.897638 0.88189 0.405405
0.905512 0.88189 0.378158
0.913386 0.88189 0.349986
0.92126 0.88189 0.320957
0.929134 0.88189 0.291143
0.937008 0.88189 0.260617
0.944882 0.88189 0.229452
0.952756 0.88189 0.197727
0.96063 0.88189 0.165517
0.968504 0.88189 0.132902
0.976378 0.88189 0.0999624
0.984252 0.88189 0.0667778
0.992126 0.88189 0.0334298
1 0.88189 0
0 0.889764 0
0.00787402 0.889764 -0.0315859
0.015748 0.889764 -0.0630946
0.023622 0.889764 -0.0944488
0.0314961 0.889764 -0.125572
0.0393701 0.889764 -0.156388
0.0472441 0.889764 -0.186821
0.0551181 0.889764 -0.216797
0.0629921 0.889764 -0.246242
0.0708661 0.889764 -0.275085
0.0787402 0.889764 -0.303255
0.0866142 0.889764 -0.330682
0.0944882 0.889764 -0.3573
0.102362 0.889764 -0.383044
0.110236 0.889764 -0.407851
0.11811 0.889764 -0.431659
0.125984 0.889764 -0.454411
0.133858 0.889764 -0.476051
0.141732 0.889764 -0.496526
0.149606 0.889764 -0.515786
0.15748 0.889764 -0.533784
0.165354 0.889764 -0.550476
0.173228 0.889764 -0.56582
0.181102 0.889764 -0.57978
0.188976 0.889764 -0.592321
0.19685 0.889764 -0.603412
0.204724 0.889764 -0.613027
0.212598 0.889764 -0.621142
0.220472 0.889764 -0.627736
0.228346 0.889764 -0.632795
0.23622 0.889764 -0.636305
0.244094 0.889764 -0.638257
0.251969 0.889764 -0.638648
0.259843 0.889764 -0.637476
0.267717 0.889764 -0.634744
0.275591 0.889764 -0.630458
0.283465 0.889764 -0.62463
0.291339 0.889764 -0.617273
0.299213 0.889764 -0.608406
0.307087 0.889764 -0.59805
0.314961 0.889764 -0.58623
0.322835 0.889764 -0.572975
0.330709 0.889764 -0.558319
0.338583 0.889764 -0.542296
0.346457 0.889764 -0.524946
0.354331 0.889764 -0.506311
0.362205 0.889764 -0.486438
0.370079 0.889764 -0.465374
0.377953 0.889764 -0.443171
0.385827 0.889764 -0.419883
0.393701 0.889764 -0.395568
0.401575 0.889764 -0.370285
0.409449 0.889764 -0.344096
0.417323 0.889764 -0.317065
0.425197 0.889764 -0.289258
0.433071 0.889764 -0.260743
0.440945 0.889764 -0.23159
0.448819 0.889764 -0.20187
0.456693 0.889764 -0.171657
0.464567 0.889764 -0.141023
0.472441 0.889764 -0.110044
0.480315 0.889764 -0.0787956
0.488189 0.889764 -0.0473545
0.496063 0.889764 -0.0157975
0.503937 0.889764 0.0157981
0.511811 0.889764 0.047355
0.519685 0.889764 0.0787961
0.527559 0.889764 0.110044
0.535433 0.889764 0.141023
0.543307 0.889764 0.171657
0.551181 0.889764 0.201871
0.559055 0.889764 0.231591
0.566929 0.889764 0.260744
0.574803 0.889764 0.289259
0.582677 0.889764 0.317066
0.590551 0.889764 0.344097
0.598425 0.889764 0.370286
0.606299 0.889764 0.395569
0.614173 0.889764 0.419884
0.622047 0.889764 0.443171
0.629921 0.889764 0.465374
0.637795 0.889764 0.486438
0.645669 0.889764 0.506312
0.653543 0.889764 0.524946
0.661417 0.889764 0.542296
0.669291 0.889764 0.558319
0.677165 0.889764 0.572976
0.685039 0.889764 0.58623
0.692913 0.889764 0.59805
0.700787 0.889764 0.608406
0.708661 0.889764 0.617274
0.716535 0.889764 0.624631
0.724409 0.889764 0.630459
0.732283 0.889764 0.634744
0.740157 0.889764 0.637476
0.748031 0.889764 0.638649
0.755906 0.889764 0.638258
0.76378 0.889764 0.636305
0.771654 0.889764 0.632795
0.779528 0.889764 0.627737
0.787402 0.889764 0.621142
0.795276 0.889764 0.613028
0.80315 0.889764 0.603413
0.811024 0.889764 0.592321
0.818898 0.889764 0.57978
0.826772 0.889764 0.565821
0.834646 0.889764 0.550476
0.84252 0.889764 0.533785
0.850394 0.889764 0.515787
0.858268 0.889764 0.496527
0.866142 0.889764 0.476052
0.874016 0.889764 0.454412
0.88189 0.889764 0.431659
0.889764 0.889764 0.407851
0.897638 0.889764 0.383044
0.905512 0.889764 0.357301
0.913386 0.889764 0.330682
0.92126 0.889764 0.303255
0.929134 0.889764 0.275085
0.937008 0.889764 0.246242
0.944882 0.889764 0.216797
0.952756 0.889764 0.186821
0.96063 0.889764 0.156388
0.968504 0.889764 0.125572
0.976378 0.889764 0.0944489
0.984252 0.889764 0.0630946
0.992126 0.889764 0.031586
1 0.889764 0
0 0.897638 0
0.00787402 0.897638 -0.0296648
0.015748 0.897638 -0.059257
0.023622 0.897638 -0.0887042
0.0314961 0.897638 -0.117934
0.0393701 0.897638 -0.146876
0.0472441 0.897638 -0.175458
0.0551181 0.897638 -0.203611
0.0629921 0.897638 -0.231265
0.0708661 0.897638 -0.258354
0.0787402 0.897638 -0.28481
0.0866142 0.897638 -0.310569
0.0944882 0.897638 -0.335568
0.102362 0.897638 -0.359747
0.110236 0.897638 -0.383044
0.11811 0.897638 -0.405405
0.125984 0.897638 -0.426773
0.133858 0.897638 -0.447097
0.141732 0.897638 -0.466326
0.149606 0.897638 -0.484415
0.15748 0.897638 -0.501318
0.165354 0.897638 -0.516994
0.173228 0.897638 -0.531406
0.181102 0.897638 -0.544516
0.188976 0.897638 -0.556295
0.19685 0.897638 -0.566711
0.204724 0.897638 -0.575741
0.212598 0.897638 -0.583362
0.220472 0.897638 -0.589556
0.228346 0.897638 -0.594307
0.23622 0.897638 -0.597603
0.244094 0.897638 -0.599437
0.251969 0.897638 -0.599804
0.259843 0.897638 -0.598703
0.267717 0.897638 -0.596137
0.275591 0.897638 -0.592112
0.283465 0.897638 -0.586639
0.291339 0.897638 -0.579729
0.299213 0.897638 -0.571401
0.307087 0.897638 -0.561675
0.314961 0.897638 -0.550574
0.322835 0.897638 -0.538126
0.330709 0.897638 -0.52436
0.338583 0.897638 -0.509312
0.346457 0.897638 -0.493017
0.354331 0.897638 -0.475516
0.362205 0.897638 -0.456851
0.370079 0.897638 -0.437068
0.377953 0.897638 -0.416216
0.385827 0.897638 -0.394345
0.393701 0.897638 -0.371509
0.401575 0.897638 -0.347764
0.409449 0.897638 -0.323168
0.417323 0.897638 -0.29778
0.425197 0.897638 -0.271665
0.433071 0.897638 -0.244884
0.440945 0.897638 -0.217504
0.448819 0.897638 -0.189592
0.456693 0.897638 -0.161216
0.464567 0.897638 -0.132445
0.472441 0.897638 -0.103351
0.480315 0.897638 -0.074003
0.488189 0.897638 -0.0444743
0.496063 0.897638 -0.0148367
0.503937 0.897638 0.0148372
0.511811 0.897638 0.0444748
0.519685 0.897638 0.0740035
0.527559 0.897638 0.103351
0.535433 0.897638 0.132446
0.543307 0.897638 0.161217
0.551181 0.897638 0.189593
0.559055 0.897638 0.217505
0.566929 0.897638 0.244885
0.574803 0.897638 0.271665
0.582677 0.897638 0.297781
0.590551 0.897638 0.323168
0.598425 0.897638 0.347764
0.606299 0.897638 0.371509
0.614173 0.897638 0.394345
0.622047 0.897638 0.416216
0.629921 0.897638 0.437069
0.637795 0.897638 0.456852
0.645669 0.897638 0.475517
0.653543 0.897638 0.493018
0.661417 0.897638 0.509313
0.669291 0.897638 0.524361
0.677165 0.897638 0.538126
0.685039 0.897638 0.550574
0.692913 0.897638 0.561675
0.700787 0.897638 0.571402
0.708661 0.897638 0.57973
0.716535 0.897638 0.586639
0.724409 0.897638 0.592113
0.732283 0.897638 0.596138
0.740157 0.897638 0.598703
0.748031 0.897638 0.599804
0.755906 0.897638 0.599437
0.76378 0.897638 0.597603
0.771654 0.897638 0.594307
0.779528 0.897638 0.589556
0.787402 0.897638 0.583363
0.795276 0.897638 0.575742
0.80315 0.897638 0.566712
0.811024 0.897638 0.556295
0.818898 0.897638 0.544517
0.826772 0.897638 0.531406
0.834646 0.897638 0.516995
0.84252 0.897638 0.501318
0.850394 0.897638 0.484415
0.858268 0.897638 0.466327
0.866142 0.897638 0.447097
0.874016 0.897638 0.426773
0.88189 0.897638 0.405405
0.889764 0.897638 0.383044
0.897638 0.897638 0.359747
0.905512 0.897638 0.335569
0.913386 0.897638 0.310569
0.92126 0.897638 0.28481
0.929134 0.897638 0.258354
0.937008 0.897638 0.231265
0.944882 0.897638 0.203611
0.952756 0.897638 0.175458
0.96063 0.897638 0.146876
0.968504 0.897638 0.117934
0.976378 0.897638 0.0887043
0.984252 0.897638 0.059257
0.992126 0.897638 0.0296648
1 0.897638 0
0 0.905512 0
0.00787402 0.905512 -0.0276711
0.015748 0.905512 -0.0552744
0.023622 0.905512 -0.0827425
0.0314961 0.905512 -0.110008
0.0393701 0.905512 -0.137005
0.0472441 0.905512 -0.163666
0.0551181 0.905512 -0.189926
0.0629921 0.905512 -0.215722
0.0708661 0.905512 -0.24099
0.0787402 0.905512 -0.265668
0.0866142 0.905512 -0.289696
0.0944882 0.905512 -0.313015
0.102362 0.905512 -0.335568
0.110236 0.905512 -0.3573
0.11811 0.905512 -0.378158
0.125984 0.905512 -0.39809
0.133858 0.905512 -0.417048
0.141732 0.905512 -0.434985
0.149606 0.905512 -0.451858
0.15748 0.905512 -0.467625
0.165354 0.905512 -0.482248
0.173228 0.905512 -0.495691
0.181102 0.905512 -0.50792
0.188976 0.905512 -0.518907
0.19685 0.905512 -0.528623
0.204724 0.905512 -0.537047
0.212598 0.905512 -0.544155
0.220472 0.905512 -0.549933
0.228346 0.905512 -0.554364
0.23622 0.905512 -0.557439
0.244094 0.905512 -0.55915
0.251969 0.905512 -0.559492
0.259843 0.905512 -0.558465
0.267717 0.905512 -0.556072
0.275591 0.905512 -0.552317
0.283465 0.905512 -0.547211
0.291339 0.905512 -0.540766
0.299213 0.905512 -0.532998
0.307087 0.905512 -0.523925
0.314961 0.905512 -0.51357
0.322835 0.905512 -0.501959
0.330709 0.905512 -0.489119
0.338583 0.905512 -0.475082
0.346457 0.905512 -0.459882
0.354331 0.905512 -0.443557
0.362205 0.905512 -0.426147
0.370079 0.905512 -0.407694
0.377953 0.905512 -0.388243
0.385827 0.905512 -0.367842
0.393701 0.905512 -0.34654
0.401575 0.905512 -0.324391
0.409449 0.905512 -0.301448
0.417323 0.905512 -0.277767
0.425197 0.905512 -0.253406
0.433071 0.905512 -0.228426
0.440945 0.905512 -0.202886
0.448819 0.905512 -0.17685
0.456693 0.905512 -0.150381
0.464567 0.905512 -0.123544
0.472441 0.905512 -0.0964046
0.480315 0.905512 -0.0690294
0.488189 0.905512 -0.0414852
0.496063 0.905512 -0.0138395
0.503937 0.905512 0.01384
0.511811 0.905512 0.0414857
0.519685 0.905512 0.0690299
0.527559 0.905512 0.0964051
0.535433 0.905512 0.123544
0.543307 0.905512 0.150381
0.551181 0.905512 0.17685
0.559055 0.905512 0.202887
0.566929 0.905512 0.228426
0.574803 0.905512 0.253407
0.582677 0.905512 0.277767
0.590551 0.905512 0.301448
0.598425 0.905512 0.324391
0.606299 0.905512 0.346541
0.614173 0.905512 0.367842
0.622047 0.905512 0.388243
0.629921 0.905512 0.407694
0.637795 0.905512 0.426147
0.645669 0.905512 0.443558
0.653543 0.905512 0.459883
0.661417 0.905512 0.475082
0.669291 0.905512 0.489119
0.677165 0.905512 0.501959
0.685039 0.905512 0.513571
0.692913 0.905512 0.523926
0.700787 0.905512 0.532998
0.708661 0.905512 0.540767
0.716535 0.905512 0.547212
0.724409 0.905512 0.552318
0.732283 0.905512 0.556072
0.740157 0.905512 0.558465
0.748031 0.905512 0.559492
0.755906 0.905512 0.55915
0.76378 0.905512 0.557439
0.771654 0.905512 0.554364
0.779528 0.905512 0.549933
0.787402 0.905512 0.544156
0.795276 0.905512 0.537047
0.80315 0.905512 0.528624
0.811024 0.905512 0.518907
0.818898 0.905512 0.50792
0.826772 0.905512 0.495691
0.834646 0.905512 0.482248
0.84252 0.905512 0.467625
0.850394 0.905512 0.451858
0.858268 0.905512 0.434986
0.866142 0.905512 0.417048
0.874016 0.905512 0.39809
0.88189 0.905512 0.378158
0.889764 0.905512 0.357301
0.897638 0.905512 0.335569
0.905512 0.905512 0.313015
0.913386 0.905512 0.289696
0.92126 0.905512 0.265668
0.929134 0.905512 0.24099
0.937008 0.905512 0.215722
0.944882 0.905512 0.189926
0.952756 0.905512 0.163666
0.96063 0.905512 0.137005
0.968504 0.905512 0.110008
0.976378 0.905512 0.0827426
0.984252 0.905512 0.0552745
0.992126 0.905512 0.0276711
1 0.905512 0
0 0.913386 0
0.00787402 0.913386 -0.0256096
0.015748 0.913386 -0.0511566
0.023622 0.913386 -0.0765784
0.0314961 0.913386 -0.101813
0.0393701 0.913386 -0.126798
0.0472441 0.913386 -0.151473
0.0551181 0.913386 -0.175777
0.0629921 0.913386 -0.199651
0.0708661 0.913386 -0.223037
0.0787402 0.913386 -0.245876
0.0866142 0.913386 -0.268114
0.0944882 0.913386 -0.289696
0.102362 0.913386 -0.310569
0.110236 0.913386 -0.330682
0.11811 0.913386 -0.349986
0.125984 0.913386 -0.368433
0.133858 0.913386 -0.385979
0.141732 0.913386 -0.40258
0.149606 0.913386 -0.418196
0.15748 0.913386 -0.432788
0.165354 0.913386 -0.446321
0.173228 0.913386 -0.458762
0.181102 0.913386 -0.470081
0.188976 0.913386 -0.480249
0.19685 0.913386 -0.489242
0.204724 0.913386 -0.497037
0.212598 0.913386 -0.503617
0.220472 0.913386 -0.508964
0.228346 0.913386 -0.513065
0.23622 0.913386 -0.515911
0.244094 0.913386 -0.517494
0.251969 0.913386 -0.517811
0.259843 0.913386 -0.51686
0.267717 0.913386 -0.514645
0.275591 0.913386 -0.511171
0.283465 0.913386 -0.506445
0.291339 0.913386 -0.50048
0.299213 0.913386 -0.493291
0.307087 0.913386 -0.484894
0.314961 0.913386 -0.47531
0.322835 0.913386 -0.464564
0.330709 0.913386 -0.45268
0.338583 0.913386 -0.439689
0.346457 0.913386 -0.425622
0.354331 0.913386 -0.410513
0.362205 0.913386 -0.3944
0.370079 0.913386 -0.377321
0.377953 0.913386 -0.359319
0.385827 0.913386 -0.340438
0.393701 0.913386 -0.320724
0.401575 0.913386 -0.300224
0.409449 0.913386 -0.278991
0.417323 0.913386 -0.257074
0.425197 0.913386 -0.234528
0.433071 0.913386 -0.211408
0.440945 0.913386 -0.187771
0.448819 0.913386 -0.163675
0.456693 0.913386 -0.139178
0.464567 0.913386 -0.11434
0.472441 0.913386 -0.0892226
0.480315 0.913386 -0.0638868
0.488189 0.913386 -0.0383946
0.496063 0.913386 -0.0128085
0.503937 0.913386 0.012809
0.511811 0.913386 0.0383951
0.519685 0.913386 0.0638872
0.527559 0.913386 0.0892231
0.535433 0.913386 0.114341
0.543307 0.913386 0.139178
0.551181 0.913386 0.163675
0.559055 0.913386 0.187772
0.566929 0.913386 0.211409
0.574803 0.913386 0.234529
0.582677 0.913386 0.257074
0.590551 0.913386 0.278991
0.598425 0.913386 0.300225
0.606299 0.913386 0.320724
0.614173 0.913386 0.340438
0.622047 0.913386 0.35932
0.629921 0.913386 0.377322
0.637795 0.913386 0.3944
0.645669 0.913386 0.410513
0.653543 0.913386 0.425622
0.661417 0.913386 0.439689
0.669291 0.913386 0.452681
0.677165 0.913386 0.464564
0.685039 0.913386 0.475311
0.692913 0.913386 0.484894
0.700787 0.913386 0.493291
0.708661 0.913386 0.500481
0.716535 0.913386 0.506445
0.724409 0.913386 0.511171
0.732283 0.913386 0.514646
0.740157 0.913386 0.516861
0.748031 0.913386 0.517811
0.755906 0.913386 0.517494
0.76378 0.913386 0.515911
0.771654 0.913386 0.513065
0.779528 0.913386 0.508964
0.787402 0.913386 0.503617
0.795276 0.913386 0.497038
0.80315 0.913386 0.489242
0.811024 0.913386 0.480249
0.818898 0.913386 0.470081
0.826772 0.913386 0.458763
0.834646 0.913386 0.446322
0.84252 0.913386 0.432788
0.850394 0.913386 0.418196
0.858268 0.913386 0.40258
0.866142 0.913386 0.385979
0.874016 0.913386 0.368433
0.88189 0.913386 0.349986
0.889764 0.913386 0.330682
0.897638 0.913386 0.310569
0.905512 0.913386 0.289696
0.913386 0.913386 0.268114
0.92126 0.913386 0.245876
0.929134 0.913386 0.223037
0.937008 0.913386 0.199651
0.944882 0.913386 0.175777
0.952756 0.913386 0.151473
0.96063 0.913386 0.126798
0.968504 0.913386 0.101813
0.976378 0.913386 0.0765784
0.984252 0.913386 0.0511566
0.992126 0.913386 0.0256096
1 0.913386 0
0 0.92126 0
0.00787402 0.92126 -0.0234855
0.015748 0.92126 -0.0469135
0.023622 0.92126 -0.0702268
0.0314961 0.92126 -0.0933681
0.0393701 0.92126 -0.116281
0.0472441 0.92126 -0.138909
0.0551181 0.92126 -0.161198
0.0629921 0.92126 -0.183092
0.0708661 0.92126 -0.204538
0.0787402 0.92126 -0.225483
0.0866142 0.92126 -0.245876
0.0944882 0.92126 -0.265668
0.102362 0.92126 -0.28481
0.110236 0.92126 -0.303255
0.11811 0.92126 -0.320957
0.125984 0.92126 -0.337874
0.133858 0.92126 -0.353965
0.141732 0.92126 -0.369189
0.149606 0.92126 -0.383509
0.15748 0.92126 -0.396892
0.165354 0.92126 -0.409302
0.173228 0.92126 -0.420712
0.181102 0.92126 -0.431091
0.188976 0.92126 -0.440416
0.19685 0.92126 -0.448663
0.204724 0.92126 -0.455812
0.212598 0.92126 -0.461846
0.220472 0.92126 -0.466749
0.228346 0.92126 -0.47051
0.23622 0.92126 -0.47312
0.244094 0.92126 -0.474572
0.251969 0.92126 -0.474862
0.259843 0.92126 -0.473991
0.267717 0.92126 -0.471959
0.275591 0.92126 -0.468773
0.283465 0.92126 -0.464439
0.291339 0.92126 -0.458969
0.299213 0.92126 -0.452376
0.307087 0.92126 -0.444676
0.314961 0.92126 -0.435887
0.322835 0.92126 -0.426032
0.330709 0.92126 -0.415134
0.338583 0.92126 -0.40322
0.346457 0.92126 -0.39032
0.354331 0.92126 -0.376464
0.362205 0.92126 -0.361687
0.370079 0.92126 -0.346025
0.377953 0.92126 -0.329516
0.385827 0.92126 -0.312201
0.393701 0.92126 -0.294122
0.401575 0.92126 -0.275323
0.409449 0.92126 -0.25585
0.417323 0.92126 -0.235752
0.425197 0.92126 -0.215076
0.433071 0.92126 -0.193874
0.440945 0.92126 -0.172197
0.448819 0.92126 -0.150099
0.456693 0.92126 -0.127634
0.464567 0.92126 -0.104856
0.472441 0.92126 -0.0818223
0.480315 0.92126 -0.0585879
0.488189 0.92126 -0.0352101
0.496063 0.92126 -0.0117461
0.503937 0.92126 0.0117466
0.511811 0.92126 0.0352105
0.519685 0.92126 0.0585883
0.527559 0.92126 0.0818227
0.535433 0.92126 0.104857
0.543307 0.92126 0.127634
0.551181 0.92126 0.1501
0.559055 0.92126 0.172198
0.566929 0.92126 0.193874
0.574803 0.92126 0.215076
0.582677 0.92126 0.235752
0.590551 0.92126 0.255851
0.598425 0.92126 0.275324
0.606299 0.92126 0.294122
0.614173 0.92126 0.312202
0.622047 0.92126 0.329517
0.629921 0.92126 0.346026
0.637795 0.92126 0.361688
0.645669 0.92126 0.376465
0.653543 0.92126 0.39032
0.661417 0.92126 0.403221
0.669291 0.92126 0.415134
0.677165 0.92126 0.426032
0.685039 0.92126 0.435887
0.692913 0.92126 0.444676
0.700787 0.92126 0.452376
0.708661 0.92126 0.45897
0.716535 0.92126 0.46444
0.724409 0.92126 0.468773
0.732283 0.92126 0.47196
0.740157 0.92126 0.473991
0.748031 0.92126 0.474863
0.755906 0.92126 0.474572
0.76378 0.92126 0.47312
0.771654 0.92126 0.47051
0.779528 0.92126 0.466749
0.787402 0.92126 0.461846
0.795276 0.92126 0.455812
0.80315 0.92126 0.448663
0.811024 0.92126 0.440416
0.818898 0.92126 0.431092
0.826772 0.92126 0.420712
0.834646 0.92126 0.409303
0.84252 0.92126 0.396892
0.850394 0.92126 0.38351
0.858268 0.92126 0.369189
0.866142 0.92126 0.353965
0.874016 0.92126 0.337875
0.88189 0.92126 0.320957
0.889764 0.92126 0.303255
0.897638 0.92126 0.28481
0.905512 0.92126 0.265668
0.913386 0.92126 0.245876
0.92126 0.92126 0.225483
0.929134 0.92126 0.204538
0.937008 0.92126 0.183092
0.944882 0.92126 0.161198
0.952756 0.92126 0.138909
0.96063 0.92126 0.116281
0.968504 0.92126 0.0933682
0.976378 0.92126 0.0702268
0.984252 0.92126 0.0469136
0.992126 0.92126 0.0234855
1 0.92126 0
0 0.929134 0
0.00787402 0.929134 -0.0213039
0.015748 0.929134 -0.0425557
0.023622 0.929134 -0.0637033
0.0314961 0.929134 -0.0846951
0.0393701 0.929134 -0.10548
0.0472441 0.929134 -0.126006
0.0551181 0.929134 -0.146224
0.0629921 0.929134 -0.166084
0.0708661 0.929134 -0.185538
0.0787402 0.929134 -0.204538
0.0866142 0.929134 -0.223037
0.0944882 0.929134 -0.24099
0.102362 0.929134 -0.258354
0.110236 0.929134 -0.275085
0.11811 0.929134 -0.291143
0.125984 0.929134 -0.306489
0.133858 0.929134 -0.321085
0.141732 0.929134 -0.334894
0.149606 0.929134 -0.347885
0.15748 0.929134 -0.360024
0.165354 0.929134 -0.371282
0.173228 0.929134 -0.381631
0.181102 0.929134 -0.391047
0.188976 0.929134 -0.399505
0.19685 0.929134 -0.406986
0.204724 0.929134 -0.413471
0.212598 0.929134 -0.418944
0.220472 0.929134 -0.423392
0.228346 0.929134 -0.426804
0.23622 0.929134 -0.429171
0.244094 0.929134 -0.430488
0.251969 0.929134 -0.430752
0.259843 0.929134 -0.429961
0.267717 0.929134 -0.428119
0.275591 0.929134 -0.425228
0.283465 0.929134 -0.421297
0.291339 0.929134 -0.416335
0.299213 0.929134 -0.410354
0.307087 0.929134 -0.403369
0.314961 0.929134 -0.395397
0.322835 0.929134 -0.386457
0.330709 0.929134 -0.376572
0.338583 0.929134 -0.365765
0.346457 0.929134 -0.354063
0.354331 0.929134 -0.341494
0.362205 0.929134 -0.32809
0.370079 0.929134 -0.313883
0.377953 0.929134 -0.298907
0.385827 0.929134 -0.283201
0.393701 0.929134 -0.266801
0.401575 0.929134 -0.249748
0.409449 0.929134 -0.232084
0.417323 0.929134 -0.213852
0.425197 0.929134 -0.195097
0.433071 0.929134 -0.175865
0.440945 0.929134 -0.156202
0.448819 0.929134 -0.136156
0.456693 0.929134 -0.115778
0.464567 0.929134 -0.0951163
0.472441 0.929134 -0.0742218
0.480315 0.929134 -0.0531456
0.488189 0.929134 -0.0319394
0.496063 0.929134 -0.010655
0.503937 0.929134 0.0106554
0.511811 0.929134 0.0319398
0.519685 0.929134 0.053146
0.527559 0.929134 0.0742221
0.535433 0.929134 0.0951166
0.543307 0.929134 0.115778
0.551181 0.929134 0.136157
0.559055 0.929134 0.156202
0.566929 0.929134 0.175865
0.574803 0.929134 0.195098
0.582677 0.929134 0.213853
0.590551 0.929134 0.232085
0.598425 0.929134 0.249748
0.606299 0.929134 0.266801
0.614173 0.929134 0.283201
0.622047 0.929134 0.298908
0.629921 0.929134 0.313883
0.637795 0.929134 0.32809
0.645669 0.929134 0.341494
0.653543 0.929134 0.354063
0.661417 0.929134 0.365765
0.669291 0.929134 0.376572
0.677165 0.929134 0.386458
0.685039 0.929134 0.395397
0.692913 0.929134 0.40337
0.700787 0.929134 0.410355
0.708661 0.929134 0.416335
0.716535 0.929134 0.421297
0.724409 0.929134 0.425228
0.732283 0.929134 0.428119
0.740157 0.929134 0.429962
0.748031 0.929134 0.430752
0.755906 0.929134 0.430489
0.76378 0.929134 0.429172
0.771654 0.929134 0.426804
0.779528 0.929134 0.423392
0.787402 0.929134 0.418945
0.795276 0.929134 0.413472
0.80315 0.929134 0.406987
0.811024 0.929134 0.399506
0.818898 0.929134 0.391047
0.826772 0.929134 0.381632
0.834646 0.929134 0.371282
0.84252 0.929134 0.360024
0.850394 0.929134 0.347885
0.858268 0.929134 0.334895
0.866142 0.929134 0.321085
0.874016 0.929134 0.306489
0.88189 0.929134 0.291143
0.889764 0.929134 0.275085
0.897638 0.929134 0.258354
0.905512 0.929134 0.24099
0.913386 0.929134 0.223037
0.92126 0.929134 0.204538
0.929134 0.929134 0.185538
0.937008 0.929134 0.166084
0.944882 0.929134 0.146224
0.952756 0.929134 0.126006
0.96063 0.929134 0.10548
0.968504 0.929134 0.0846951
0.976378 0.929134 0.0637034
0.984252 0.929134 0.0425557
0.992126 0.929134 0.0213039
1 0.929134 0
0 0.937008 0
0.00787402 0.937008 -0.0190702
0.015748 0.937008 -0.0380937
0.023622 0.937008 -0.057024
0.0314961 0.937008 -0.0758148
0.0393701 0.937008 -0.09442
0.0472441 0.937008 -0.112794
0.0551181 0.937008 -0.130892
0.0629921 0.937008 -0.14867
0.0708661 0.937008 -0.166084
0.0787402 0.937008 -0.183092
0.0866142 0.937008 -0.199651
0.0944882 0.937008 -0.215722
0.102362 0.937008 -0.231265
0.110236 0.937008 -0.246242
0.11811 0.937008 -0.260617
0.125984 0.937008 -0.274353
0.133858 0.937008 -0.287419
0.141732 0.937008 -0.299781
0.149606 0.937008 -0.311409
0.15748 0.937008 -0.322275
0.165354 0.937008 -0.332353
0.173228 0.937008 -0.341617
0.181102 0.937008 -0.350045
0.188976 0.937008 -0.357617
0.19685 0.937008 -0.364314
0.204724 0.937008 -0.370119
0.212598 0.937008 -0.375018
0.220472 0.937008 -0.378999
0.228346 0.937008 -0.382053
0.23622 0.937008 -0.384172
0.244094 0.937008 -0.385351
0.251969 0.937008 -0.385587
0.259843 0.937008 -0.38488
0.267717 0.937008 -0.38323
0.275591 0.937008 -0.380643
0.283465 0.937008 -0.377124
0.291339 0.937008 -0.372682
0.299213 0.937008 -0.367328
0.307087 0.937008 -0.361076
0.314961 0.937008 -0.35394
0.322835 0.937008 -0.345937
0.330709 0.937008 -0.337088
0.338583 0.937008 -0.327414
0.346457 0.937008 -0.316939
0.354331 0.937008 -0.305688
0.362205 0.937008 -0.293689
0.370079 0.937008 -0.280972
0.377953 0.937008 -0.267567
0.385827 0.937008 -0.253507
0.393701 0.937008 -0.238827
0.401575 0.937008 -0.223562
0.409449 0.937008 -0.20775
0.417323 0.937008 -0.19143
0.425197 0.937008 -0.174641
0.433071 0.937008 -0.157425
0.440945 0.937008 -0.139824
0.448819 0.937008 -0.12188
0.456693 0.937008 -0.103639
0.464567 0.937008 -0.0851433
0.472441 0.937008 -0.0664396
0.480315 0.937008 -0.0475733
0.488189 0.937008 -0.0285905
0.496063 0.937008 -0.00953785
0.503937 0.937008 0.00953818
0.511811 0.937008 0.0285909
0.519685 0.937008 0.0475736
0.527559 0.937008 0.0664399
0.535433 0.937008 0.0851436
0.543307 0.937008 0.103639
0.551181 0.937008 0.121881
0.559055 0.937008 0.139824
0.566929 0.937008 0.157425
0.574803 0.937008 0.174642
0.582677 0.937008 0.19143
0.590551 0.937008 0.20775
0.598425 0.937008 0.223562
0.606299 0.937008 0.238827
0.614173 0.937008 0.253507
0.622047 0.937008 0.267567
0.629921 0.937008 0.280972
0.637795 0.937008 0.29369
0.645669 0.937008 0.305689
0.653543 0.937008 0.316939
0.661417 0.937008 0.327414
0.669291 0.937008 0.337088
0.677165 0.937008 0.345937
0.685039 0.937008 0.35394
0.692913 0.937008 0.361076
0.700787 0.937008 0.367329
0.708661 0.937008 0.372682
0.716535 0.937008 0.377124
0.724409 0.937008 0.380643
0.732283 0.937008 0.38323
0.740157 0.937008 0.38488
0.748031 0.937008 0.385588
0.755906 0.937008 0.385352
0.76378 0.937008 0.384173
0.771654 0.937008 0.382054
0.779528 0.937008 0.379
0.787402 0.937008 0.375018
0.795276 0.937008 0.370119
0.80315 0.937008 0.364314
0.811024 0.937008 0.357617
0.818898 0.937008 0.350046
0.826772 0.937008 0.341617
0.834646 0.937008 0.332353
0.84252 0.937008 0.322275
0.850394 0.937008 0.311409
0.858268 0.937008 0.299781
0.866142 0.937008 0.287419
0.874016 0.937008 0.274353
0.88189 0.937008 0.260617
0.889764 0.937008 0.246242
0.897638 0.937008 0.231265
0.905512 0.937008 0.215722
0.913386 0.937008 0.199651
0.92126 0.937008 0.183092
0.929134 0.937008 0.166084
0.937008 0.937008 0.14867
0.944882 0.937008 0.130892
0.952756 0.937008 0.112794
0.96063 0.937008 0.09442
0.968504 0.937008 0.0758148
0.976378 0.937008 0.057024
0.984252 0.937008 0.0380937
0.992126 0.937008 0.0190702
1 0.937008 0
0 0.944882 0
0.00787402 0.944882 -0.0167898
0.015748 0.944882 -0.0335385
0.023622 0.944882 -0.0502051
0.0314961 0.944882 -0.0667489
0.0393701 0.944882 -0.0831293
0.0472441 0.944882 -0.0993063
0.0551181 0.944882 -0.11524
0.0629921 0.944882 -0.130892
0.0708661 0.944882 -0.146224
0.0787402 0.944882 -0.161198
0.0866142 0.944882 -0.175777
0.0944882 0.944882 -0.189926
0.102362 0.944882 -0.203611
0.110236 0.944882 -0.216797
0.11811 0.944882 -0.229452
0.125984 0.944882 -0.241546
0.133858 0.944882 -0.253049
0.141732 0.944882 -0.263933
0.149606 0.944882 -0.274171
0.15748 0.944882 -0.283738
0.165354 0.944882 -0.29261
0.173228 0.944882 -0.300767
0.181102 0.944882 -0.308187
0.188976 0.944882 -0.314854
0.19685 0.944882 -0.320749
0.204724 0.944882 -0.32586
0.212598 0.944882 -0.330174
0.220472 0.944882 -0.333679
0.228346 0.944882 -0.336368
0.23622 0.944882 -0.338234
0.244094 0.944882 -0.339272
0.251969 0.944882 -0.339479
0.259843 0.944882 -0.338856
0.267717 0.944882 -0.337404
0.275591 0.944882 -0.335126
0.283465 0.944882 -0.332028
0.291339 0.944882 -0.328117
0.299213 0.944882 -0.323404
0.307087 0.944882 -0.317899
0.314961 0.944882 -0.311616
0.322835 0.944882 -0.30457
0.330709 0.944882 -0.296779
0.338583 0.944882 -0.288262
0.346457 0.944882 -0.27904
0.354331 0.944882 -0.269134
0.362205 0.944882 -0.25857
0.370079 0.944882 -0.247374
0.377953 0.944882 -0.235571
0.385827 0.944882 -0.223193
0.393701 0.944882 -0.210268
0.401575 0.944882 -0.196829
0.409449 0.944882 -0.182908
0.417323 0.944882 -0.168539
0.425197 0.944882 -0.153758
0.433071 0.944882 -0.1386
0.440945 0.944882 -0.123104
0.448819 0.944882 -0.107306
0.456693 0.944882 -0.0912456
0.464567 0.944882 -0.0749619
0.472441 0.944882 -0.0584948
0.480315 0.944882 -0.0418845
0.488189 0.944882 -0.0251717
0.496063 0.944882 -0.00839733
0.503937 0.944882 0.00839761
0.511811 0.944882 0.025172
0.519685 0.944882 0.0418848
0.527559 0.944882 0.0584951
0.535433 0.944882 0.0749622
0.543307 0.944882 0.0912459
0.551181 0.944882 0.107306
0.559055 0.944882 0.123104
0.566929 0.944882 0.138601
0.574803 0.944882 0.153758
0.582677 0.944882 0.168539
0.590551 0.944882 0.182908
0.598425 0.944882 0.196829
0.606299 0.944882 0.210268
0.614173 0.944882 0.223193
0.622047 0.944882 0.235572
0.629921 0.944882 0.247374
0.637795 0.944882 0.258571
0.645669 0.944882 0.269135
0.653543 0.944882 0.27904
0.661417 0.944882 0.288263
0.669291 0.944882 0.29678
0.677165 0.944882 0.304571
0.685039 0.944882 0.311616
0.692913 0.944882 0.317899
0.700787 0.944882 0.323404
0.708661 0.944882 0.328117
0.716535 0.944882 0.332028
0.724409 0.944882 0.335126
0.732283 0.944882 0.337404
0.740157 0.944882 0.338856
0.748031 0.944882 0.339479
0.755906 0.944882 0.339272
0.76378 0.944882 0.338234
0.771654 0.944882 0.336368
0.779528 0.944882 0.333679
0.787402 0.944882 0.330174
0.795276 0.944882 0.32586
0.80315 0.944882 0.32075
0.811024 0.944882 0.314854
0.818898 0.944882 0.308188
0.826772 0.944882 0.300767
0.834646 0.944882 0.292611
0.84252 0.944882 0.283738
0.850394 0.944882 0.274171
0.858268 0.944882 0.263933
0.866142 0.944882 0.25305
0.874016 0.944882 0.241547
0.88189 0.944882 0.229452
0.889764 0.944882 0.216797
0.897638 0.944882 0.203611
0.905512 0.944882 0.189926
0.913386 0.944882 0.175777
0.92126 0.944882 0.161198
0.929134 0.944882 0.146224
0.937008 0.944882 0.130892
0.944882 0.944882 0.11524
0.952756 0.944882 0.0993064
0.96063 0.944882 0.0831294
0.968504 0.944882 0.0667489
0.976378 0.944882 0.0502052
0.984252 0.944882 0.0335385
0.992126 0.944882 0.0167898
1 0.944882 0
0 0.952756 0
0.00787402 0.952756 -0.0144683
0.015748 0.952756 -0.0289012
0.023622 0.952756 -0.0432634
0.0314961 0.952756 -0.0575197
0.0393701 0.952756 -0.0716353
0.0472441 0.952756 -0.0855755
0.0551181 0.952756 -0.0993063
0.0629921 0.952756 -0.112794
0.0708661 0.952756 -0.126006
0.0787402 0.952756 -0.138909
0.0866142 0.952756 -0.151473
0.0944882 0.952756 -0.163666
0.102362 0.952756 -0.175458
0.110236 0.952756 -0.186821
0.11811 0.952756 -0.197727
0.125984 0.952756 -0.208148
0.133858 0.952756 -0.218061
0.141732 0.952756 -0.22744
0.149606 0.952756 -0.236262
0.15748 0.952756 -0.244506
0.165354 0.952756 -0.252152
0.173228 0.952756 -0.259181
0.181102 0.952756 -0.265575
0.188976 0.952756 -0.27132
0.19685 0.952756 -0.2764
0.204724 0.952756 -0.280804
0.212598 0.952756 -0.284521
0.220472 0.952756 -0.287542
0.228346 0.952756 -0.289859
0.23622 0.952756 -0.291467
0.244094 0.952756 -0.292361
0.251969 0.952756 -0.29254
0.259843 0.952756 -0.292003
0.267717 0.952756 -0.290752
0.275591 0.952756 -0.288789
0.283465 0.952756 -0.286119
0.291339 0.952756 -0.282749
0.299213 0.952756 -0.278688
0.307087 0.952756 -0.273944
0.314961 0.952756 -0.268529
0.322835 0.952756 -0.262458
0.330709 0.952756 -0.255745
0.338583 0.952756 -0.248405
0.346457 0.952756 -0.240458
0.354331 0.952756 -0.231922
0.362205 0.952756 -0.222819
0.370079 0.952756 -0.21317
0.377953 0.952756 -0.203
0.385827 0.952756 -0.192333
0.393701 0.952756 -0.181195
0.401575 0.952756 -0.169614
0.409449 0.952756 -0.157617
0.417323 0.952756 -0.145235
0.425197 0.952756 -0.132498
0.433071 0.952756 -0.119436
0.440945 0.952756 -0.106083
0.448819 0.952756 -0.0924691
0.456693 0.952756 -0.0786293
0.464567 0.952756 -0.0645971
0.472441 0.952756 -0.0504069
0.480315 0.952756 -0.0360932
0.488189 0.952756 -0.0216913
0.496063 0.952756 -0.00723625
0.503937 0.952756 0.00723649
0.511811 0.952756 0.0216915
0.519685 0.952756 0.0360935
0.527559 0.952756 0.0504071
0.535433 0.952756 0.0645974
0.543307 0.952756 0.0786296
0.551181 0.952756 0.0924694
0.559055 0.952756 0.106083
0.566929 0.952756 0.119437
0.574803 0.952756 0.132498
0.582677 0.952756 0.145236
0.590551 0.952756 0.157618
0.598425 0.952756 0.169614
0.606299 0.952756 0.181195
0.614173 0.952756 0.192333
0.622047 0.952756 0.203
0.629921 0.952756 0.21317
0.637795 0.952756 0.222819
0.645669 0.952756 0.231922
0.653543 0.952756 0.240458
0.661417 0.952756 0.248405
0.669291 0.952756 0.255745
0.677165 0.952756 0.262458
0.685039 0.952756 0.26853
0.692913 0.952756 0.273944
0.700787 0.952756 0.278688
0.708661 0.952756 0.28275
0.716535 0.952756 0.286119
0.724409 0.952756 0.288789
0.732283 0.952756 0.290752
0.740157 0.952756 0.292004
0.748031 0.952756 0.292541
0.755906 0.952756 0.292361
0.76378 0.952756 0.291467
0.771654 0.952756 0.289859
0.779528 0.952756 0.287542
0.787402 0.952756 0.284522
0.795276 0.952756 0.280805
0.80315 0.952756 0.2764
0.811024 0.952756 0.27132
0.818898 0.952756 0.265575
0.826772 0.952756 0.259181
0.834646 0.952756 0.252152
0.84252 0.952756 0.244506
0.850394 0.952756 0.236262
0.858268 0.952756 0.22744
0.866142 0.952756 0.218061
0.874016 0.952756 0.208149
0.88189 0.952756 0.197727
0.889764 0.952756 0.186821
0.897638 0.952756 0.175458
0.905512 0.952756 0.163666
0.913386 0.952756 0.151473
0.92126 0.952756 0.138909
0.929134 0.952756 0.126006
0.937008 0.952756 0.112794
0.944882 0.952756 0.0993064
0.952756 0.952756 0.0855755
0.96063 0.952756 0.0716353
0.968504 0.952756 0.0575197
0.976378 0.952756 0.0432634
0.984252 0.952756 0.0289012
0.992126 0.952756 0.0144683
1 0.952756 0
0 0.96063 0
0.00787402 0.96063 -0.0121114
0.015748 0.96063 -0.0241932
0.023622 0.96063 -0.0362158
0.0314961 0.96063 -0.0481498
0.0393701 0.96063 -0.0599659
0.0472441 0.96063 -0.0716353
0.0551181 0.96063 -0.0831293
0.0629921 0.96063 -0.09442
0.0708661 0.96063 -0.10548
0.0787402 0.96063 -0.116281
0.0866142 0.96063 -0.126798
0.0944882 0.96063 -0.137005
0.102362 0.96063 -0.146876
0.110236 0.96063 -0.156388
0.11811 0.96063 -0.165517
0.125984 0.96063 -0.174241
0.133858 0.96063 -0.182539
0.141732 0.96063 -0.19039
0.149606 0.96063 -0.197775
0.15748 0.96063 -0.204676
0.165354 0.96063 -0.211076
0.173228 0.96063 -0.21696
0.181102 0.96063 -0.222313
0.188976 0.96063 -0.227122
0.19685 0.96063 -0.231375
0.204724 0.96063 -0.235061
0.212598 0.96063 -0.238173
0.220472 0.96063 -0.240702
0.228346 0.96063 -0.242641
0.23622 0.96063 -0.243987
0.244094 0.96063 -0.244736
0.251969 0.96063 -0.244886
0.259843 0.96063 -0.244436
0.267717 0.96063 -0.243388
0.275591 0.96063 -0.241745
0.283465 0.96063 -0.23951
0.291339 0.96063 -0.23669
0.299213 0.96063 -0.233289
0.307087 0.96063 -0.229318
0.314961 0.96063 -0.224786
0.322835 0.96063 -0.219704
0.330709 0.96063 -0.214084
0.338583 0.96063 -0.20794
0.346457 0.96063 -0.201287
0.354331 0.96063 -0.194142
0.362205 0.96063 -0.186521
0.370079 0.96063 -0.178445
0.377953 0.96063 -0.169931
0.385827 0.96063 -0.161002
0.393701 0.96063 -0.151678
0.401575 0.96063 -0.141984
0.409449 0.96063 -0.131942
0.417323 0.96063 -0.121577
0.425197 0.96063 -0.110914
0.433071 0.96063 -0.0999803
0.440945 0.96063 -0.0888018
0.448819 0.96063 -0.0774059
0.456693 0.96063 -0.0658206
0.464567 0.96063 -0.0540743
0.472441 0.96063 -0.0421956
0.480315 0.96063 -0.0302137
0.488189 0.96063 -0.0181578
0.496063 0.96063 -0.00605747
0.503937 0.96063 0.00605767
0.511811 0.96063 0.018158
0.519685 0.96063 0.0302139
0.527559 0.96063 0.0421958
0.535433 0.96063 0.0540745
0.543307 0.96063 0.0658208
0.551181 0.96063 0.0774061
0.559055 0.96063 0.088802
0.566929 0.96063 0.0999805
0.574803 0.96063 0.110914
0.582677 0.96063 0.121577
0.590551 0.96063 0.131942
0.598425 0.96063 0.141984
0.606299 0.96063 0.151678
0.614173 0.96063 0.161002
0.622047 0.96063 0.169931
0.629921 0.96063 0.178445
0.637795 0.96063 0.186522
0.645669 0.96063 0.194142
0.653543 0.96063 0.201287
0.661417 0.96063 0.20794
0.669291 0.96063 0.214084
0.677165 0.96063 0.219704
0.685039 0.96063 0.224786
0.692913 0.96063 0.229318
0.700787 0.96063 0.23329
0.708661 0.96063 0.23669
0.716535 0.96063 0.239511
0.724409 0.96063 0.241745
0.732283 0.96063 0.243389
0.740157 0.96063 0.244436
0.748031 0.96063 0.244886
0.755906 0.96063 0.244736
0.76378 0.96063 0.243987
0.771654 0.96063 0.242641
0.779528 0.96063 0.240702
0.787402 0.96063 0.238173
0.795276 0.96063 0.235061
0.80315 0.96063 0.231375
0.811024 0.96063 0.227122
0.818898 0.96063 0.222313
0.826772 0.96063 0.21696
0.834646 0.96063 0.211077
0.84252 0.96063 0.204676
0.850394 0.96063 0.197775
0.858268 0.96063 0.19039
0.866142 0.96063 0.182539
0.874016 0.96063 0.174241
0.88189 0.96063 0.165517
0.889764 0.96063 0.156388
0.897638 0.96063 0.146876
0.905512 0.96063 0.137005
0.913386 0.96063 0.126798
0.92126 0.96063 0.116281
0.929134 0.96063 0.10548
0.937008 0.96063 0.09442
0.944882 0.96063 0.0831294
0.952756 0.96063 0.0716353
0.96063 0.96063 0.0599659
0.968504 0.96063 0.0481498
0.976378 0.96063 0.0362158
0.984252 0.96063 0.0241932
0.992126 0.96063 0.0121114
1 0.96063 0
0 0.968504 0
0.00787402 0.968504 -0.0097249
0.015748 0.968504 -0.019426
0.023622 0.968504 -0.0290796
0.0314961 0.968504 -0.038662
0.0393701 0.968504 -0.0481498
0.0472441 0.968504 -0.0575197
0.0551181 0.968504 -0.0667489
0.0629921 0.968504 -0.0758148
0.0708661 0.968504 -0.0846951
0.0787402 0.968504 -0.0933681
0.0866142 0.968504 -0.101813
0.0944882 0.968504 -0.110008
0.102362 0.968504 -0.117934
0.110236 0.968504 -0.125572
0.11811 0.968504 -0.132902
0.125984 0.968504 -0.139907
0.133858 0.968504 -0.14657
0.141732 0.968504 -0.152874
0.149606 0.968504 -0.158804
0.15748 0.968504 -0.164345
0.165354 0.968504 -0.169484
0.173228 0.968504 -0.174209
0.181102 0.968504 -0.178507
0.188976 0.968504 -0.182368
0.19685 0.968504 -0.185783
0.204724 0.968504 -0.188743
0.212598 0.968504 -0.191241
0.220472 0.968504 -0.193272
0.228346 0.968504 -0.194829
0.23622 0.968504 -0.19591
0.244094 0.968504 -0.196511
0.251969 0.968504 -0.196631
0.259843 0.968504 -0.196271
0.267717 0.968504 -0.195429
0.275591 0.968504 -0.19411
0.283465 0.968504 -0.192316
0.291339 0.968504 -0.19005
0.299213 0.968504 -0.18732
0.307087 0.968504 -0.184132
0.314961 0.968504 -0.180493
0.322835 0.968504 -0.176412
0.330709 0.968504 -0.171899
0.338583 0.968504 -0.166966
0.346457 0.968504 -0.161624
0.354331 0.968504 -0.155887
0.362205 0.968504 -0.149768
0.370079 0.968504 -0.143282
0.377953 0.968504 -0.136446
0.385827 0.968504 -0.129277
0.393701 0.968504 -0.12179
0.401575 0.968504 -0.114006
0.409449 0.968504 -0.105943
0.417323 0.968504 -0.0976202
0.425197 0.968504 -0.0890588
0.433071 0.968504 -0.0802794
0.440945 0.968504 -0.0713036
0.448819 0.968504 -0.0621533
0.456693 0.968504 -0.0528508
0.464567 0.968504 -0.0434191
0.472441 0.968504 -0.0338811
0.480315 0.968504 -0.0242601
0.488189 0.968504 -0.0145798
0.496063 0.968504 -0.00486386
0.503937 0.968504 0.00486402
0.511811 0.968504 0.01458
0.519685 0.968504 0.0242603
0.527559 0.968504 0.0338812
0.535433 0.968504 0.0434192
0.543307 0.968504 0.052851
0.551181 0.968504 0.0621534
0.559055 0.968504 0.0713038
0.566929 0.968504 0.0802796
0.574803 0.968504 0.089059
0.582677 0.968504 0.0976204
0.590551 0.968504 0.105943
0.598425 0.968504 0.114006
0.606299 0.968504 0.121791
0.614173 0.968504 0.129277
0.622047 0.968504 0.136447
0.629921 0.968504 0.143283
0.637795 0.968504 0.149768
0.645669 0.968504 0.155887
0.653543 0.968504 0.161624
0.661417 0.968504 0.166966
0.669291 0.968504 0.171899
0.677165 0.968504 0.176412
0.685039 0.968504 0.180493
0.692913 0.968504 0.184132
0.700787 0.968504 0.18732
0.708661 0.968504 0.190051
0.716535 0.968504 0.192316
0.724409 0.968504 0.19411
0.732283 0.968504 0.19543
0.740157 0.968504 0.196271
0.748031 0.968504 0.196632
0.755906 0.968504 0.196511
0.76378 0.968504 0.19591
0.771654 0.968504 0.194829
0.779528 0.968504 0.193272
0.787402 0.968504 0.191242
0.795276 0.968504 0.188743
0.80315 0.968504 0.185783
0.811024 0.968504 0.182368
0.818898 0.968504 0.178507
0.826772 0.968504 0.174209
0.834646 0.968504 0.169484
0.84252 0.968504 0.164345
0.850394 0.968504 0.158804
0.858268 0.968504 0.152874
0.866142 0.968504 0.14657
0.874016 0.968504 0.139907
0.88189 0.968504 0.132902
0.889764 0.968504 0.125572
0.897638 0.968504 0.117934
0.905512 0.968504 0.110008
0.913386 0.968504 0.101813
0.92126 0.968504 0.0933682
0.929134 0.968504 0.0846951
0.937008 0.968504 0.0758148
0.944882 0.968504 0.0667489
0.952756 0.968504 0.0575197
0.96063 0.968504 0.0481498
0.968504 0.968504 0.038662
0.976378 0.968504 0.0290796
0.984252 0.968504 0.019426
0.992126 0.968504 0.00972491
1 0.968504 0
0 0.976378 0
0.00787402 0.976378 -0.00731458
0.015748 0.976378 -0.0146113
0.023622 0.976378 -0.0218722
0.0314961 0.976378 -0.0290796
0.0393701 0.976378 -0.0362158
0.0472441 0.976378 -0.0432634
0.0551181 0.976378 -0.0502051
0.0629921 0.976378 -0.057024
0.0708661 0.976378 -0.0637033
0.0787402 0.976378 -0.0702268
0.0866142 0.976378 -0.0765784
0.0944882 0.976378 -0.0827425
0.102362 0.976378 -0.0887042
0.110236 0.976378 -0.0944488
0.11811 0.976378 -0.0999623
0.125984 0.976378 -0.105231
0.133858 0.976378 -0.110243
0.141732 0.976378 -0.114984
0.149606 0.976378 -0.119444
0.15748 0.976378 -0.123612
0.165354 0.976378 -0.127478
0.173228 0.976378 -0.131031
0.181102 0.976378 -0.134264
0.188976 0.976378 -0.137168
0.19685 0.976378 -0.139736
0.204724 0.976378 -0.141963
0.212598 0.976378 -0.143842
0.220472 0.976378 -0.145369
0.228346 0.976378 -0.146541
0.23622 0.976378 -0.147353
0.244094 0.976378 -0.147806
0.251969 0.976378 -0.147896
0.259843 0.976378 -0.147625
0.267717 0.976378 -0.146992
0.275591 0.976378 -0.146
0.283465 0.976378 -0.14465
0.291339 0.976378 -0.142946
0.299213 0.976378 -0.140893
0.307087 0.976378 -0.138495
0.314961 0.976378 -0.135757
0.322835 0.976378 -0.132688
0.330709 0.976378 -0.129294
0.338583 0.976378 -0.125583
0.346457 0.976378 -0.121565
0.354331 0.976378 -0.11725
0.362205 0.976378 -0.112648
0.370079 0.976378 -0.10777
0.377953 0.976378 -0.102628
0.385827 0.976378 -0.0972353
0.393701 0.976378 -0.0916045
0.401575 0.976378 -0.0857496
0.409449 0.976378 -0.0796848
0.417323 0.976378 -0.073425
0.425197 0.976378 -0.0669855
0.433071 0.976378 -0.0603821
0.440945 0.976378 -0.0536309
0.448819 0.976378 -0.0467485
0.456693 0.976378 -0.0397517
0.464567 0.976378 -0.0326576
0.472441 0.976378 -0.0254836
0.480315 0.976378 -0.0182472
0.488189 0.976378 -0.0109662
0.496063 0.976378 -0.00365835
0.503937 0.976378 0.00365847
0.511811 0.976378 0.0109663
0.519685 0.976378 0.0182474
0.527559 0.976378 0.0254837
0.535433 0.976378 0.0326577
0.543307 0.976378 0.0397518
0.551181 0.976378 0.0467486
0.559055 0.976378 0.0536311
0.566929 0.976378 0.0603822
0.574803 0.976378 0.0669856
0.582677 0.976378 0.0734251
0.590551 0.976378 0.0796849
0.598425 0.976378 0.0857497
0.606299 0.976378 0.0916046
0.614173 0.976378 0.0972354
0.622047 0.976378 0.102628
0.629921 0.976378 0.10777
0.637795 0.976378 0.112648
0.645669 0.976378 0.11725
0.653543 0.976378 0.121565
0.661417 0.976378 0.125583
0.669291 0.976378 0.129294
0.677165 0.976378 0.132688
0.685039 0.976378 0.135757
0.692913 0.976378 0.138495
0.700787 0.976378 0.140893
0.708661 0.976378 0.142946
0.716535 0.976378 0.14465
0.724409 0.976378 0.146
0.732283 0.976378 0.146992
0.740157 0.976378 0.147625
0.748031 0.976378 0.147896
0.755906 0.976378 0.147806
0.76378 0.976378 0.147354
0.771654 0.976378 0.146541
0.779528 0.976378 0.145369
0.787402 0.976378 0.143842
0.795276 0.976378 0.141963
0.80315 0.976378 0.139736
0.811024 0.976378 0.137168
0.818898 0.976378 0.134264
0.826772 0.976378 0.131031
0.834646 0.976378 0.127478
0.84252 0.976378 0.123612
0.850394 0.976378 0.119444
0.858268 0.976378 0.114984
0.866142 0.976378 0.110243
0.874016 0.976378 0.105231
0.88189 0.976378 0.0999624
0.889764 0.976378 0.0944489
0.897638 0.976378 0.0887043
0.905512 0.976378 0.0827426
0.913386 0.976378 0.0765784
0.92126 0.976378 0.0702268
0.929134 0.976378 0.0637034
0.937008 0.976378 0.057024
0.944882 0.976378 0.0502052
0.952756 0.976378 0.0432634
0.96063 0.976378 0.0362158
0.968504 0.976378 0.0290796
0.976378 0.976378 0.0218722
0.984252 0.976378 0.0146113
0.992126 0.976378 0.00731458
1 0.976378 0
0 0.984252 0
0.00787402 0.984252 -0.00488635
0.015748 0.984252 -0.00976075
0.023622 0.984252 -0.0146113
0.0314961 0.984252 -0.019426
0.0393701 0.984252 -0.0241932
0.0472441 0.984252 -0.0289012
0.0551181 0.984252 -0.0335385
0.0629921 0.984252 -0.0380937
0.0708661 0.984252 -0.0425557
0.0787402 0.984252 -0.0469135
0.0866142 0.984252 -0.0511566
0.0944882 0.984252 -0.0552744
0.102362 0.984252 -0.059257
0.110236 0.984252 -0.0630946
0.11811 0.984252 -0.0667778
0.125984 0.984252 -0.0702975
0.133858 0.984252 -0.0736452
0.141732 0.984252 -0.0768127
0.149606 0.984252 -0.0797923
0.15748 0.984252 -0.0825765
0.165354 0.984252 -0.0851587
0.173228 0.984252 -0.0875325
0.181102 0.984252 -0.0896921
0.188976 0.984252 -0.0916322
0.19685 0.984252 -0.093348
0.204724 0.984252 -0.0948354
0.212598 0.984252 -0.0960908
0.220472 0.984252 -0.0971109
0.228346 0.984252 -0.0978935
0.23622 0.984252 -0.0984364
0.244094 0.984252 -0.0987385
0.251969 0.984252 -0.098799
0.259843 0.984252 -0.0986177
0.267717 0.984252 -0.098195
0.275591 0.984252 -0.097532
0.283465 0.984252 -0.0966304
0.291339 0.984252 -0.0954923
0.299213 0.984252 -0.0941205
0.307087 0.984252 -0.0925184
0.314961 0.984252 -0.0906899
0.322835 0.984252 -0.0886394
0.330709 0.984252 -0.086372
0.338583 0.984252 -0.0838933
0.346457 0.984252 -0.0812092
0.354331 0.984252 -0.0783264
0.362205 0.984252 -0.075252
0.370079 0.984252 -0.0719934
0.377953 0.984252 -0.0685586
0.385827 0.984252 -0.064956
0.393701 0.984252 -0.0611945
0.401575 0.984252 -0.0572832
0.409449 0.984252 -0.0532318
0.417323 0.984252 -0.04905
0.425197 0.984252 -0.0447483
0.433071 0.984252 -0.040337
0.440945 0.984252 -0.035827
0.448819 0.984252 -0.0312294
0.456693 0.984252 -0.0265553
0.464567 0.984252 -0.0218162
0.472441 0.984252 -0.0170238
0.480315 0.984252 -0.0121897
0.488189 0.984252 -0.00732575
0.496063 0.984252 -0.00244388
0.503937 0.984252 0.00244396
0.511811 0.984252 0.00732583
0.519685 0.984252 0.0121898
0.527559 0.984252 0.0170239
0.535433 0.984252 0.0218163
0.543307 0.984252 0.0265554
0.551181 0.984252 0.0312295
0.559055 0.984252 0.0358271
0.566929 0.984252 0.0403371
0.574803 0.984252 0.0447484
0.582677 0.984252 0.0490501
0.590551 0.984252 0.0532318
0.598425 0.984252 0.0572833
0.606299 0.984252 0.0611946
0.614173 0.984252 0.0649561
0.622047 0.984252 0.0685587
0.629921 0.984252 0.0719935
0.637795 0.984252 0.0752521
0.645669 0.984252 0.0783265
0.653543 0.984252 0.0812093
0.661417 0.984252 0.0838933
0.669291 0.984252 0.0863721
0.677165 0.984252 0.0886395
0.685039 0.984252 0.0906899
0.692913 0.984252 0.0925185
0.700787 0.984252 0.0941206
0.708661 0.984252 0.0954924
0.716535 0.984252 0.0966305
0.724409 0.984252 0.0975321
0.732283 0.984252 0.0981951
0.740157 0.984252 0.0986177
0.748031 0.984252 0.098799
0.755906 0.984252 0.0987386
0.76378 0.984252 0.0984365
0.771654 0.984252 0.0978935
0.779528 0.984252 0.097111
0.787402 0.984252 0.0960908
0.795276 0.984252 0.0948355
0.80315 0.984252 0.0933481
0.811024 0.984252 0.0916322
0.818898 0.984252 0.0896921
0.826772 0.984252 0.0875325
0.834646 0.984252 0.0851588
0.84252 0.984252 0.0825766
0.850394 0.984252 0.0797923
0.858268 0.984252 0.0768128
0.866142 0.984252 0.0736453
0.874016 0.984252 0.0702975
0.88189 0.984252 0.0667778
0.889764 0.984252 0.0630946
0.897638 0.984252 0.059257
0.905512 0.984252 0.0552745
0.913386 0.984252 0.0511566
0.92126 0.984252 0.0469136
0.929134 0.984252 0.0425557
0.937008 0.984252 0.0380937
0.944882 0.984252 0.0335385
0.952756 0.984252 0.0289012
0.96063 0.984252 0.0241932
0.968504 0.984252 0.019426
0.976378 0.984252 0.0146113
0.984252 0.984252 0.00976075
0.992126 0.984252 0.00488635
1 0.984252 0
0 0.992126 0
0.00787402 0.992126 -0.00244617
0.015748 0.992126 -0.00488635
0.023622 0.992126 -0.00731458
0.0314961 0.992126 -0.0097249
0.0393701 0.992126 -0.0121114
0.0472441 0.992126 -0.0144683
0.0551181 0.992126 -0.0167898
0.0629921 0.992126 -0.0190702
0.0708661 0.992126 -0.0213039
0.0787402 0.992126 -0.0234855
0.0866142 0.992126 -0.0256096
0.0944882 0.992126 -0.0276711
0.102362 0.992126 -0.0296648
0.110236 0.992126 -0.0315859
0.11811 0.992126 -0.0334298
0.125984 0.992126 -0.0351918
0.133858 0.992126 -0.0368677
0.141732 0.992126 -0.0384534
0.149606 0.992126 -0.039945
0.15748 0.992126 -0.0413388
0.165354 0.992126 -0.0426315
0.173228 0.992126 -0.0438199
0.181102 0.992126 -0.044901
0.188976 0.992126 -0.0458722
0.19685 0.992126 -0.0467312
0.204724 0.992126 -0.0474758
0.212598 0.992126 -0.0481042
0.220472 0.992126 -0.048615
0.228346 0.992126 -0.0490067
0.23622 0.992126 -0.0492785
0.244094 0.992126 -0.0494297
0.251969 0.992126 -0.04946
0.259843 0.992126 -0.0493692
0.267717 0.992126 -0.0491576
0.275591 0.992126 -0.0488258
0.283465 0.992126 -0.0483744
0.291339 0.992126 -0.0478046
0.299213 0.992126 -0.0471179
0.307087 0.992126 -0.0463159
0.314961 0.992126 -0.0454005
0.322835 0.992126 -0.044374
0.330709 0.992126 -0.0432389
0.338583 0.992126 -0.041998
0.346457 0.992126 -0.0406544
0.354331 0.992126 -0.0392112
0.362205 0.992126 -0.0376721
0.370079 0.992126 -0.0360408
0.377953 0.992126 -0.0343213
0.385827 0.992126 -0.0325178
0.393701 0.992126 -0.0306347
0.401575 0.992126 -0.0286767
0.409449 0.992126 -0.0266485
0.417323 0.992126 -0.0245551
0.425197 0.992126 -0.0224016
0.433071 0.992126 -0.0201932
0.440945 0.992126 -0.0179355
0.448819 0.992126 -0.0156338
0.456693 0.992126 -0.0132939
0.464567 0.992126 -0.0109215
0.472441 0.992126 -0.00852233
0.480315 0.992126 -0.00610231
0.488189 0.992126 -0.00366736
0.496063 0.992126 -0.00122344
0.503937 0.992126 0.00122348
0.511811 0.992126 0.0036674
0.519685 0.992126 0.00610235
0.527559 0.992126 0.00852237
0.535433 0.992126 0.0109215
0.543307 0.992126 0.013294
0.551181 0.992126 0.0156339
0.559055 0.992126 0.0179355
0.566929 0.992126 0.0201933
0.574803 0.992126 0.0224016
0.582677 0.992126 0.0245551
0.590551 0.992126 0.0266485
0.598425 0.992126 0.0286767
0.606299 0.992126 0.0306348
0.614173 0.992126 0.0325178
0.622047 0.992126 0.0343213
0.629921 0.992126 0.0360408
0.637795 0.992126 0.0376721
0.645669 0.992126 0.0392112
0.653543 0.992126 0.0406544
0.661417 0.992126 0.0419981
0.669291 0.992126 0.0432389
0.677165 0.992126 0.044374
0.685039 0.992126 0.0454005
0.692913 0.992126 0.0463159
0.700787 0.992126 0.0471179
0.708661 0.992126 0.0478047
0.716535 0.992126 0.0483744
0.724409 0.992126 0.0488258
0.732283 0.992126 0.0491577
0.740157 0.992126 0.0493693
0.748031 0.992126 0.04946
0.755906 0.992126 0.0494298
0.76378 0.992126 0.0492785
0.771654 0.992126 0.0490067
0.779528 0.992126 0.048615
0.787402 0.992126 0.0481043
0.795276 0.992126 0.0474758
0.80315 0.992126 0.0467312
0.811024 0.992126 0.0458722
0.818898 0.992126 0.044901
0.826772 0.992126 0.0438199
0.834646 0.992126 0.0426315
0.84252 0.992126 0.0413389
0.850394 0.992126 0.039945
0.858268 0.992126 0.0384534
0.866142 0.992126 0.0368677
0.874016 0.992126 0.0351918
0.88189 0.992126 0.0334298
0.889764 0.992126 0.031586
0.897638 0.992126 0.0296648
0.905512 0.992126 0.0276711
0.913386 0.992126 0.0256096
0.92126 0.992126 0.0234855
0.929134 0.992126 0.0213039
0.937008 0.992126 0.0190702
0.944882 0.992126 0.0167898
0.952756 0.992126 0.0144683
0.96063 0.992126 0.0121114
0.968504 0.992126 0.00972491
0.976378 0.992126 0.00731458
0.984252 0.992126 0.00488635
0.992126 0.992126 0.00244617
1 0.992126 0
0 1 0
0.00787402 1 0
0.015748 1 0
0.023622 1 0
0.0314961 1 0
0.0393701 1 0
0.0472441 1 0
0.0551181 1 0
0.0629921 1 0
0.0708661 1 0
0.0787402 1 0
0.0866142 1 0
0.0944882 1 0
0.102362 1 0
0.110236 1 0
0.11811 1 0
0.125984 1 0
0.133858 1 0
0.141732 1 0
0.149606 1 0
0.15748 1 0
0.165354 1 0
0.173228 1 0
0.181102 1 0
0.188976 1 0
0.19685 1 0
0.204724 1 0
0.212598 1 0
0.220472 1 0
0.228346 1 0
0.23622 1 0
0.244094 1 0
0.251969 1 0
0.259843 1 0
0.267717 1 0
0.275591 1 0
0.283465 1 0
0.291339 1 0
0.299213 1 0
0.307087 1 0
0.314961 1 0
0.322835 1 0
0.330709 1 0
0.338583 1 0
0.346457 1 0
0.354331 1 0
0.362205 1 0
0.370079 1 0
0.377953 1 0
0.385827 1 0
0.393701 1 0
0.401575 1 0
0.409449 1 0
0.417323 1 0
0.425197 1 0
0.433071 1 0
0.440945 1 0
0.448819 1 0
0.456693 1 0
0.464567 1 0
0.472441 1 0
0.480315 1 0
0.488189 1 0
0.496063 1 0
0.503937 1 0
0.511811 1 0
0.519685 1 0
0.527559 1 0
0.535433 1 0
0.543307 1 0
0.551181 1 0
0.559055 1 0
0.566929 1 0
0.574803 1 0
0.582677 1 0
0.590551 1 0
0.598425 1 0
0.606299 1 0
0.614173 1 0
0.622047 1 0
0.629921 1 0
0.637795 1 0
0.645669 1 0
0.653543 1 0
0.661417 1 0
0.669291 1 0
0.677165 1 0
0.685039 1 0
0.692913 1 0
0.700787 1 0
0.708661 1 0
0.716535 1 0
0.724409 1 0
0.732283 1 0
0.740157 1 0
0.748031 1 0
0.755906 1 0
0.76378 1 0
0.771654 1 0
0.779528 1 0
0.787402 1 0
0.795276 1 0
0.80315 1 0
0.811024 1 0
0.818898 1 0
0.826772 1 0
0.834646 1 0
0.84252 1 0
0.850394 1 0
0.858268 1 0
0.866142 1 0
0.874016 1 0
0.88189 1 0
0.889764 1 0
0.897638 1 0
0.905512 1 0
0.913386 1 0
0.92126 1 0
0.929134 1 0
0.937008 1 0
0.944882 1 0
0.952756 1 0
0.96063 1 0
0.968504 1 0
0.976378 1 0
0.984252 1 0
0.992126 1 0
1 1 0
