# vtk DataFile Version 3.0
Laplace Solution
ASCII
DATASET STRUCTURED_POINTS
DIMENSIONS 128 128 1
ORIGIN 0 0 0
SPACING 0.00787402 0.00787402 1
POINT_DATA 16384
SCALARS solution double
LOOKUP_TABLE default
0
0
0
0
0
0
0
0
0
0
0
0
0
0
0
0
0
0
0
0
0
0
0
0
0
0
0
0
0
0
0
0
0
0
0
0
0
0
0
0
0
0
0
0
0
0
0
0
0
0
0
0
0
0
0
0
0
0
0
0
0
0
0
0
0
0
0
0
0
0
0
0
0
0
0
0
0
0
0
0
0
0
0
0
0
0
0
0
0
0
0
0
0
0
0
0
0
0
0
0
0
0
0
0
0
0
0
0
0
0
0
0
0
0
0
0
0
0
0
0
0
0
0
0
0
0
0
0
0
0.00244617
0.00488635
0.00731458
0.00972491
0.0121114
0.0144683
0.0167898
0.0190702
0.0213039
0.0234855
0.0256096
0.0276711
0.0296648
0.031586
0.0334298
0.0351918
0.0368677
0.0384534
0.039945
0.0413389
0.0426315
0.0438199
0.044901
0.0458722
0.0467312
0.0474758
0.0481043
0.048615
0.0490067
0.0492785
0.0494298
0.04946
0.0493693
0.0491577
0.0488258
0.0483744
0.0478047
0.0471179
0.0463159
0.0454005
0.044374
0.0432389
0.0419981
0.0406544
0.0392112
0.0376721
0.0360408
0.0343213
0.0325178
0.0306348
0.0286767
0.0266485
0.0245551
0.0224016
0.0201933
0.0179355
0.0156339
0.013294
0.0109215
0.00852237
0.00610235
0.0036674
0.00122348
-0.00122344
-0.00366736
-0.00610231
-0.00852233
-0.0109215
-0.0132939
-0.0156338
-0.0179355
-0.0201932
-0.0224016
-0.0245551
-0.0266485
-0.0286767
-0.0306347
-0.0325178
-0.0343213
-0.0360408
-0.0376721
-0.0392112
-0.0406544
-0.041998
-0.0432389
-0.044374
-0.0454005
-0.0463159
-0.0471179
-0.0478046
-0.0483744
-0.0488258
-0.0491576
-0.0493692
-0.04946
-0.0494297
-0.0492785
-0.0490067
-0.048615
-0.0481042
-0.0474758
-0.0467312
-0.0458722
-0.044901
-0.0438199
-0.0426315
-0.0413388
-0.039945
-0.0384534
-0.0368677
-0.0351918
-0.0334298
-0.0315859
-0.0296648
-0.0276711
-0.0256096
-0.0234855
-0.0213039
-0.0190702
-0.0167898
-0.0144683
-0.0121114
-0.0097249
-0.00731458
-0.00488635
-0.00244617
0
0
0.00488635
0.00976075
0.0146113
0.019426
0.0241932
0.0289012
0.0335385
0.0380937
0.0425557
0.0469136
0.0511566
0.0552745
0.059257
0.0630946
0.0667778
0.0702975
0.0736453
0.0768128
0.0797923
0.0825766
0.0851588
0.0875325
0.0896921
0.0916322
0.0933481
0.0948355
0.0960908
0.097111
0.0978935
0.0984365
0.0987386
0.098799
0.0986177
0.0981951
0.0975321
0.0966305
0.0954924
0.0941206
0.0925185
0.0906899
0.0886395
0.0863721
0.0838933
0.0812093
0.0783265
0.0752521
0.0719935
0.0685587
0.0649561
0.0611946
0.0572833
0.0532318
0.0490501
0.0447484
0.0403371
0.0358271
0.0312295
0.0265554
0.0218163
0.0170239
0.0121898
0.00732583
0.00244396
-0.00244388
-0.00732575
-0.0121897
-0.0170238
-0.0218162
-0.0265553
-0.0312294
-0.035827
-0.040337
-0.0447483
-0.04905
-0.0532318
-0.0572832
-0.0611945
-0.064956
-0.0685586
-0.0719934
-0.075252
-0.0783264
-0.0812092
-0.0838933
-0.086372
-0.0886394
-0.0906899
-0.0925184
-0.0941205
-0.0954923
-0.0966304
-0.097532
-0.098195
-0.0986177
-0.098799
-0.0987385
-0.0984364
-0.0978935
-0.0971109
-0.0960908
-0.0948354
-0.093348
-0.0916322
-0.0896921
-0.0875325
-0.0851587
-0.0825765
-0.0797923
-0.0768127
-0.0736452
-0.0702975
-0.0667778
-0.0630946
-0.059257
-0.0552744
-0.0511566
-0.0469135
-0.0425557
-0.0380937
-0.0335385
-0.0289012
-0.0241932
-0.019426
-0.0146113
-0.00976075
-0.00488635
0
0
0.00731458
0.0146113
0.0218722
0.0290796
0.0362158
0.0432634
0.0502052
0.057024
0.0637034
0.0702268
0.0765784
0.0827426
0.0887043
0.0944489
0.0999624
0.105231
0.110243
0.114984
0.119444
0.123612
0.127478
0.131031
0.134264
0.137168
0.139736
0.141963
0.143842
0.145369
0.146541
0.147354
0.147806
0.147896
0.147625
0.146992
0.146
0.14465
0.142946
0.140893
0.138495
0.135757
0.132688
0.129294
0.125583
0.121565
0.11725
0.112648
0.10777
0.102628
0.0972354
0.0916046
0.0857497
0.0796849
0.0734251
0.0669856
0.0603822
0.0536311
0.0467486
0.0397518
0.0326577
0.0254837
0.0182474
0.0109663
0.00365847
-0.00365835
-0.0109662
-0.0182472
-0.0254836
-0.0326576
-0.0397517
-0.0467485
-0.0536309
-0.0603821
-0.0669855
-0.073425
-0.0796848
-0.0857496
-0.0916045
-0.0972353
-0.102628
-0.10777
-0.112648
-0.11725
-0.121565
-0.125583
-0.129294
-0.132688
-0.135757
-0.138495
-0.140893
-0.142946
-0.14465
-0.146
-0.146992
-0.147625
-0.147896
-0.147806
-0.147353
-0.146541
-0.145369
-0.143842
-0.141963
-0.139736
-0.137168
-0.134264
-0.131031
-0.127478
-0.123612
-0.119444
-0.114984
-0.110243
-0.105231
-0.0999623
-0.0944488
-0.0887042
-0.0827425
-0.0765784
-0.0702268
-0.0637033
-0.057024
-0.0502051
-0.0432634
-0.0362158
-0.0290796
-0.0218722
-0.0146113
-0.00731458
0
0
0.00972491
0.019426
0.0290796
0.038662
0.0481498
0.0575197
0.0667489
0.0758148
0.0846951
0.0933682
0.101813
0.110008
0.117934
0.125572
0.132902
0.139907
0.14657
0.152874
0.158804
0.164345
0.169484
0.174209
0.178507
0.182368
0.185783
0.188743
0.191242
0.193272
0.194829
0.19591
0.196511
0.196632
0.196271
0.19543
0.19411
0.192316
0.190051
0.18732
0.184132
0.180493
0.176412
0.171899
0.166966
0.161624
0.155887
0.149768
0.143283
0.136447
0.129277
0.121791
0.114006
0.105943
0.0976204
0.089059
0.0802796
0.0713038
0.0621534
0.052851
0.0434192
0.0338812
0.0242603
0.01458
0.00486402
-0.00486386
-0.0145798
-0.0242601
-0.0338811
-0.0434191
-0.0528508
-0.0621533
-0.0713036
-0.0802794
-0.0890588
-0.0976202
-0.105943
-0.114006
-0.12179
-0.129277
-0.136446
-0.143282
-0.149768
-0.155887
-0.161624
-0.166966
-0.171899
-0.176412
-0.180493
-0.184132
-0.18732
-0.19005
-0.192316
-0.19411
-0.195429
-0.196271
-0.196631
-0.196511
-0.19591
-0.194829
-0.193272
-0.191241
-0.188743
-0.185783
-0.182368
-0.178507
-0.174209
-0.169484
-0.164345
-0.158804
-0.152874
-0.14657
-0.139907
-0.132902
-0.125572
-0.117934
-0.110008
-0.101813
-0.0933681
-0.0846951
-0.0758148
-0.0667489
-0.0575197
-0.0481498
-0.038662
-0.0290796
-0.019426
-0.0097249
0
0
0.0121114
0.0241932
0.0362158
0.0481498
0.0599659
0.0716353
0.0831294
0.09442
0.10548
0.116281
0.126798
0.137005
0.146876
0.156388
0.165517
0.174241
0.182539
0.19039
0.197775
0.204676
0.211077
0.21696
0.222313
0.227122
0.231375
0.235061
0.238173
0.240702
0.242641
0.243987
0.244736
0.244886
0.244436
0.243389
0.241745
0.239511
0.23669
0.23329
0.229318
0.224786
0.219704
0.214084
0.20794
0.201287
0.194142
0.186522
0.178445
0.169931
0.161002
0.151678
0.141984
0.131942
0.121577
0.110914
0.0999805
0.088802
0.0774061
0.0658208
0.0540745
0.0421958
0.0302139
0.018158
0.00605767
-0.00605747
-0.0181578
-0.0302137
-0.0421956
-0.0540743
-0.0658206
-0.0774059
-0.0888018
-0.0999803
-0.110914
-0.121577
-0.131942
-0.141984
-0.151678
-0.161002
-0.169931
-0.178445
-0.186521
-0.194142
-0.201287
-0.20794
-0.214084
-0.219704
-0.224786
-0.229318
-0.233289
-0.23669
-0.23951
-0.241745
-0.243388
-0.244436
-0.244886
-0.244736
-0.243987
-0.242641
-0.240702
-0.238173
-0.235061
-0.231375
-0.227122
-0.222313
-0.21696
-0.211076
-0.204676
-0.197775
-0.19039
-0.182539
-0.174241
-0.165517
-0.156388
-0.146876
-0.137005
-0.126798
-0.116281
-0.10548
-0.09442
-0.0831293
-0.0716353
-0.0599659
-0.0481498
-0.0362158
-0.0241932
-0.0121114
0
0
0.0144683
0.0289012
0.0432634
0.0575197
0.0716353
0.0855755
0.0993064
0.112794
0.126006
0.138909
0.151473
0.163666
0.175458
0.186821
0.197727
0.208149
0.218061
0.22744
0.236262
0.244506
0.252152
0.259181
0.265575
0.27132
0.2764
0.280805
0.284522
0.287542
0.289859
0.291467
0.292361
0.292541
0.292004
0.290752
0.288789
0.286119
0.28275
0.278688
0.273944
0.26853
0.262458
0.255745
0.248405
0.240458
0.231922
0.222819
0.21317
0.203
0.192333
0.181195
0.169614
0.157618
0.145236
0.132498
0.119437
0.106083
0.0924694
0.0786296
0.0645974
0.0504071
0.0360935
0.0216915
0.00723649
-0.00723625
-0.0216913
-0.0360932
-0.0504069
-0.0645971
-0.0786293
-0.0924691
-0.106083
-0.119436
-0.132498
-0.145235
-0.157617
-0.169614
-0.181195
-0.192333
-0.203
-0.21317
-0.222819
-0.231922
-0.240458
-0.248405
-0.255745
-0.262458
-0.268529
-0.273944
-0.278688
-0.282749
-0.286119
-0.288789
-0.290752
-0.292003
-0.29254
-0.292361
-0.291467
-0.289859
-0.287542
-0.284521
-0.280804
-0.2764
-0.27132
-0.265575
-0.259181
-0.252152
-0.244506
-0.236262
-0.22744
-0.218061
-0.208148
-0.197727
-0.186821
-0.175458
-0.163666
-0.151473
-0.138909
-0.126006
-0.112794
-0.0993063
-0.0855755
-0.0716353
-0.0575197
-0.0432634
-0.0289012
-0.0144683
0
0
0.0167898
0.0335385
0.0502052
0.0667489
0.0831294
0.0993064
0.11524
0.130892
0.146224
0.161198
0.175777
0.189926
0.203611
0.216797
0.229452
0.241547
0.25305
0.263933
0.274171
0.283738
0.292611
0.300767
0.308188
0.314854
0.32075
0.32586
0.330174
0.333679
0.336368
0.338234
0.339272
0.339479
0.338856
0.337404
0.335126
0.332028
0.328117
0.323404
0.317899
0.311616
0.304571
0.29678
0.288263
0.27904
0.269135
0.258571
0.247374
0.235572
0.223193
0.210268
0.196829
0.182908
0.168539
0.153758
0.138601
0.123104
0.107306
0.0912459
0.0749622
0.0584951
0.0418848
0.025172
0.00839761
-0.00839733
-0.0251717
-0.0418845
-0.0584948
-0.0749619
-0.0912456
-0.107306
-0.123104
-0.1386
-0.153758
-0.168539
-0.182908
-0.196829
-0.210268
-0.223193
-0.235571
-0.247374
-0.25857
-0.269134
-0.27904
-0.288262
-0.296779
-0.30457
-0.311616
-0.317899
-0.323404
-0.328117
-0.332028
-0.335126
-0.337404
-0.338856
-0.339479
-0.339272
-0.338234
-0.336368
-0.333679
-0.330174
-0.32586
-0.320749
-0.314854
-0.308187
-0.300767
-0.29261
-0.283738
-0.274171
-0.263933
-0.253049
-0.241546
-0.229452
-0.216797
-0.203611
-0.189926
-0.175777
-0.161198
-0.146224
-0.130892
-0.11524
-0.0993063
-0.0831293
-0.0667489
-0.0502051
-0.0335385
-0.0167898
0
0
0.0190702
0.0380937
0.057024
0.0758148
0.09442
0.112794
0.130892
0.14867
0.166084
0.183092
0.199651
0.215722
0.231265
0.246242
0.260617
0.274353
0.287419
0.299781
0.311409
0.322275
0.332353
0.341617
0.350046
0.357617
0.364314
0.370119
0.375018
0.379
0.382054
0.384173
0.385352
0.385588
0.38488
0.38323
0.380643
0.377124
0.372682
0.367329
0.361076
0.35394
0.345937
0.337088
0.327414
0.316939
0.305689
0.29369
0.280972
0.267567
0.253507
0.238827
0.223562
0.20775
0.19143
0.174642
0.157425
0.139824
0.121881
0.103639
0.0851436
0.0664399
0.0475736
0.0285909
0.00953818
-0.00953785
-0.0285905
-0.0475733
-0.0664396
-0.0851433
-0.103639
-0.12188
-0.139824
-0.157425
-0.174641
-0.19143
-0.20775
-0.223562
-0.238827
-0.253507
-0.267567
-0.280972
-0.293689
-0.305688
-0.316939
-0.327414
-0.337088
-0.345937
-0.35394
-0.361076
-0.367328
-0.372682
-0.377124
-0.380643
-0.38323
-0.38488
-0.385587
-0.385351
-0.384172
-0.382053
-0.378999
-0.375018
-0.370119
-0.364314
-0.357617
-0.350045
-0.341617
-0.332353
-0.322275
-0.311409
-0.299781
-0.287419
-0.274353
-0.260617
-0.246242
-0.231265
-0.215722
-0.199651
-0.183092
-0.166084
-0.14867
-0.130892
-0.112794
-0.09442
-0.0758148
-0.057024
-0.0380937
-0.0190702
0
0
0.0213039
0.0425557
0.0637034
0.0846951
0.10548
0.126006
0.146224
0.166084
0.185538
0.204538
0.223037
0.24099
0.258354
0.275085
0.291143
0.306489
0.321085
0.334895
0.347885
0.360024
0.371282
0.381632
0.391047
0.399506
0.406987
0.413472
0.418945
0.423392
0.426804
0.429172
0.430489
0.430752
0.429962
0.428119
0.425228
0.421297
0.416335
0.410355
0.40337
0.395397
0.386458
0.376572
0.365765
0.354063
0.341494
0.32809
0.313883
0.298908
0.283201
0.266801
0.249748
0.232085
0.213853
0.195098
0.175865
0.156202
0.136157
0.115778
0.0951166
0.0742221
0.053146
0.0319398
0.0106554
-0.010655
-0.0319394
-0.0531456
-0.0742218
-0.0951163
-0.115778
-0.136156
-0.156202
-0.175865
-0.195097
-0.213852
-0.232084
-0.249748
-0.266801
-0.283201
-0.298907
-0.313883
-0.32809
-0.341494
-0.354063
-0.365765
-0.376572
-0.386457
-0.395397
-0.403369
-0.410354
-0.416335
-0.421297
-0.425228
-0.428119
-0.429961
-0.430752
-0.430488
-0.429171
-0.426804
-0.423392
-0.418944
-0.413471
-0.406986
-0.399505
-0.391047
-0.381631
-0.371282
-0.360024
-0.347885
-0.334894
-0.321085
-0.306489
-0.291143
-0.275085
-0.258354
-0.24099
-0.223037
-0.204538
-0.185538
-0.166084
-0.146224
-0.126006
-0.10548
-0.0846951
-0.0637033
-0.0425557
-0.0213039
0
0
0.0234855
0.0469136
0.0702268
0.0933682
0.116281
0.138909
0.161198
0.183092
0.204538
0.225483
0.245876
0.265668
0.28481
0.303255
0.320957
0.337875
0.353965
0.369189
0.38351
0.396892
0.409303
0.420712
0.431092
0.440416
0.448663
0.455812
0.461846
0.466749
0.47051
0.47312
0.474572
0.474863
0.473991
0.47196
0.468773
0.46444
0.45897
0.452376
0.444676
0.435887
0.426032
0.415134
0.403221
0.39032
0.376465
0.361688
0.346026
0.329517
0.312202
0.294122
0.275324
0.255851
0.235752
0.215076
0.193874
0.172198
0.1501
0.127634
0.104857
0.0818227
0.0585883
0.0352105
0.0117466
-0.0117461
-0.0352101
-0.0585879
-0.0818223
-0.104856
-0.127634
-0.150099
-0.172197
-0.193874
-0.215076
-0.235752
-0.25585
-0.275323
-0.294122
-0.312201
-0.329516
-0.346025
-0.361687
-0.376464
-0.39032
-0.40322
-0.415134
-0.426032
-0.435887
-0.444676
-0.452376
-0.458969
-0.464439
-0.468773
-0.471959
-0.473991
-0.474862
-0.474572
-0.47312
-0.47051
-0.466749
-0.461846
-0.455812
-0.448663
-0.440416
-0.431091
-0.420712
-0.409302
-0.396892
-0.383509
-0.369189
-0.353965
-0.337874
-0.320957
-0.303255
-0.28481
-0.265668
-0.245876
-0.225483
-0.204538
-0.183092
-0.161198
-0.138909
-0.116281
-0.0933681
-0.0702268
-0.0469135
-0.0234855
0
0
0.0256096
0.0511566
0.0765784
0.101813
0.126798
0.151473
0.175777
0.199651
0.223037
0.245876
0.268114
0.289696
0.310569
0.330682
0.349986
0.368433
0.385979
0.40258
0.418196
0.432788
0.446322
0.458763
0.470081
0.480249
0.489242
0.497038
0.503617
0.508964
0.513065
0.515911
0.517494
0.517811
0.516861
0.514646
0.511171
0.506445
0.500481
0.493291
0.484894
0.475311
0.464564
0.452681
0.439689
0.425622
0.410513
0.3944
0.377322
0.35932
0.340438
0.320724
0.300225
0.278991
0.257074
0.234529
0.211409
0.187772
0.163675
0.139178
0.114341
0.0892231
0.0638872
0.0383951
0.012809
-0.0128085
-0.0383946
-0.0638868
-0.0892226
-0.11434
-0.139178
-0.163675
-0.187771
-0.211408
-0.234528
-0.257074
-0.278991
-0.300224
-0.320724
-0.340438
-0.359319
-0.377321
-0.3944
-0.410513
-0.425622
-0.439689
-0.45268
-0.464564
-0.47531
-0.484894
-0.493291
-0.50048
-0.506445
-0.511171
-0.514645
-0.51686
-0.517811
-0.517494
-0.515911
-0.513065
-0.508964
-0.503617
-0.497037
-0.489242
-0.480249
-0.470081
-0.458762
-0.446321
-0.432788
-0.418196
-0.40258
-0.385979
-0.368433
-0.349986
-0.330682
-0.310569
-0.289696
-0.268114
-0.245876
-0.223037
-0.199651
-0.175777
-0.151473
-0.126798
-0.101813
-0.0765784
-0.0511566
-0.0256096
0
0
0.0276711
0.0552745
0.0827426
0.110008
0.137005
0.163666
0.189926
0.215722
0.24099
0.265668
0.289696
0.313015
0.335569
0.357301
0.378158
0.39809
0.417048
0.434986
0.451858
0.467625
0.482248
0.495691
0.50792
0.518907
0.528624
0.537047
0.544156
0.549933
0.554364
0.557439
0.55915
0.559492
0.558465
0.556072
0.552318
0.547212
0.540767
0.532998
0.523926
0.513571
0.501959
0.489119
0.475082
0.459883
0.443558
0.426147
0.407694
0.388243
0.367842
0.346541
0.324391
0.301448
0.277767
0.253407
0.228426
0.202887
0.17685
0.150381
0.123544
0.0964051
0.0690299
0.0414857
0.01384
-0.0138395
-0.0414852
-0.0690294
-0.0964046
-0.123544
-0.150381
-0.17685
-0.202886
-0.228426
-0.253406
-0.277767
-0.301448
-0.324391
-0.34654
-0.367842
-0.388243
-0.407694
-0.426147
-0.443557
-0.459882
-0.475082
-0.489119
-0.501959
-0.51357
-0.523925
-0.532998
-0.540766
-0.547211
-0.552317
-0.556072
-0.558465
-0.559492
-0.55915
-0.557439
-0.554364
-0.549933
-0.544155
-0.537047
-0.528623
-0.518907
-0.50792
-0.495691
-0.482248
-0.467625
-0.451858
-0.434985
-0.417048
-0.39809
-0.378158
-0.3573
-0.335568
-0.313015
-0.289696
-0.265668
-0.24099
-0.215722
-0.189926
-0.163666
-0.137005
-0.110008
-0.0827425
-0.0552744
-0.0276711
0
0
0.0296648
0.059257
0.0887043
0.117934
0.146876
0.175458
0.203611
0.231265
0.258354
0.28481
0.310569
0.335569
0.359747
0.383044
0.405405
0.426773
0.447097
0.466327
0.484415
0.501318
0.516995
0.531406
0.544517
0.556295
0.566712
0.575742
0.583363
0.589556
0.594307
0.597603
0.599437
0.599804
0.598703
0.596138
0.592113
0.586639
0.57973
0.571402
0.561675
0.550574
0.538126
0.524361
0.509313
0.493018
0.475517
0.456852
0.437069
0.416216
0.394345
0.371509
0.347764
0.323168
0.297781
0.271665
0.244885
0.217505
0.189593
0.161217
0.132446
0.103351
0.0740035
0.0444748
0.0148372
-0.0148367
-0.0444743
-0.074003
-0.103351
-0.132445
-0.161216
-0.189592
-0.217504
-0.244884
-0.271665
-0.29778
-0.323168
-0.347764
-0.371509
-0.394345
-0.416216
-0.437068
-0.456851
-0.475516
-0.493017
-0.509312
-0.52436
-0.538126
-0.550574
-0.561675
-0.571401
-0.579729
-0.586639
-0.592112
-0.596137
-0.598703
-0.599804
-0.599437
-0.597603
-0.594307
-0.589556
-0.583362
-0.575741
-0.566711
-0.556295
-0.544516
-0.531406
-0.516994
-0.501318
-0.484415
-0.466326
-0.447097
-0.426773
-0.405405
-0.383044
-0.359747
-0.335568
-0.310569
-0.28481
-0.258354
-0.231265
-0.203611
-0.175458
-0.146876
-0.117934
-0.0887042
-0.059257
-0.0296648
0
0
0.031586
0.0630946
0.0944489
0.125572
0.156388
0.186821
0.216797
0.246242
0.275085
0.303255
0.330682
0.357301
0.383044
0.407851
0.431659
0.454412
0.476052
0.496527
0.515787
0.533785
0.550476
0.565821
0.57978
0.592321
0.603413
0.613028
0.621142
0.627737
0.632795
0.636305
0.638258
0.638649
0.637476
0.634744
0.630459
0.624631
0.617274
0.608406
0.59805
0.58623
0.572976
0.558319
0.542296
0.524946
0.506312
0.486438
0.465374
0.443171
0.419884
0.395569
0.370286
0.344097
0.317066
0.289259
0.260744
0.231591
0.201871
0.171657
0.141023
0.110044
0.0787961
0.047355
0.0157981
-0.0157975
-0.0473545
-0.0787956
-0.110044
-0.141023
-0.171657
-0.20187
-0.23159
-0.260743
-0.289258
-0.317065
-0.344096
-0.370285
-0.395568
-0.419883
-0.443171
-0.465374
-0.486438
-0.506311
-0.524946
-0.542296
-0.558319
-0.572975
-0.58623
-0.59805
-0.608406
-0.617273
-0.62463
-0.630458
-0.634744
-0.637476
-0.638648
-0.638257
-0.636305
-0.632795
-0.627736
-0.621142
-0.613027
-0.603412
-0.592321
-0.57978
-0.56582
-0.550476
-0.533784
-0.515786
-0.496526
-0.476051
-0.454411
-0.431659
-0.407851
-0.383044
-0.3573
-0.330682
-0.303255
-0.275085
-0.246242
-0.216797
-0.186821
-0.156388
-0.125572
-0.0944488
-0.0630946
-0.0315859
0
0
0.0334298
0.0667778
0.0999624
0.132902
0.165517
0.197727
0.229452
0.260617
0.291143
0.320957
0.349986
0.378158
0.405405
0.431659
0.456858
0.480938
0.503841
0.525512
0.545896
0.564944
0.58261
0.598851
0.613625
0.626898
0.638637
0.648813
0.657402
0.664381
0.669735
0.67345
0.675516
0.67593
0.674689
0.671798
0.667262
0.661094
0.653307
0.643922
0.632961
0.620452
0.606423
0.590911
0.573953
0.55559
0.535868
0.514834
0.49254
0.469041
0.444395
0.41866
0.391902
0.364184
0.335575
0.306144
0.275965
0.24511
0.213655
0.181678
0.149256
0.116468
0.0833959
0.0501194
0.0167203
-0.0167197
-0.0501188
-0.0833953
-0.116468
-0.149255
-0.181677
-0.213655
-0.245109
-0.275964
-0.306144
-0.335574
-0.364183
-0.391901
-0.41866
-0.444394
-0.469041
-0.49254
-0.514834
-0.535867
-0.55559
-0.573953
-0.590911
-0.606423
-0.620451
-0.632961
-0.643922
-0.653307
-0.661093
-0.667262
-0.671797
-0.674689
-0.675929
-0.675516
-0.673449
-0.669734
-0.664381
-0.657401
-0.648813
-0.638637
-0.626898
-0.613625
-0.59885
-0.58261
-0.564944
-0.545896
-0.525511
-0.503841
-0.480938
-0.456857
-0.431659
-0.405405
-0.378158
-0.349986
-0.320957
-0.291143
-0.260617
-0.229452
-0.197727
-0.165517
-0.132902
-0.0999623
-0.0667778
-0.0334298
0
0
0.0351918
0.0702975
0.105231
0.139907
0.174241
0.208149
0.241547
0.274353
0.306489
0.337875
0.368433
0.39809
0.426773
0.454412
0.480938
0.506287
0.530398
0.553211
0.574669
0.594722
0.613319
0.630415
0.645968
0.659941
0.672299
0.683011
0.692052
0.6994
0.705036
0.708946
0.711122
0.711557
0.710251
0.707207
0.702433
0.695939
0.687742
0.677862
0.666324
0.653155
0.638387
0.622057
0.604205
0.584875
0.564113
0.54197
0.518502
0.493764
0.467818
0.440727
0.412558
0.383379
0.353262
0.322281
0.29051
0.258029
0.224917
0.191254
0.157123
0.122607
0.0877915
0.0527611
0.0176016
-0.017601
-0.0527605
-0.0877909
-0.122606
-0.157122
-0.191253
-0.224916
-0.258029
-0.29051
-0.32228
-0.353262
-0.383379
-0.412557
-0.440727
-0.467817
-0.493763
-0.518501
-0.54197
-0.564112
-0.584874
-0.604205
-0.622057
-0.638387
-0.653154
-0.666323
-0.677862
-0.687742
-0.695938
-0.702432
-0.707207
-0.710251
-0.711557
-0.711121
-0.708946
-0.705035
-0.699399
-0.692052
-0.683011
-0.672298
-0.659941
-0.645968
-0.630415
-0.613319
-0.594721
-0.574669
-0.55321
-0.530398
-0.506287
-0.480938
-0.454411
-0.426773
-0.39809
-0.368433
-0.337874
-0.306489
-0.274353
-0.241546
-0.208148
-0.174241
-0.139907
-0.105231
-0.0702975
-0.0351918
0
0
0.0368677
0.0736453
0.110243
0.14657
0.182539
0.218061
0.25305
0.287419
0.321085
0.353965
0.385979
0.417048
0.447097
0.476052
0.503841
0.530398
0.555657
0.579556
0.602036
0.623044
0.642526
0.660437
0.676731
0.691369
0.704315
0.715538
0.725009
0.732707
0.738611
0.742708
0.744987
0.745443
0.744075
0.740886
0.735884
0.729081
0.720494
0.710144
0.698056
0.684259
0.668789
0.651681
0.632979
0.612728
0.590977
0.56778
0.543194
0.517278
0.490097
0.461716
0.432205
0.401637
0.370085
0.337628
0.304345
0.270317
0.235628
0.200362
0.164605
0.128446
0.0919724
0.0552737
0.0184398
-0.0184392
-0.0552731
-0.0919717
-0.128445
-0.164605
-0.200361
-0.235627
-0.270317
-0.304344
-0.337628
-0.370085
-0.401636
-0.432204
-0.461715
-0.490096
-0.517277
-0.543193
-0.567779
-0.590976
-0.612727
-0.632978
-0.651681
-0.668788
-0.684259
-0.698055
-0.710143
-0.720493
-0.729081
-0.735883
-0.740885
-0.744074
-0.745443
-0.744986
-0.742707
-0.73861
-0.732706
-0.725009
-0.715537
-0.704315
-0.691369
-0.676731
-0.660436
-0.642526
-0.623043
-0.602036
-0.579555
-0.555656
-0.530398
-0.503841
-0.476051
-0.447097
-0.417048
-0.385979
-0.353965
-0.321085
-0.287419
-0.253049
-0.218061
-0.182539
-0.14657
-0.110243
-0.0736452
-0.0368677
0
0
0.0384534
0.0768128
0.114984
0.152874
0.19039
0.22744
0.263933
0.299781
0.334895
0.369189
0.40258
0.434986
0.466327
0.496527
0.525512
0.553211
0.579556
0.604483
0.62793
0.649841
0.670162
0.688842
0.705837
0.721105
0.734608
0.746313
0.756192
0.764221
0.770379
0.774652
0.777029
0.777505
0.776078
0.772752
0.767534
0.760439
0.751483
0.740687
0.728079
0.71369
0.697553
0.67971
0.660203
0.639081
0.616395
0.5922
0.566557
0.539526
0.511176
0.481574
0.450794
0.418911
0.386003
0.35215
0.317435
0.281944
0.245762
0.208979
0.171685
0.13397
0.0959281
0.0576511
0.019233
-0.0192322
-0.0576504
-0.0959274
-0.13397
-0.171684
-0.208978
-0.245761
-0.281943
-0.317434
-0.352149
-0.386002
-0.41891
-0.450794
-0.481574
-0.511175
-0.539526
-0.566556
-0.5922
-0.616394
-0.639081
-0.660203
-0.679709
-0.697553
-0.713689
-0.728079
-0.740687
-0.751482
-0.760438
-0.767534
-0.772751
-0.776077
-0.777504
-0.777028
-0.774651
-0.770378
-0.76422
-0.756192
-0.746313
-0.734608
-0.721105
-0.705837
-0.688842
-0.670161
-0.649841
-0.62793
-0.604482
-0.579555
-0.55321
-0.525511
-0.496526
-0.466326
-0.434985
-0.40258
-0.369189
-0.334894
-0.299781
-0.263933
-0.22744
-0.19039
-0.152874
-0.114984
-0.0768127
-0.0384534
0
0
0.039945
0.0797923
0.119444
0.158804
0.197775
0.236262
0.274171
0.311409
0.347885
0.38351
0.418196
0.451858
0.484415
0.515787
0.545896
0.574669
0.602036
0.62793
0.652287
0.675048
0.696157
0.715562
0.733216
0.749076
0.763103
0.775262
0.785524
0.793864
0.800261
0.8047
0.80717
0.807664
0.806181
0.802726
0.797307
0.789936
0.780632
0.769418
0.756321
0.741373
0.724611
0.706076
0.685812
0.663871
0.640305
0.615172
0.588533
0.560454
0.531004
0.500254
0.46828
0.43516
0.400976
0.36581
0.329748
0.29288
0.255295
0.217085
0.178344
0.139167
0.0996491
0.0598873
0.019979
-0.0199783
-0.0598866
-0.0996484
-0.139166
-0.178344
-0.217085
-0.255294
-0.292879
-0.329748
-0.365809
-0.400975
-0.43516
-0.46828
-0.500254
-0.531003
-0.560454
-0.588532
-0.615171
-0.640304
-0.66387
-0.685812
-0.706075
-0.72461
-0.741373
-0.75632
-0.769418
-0.780632
-0.789935
-0.797306
-0.802726
-0.806181
-0.807663
-0.807169
-0.8047
-0.800261
-0.793864
-0.785524
-0.775262
-0.763103
-0.749076
-0.733216
-0.715562
-0.696157
-0.675048
-0.652287
-0.62793
-0.602036
-0.574669
-0.545896
-0.515786
-0.484415
-0.451858
-0.418196
-0.383509
-0.347885
-0.311409
-0.274171
-0.236262
-0.197775
-0.158804
-0.119444
-0.0797923
-0.039945
0
0
0.0413389
0.0825766
0.123612
0.164345
0.204676
0.244506
0.283738
0.322275
0.360024
0.396892
0.432788
0.467625
0.501318
0.533785
0.564944
0.594722
0.623044
0.649841
0.675048
0.698603
0.720449
0.740531
0.758801
0.775214
0.789731
0.802314
0.812934
0.821565
0.828186
0.832779
0.835335
0.835846
0.834312
0.830737
0.825128
0.8175
0.807872
0.796266
0.782712
0.767243
0.749896
0.730713
0.709743
0.687036
0.662647
0.636637
0.609069
0.580011
0.549533
0.51771
0.48462
0.450345
0.414967
0.378574
0.341254
0.3031
0.264203
0.22466
0.184568
0.144023
0.103126
0.0619771
0.0206761
-0.0206754
-0.0619763
-0.103126
-0.144022
-0.184567
-0.22466
-0.264203
-0.303099
-0.341254
-0.378573
-0.414966
-0.450344
-0.48462
-0.517709
-0.549532
-0.58001
-0.609069
-0.636637
-0.662647
-0.687035
-0.709742
-0.730713
-0.749895
-0.767242
-0.782711
-0.796266
-0.807871
-0.817499
-0.825127
-0.830736
-0.834312
-0.835846
-0.835334
-0.832779
-0.828185
-0.821565
-0.812934
-0.802314
-0.78973
-0.775214
-0.758801
-0.740531
-0.720448
-0.698603
-0.675048
-0.649841
-0.623043
-0.594721
-0.564944
-0.533784
-0.501318
-0.467625
-0.432788
-0.396892
-0.360024
-0.322275
-0.283738
-0.244506
-0.204676
-0.164345
-0.123612
-0.0825765
-0.0413388
0
0
0.0426315
0.0851588
0.127478
0.169484
0.211077
0.252152
0.292611
0.332353
0.371282
0.409303
0.446322
0.482248
0.516995
0.550476
0.58261
0.613319
0.642526
0.670162
0.696157
0.720449
0.742977
0.763688
0.782529
0.799456
0.814426
0.827403
0.838355
0.847256
0.854083
0.85882
0.861456
0.861983
0.860401
0.856714
0.85093
0.843063
0.833134
0.821166
0.807188
0.791234
0.773345
0.753563
0.731937
0.70852
0.683369
0.656545
0.628115
0.598148
0.566717
0.533899
0.499775
0.464427
0.427943
0.390412
0.351926
0.312578
0.272465
0.231686
0.190339
0.148527
0.106351
0.0639151
0.0213227
-0.0213219
-0.0639143
-0.10635
-0.148526
-0.190338
-0.231685
-0.272464
-0.312577
-0.351925
-0.390411
-0.427943
-0.464426
-0.499774
-0.533898
-0.566716
-0.598147
-0.628114
-0.656544
-0.683368
-0.708519
-0.731936
-0.753562
-0.773344
-0.791234
-0.807187
-0.821165
-0.833133
-0.843063
-0.850929
-0.856713
-0.860401
-0.861983
-0.861455
-0.85882
-0.854083
-0.847255
-0.838355
-0.827402
-0.814425
-0.799455
-0.782529
-0.763687
-0.742977
-0.720448
-0.696157
-0.670161
-0.642526
-0.613319
-0.58261
-0.550476
-0.516994
-0.482248
-0.446321
-0.409302
-0.371282
-0.332353
-0.29261
-0.252152
-0.211076
-0.169484
-0.127478
-0.0851587
-0.0426315
0
0
0.0438199
0.0875325
0.131031
0.174209
0.21696
0.259181
0.300767
0.341617
0.381632
0.420712
0.458763
0.495691
0.531406
0.565821
0.598851
0.630415
0.660437
0.688842
0.715562
0.740531
0.763688
0.784975
0.804342
0.82174
0.837128
0.850466
0.861724
0.870873
0.877891
0.88276
0.885469
0.886011
0.884385
0.880595
0.874649
0.866564
0.856357
0.844055
0.829688
0.81329
0.794902
0.774568
0.75234
0.72827
0.702417
0.674846
0.645624
0.614821
0.582514
0.548781
0.513706
0.477373
0.439872
0.401295
0.361735
0.321291
0.28006
0.238144
0.195645
0.152667
0.109316
0.0656967
0.0219171
-0.0219162
-0.0656959
-0.109315
-0.152666
-0.195644
-0.238143
-0.280059
-0.32129
-0.361735
-0.401294
-0.439871
-0.477372
-0.513705
-0.548781
-0.582513
-0.61482
-0.645623
-0.674845
-0.702417
-0.728269
-0.752339
-0.774568
-0.794901
-0.813289
-0.829687
-0.844055
-0.856357
-0.866563
-0.874649
-0.880594
-0.884384
-0.88601
-0.885468
-0.882759
-0.87789
-0.870872
-0.861724
-0.850466
-0.837127
-0.82174
-0.804341
-0.784975
-0.763687
-0.740531
-0.715562
-0.688842
-0.660436
-0.630415
-0.59885
-0.56582
-0.531406
-0.495691
-0.458762
-0.420712
-0.381631
-0.341617
-0.300767
-0.259181
-0.21696
-0.174209
-0.131031
-0.0875325
-0.0438199
0
0
0.044901
0.0896921
0.134264
0.178507
0.222313
0.265575
0.308188
0.350046
0.391047
0.431092
0.470081
0.50792
0.544517
0.57978
0.613625
0.645968
0.676731
0.705837
0.733216
0.758801
0.782529
0.804342
0.824186
0.842014
0.857781
0.871449
0.882984
0.892359
0.89955
0.904539
0.907315
0.90787
0.906204
0.90232
0.896229
0.887943
0.877485
0.86488
0.850158
0.833355
0.814513
0.793678
0.770901
0.746237
0.719747
0.691496
0.661552
0.62999
0.596886
0.562321
0.52638
0.489151
0.450725
0.411195
0.37066
0.329218
0.28697
0.244019
0.200472
0.156434
0.112013
0.0673176
0.0224578
-0.0224569
-0.0673167
-0.112012
-0.156433
-0.200471
-0.244018
-0.286969
-0.329217
-0.370659
-0.411195
-0.450724
-0.48915
-0.526379
-0.56232
-0.596885
-0.629989
-0.661552
-0.691495
-0.719746
-0.746236
-0.7709
-0.793678
-0.814513
-0.833355
-0.850157
-0.864879
-0.877485
-0.887943
-0.896228
-0.90232
-0.906204
-0.90787
-0.907314
-0.904538
-0.899549
-0.892358
-0.882984
-0.871448
-0.857781
-0.842014
-0.824186
-0.804341
-0.782529
-0.758801
-0.733216
-0.705837
-0.676731
-0.645968
-0.613625
-0.57978
-0.544516
-0.50792
-0.470081
-0.431091
-0.391047
-0.350045
-0.308187
-0.265575
-0.222313
-0.178507
-0.134264
-0.0896921
-0.044901
0
0
0.0458722
0.0916322
0.137168
0.182368
0.227122
0.27132
0.314854
0.357617
0.399506
0.440416
0.480249
0.518907
0.556295
0.592321
0.626898
0.659941
0.691369
0.721105
0.749076
0.775214
0.799456
0.82174
0.842014
0.860227
0.876335
0.890299
0.902084
0.911661
0.919007
0.924105
0.926941
0.927508
0.925806
0.921838
0.915614
0.90715
0.896466
0.883588
0.868547
0.851381
0.832132
0.810846
0.787576
0.762379
0.735316
0.706453
0.675862
0.643617
0.609797
0.574484
0.537766
0.499731
0.460474
0.42009
0.378678
0.336339
0.293177
0.249297
0.204808
0.159817
0.114436
0.0687737
0.0229436
-0.0229427
-0.0687728
-0.114435
-0.159816
-0.204807
-0.249297
-0.293176
-0.336338
-0.378677
-0.420089
-0.460473
-0.49973
-0.537765
-0.574483
-0.609796
-0.643616
-0.675861
-0.706452
-0.735315
-0.762378
-0.787575
-0.810845
-0.832131
-0.85138
-0.868546
-0.883587
-0.896465
-0.907149
-0.915614
-0.921837
-0.925805
-0.927508
-0.92694
-0.924104
-0.919007
-0.91166
-0.902083
-0.890298
-0.876335
-0.860227
-0.842014
-0.82174
-0.799455
-0.775214
-0.749076
-0.721105
-0.691369
-0.659941
-0.626898
-0.592321
-0.556295
-0.518907
-0.480249
-0.440416
-0.399505
-0.357617
-0.314854
-0.27132
-0.227122
-0.182368
-0.137168
-0.0916322
-0.0458722
0
0
0.0467312
0.0933481
0.139736
0.185783
0.231375
0.2764
0.32075
0.364314
0.406987
0.448663
0.489242
0.528624
0.566712
0.603413
0.638637
0.672299
0.704315
0.734608
0.763103
0.789731
0.814426
0.837128
0.857781
0.876335
0.892745
0.90697
0.918976
0.928732
0.936216
0.941409
0.944298
0.944876
0.943142
0.9391
0.93276
0.924137
0.913252
0.900133
0.884811
0.867324
0.847714
0.82603
0.802324
0.776655
0.749085
0.719682
0.688518
0.655669
0.621215
0.585242
0.547836
0.509089
0.469097
0.427956
0.385769
0.342637
0.298667
0.253966
0.208643
0.16281
0.116578
0.0700615
0.0233732
-0.0233723
-0.0700606
-0.116577
-0.162809
-0.208642
-0.253965
-0.298666
-0.342636
-0.385768
-0.427955
-0.469096
-0.509088
-0.547835
-0.585241
-0.621214
-0.655668
-0.688517
-0.719681
-0.749084
-0.776654
-0.802323
-0.826029
-0.847713
-0.867323
-0.88481
-0.900132
-0.913252
-0.924136
-0.932759
-0.939099
-0.943141
-0.944875
-0.944297
-0.941408
-0.936216
-0.928732
-0.918975
-0.90697
-0.892745
-0.876335
-0.857781
-0.837127
-0.814425
-0.78973
-0.763103
-0.734608
-0.704315
-0.672298
-0.638637
-0.603412
-0.566711
-0.528623
-0.489242
-0.448663
-0.406986
-0.364314
-0.320749
-0.2764
-0.231375
-0.185783
-0.139736
-0.093348
-0.0467312
0
0
0.0474758
0.0948355
0.141963
0.188743
0.235061
0.280805
0.32586
0.370119
0.413472
0.455812
0.497038
0.537047
0.575742
0.613028
0.648813
0.683011
0.715538
0.746313
0.775262
0.802314
0.827403
0.850466
0.871449
0.890299
0.90697
0.921422
0.933619
0.943531
0.951134
0.956409
0.959344
0.959932
0.95817
0.954064
0.947622
0.938862
0.927804
0.914476
0.89891
0.881144
0.861221
0.839192
0.815108
0.78903
0.761021
0.731149
0.699489
0.666116
0.631114
0.594567
0.556565
0.517201
0.476571
0.434775
0.391915
0.348096
0.303426
0.258012
0.211968
0.165404
0.118436
0.0711779
0.0237457
-0.0237447
-0.0711769
-0.118435
-0.165403
-0.211967
-0.258011
-0.303425
-0.348096
-0.391914
-0.434774
-0.47657
-0.5172
-0.556564
-0.594566
-0.631113
-0.666115
-0.699488
-0.731148
-0.76102
-0.789029
-0.815107
-0.839191
-0.861221
-0.881143
-0.898909
-0.914475
-0.927803
-0.938861
-0.947622
-0.954063
-0.958169
-0.959931
-0.959344
-0.956409
-0.951133
-0.94353
-0.933618
-0.921421
-0.90697
-0.890298
-0.871448
-0.850466
-0.827402
-0.802314
-0.775262
-0.746313
-0.715537
-0.683011
-0.648813
-0.613027
-0.575741
-0.537047
-0.497037
-0.455812
-0.413471
-0.370119
-0.32586
-0.280804
-0.235061
-0.188743
-0.141963
-0.0948354
-0.0474758
0
0
0.0481043
0.0960908
0.143842
0.191242
0.238173
0.284522
0.330174
0.375018
0.418945
0.461846
0.503617
0.544156
0.583363
0.621142
0.657402
0.692052
0.725009
0.756192
0.785524
0.812934
0.838355
0.861724
0.882984
0.902084
0.918976
0.933619
0.945977
0.95602
0.963724
0.969069
0.972043
0.972638
0.970853
0.966692
0.960166
0.95129
0.940085
0.926581
0.910808
0.892807
0.872621
0.8503
0.825898
0.799474
0.771094
0.740828
0.708748
0.674934
0.639468
0.602437
0.563932
0.524047
0.48288
0.44053
0.397103
0.352704
0.307442
0.261428
0.214773
0.167594
0.120004
0.0721201
0.02406
-0.024059
-0.0721191
-0.120003
-0.167593
-0.214772
-0.261427
-0.307441
-0.352703
-0.397102
-0.440529
-0.482879
-0.524046
-0.563931
-0.602436
-0.639467
-0.674933
-0.708747
-0.740827
-0.771094
-0.799473
-0.825897
-0.850299
-0.87262
-0.892806
-0.910808
-0.92658
-0.940085
-0.951289
-0.960165
-0.966692
-0.970853
-0.972638
-0.972043
-0.969069
-0.963723
-0.95602
-0.945976
-0.933618
-0.918975
-0.902083
-0.882984
-0.861724
-0.838355
-0.812934
-0.785524
-0.756192
-0.725009
-0.692052
-0.657401
-0.621142
-0.583362
-0.544155
-0.503617
-0.461846
-0.418944
-0.375018
-0.330174
-0.284521
-0.238173
-0.191241
-0.143842
-0.0960908
-0.0481042
0
0
0.048615
0.097111
0.145369
0.193272
0.240702
0.287542
0.333679
0.379
0.423392
0.466749
0.508964
0.549933
0.589556
0.627737
0.664381
0.6994
0.732707
0.764221
0.793864
0.821565
0.847256
0.870873
0.892359
0.911661
0.928732
0.943531
0.95602
0.96617
0.973956
0.979358
0.982363
0.982965
0.981161
0.976956
0.97036
0.961389
0.950066
0.936418
0.920478
0.902286
0.881886
0.859327
0.834666
0.807962
0.779281
0.748693
0.716273
0.682099
0.646257
0.608833
0.569919
0.529611
0.488006
0.445207
0.401319
0.356449
0.310706
0.264203
0.217054
0.169373
0.121278
0.0728858
0.0243154
-0.0243144
-0.0728847
-0.121277
-0.169372
-0.217053
-0.264202
-0.310705
-0.356448
-0.401318
-0.445206
-0.488005
-0.52961
-0.569918
-0.608832
-0.646256
-0.682098
-0.716272
-0.748692
-0.77928
-0.807961
-0.834665
-0.859327
-0.881885
-0.902285
-0.920478
-0.936417
-0.950065
-0.961389
-0.970359
-0.976955
-0.98116
-0.982964
-0.982363
-0.979357
-0.973955
-0.96617
-0.95602
-0.94353
-0.928732
-0.91166
-0.892358
-0.870872
-0.847255
-0.821565
-0.793864
-0.76422
-0.732706
-0.699399
-0.664381
-0.627736
-0.589556
-0.549933
-0.508964
-0.466749
-0.423392
-0.378999
-0.333679
-0.287542
-0.240702
-0.193272
-0.145369
-0.0971109
-0.048615
0
0
0.0490067
0.0978935
0.146541
0.194829
0.242641
0.289859
0.336368
0.382054
0.426804
0.47051
0.513065
0.554364
0.594307
0.632795
0.669735
0.705036
0.738611
0.770379
0.800261
0.828186
0.854083
0.877891
0.89955
0.919007
0.936216
0.951134
0.963724
0.973956
0.981804
0.98725
0.990279
0.990886
0.989067
0.984828
0.978179
0.969136
0.957722
0.943964
0.927896
0.909557
0.888992
0.866252
0.841392
0.814473
0.785561
0.754726
0.722044
0.687596
0.651465
0.613739
0.574512
0.533878
0.491939
0.448795
0.404553
0.359321
0.31321
0.266332
0.218803
0.170738
0.122255
0.0734731
0.0245114
-0.0245103
-0.073472
-0.122254
-0.170737
-0.218802
-0.266331
-0.313209
-0.35932
-0.404552
-0.448794
-0.491938
-0.533877
-0.574511
-0.613738
-0.651464
-0.687595
-0.722043
-0.754725
-0.78556
-0.814472
-0.841391
-0.866251
-0.888991
-0.909556
-0.927895
-0.943963
-0.957721
-0.969136
-0.978178
-0.984827
-0.989066
-0.990885
-0.990279
-0.987249
-0.981803
-0.973955
-0.963723
-0.951133
-0.936216
-0.919007
-0.899549
-0.87789
-0.854083
-0.828185
-0.800261
-0.770378
-0.73861
-0.705035
-0.669734
-0.632795
-0.594307
-0.554364
-0.513065
-0.47051
-0.426804
-0.382053
-0.336368
-0.289859
-0.242641
-0.194829
-0.146541
-0.0978935
-0.0490067
0
0
0.0492785
0.0984365
0.147354
0.19591
0.243987
0.291467
0.338234
0.384173
0.429172
0.47312
0.515911
0.557439
0.597603
0.636305
0.67345
0.708946
0.742708
0.774652
0.8047
0.832779
0.85882
0.88276
0.904539
0.924105
0.941409
0.956409
0.969069
0.979358
0.98725
0.992726
0.995772
0.996382
0.994553
0.990291
0.983605
0.974512
0.963034
0.9492
0.933042
0.914602
0.893923
0.871057
0.846059
0.81899
0.789918
0.758912
0.726049
0.69141
0.655078
0.617143
0.577698
0.53684
0.494667
0.451284
0.406797
0.361314
0.314947
0.267809
0.220016
0.171685
0.122933
0.0738807
0.0246474
-0.0246463
-0.0738796
-0.122932
-0.171684
-0.220015
-0.267808
-0.314946
-0.361313
-0.406796
-0.451283
-0.494666
-0.536839
-0.577697
-0.617142
-0.655077
-0.691409
-0.726048
-0.758911
-0.789917
-0.818989
-0.846058
-0.871056
-0.893922
-0.914601
-0.933042
-0.949199
-0.963033
-0.974511
-0.983604
-0.99029
-0.994552
-0.996381
-0.995771
-0.992725
-0.987249
-0.979357
-0.969069
-0.956409
-0.941408
-0.924104
-0.904538
-0.882759
-0.85882
-0.832779
-0.8047
-0.774651
-0.742707
-0.708946
-0.673449
-0.636305
-0.597603
-0.557439
-0.515911
-0.47312
-0.429171
-0.384172
-0.338234
-0.291467
-0.243987
-0.19591
-0.147353
-0.0984364
-0.0492785
0
0
0.0494298
0.0987386
0.147806
0.196511
0.244736
0.292361
0.339272
0.385352
0.430489
0.474572
0.517494
0.55915
0.599437
0.638258
0.675516
0.711122
0.744987
0.777029
0.80717
0.835335
0.861456
0.885469
0.907315
0.926941
0.944298
0.959344
0.972043
0.982363
0.990279
0.995772
0.998828
0.999439
0.997605
0.99333
0.986623
0.977502
0.96599
0.952113
0.935906
0.917409
0.896666
0.87373
0.848655
0.821504
0.792342
0.761241
0.728277
0.693531
0.657088
0.619037
0.579471
0.538487
0.496185
0.452669
0.408045
0.362423
0.315914
0.268631
0.220692
0.172212
0.12331
0.0741074
0.024723
-0.0247219
-0.0741063
-0.123309
-0.172211
-0.22069
-0.26863
-0.315913
-0.362422
-0.408044
-0.452668
-0.496184
-0.538486
-0.57947
-0.619036
-0.657087
-0.69353
-0.728276
-0.76124
-0.792341
-0.821503
-0.848654
-0.873729
-0.896665
-0.917408
-0.935905
-0.952112
-0.965989
-0.977502
-0.986622
-0.993329
-0.997604
-0.999439
-0.998827
-0.995771
-0.990279
-0.982363
-0.972043
-0.959344
-0.944297
-0.92694
-0.907314
-0.885468
-0.861455
-0.835334
-0.807169
-0.777028
-0.744986
-0.711121
-0.675516
-0.638257
-0.599437
-0.55915
-0.517494
-0.474572
-0.430488
-0.385351
-0.339272
-0.292361
-0.244736
-0.196511
-0.147806
-0.0987385
-0.0494297
0
0
0.04946
0.098799
0.147896
0.196632
0.244886
0.292541
0.339479
0.385588
0.430752
0.474863
0.517811
0.559492
0.599804
0.638649
0.67593
0.711557
0.745443
0.777505
0.807664
0.835846
0.861983
0.886011
0.90787
0.927508
0.944876
0.959932
0.972638
0.982965
0.990886
0.996382
0.999439
1.00005
0.998216
0.993938
0.987227
0.978101
0.966581
0.952696
0.936479
0.91797
0.897215
0.874265
0.849175
0.822007
0.792827
0.761707
0.728723
0.693956
0.657491
0.619416
0.579826
0.538817
0.496489
0.452946
0.408295
0.362645
0.316107
0.268796
0.220827
0.172317
0.123386
0.0741528
0.0247382
-0.024737
-0.0741516
-0.123385
-0.172316
-0.220826
-0.268795
-0.316106
-0.362644
-0.408294
-0.452945
-0.496488
-0.538816
-0.579825
-0.619415
-0.65749
-0.693955
-0.728722
-0.761706
-0.792826
-0.822006
-0.849174
-0.874264
-0.897214
-0.917969
-0.936478
-0.952695
-0.96658
-0.9781
-0.987226
-0.993937
-0.998215
-1.00005
-0.999439
-0.996381
-0.990885
-0.982964
-0.972638
-0.959931
-0.944875
-0.927508
-0.90787
-0.88601
-0.861983
-0.835846
-0.807663
-0.777504
-0.745443
-0.711557
-0.675929
-0.638648
-0.599804
-0.559492
-0.517811
-0.474862
-0.430752
-0.385587
-0.339479
-0.29254
-0.244886
-0.196631
-0.147896
-0.098799
-0.04946
0
0
0.0493693
0.0986177
0.147625
0.196271
0.244436
0.292004
0.338856
0.38488
0.429962
0.473991
0.516861
0.558465
0.598703
0.637476
0.674689
0.710251
0.744075
0.776078
0.806181
0.834312
0.860401
0.884385
0.906204
0.925806
0.943142
0.95817
0.970853
0.981161
0.989067
0.994553
0.997605
0.998216
0.996384
0.992114
0.985416
0.976306
0.964807
0.950947
0.93476
0.916286
0.895569
0.87266
0.847616
0.820498
0.791372
0.760309
0.727386
0.692683
0.656284
0.618279
0.578762
0.537828
0.495578
0.452115
0.407546
0.361979
0.315527
0.268303
0.220421
0.172001
0.12316
0.0740167
0.0246928
-0.0246916
-0.0740155
-0.123158
-0.172
-0.22042
-0.268301
-0.315526
-0.361978
-0.407545
-0.452114
-0.495577
-0.537827
-0.578761
-0.618278
-0.656283
-0.692681
-0.727385
-0.760308
-0.791371
-0.820497
-0.847615
-0.872659
-0.895568
-0.916285
-0.934759
-0.950946
-0.964806
-0.976305
-0.985415
-0.992113
-0.996383
-0.998215
-0.997604
-0.994552
-0.989066
-0.98116
-0.970853
-0.958169
-0.943141
-0.925805
-0.906204
-0.884384
-0.860401
-0.834312
-0.806181
-0.776077
-0.744074
-0.710251
-0.674689
-0.637476
-0.598703
-0.558465
-0.51686
-0.473991
-0.429961
-0.38488
-0.338856
-0.292003
-0.244436
-0.196271
-0.147625
-0.0986177
-0.0493692
0
0
0.0491577
0.0981951
0.146992
0.19543
0.243389
0.290752
0.337404
0.38323
0.428119
0.47196
0.514646
0.556072
0.596138
0.634744
0.671798
0.707207
0.740886
0.772752
0.802726
0.830737
0.856714
0.880595
0.90232
0.921838
0.9391
0.954064
0.966692
0.976956
0.984828
0.990291
0.99333
0.993938
0.992114
0.987862
0.981192
0.972122
0.960672
0.946872
0.930754
0.912359
0.891731
0.86892
0.843984
0.816982
0.78798
0.757051
0.724268
0.689714
0.653471
0.61563
0.576281
0.535523
0.493454
0.450177
0.405799
0.360428
0.314175
0.267153
0.219477
0.171264
0.122632
0.0736995
0.024587
-0.0245857
-0.0736983
-0.12263
-0.171263
-0.219476
-0.267151
-0.314174
-0.360427
-0.405798
-0.450176
-0.493453
-0.535522
-0.57628
-0.615628
-0.65347
-0.689713
-0.724267
-0.75705
-0.787979
-0.816981
-0.843983
-0.868919
-0.89173
-0.912358
-0.930753
-0.946871
-0.960671
-0.972121
-0.981191
-0.987861
-0.992113
-0.993937
-0.993329
-0.99029
-0.984827
-0.976955
-0.966692
-0.954063
-0.939099
-0.921837
-0.90232
-0.880594
-0.856713
-0.830736
-0.802726
-0.772751
-0.740885
-0.707207
-0.671797
-0.634744
-0.596137
-0.556072
-0.514645
-0.471959
-0.428119
-0.38323
-0.337404
-0.290752
-0.243388
-0.195429
-0.146992
-0.098195
-0.0491576
0
0
0.0488258
0.0975321
0.146
0.19411
0.241745
0.288789
0.335126
0.380643
0.425228
0.468773
0.511171
0.552318
0.592113
0.630459
0.667262
0.702433
0.735884
0.767534
0.797307
0.825128
0.85093
0.874649
0.896229
0.915614
0.93276
0.947622
0.960166
0.97036
0.978179
0.983605
0.986623
0.987227
0.985416
0.981192
0.974568
0.965558
0.954186
0.940479
0.92447
0.906199
0.88571
0.863054
0.838286
0.811466
0.78266
0.75194
0.719379
0.685057
0.649059
0.611473
0.572391
0.531907
0.490123
0.447138
0.40306
0.357995
0.312054
0.265349
0.217995
0.170108
0.121804
0.0732019
0.024421
-0.0244197
-0.0732007
-0.121803
-0.170106
-0.217994
-0.265348
-0.312052
-0.357993
-0.403058
-0.447137
-0.490121
-0.531906
-0.57239
-0.611472
-0.649058
-0.685056
-0.719377
-0.751938
-0.782659
-0.811465
-0.838284
-0.863053
-0.885709
-0.906198
-0.924469
-0.940478
-0.954185
-0.965557
-0.974567
-0.981191
-0.985415
-0.987226
-0.986622
-0.983604
-0.978178
-0.970359
-0.960165
-0.947622
-0.932759
-0.915614
-0.896228
-0.874649
-0.850929
-0.825127
-0.797306
-0.767534
-0.735883
-0.702432
-0.667262
-0.630458
-0.592112
-0.552317
-0.511171
-0.468773
-0.425228
-0.380643
-0.335126
-0.288789
-0.241745
-0.19411
-0.146
-0.097532
-0.0488258
0
0
0.0483744
0.0966305
0.14465
0.192316
0.239511
0.286119
0.332028
0.377124
0.421297
0.46444
0.506445
0.547212
0.586639
0.624631
0.661094
0.695939
0.729081
0.760439
0.789936
0.8175
0.843063
0.866564
0.887943
0.90715
0.924137
0.938862
0.95129
0.961389
0.969136
0.974512
0.977502
0.978101
0.976306
0.972122
0.965558
0.956632
0.945365
0.931785
0.915924
0.897822
0.877522
0.855075
0.830536
0.803964
0.775425
0.744988
0.712728
0.678724
0.643059
0.605821
0.567099
0.52699
0.485592
0.443005
0.399334
0.354685
0.309169
0.262896
0.21598
0.168535
0.120678
0.0725252
0.0241952
-0.024194
-0.072524
-0.120677
-0.168534
-0.215978
-0.262895
-0.309168
-0.354684
-0.399332
-0.443003
-0.48559
-0.526989
-0.567098
-0.605819
-0.643058
-0.678723
-0.712727
-0.744987
-0.775424
-0.803963
-0.830535
-0.855074
-0.877521
-0.89782
-0.915923
-0.931784
-0.945364
-0.956631
-0.965557
-0.972121
-0.976305
-0.9781
-0.977502
-0.974511
-0.969136
-0.961389
-0.951289
-0.938861
-0.924136
-0.907149
-0.887943
-0.866563
-0.843063
-0.817499
-0.789935
-0.760438
-0.729081
-0.695938
-0.661093
-0.62463
-0.586639
-0.547211
-0.506445
-0.464439
-0.421297
-0.377124
-0.332028
-0.286119
-0.23951
-0.192316
-0.14465
-0.0966304
-0.0483744
0
0
0.0478047
0.0954924
0.142946
0.190051
0.23669
0.28275
0.328117
0.372682
0.416335
0.45897
0.500481
0.540767
0.57973
0.617274
0.653307
0.687742
0.720494
0.751483
0.780632
0.807872
0.833134
0.856357
0.877485
0.896466
0.913252
0.927804
0.940085
0.950066
0.957722
0.963034
0.96599
0.966581
0.964807
0.960672
0.954186
0.945365
0.934231
0.92081
0.905136
0.887247
0.867187
0.845004
0.820754
0.794495
0.766292
0.736214
0.704334
0.67073
0.635485
0.598685
0.56042
0.520783
0.479872
0.437787
0.39463
0.350508
0.305528
0.2598
0.213436
0.16655
0.119256
0.0716711
0.0239103
-0.023909
-0.0716698
-0.119255
-0.166549
-0.213435
-0.259798
-0.305526
-0.350506
-0.394629
-0.437786
-0.479871
-0.520782
-0.560419
-0.598684
-0.635484
-0.670729
-0.704333
-0.736213
-0.766291
-0.794494
-0.820753
-0.845003
-0.867186
-0.887246
-0.905135
-0.920809
-0.93423
-0.945364
-0.954185
-0.960671
-0.964806
-0.96658
-0.965989
-0.963033
-0.957721
-0.950065
-0.940085
-0.927803
-0.913252
-0.896465
-0.877485
-0.856357
-0.833133
-0.807871
-0.780632
-0.751482
-0.720493
-0.687742
-0.653307
-0.617273
-0.579729
-0.540766
-0.50048
-0.458969
-0.416335
-0.372682
-0.328117
-0.282749
-0.23669
-0.19005
-0.142946
-0.0954923
-0.0478046
0
0
0.0471179
0.0941206
0.140893
0.18732
0.23329
0.278688
0.323404
0.367329
0.410355
0.452376
0.493291
0.532998
0.571402
0.608406
0.643922
0.677862
0.710144
0.740687
0.769418
0.796266
0.821166
0.844055
0.86488
0.883588
0.900133
0.914476
0.926581
0.936418
0.943964
0.9492
0.952113
0.952696
0.950947
0.946872
0.940479
0.931785
0.92081
0.907582
0.892133
0.874501
0.854729
0.832866
0.808964
0.783082
0.755284
0.725638
0.694216
0.661095
0.626356
0.590085
0.552369
0.513302
0.472979
0.431498
0.388961
0.345473
0.301139
0.256068
0.21037
0.164157
0.117543
0.0706415
0.0235668
-0.0235655
-0.0706402
-0.117542
-0.164156
-0.210369
-0.256066
-0.301137
-0.345471
-0.38896
-0.431497
-0.472978
-0.513301
-0.552368
-0.590084
-0.626355
-0.661094
-0.694215
-0.725637
-0.755283
-0.783081
-0.808962
-0.832864
-0.854728
-0.8745
-0.892132
-0.907581
-0.920809
-0.931784
-0.940478
-0.946871
-0.950946
-0.952695
-0.952112
-0.949199
-0.943963
-0.936417
-0.92658
-0.914475
-0.900132
-0.883587
-0.864879
-0.844055
-0.821165
-0.796266
-0.769418
-0.740687
-0.710143
-0.677862
-0.643922
-0.608406
-0.571401
-0.532998
-0.493291
-0.452376
-0.410354
-0.367328
-0.323404
-0.278688
-0.233289
-0.18732
-0.140893
-0.0941205
-0.0471179
0
0
0.0463159
0.0925185
0.138495
0.184132
0.229318
0.273944
0.317899
0.361076
0.40337
0.444676
0.484894
0.523926
0.561675
0.59805
0.632961
0.666324
0.698056
0.728079
0.756321
0.782712
0.807188
0.829688
0.850158
0.868547
0.884811
0.89891
0.910808
0.920478
0.927896
0.933042
0.935906
0.936479
0.93476
0.930754
0.92447
0.915924
0.905136
0.892133
0.876948
0.859616
0.84018
0.818688
0.795193
0.769752
0.742428
0.713286
0.682399
0.649842
0.615695
0.58004
0.542967
0.504565
0.464928
0.424153
0.38234
0.339592
0.296013
0.251709
0.206789
0.161363
0.115543
0.0694391
0.0231657
-0.0231644
-0.0694377
-0.115541
-0.161362
-0.206788
-0.251707
-0.296011
-0.339591
-0.382339
-0.424152
-0.464926
-0.504563
-0.542966
-0.580039
-0.615693
-0.649841
-0.682398
-0.713285
-0.742426
-0.769751
-0.795192
-0.818687
-0.840179
-0.859615
-0.876946
-0.892132
-0.905135
-0.915923
-0.924469
-0.930753
-0.934759
-0.936478
-0.935905
-0.933042
-0.927895
-0.920478
-0.910808
-0.898909
-0.88481
-0.868546
-0.850157
-0.829687
-0.807187
-0.782711
-0.75632
-0.728079
-0.698055
-0.666323
-0.632961
-0.59805
-0.561675
-0.523925
-0.484894
-0.444676
-0.403369
-0.361076
-0.317899
-0.273944
-0.229318
-0.184132
-0.138495
-0.0925184
-0.0463159
0
0
0.0454005
0.0906899
0.135757
0.180493
0.224786
0.26853
0.311616
0.35394
0.395397
0.435887
0.475311
0.513571
0.550574
0.58623
0.620452
0.653155
0.684259
0.71369
0.741373
0.767243
0.791234
0.81329
0.833355
0.851381
0.867324
0.881144
0.892807
0.902286
0.909557
0.914602
0.917409
0.91797
0.916286
0.912359
0.906199
0.897822
0.887247
0.874501
0.859616
0.842626
0.823575
0.802508
0.779477
0.754539
0.727754
0.699189
0.668912
0.636998
0.603526
0.568577
0.532236
0.494593
0.455739
0.41577
0.374784
0.33288
0.290162
0.246734
0.202702
0.158174
0.113259
0.0680667
0.0227079
-0.0227065
-0.0680653
-0.113258
-0.158173
-0.202701
-0.246733
-0.290161
-0.332879
-0.374782
-0.415769
-0.455738
-0.494591
-0.532235
-0.568575
-0.603525
-0.636997
-0.668911
-0.699187
-0.727753
-0.754538
-0.779476
-0.802507
-0.823574
-0.842625
-0.859615
-0.8745
-0.887246
-0.89782
-0.906198
-0.912358
-0.916285
-0.917969
-0.917408
-0.914601
-0.909556
-0.902285
-0.892806
-0.881143
-0.867323
-0.85138
-0.833355
-0.813289
-0.791234
-0.767242
-0.741373
-0.713689
-0.684259
-0.653154
-0.620451
-0.58623
-0.550574
-0.51357
-0.47531
-0.435887
-0.395397
-0.35394
-0.311616
-0.268529
-0.224786
-0.180493
-0.135757
-0.0906899
-0.0454005
0
0
0.044374
0.0886395
0.132688
0.176412
0.219704
0.262458
0.304571
0.345937
0.386458
0.426032
0.464564
0.501959
0.538126
0.572976
0.606423
0.638387
0.668789
0.697553
0.724611
0.749896
0.773345
0.794902
0.814513
0.832132
0.847714
0.861221
0.872621
0.881886
0.888992
0.893923
0.896666
0.897215
0.895569
0.891731
0.88571
0.877522
0.867187
0.854729
0.84018
0.823575
0.804954
0.784364
0.761854
0.737479
0.7113
0.68338
0.653788
0.622596
0.589881
0.555721
0.520202
0.48341
0.445435
0.40637
0.36631
0.325354
0.283602
0.241155
0.198119
0.154598
0.110698
0.0665278
0.0221945
-0.0221931
-0.0665264
-0.110697
-0.154596
-0.198118
-0.241154
-0.2836
-0.325353
-0.366309
-0.406368
-0.445434
-0.483409
-0.520201
-0.55572
-0.589879
-0.622595
-0.653787
-0.683379
-0.711299
-0.737478
-0.761852
-0.784362
-0.804953
-0.823574
-0.840179
-0.854728
-0.867186
-0.877521
-0.885709
-0.89173
-0.895568
-0.897214
-0.896665
-0.893922
-0.888991
-0.881885
-0.87262
-0.861221
-0.847713
-0.832131
-0.814513
-0.794901
-0.773344
-0.749895
-0.72461
-0.697553
-0.668788
-0.638387
-0.606423
-0.572975
-0.538126
-0.501959
-0.464564
-0.426032
-0.386457
-0.345937
-0.30457
-0.262458
-0.219704
-0.176412
-0.132688
-0.0886394
-0.044374
0
0
0.0432389
0.0863721
0.129294
0.171899
0.214084
0.255745
0.29678
0.337088
0.376572
0.415134
0.452681
0.489119
0.524361
0.558319
0.590911
0.622057
0.651681
0.67971
0.706076
0.730713
0.753563
0.774568
0.793678
0.810846
0.82603
0.839192
0.8503
0.859327
0.866252
0.871057
0.87373
0.874265
0.87266
0.86892
0.863054
0.855075
0.845004
0.832866
0.818688
0.802508
0.784364
0.7643
0.742366
0.718615
0.693105
0.6659
0.637065
0.60667
0.574792
0.541506
0.506896
0.471045
0.434041
0.395975
0.35694
0.317032
0.276347
0.234987
0.193051
0.150643
0.107867
0.064826
0.0216268
-0.0216254
-0.0648246
-0.107865
-0.150642
-0.19305
-0.234985
-0.276346
-0.31703
-0.356939
-0.395974
-0.434039
-0.471043
-0.506894
-0.541505
-0.57479
-0.606669
-0.637063
-0.665898
-0.693104
-0.718613
-0.742364
-0.764299
-0.784362
-0.802507
-0.818687
-0.832864
-0.845003
-0.855074
-0.863053
-0.868919
-0.872659
-0.874264
-0.873729
-0.871056
-0.866251
-0.859327
-0.850299
-0.839191
-0.826029
-0.810845
-0.793678
-0.774568
-0.753562
-0.730713
-0.706075
-0.679709
-0.651681
-0.622057
-0.590911
-0.558319
-0.52436
-0.489119
-0.45268
-0.415134
-0.376572
-0.337088
-0.296779
-0.255745
-0.214084
-0.171899
-0.129294
-0.086372
-0.0432389
0
0
0.0419981
0.0838933
0.125583
0.166966
0.20794
0.248405
0.288263
0.327414
0.365765
0.403221
0.439689
0.475082
0.509313
0.542296
0.573953
0.604205
0.632979
0.660203
0.685812
0.709743
0.731937
0.75234
0.770901
0.787576
0.802324
0.815108
0.825898
0.834666
0.841392
0.846059
0.848655
0.849175
0.847616
0.843984
0.838286
0.830536
0.820754
0.808964
0.795193
0.779477
0.761854
0.742366
0.721061
0.697992
0.673214
0.646789
0.618782
0.58926
0.558296
0.525966
0.492348
0.457526
0.421585
0.384611
0.346696
0.307933
0.268417
0.228243
0.187511
0.14632
0.104771
0.0629657
0.0210062
-0.0210047
-0.0629642
-0.10477
-0.146319
-0.18751
-0.228242
-0.268415
-0.307932
-0.346695
-0.38461
-0.421583
-0.457525
-0.492347
-0.525964
-0.558295
-0.589259
-0.61878
-0.646788
-0.673213
-0.69799
-0.72106
-0.742364
-0.761852
-0.779476
-0.795192
-0.808962
-0.820753
-0.830535
-0.838284
-0.843983
-0.847615
-0.849174
-0.848654
-0.846058
-0.841391
-0.834665
-0.825897
-0.815107
-0.802323
-0.787575
-0.7709
-0.752339
-0.731936
-0.709742
-0.685812
-0.660203
-0.632978
-0.604205
-0.573953
-0.542296
-0.509312
-0.475082
-0.439689
-0.40322
-0.365765
-0.327414
-0.288262
-0.248405
-0.20794
-0.166966
-0.125583
-0.0838933
-0.041998
0
0
0.0406544
0.0812093
0.121565
0.161624
0.201287
0.240458
0.27904
0.316939
0.354063
0.39032
0.425622
0.459883
0.493018
0.524946
0.55559
0.584875
0.612728
0.639081
0.663871
0.687036
0.70852
0.72827
0.746237
0.762379
0.776655
0.78903
0.799474
0.807962
0.814473
0.81899
0.821504
0.822007
0.820498
0.816982
0.811466
0.803964
0.794495
0.783082
0.769752
0.754539
0.737479
0.718615
0.697992
0.67566
0.651676
0.626096
0.598985
0.570407
0.540434
0.509138
0.476597
0.442888
0.408097
0.372306
0.335604
0.298081
0.259829
0.220941
0.181512
0.141639
0.101419
0.0609512
0.0203341
-0.0203327
-0.0609497
-0.101418
-0.141637
-0.18151
-0.220939
-0.259828
-0.29808
-0.335603
-0.372305
-0.408095
-0.442887
-0.476595
-0.509137
-0.540433
-0.570406
-0.598983
-0.626095
-0.651674
-0.675659
-0.69799
-0.718613
-0.737478
-0.754538
-0.769751
-0.783081
-0.794494
-0.803963
-0.811465
-0.816981
-0.820497
-0.822006
-0.821503
-0.818989
-0.814472
-0.807961
-0.799473
-0.789029
-0.776654
-0.762378
-0.746236
-0.728269
-0.708519
-0.687035
-0.66387
-0.639081
-0.612727
-0.584874
-0.55559
-0.524946
-0.493017
-0.459882
-0.425622
-0.39032
-0.354063
-0.316939
-0.27904
-0.240458
-0.201287
-0.161624
-0.121565
-0.0812092
-0.0406544
0
0
0.0392112
0.0783265
0.11725
0.155887
0.194142
0.231922
0.269135
0.305689
0.341494
0.376465
0.410513
0.443558
0.475517
0.506312
0.535868
0.564113
0.590977
0.616395
0.640305
0.662647
0.683369
0.702417
0.719747
0.735316
0.749085
0.761021
0.771094
0.779281
0.785561
0.789918
0.792342
0.792827
0.791372
0.78798
0.78266
0.775425
0.766292
0.755284
0.742428
0.727754
0.7113
0.693105
0.673214
0.651676
0.628543
0.603871
0.577722
0.550159
0.52125
0.491065
0.459678
0.427167
0.39361
0.35909
0.323691
0.2875
0.250606
0.213098
0.175069
0.136611
0.0978189
0.0587876
0.0196123
-0.0196109
-0.0587861
-0.0978175
-0.136609
-0.175067
-0.213096
-0.250604
-0.287499
-0.32369
-0.359088
-0.393609
-0.427165
-0.459677
-0.491063
-0.521248
-0.550158
-0.577721
-0.60387
-0.628541
-0.651674
-0.673213
-0.693104
-0.711299
-0.727753
-0.742426
-0.755283
-0.766291
-0.775424
-0.782659
-0.787979
-0.791371
-0.792826
-0.792341
-0.789917
-0.78556
-0.77928
-0.771094
-0.76102
-0.749084
-0.735315
-0.719746
-0.702417
-0.683368
-0.662647
-0.640304
-0.616394
-0.590976
-0.564112
-0.535867
-0.506311
-0.475516
-0.443557
-0.410513
-0.376464
-0.341494
-0.305688
-0.269134
-0.231922
-0.194142
-0.155887
-0.11725
-0.0783264
-0.0392112
0
0
0.0376721
0.0752521
0.112648
0.149768
0.186522
0.222819
0.258571
0.29369
0.32809
0.361688
0.3944
0.426147
0.456852
0.486438
0.514834
0.54197
0.56778
0.5922
0.615172
0.636637
0.656545
0.674846
0.691496
0.706453
0.719682
0.731149
0.740828
0.748693
0.754726
0.758912
0.761241
0.761707
0.760309
0.757051
0.75194
0.744988
0.736214
0.725638
0.713286
0.699189
0.68338
0.6659
0.646789
0.626096
0.603871
0.580168
0.555045
0.528564
0.50079
0.47179
0.441635
0.4104
0.37816
0.344995
0.310986
0.276215
0.240769
0.204733
0.168197
0.131249
0.0939794
0.0564801
0.0188426
-0.0188411
-0.0564786
-0.0939779
-0.131247
-0.168195
-0.204732
-0.240767
-0.276214
-0.310984
-0.344994
-0.378159
-0.410398
-0.441634
-0.471788
-0.500788
-0.528563
-0.555044
-0.580167
-0.60387
-0.626095
-0.646788
-0.665898
-0.683379
-0.699187
-0.713285
-0.725637
-0.736213
-0.744987
-0.751938
-0.75705
-0.760308
-0.761706
-0.76124
-0.758911
-0.754725
-0.748692
-0.740827
-0.731148
-0.719681
-0.706452
-0.691495
-0.674845
-0.656544
-0.636637
-0.615171
-0.5922
-0.567779
-0.54197
-0.514834
-0.486438
-0.456851
-0.426147
-0.3944
-0.361687
-0.32809
-0.293689
-0.25857
-0.222819
-0.186521
-0.149768
-0.112648
-0.075252
-0.0376721
0
0
0.0360408
0.0719935
0.10777
0.143283
0.178445
0.21317
0.247374
0.280972
0.313883
0.346026
0.377322
0.407694
0.437069
0.465374
0.49254
0.518502
0.543194
0.566557
0.588533
0.609069
0.628115
0.645624
0.661552
0.675862
0.688518
0.699489
0.708748
0.716273
0.722044
0.726049
0.728277
0.728723
0.727386
0.724268
0.719379
0.712728
0.704334
0.694216
0.682399
0.668912
0.653788
0.637065
0.618782
0.598985
0.577722
0.555045
0.53101
0.505676
0.479104
0.45136
0.422511
0.392628
0.361785
0.330056
0.297519
0.264254
0.230343
0.195868
0.160914
0.125565
0.0899099
0.0540344
0.0180267
-0.0180252
-0.0540329
-0.0899084
-0.125564
-0.160912
-0.195866
-0.230342
-0.264253
-0.297518
-0.330054
-0.361783
-0.392627
-0.42251
-0.451359
-0.479103
-0.505675
-0.531009
-0.555044
-0.577721
-0.598983
-0.61878
-0.637063
-0.653787
-0.668911
-0.682398
-0.694215
-0.704333
-0.712727
-0.719377
-0.724267
-0.727385
-0.728722
-0.728276
-0.726048
-0.722043
-0.716272
-0.708747
-0.699488
-0.688517
-0.675861
-0.661552
-0.645623
-0.628114
-0.609069
-0.588532
-0.566556
-0.543193
-0.518501
-0.49254
-0.465374
-0.437068
-0.407694
-0.377321
-0.346025
-0.313883
-0.280972
-0.247374
-0.21317
-0.178445
-0.143282
-0.10777
-0.0719934
-0.0360408
0
0
0.0343213
0.0685587
0.102628
0.136447
0.169931
0.203
0.235572
0.267567
0.298908
0.329517
0.35932
0.388243
0.416216
0.443171
0.469041
0.493764
0.517278
0.539526
0.560454
0.580011
0.598148
0.614821
0.62999
0.643617
0.655669
0.666116
0.674934
0.682099
0.687596
0.69141
0.693531
0.693956
0.692683
0.689714
0.685057
0.678724
0.67073
0.661095
0.649842
0.636998
0.622596
0.60667
0.58926
0.570407
0.550159
0.528564
0.505676
0.48155
0.456246
0.429826
0.402353
0.373896
0.344524
0.314309
0.283325
0.251647
0.219353
0.186523
0.153236
0.119575
0.0856204
0.0514565
0.0171667
-0.0171651
-0.051455
-0.0856188
-0.119573
-0.153235
-0.186522
-0.219352
-0.251645
-0.283323
-0.314308
-0.344523
-0.373895
-0.402352
-0.429824
-0.456245
-0.481549
-0.505675
-0.528563
-0.550158
-0.570406
-0.589259
-0.606669
-0.622595
-0.636997
-0.649841
-0.661094
-0.670729
-0.678723
-0.685056
-0.689713
-0.692681
-0.693955
-0.69353
-0.691409
-0.687595
-0.682098
-0.674933
-0.666115
-0.655668
-0.643616
-0.629989
-0.61482
-0.598147
-0.58001
-0.560454
-0.539526
-0.517277
-0.493763
-0.469041
-0.443171
-0.416216
-0.388243
-0.359319
-0.329516
-0.298907
-0.267567
-0.235571
-0.203
-0.169931
-0.136446
-0.102628
-0.0685586
-0.0343213
0
0
0.0325178
0.0649561
0.0972354
0.129277
0.161002
0.192333
0.223193
0.253507
0.283201
0.312202
0.340438
0.367842
0.394345
0.419884
0.444395
0.467818
0.490097
0.511176
0.531004
0.549533
0.566717
0.582514
0.596886
0.609797
0.621215
0.631114
0.639468
0.646257
0.651465
0.655078
0.657088
0.657491
0.656284
0.653471
0.649059
0.643059
0.635485
0.626356
0.615695
0.603526
0.589881
0.574792
0.558296
0.540434
0.52125
0.50079
0.479104
0.456246
0.432272
0.40724
0.381211
0.354249
0.32642
0.297793
0.268437
0.238424
0.207827
0.176722
0.145184
0.113291
0.0811213
0.0487526
0.0162647
-0.0162631
-0.0487511
-0.0811198
-0.11329
-0.145183
-0.17672
-0.207826
-0.238422
-0.268435
-0.297791
-0.326419
-0.354248
-0.381209
-0.407238
-0.432271
-0.456245
-0.479103
-0.500788
-0.521248
-0.540433
-0.558295
-0.57479
-0.589879
-0.603525
-0.615693
-0.626355
-0.635484
-0.643058
-0.649058
-0.65347
-0.656283
-0.65749
-0.657087
-0.655077
-0.651464
-0.646256
-0.639467
-0.631113
-0.621214
-0.609796
-0.596885
-0.582513
-0.566716
-0.549532
-0.531003
-0.511175
-0.490096
-0.467817
-0.444394
-0.419883
-0.394345
-0.367842
-0.340438
-0.312201
-0.283201
-0.253507
-0.223193
-0.192333
-0.161002
-0.129277
-0.0972353
-0.064956
-0.0325178
0
0
0.0306348
0.0611946
0.0916046
0.121791
0.151678
0.181195
0.210268
0.238827
0.266801
0.294122
0.320724
0.346541
0.371509
0.395569
0.41866
0.440727
0.461716
0.481574
0.500254
0.51771
0.533899
0.548781
0.562321
0.574484
0.585242
0.594567
0.602437
0.608833
0.613739
0.617143
0.619037
0.619416
0.618279
0.61563
0.611473
0.605821
0.598685
0.590085
0.58004
0.568577
0.555721
0.541506
0.525966
0.509138
0.491065
0.47179
0.45136
0.429826
0.40724
0.383657
0.359135
0.333735
0.307518
0.280548
0.252892
0.224617
0.195792
0.166488
0.136777
0.106731
0.0764237
0.0459295
0.0153228
-0.0153213
-0.0459279
-0.0764222
-0.106729
-0.136775
-0.166487
-0.195791
-0.224615
-0.25289
-0.280547
-0.307516
-0.333734
-0.359134
-0.383656
-0.407238
-0.429824
-0.451359
-0.471788
-0.491063
-0.509137
-0.525964
-0.541505
-0.55572
-0.568575
-0.580039
-0.590084
-0.598684
-0.605819
-0.611472
-0.615628
-0.618278
-0.619415
-0.619036
-0.617142
-0.613738
-0.608832
-0.602436
-0.594566
-0.585241
-0.574483
-0.56232
-0.548781
-0.533898
-0.517709
-0.500254
-0.481574
-0.461715
-0.440727
-0.41866
-0.395568
-0.371509
-0.34654
-0.320724
-0.294122
-0.266801
-0.238827
-0.210268
-0.181195
-0.151678
-0.12179
-0.0916045
-0.0611945
-0.0306347
0
0
0.0286767
0.0572833
0.0857497
0.114006
0.141984
0.169614
0.196829
0.223562
0.249748
0.275324
0.300225
0.324391
0.347764
0.370286
0.391902
0.412558
0.432205
0.450794
0.46828
0.48462
0.499775
0.513706
0.52638
0.537766
0.547836
0.556565
0.563932
0.569919
0.574512
0.577698
0.579471
0.579826
0.578762
0.576281
0.572391
0.567099
0.56042
0.552369
0.542967
0.532236
0.520202
0.506896
0.492348
0.476597
0.459678
0.441635
0.422511
0.402353
0.381211
0.359135
0.336181
0.312404
0.287863
0.262617
0.236728
0.21026
0.183278
0.155847
0.128035
0.0999092
0.0715391
0.0429939
0.0143435
-0.014342
-0.0429924
-0.0715376
-0.0999077
-0.128033
-0.155846
-0.183277
-0.210259
-0.236727
-0.262615
-0.287861
-0.312403
-0.33618
-0.359134
-0.381209
-0.402352
-0.42251
-0.441634
-0.459677
-0.476595
-0.492347
-0.506894
-0.520201
-0.532235
-0.542966
-0.552368
-0.560419
-0.567098
-0.57239
-0.57628
-0.578761
-0.579825
-0.57947
-0.577697
-0.574511
-0.569918
-0.563931
-0.556564
-0.547835
-0.537765
-0.526379
-0.513705
-0.499774
-0.48462
-0.46828
-0.450794
-0.432204
-0.412557
-0.391901
-0.370285
-0.347764
-0.324391
-0.300224
-0.275323
-0.249748
-0.223562
-0.196829
-0.169614
-0.141984
-0.114006
-0.0857496
-0.0572832
-0.0286767
0
0
0.0266485
0.0532318
0.0796849
0.105943
0.131942
0.157618
0.182908
0.20775
0.232085
0.255851
0.278991
0.301448
0.323168
0.344097
0.364184
0.383379
0.401637
0.418911
0.43516
0.450345
0.464427
0.477373
0.489151
0.499731
0.509089
0.517201
0.524047
0.529611
0.533878
0.53684
0.538487
0.538817
0.537828
0.535523
0.531907
0.52699
0.520783
0.513302
0.504565
0.494593
0.48341
0.471045
0.457526
0.442888
0.427167
0.4104
0.392628
0.373896
0.354249
0.333735
0.312404
0.290309
0.267503
0.244043
0.219985
0.19539
0.170315
0.144825
0.118979
0.092843
0.0664794
0.0399532
0.0133291
-0.0133275
-0.0399516
-0.0664779
-0.0928415
-0.118978
-0.144823
-0.170314
-0.195388
-0.219984
-0.244041
-0.267502
-0.290307
-0.312403
-0.333734
-0.354248
-0.373895
-0.392627
-0.410398
-0.427165
-0.442887
-0.457525
-0.471043
-0.483409
-0.494591
-0.504563
-0.513301
-0.520782
-0.526989
-0.531906
-0.535522
-0.537827
-0.538816
-0.538486
-0.536839
-0.533877
-0.52961
-0.524046
-0.5172
-0.509088
-0.49973
-0.48915
-0.477372
-0.464426
-0.450344
-0.43516
-0.41891
-0.401636
-0.383379
-0.364183
-0.344096
-0.323168
-0.301448
-0.278991
-0.25585
-0.232084
-0.20775
-0.182908
-0.157617
-0.131942
-0.105943
-0.0796848
-0.0532318
-0.0266485
0
0
0.0245551
0.0490501
0.0734251
0.0976204
0.121577
0.145236
0.168539
0.19143
0.213853
0.235752
0.257074
0.277767
0.297781
0.317066
0.335575
0.353262
0.370085
0.386003
0.400976
0.414967
0.427943
0.439872
0.450725
0.460474
0.469097
0.476571
0.48288
0.488006
0.491939
0.494667
0.496185
0.496489
0.495578
0.493454
0.490123
0.485592
0.479872
0.472979
0.464928
0.455739
0.445435
0.434041
0.421585
0.408097
0.39361
0.37816
0.361785
0.344524
0.32642
0.307518
0.287863
0.267503
0.246489
0.224872
0.202704
0.18004
0.156936
0.133448
0.109633
0.0855496
0.0612571
0.0368146
0.0122821
-0.0122805
-0.0368131
-0.0612555
-0.0855481
-0.109631
-0.133446
-0.156935
-0.180039
-0.202703
-0.22487
-0.246488
-0.267502
-0.287861
-0.307516
-0.326419
-0.344523
-0.361783
-0.378159
-0.393609
-0.408095
-0.421583
-0.434039
-0.445434
-0.455738
-0.464926
-0.472978
-0.479871
-0.48559
-0.490121
-0.493453
-0.495577
-0.496488
-0.496184
-0.494666
-0.491938
-0.488005
-0.482879
-0.47657
-0.469096
-0.460473
-0.450724
-0.439871
-0.427943
-0.414966
-0.400975
-0.386002
-0.370085
-0.353262
-0.335574
-0.317065
-0.29778
-0.277767
-0.257074
-0.235752
-0.213852
-0.19143
-0.168539
-0.145235
-0.121577
-0.0976202
-0.073425
-0.04905
-0.0245551
0
0
0.0224016
0.0447484
0.0669856
0.089059
0.110914
0.132498
0.153758
0.174642
0.195098
0.215076
0.234529
0.253407
0.271665
0.289259
0.306144
0.322281
0.337628
0.35215
0.36581
0.378574
0.390412
0.401295
0.411195
0.42009
0.427956
0.434775
0.44053
0.445207
0.448795
0.451284
0.452669
0.452946
0.452115
0.450177
0.447138
0.443005
0.437787
0.431498
0.424153
0.41577
0.40637
0.395975
0.384611
0.372306
0.35909
0.344995
0.330056
0.314309
0.297793
0.280548
0.262617
0.244043
0.224872
0.20515
0.184927
0.164251
0.143173
0.121744
0.100018
0.0780469
0.0558848
0.033586
0.011205
-0.0112034
-0.0335844
-0.0558832
-0.0780453
-0.100016
-0.121743
-0.143171
-0.164249
-0.184925
-0.205149
-0.22487
-0.244041
-0.262615
-0.280547
-0.297791
-0.314308
-0.330054
-0.344994
-0.359088
-0.372305
-0.38461
-0.395974
-0.406368
-0.415769
-0.424152
-0.431497
-0.437786
-0.443003
-0.447137
-0.450176
-0.452114
-0.452945
-0.452668
-0.451283
-0.448794
-0.445206
-0.440529
-0.434774
-0.427955
-0.420089
-0.411195
-0.401294
-0.390411
-0.378573
-0.365809
-0.352149
-0.337628
-0.32228
-0.306144
-0.289258
-0.271665
-0.253406
-0.234528
-0.215076
-0.195097
-0.174641
-0.153758
-0.132498
-0.110914
-0.0890588
-0.0669855
-0.0447483
-0.0224016
0
0
0.0201933
0.0403371
0.0603822
0.0802796
0.0999805
0.119437
0.138601
0.157425
0.175865
0.193874
0.211409
0.228426
0.244885
0.260744
0.275965
0.29051
0.304345
0.317435
0.329748
0.341254
0.351926
0.361735
0.37066
0.378678
0.385769
0.391915
0.397103
0.401319
0.404553
0.406797
0.408045
0.408295
0.407546
0.405799
0.40306
0.399334
0.39463
0.388961
0.38234
0.374784
0.36631
0.35694
0.346696
0.335604
0.323691
0.310986
0.297519
0.283325
0.268437
0.252892
0.236728
0.219985
0.202704
0.184927
0.166697
0.148059
0.129059
0.109743
0.0901583
0.0703532
0.0503758
0.0302752
0.0101005
-0.0100989
-0.0302736
-0.0503742
-0.0703516
-0.0901567
-0.109741
-0.129057
-0.148057
-0.166695
-0.184925
-0.202703
-0.219984
-0.236727
-0.25289
-0.268435
-0.283323
-0.297518
-0.310984
-0.32369
-0.335603
-0.346695
-0.356939
-0.366309
-0.374782
-0.382339
-0.38896
-0.394629
-0.399332
-0.403058
-0.405798
-0.407545
-0.408294
-0.408044
-0.406796
-0.404552
-0.401318
-0.397102
-0.391914
-0.385768
-0.378677
-0.370659
-0.361735
-0.351925
-0.341254
-0.329748
-0.317434
-0.304344
-0.29051
-0.275964
-0.260743
-0.244884
-0.228426
-0.211408
-0.193874
-0.175865
-0.157425
-0.1386
-0.119436
-0.0999803
-0.0802794
-0.0603821
-0.040337
-0.0201932
0
0
0.0179355
0.0358271
0.0536311
0.0713038
0.088802
0.106083
0.123104
0.139824
0.156202
0.172198
0.187772
0.202887
0.217505
0.231591
0.24511
0.258029
0.270317
0.281944
0.29288
0.3031
0.312578
0.321291
0.329218
0.336339
0.342637
0.348096
0.352704
0.356449
0.359321
0.361314
0.362423
0.362645
0.361979
0.360428
0.357995
0.354685
0.350508
0.345473
0.339592
0.33288
0.325354
0.317032
0.307933
0.298081
0.2875
0.276215
0.264254
0.251647
0.238424
0.224617
0.21026
0.19539
0.18004
0.164251
0.148059
0.131505
0.114629
0.0974729
0.0800781
0.0624873
0.0447435
0.0268903
0.00897129
-0.00896968
-0.0268887
-0.0447419
-0.0624856
-0.0800765
-0.0974713
-0.114628
-0.131503
-0.148057
-0.164249
-0.180039
-0.195388
-0.210259
-0.224615
-0.238422
-0.251645
-0.264253
-0.276214
-0.287499
-0.29808
-0.307932
-0.31703
-0.325353
-0.332879
-0.339591
-0.345471
-0.350506
-0.354684
-0.357993
-0.360427
-0.361978
-0.362644
-0.362422
-0.361313
-0.35932
-0.356448
-0.352703
-0.348096
-0.342636
-0.336338
-0.329217
-0.32129
-0.312577
-0.303099
-0.292879
-0.281943
-0.270317
-0.258029
-0.245109
-0.23159
-0.217504
-0.202886
-0.187771
-0.172197
-0.156202
-0.139824
-0.123104
-0.106083
-0.0888018
-0.0713036
-0.0536309
-0.035827
-0.0179355
0
0
0.0156339
0.0312295
0.0467486
0.0621534
0.0774061
0.0924694
0.107306
0.121881
0.136157
0.1501
0.163675
0.17685
0.189593
0.201871
0.213655
0.224917
0.235628
0.245762
0.255295
0.264203
0.272465
0.28006
0.28697
0.293177
0.298667
0.303426
0.307442
0.310706
0.31321
0.314947
0.315914
0.316107
0.315527
0.314175
0.312054
0.309169
0.305528
0.301139
0.296013
0.290162
0.283602
0.276347
0.268417
0.259829
0.250606
0.240769
0.230343
0.219353
0.207827
0.195792
0.183278
0.170315
0.156936
0.143173
0.129059
0.114629
0.0999191
0.0849644
0.0698018
0.0544684
0.0390017
0.0234396
0.00782012
-0.0078185
-0.023438
-0.0390001
-0.0544668
-0.0698002
-0.0849628
-0.0999175
-0.114628
-0.129057
-0.143171
-0.156935
-0.170314
-0.183277
-0.195791
-0.207826
-0.219352
-0.230342
-0.240767
-0.250604
-0.259828
-0.268415
-0.276346
-0.2836
-0.290161
-0.296011
-0.301137
-0.305526
-0.309168
-0.312052
-0.314174
-0.315526
-0.316106
-0.315913
-0.314946
-0.313209
-0.310705
-0.307441
-0.303425
-0.298666
-0.293176
-0.286969
-0.280059
-0.272464
-0.264203
-0.255294
-0.245761
-0.235627
-0.224916
-0.213655
-0.20187
-0.189592
-0.17685
-0.163675
-0.150099
-0.136156
-0.12188
-0.107306
-0.0924691
-0.0774059
-0.0621533
-0.0467485
-0.0312294
-0.0156338
0
0
0.013294
0.0265554
0.0397518
0.052851
0.0658208
0.0786296
0.0912459
0.103639
0.115778
0.127634
0.139178
0.150381
0.161217
0.171657
0.181678
0.191254
0.200362
0.208979
0.217085
0.22466
0.231686
0.238144
0.244019
0.249297
0.253966
0.258012
0.261428
0.264203
0.266332
0.267809
0.268631
0.268796
0.268303
0.267153
0.265349
0.262896
0.2598
0.256068
0.251709
0.246734
0.241155
0.234987
0.228243
0.220941
0.213098
0.204733
0.195868
0.186523
0.176722
0.166488
0.155847
0.144825
0.133448
0.121744
0.109743
0.0974729
0.0849644
0.072248
0.0593548
0.0463163
0.0331645
0.0199316
0.00664982
-0.00664819
-0.0199299
-0.0331629
-0.0463147
-0.0593532
-0.0722464
-0.0849628
-0.0974713
-0.109741
-0.121743
-0.133446
-0.144823
-0.155846
-0.166487
-0.17672
-0.186522
-0.195866
-0.204732
-0.213096
-0.220939
-0.228242
-0.234985
-0.241154
-0.246733
-0.251707
-0.256066
-0.259798
-0.262895
-0.265348
-0.267151
-0.268301
-0.268795
-0.26863
-0.267808
-0.266331
-0.264202
-0.261427
-0.258011
-0.253965
-0.249297
-0.244018
-0.238143
-0.231685
-0.22466
-0.217085
-0.208978
-0.200361
-0.191253
-0.181677
-0.171657
-0.161216
-0.150381
-0.139178
-0.127634
-0.115778
-0.103639
-0.0912456
-0.0786293
-0.0658206
-0.0528508
-0.0397517
-0.0265553
-0.0132939
0
0
0.0109215
0.0218163
0.0326577
0.0434192
0.0540745
0.0645974
0.0749622
0.0851436
0.0951166
0.104857
0.114341
0.123544
0.132446
0.141023
0.149256
0.157123
0.164605
0.171685
0.178344
0.184568
0.190339
0.195645
0.200472
0.204808
0.208643
0.211968
0.214773
0.217054
0.218803
0.220016
0.220692
0.220827
0.220421
0.219477
0.217995
0.21598
0.213436
0.21037
0.206789
0.202702
0.198119
0.193051
0.187511
0.181512
0.175069
0.168197
0.160914
0.153236
0.145184
0.136777
0.128035
0.118979
0.109633
0.100018
0.0901583
0.0800781
0.0698018
0.0593548
0.0487625
0.0380509
0.0272461
0.0163747
0.00546324
-0.00546161
-0.0163731
-0.0272445
-0.0380492
-0.0487609
-0.0593532
-0.0698002
-0.0800765
-0.0901567
-0.100016
-0.109631
-0.118978
-0.128033
-0.136775
-0.145183
-0.153235
-0.160912
-0.168195
-0.175067
-0.18151
-0.18751
-0.19305
-0.198118
-0.202701
-0.206788
-0.210369
-0.213435
-0.215978
-0.217994
-0.219476
-0.22042
-0.220826
-0.22069
-0.220015
-0.218802
-0.217053
-0.214772
-0.211967
-0.208642
-0.204807
-0.200471
-0.195644
-0.190338
-0.184567
-0.178344
-0.171684
-0.164605
-0.157122
-0.149255
-0.141023
-0.132445
-0.123544
-0.11434
-0.104856
-0.0951163
-0.0851433
-0.0749619
-0.0645971
-0.0540743
-0.0434191
-0.0326576
-0.0218162
-0.0109215
0
0
0.00852237
0.0170239
0.0254837
0.0338812
0.0421958
0.0504071
0.0584951
0.0664399
0.0742221
0.0818227
0.0892231
0.0964051
0.103351
0.110044
0.116468
0.122607
0.128446
0.13397
0.139167
0.144023
0.148527
0.152667
0.156434
0.159817
0.16281
0.165404
0.167594
0.169373
0.170738
0.171685
0.172212
0.172317
0.172001
0.171264
0.170108
0.168535
0.16655
0.164157
0.161363
0.158174
0.154598
0.150643
0.14632
0.141639
0.136611
0.131249
0.125565
0.119575
0.113291
0.106731
0.0999092
0.092843
0.0855496
0.0780469
0.0703532
0.0624873
0.0544684
0.0463163
0.0380509
0.0296923
0.0212611
0.0127778
0.0042633
-0.00426166
-0.0127762
-0.0212594
-0.0296907
-0.0380492
-0.0463147
-0.0544668
-0.0624856
-0.0703516
-0.0780453
-0.0855481
-0.0928415
-0.0999077
-0.106729
-0.11329
-0.119573
-0.125564
-0.131247
-0.136609
-0.141637
-0.146319
-0.150642
-0.154596
-0.158173
-0.161362
-0.164156
-0.166549
-0.168534
-0.170106
-0.171263
-0.172
-0.172316
-0.172211
-0.171684
-0.170737
-0.169372
-0.167593
-0.165403
-0.162809
-0.159816
-0.156433
-0.152666
-0.148526
-0.144022
-0.139166
-0.13397
-0.128445
-0.122606
-0.116468
-0.110044
-0.103351
-0.0964046
-0.0892226
-0.0818223
-0.0742218
-0.0664396
-0.0584948
-0.0504069
-0.0421956
-0.0338811
-0.0254836
-0.0170238
-0.00852233
0
0
0.00610235
0.0121898
0.0182474
0.0242603
0.0302139
0.0360935
0.0418848
0.0475736
0.053146
0.0585883
0.0638872
0.0690299
0.0740035
0.0787961
0.0833959
0.0877915
0.0919724
0.0959281
0.0996491
0.103126
0.106351
0.109316
0.112013
0.114436
0.116578
0.118436
0.120004
0.121278
0.122255
0.122933
0.12331
0.123386
0.12316
0.122632
0.121804
0.120678
0.119256
0.117543
0.115543
0.113259
0.110698
0.107867
0.104771
0.101419
0.0978189
0.0939794
0.0899099
0.0856204
0.0811213
0.0764237
0.0715391
0.0664794
0.0612571
0.0558848
0.0503758
0.0447435
0.0390017
0.0331645
0.0272461
0.0212611
0.015224
0.00914965
0.00305292
-0.00305128
-0.00914801
-0.0152224
-0.0212594
-0.0272445
-0.0331629
-0.0390001
-0.0447419
-0.0503742
-0.0558832
-0.0612555
-0.0664779
-0.0715376
-0.0764222
-0.0811198
-0.0856188
-0.0899084
-0.0939779
-0.0978175
-0.101418
-0.10477
-0.107865
-0.110697
-0.113258
-0.115541
-0.117542
-0.119255
-0.120677
-0.121803
-0.12263
-0.123158
-0.123385
-0.123309
-0.122932
-0.122254
-0.121277
-0.120003
-0.118435
-0.116577
-0.114435
-0.112012
-0.109315
-0.10635
-0.103126
-0.0996484
-0.0959274
-0.0919717
-0.0877909
-0.0833953
-0.0787956
-0.074003
-0.0690294
-0.0638868
-0.0585879
-0.0531456
-0.0475733
-0.0418845
-0.0360932
-0.0302137
-0.0242601
-0.0182472
-0.0121897
-0.00610231
0
0
0.0036674
0.00732583
0.0109663
0.01458
0.018158
0.0216915
0.025172
0.0285909
0.0319398
0.0352105
0.0383951
0.0414857
0.0444748
0.047355
0.0501194
0.0527611
0.0552737
0.0576511
0.0598873
0.0619771
0.0639151
0.0656967
0.0673176
0.0687737
0.0700615
0.0711779
0.0721201
0.0728858
0.0734731
0.0738807
0.0741074
0.0741528
0.0740167
0.0736995
0.0732019
0.0725252
0.0716711
0.0706415
0.0694391
0.0680667
0.0665278
0.064826
0.0629657
0.0609512
0.0587876
0.0564801
0.0540344
0.0514565
0.0487526
0.0459295
0.0429939
0.0399532
0.0368146
0.033586
0.0302752
0.0268903
0.0234396
0.0199316
0.0163747
0.0127778
0.00914965
0.00549909
0.00183507
-0.00183343
-0.00549745
-0.00914801
-0.0127762
-0.0163731
-0.0199299
-0.023438
-0.0268887
-0.0302736
-0.0335844
-0.0368131
-0.0399516
-0.0429924
-0.0459279
-0.0487511
-0.051455
-0.0540329
-0.0564786
-0.0587861
-0.0609497
-0.0629642
-0.0648246
-0.0665264
-0.0680653
-0.0694377
-0.0706402
-0.0716698
-0.072524
-0.0732007
-0.0736983
-0.0740155
-0.0741516
-0.0741063
-0.0738796
-0.073472
-0.0728847
-0.0721191
-0.0711769
-0.0700606
-0.0687728
-0.0673167
-0.0656959
-0.0639143
-0.0619763
-0.0598866
-0.0576504
-0.0552731
-0.0527605
-0.0501188
-0.0473545
-0.0444743
-0.0414852
-0.0383946
-0.0352101
-0.0319394
-0.0285905
-0.0251717
-0.0216913
-0.0181578
-0.0145798
-0.0109662
-0.00732575
-0.00366736
0
0
0.00122348
0.00244396
0.00365847
0.00486402
0.00605767
0.00723649
0.00839761
0.00953818
0.0106554
0.0117466
0.012809
0.01384
0.0148372
0.0157981
0.0167203
0.0176016
0.0184398
0.019233
0.019979
0.0206761
0.0213227
0.0219171
0.0224578
0.0229436
0.0233732
0.0237457
0.02406
0.0243154
0.0245114
0.0246474
0.024723
0.0247382
0.0246928
0.024587
0.024421
0.0241952
0.0239103
0.0235668
0.0231657
0.0227079
0.0221945
0.0216268
0.0210062
0.0203341
0.0196123
0.0188426
0.0180267
0.0171667
0.0162647
0.0153228
0.0143435
0.0133291
0.0122821
0.011205
0.0101005
0.00897129
0.00782012
0.00664982
0.00546324
0.0042633
0.00305292
0.00183507
0.000612737
-0.000611097
-0.00183343
-0.00305128
-0.00426166
-0.00546161
-0.00664819
-0.0078185
-0.00896968
-0.0100989
-0.0112034
-0.0122805
-0.0133275
-0.014342
-0.0153213
-0.0162631
-0.0171651
-0.0180252
-0.0188411
-0.0196109
-0.0203327
-0.0210047
-0.0216254
-0.0221931
-0.0227065
-0.0231644
-0.0235655
-0.023909
-0.024194
-0.0244197
-0.0245857
-0.0246916
-0.024737
-0.0247219
-0.0246463
-0.0245103
-0.0243144
-0.024059
-0.0237447
-0.0233723
-0.0229427
-0.0224569
-0.0219162
-0.0213219
-0.0206754
-0.0199783
-0.0192322
-0.0184392
-0.017601
-0.0167197
-0.0157975
-0.0148367
-0.0138395
-0.0128085
-0.0117461
-0.010655
-0.00953785
-0.00839733
-0.00723625
-0.00605747
-0.00486386
-0.00365835
-0.00244388
-0.00122344
0
0
-0.00122344
-0.00244388
-0.00365835
-0.00486386
-0.00605747
-0.00723625
-0.00839733
-0.00953785
-0.010655
-0.0117461
-0.0128085
-0.0138395
-0.0148367
-0.0157975
-0.0167197
-0.017601
-0.0184392
-0.0192322
-0.0199783
-0.0206754
-0.0213219
-0.0219162
-0.0224569
-0.0229427
-0.0233723
-0.0237447
-0.024059
-0.0243144
-0.0245103
-0.0246463
-0.0247219
-0.024737
-0.0246916
-0.0245857
-0.0244197
-0.024194
-0.023909
-0.0235655
-0.0231644
-0.0227065
-0.0221931
-0.0216254
-0.0210047
-0.0203327
-0.0196109
-0.0188411
-0.0180252
-0.0171651
-0.0162631
-0.0153213
-0.014342
-0.0133275
-0.0122805
-0.0112034
-0.0100989
-0.00896968
-0.0078185
-0.00664819
-0.00546161
-0.00426166
-0.00305128
-0.00183343
-0.000611097
0.000612737
0.00183507
0.00305292
0.0042633
0.00546324
0.00664982
0.00782012
0.00897129
0.0101005
0.011205
0.0122821
0.0133291
0.0143435
0.0153228
0.0162647
0.0171667
0.0180267
0.0188426
0.0196123
0.0203341
0.0210062
0.0216268
0.0221945
0.0227079
0.0231657
0.0235668
0.0239103
0.0241952
0.024421
0.024587
0.0246928
0.0247382
0.024723
0.0246474
0.0245114
0.0243154
0.02406
0.0237457
0.0233732
0.0229436
0.0224578
0.0219171
0.0213227
0.0206761
0.019979
0.019233
0.0184398
0.0176016
0.0167203
0.0157981
0.0148372
0.01384
0.012809
0.0117466
0.0106554
0.00953818
0.00839761
0.00723649
0.00605767
0.00486402
0.00365847
0.00244396
0.00122348
0
0
-0.00366736
-0.00732575
-0.0109662
-0.0145798
-0.0181578
-0.0216913
-0.0251717
-0.0285905
-0.0319394
-0.0352101
-0.0383946
-0.0414852
-0.0444743
-0.0473545
-0.0501188
-0.0527605
-0.0552731
-0.0576504
-0.0598866
-0.0619763
-0.0639143
-0.0656959
-0.0673167
-0.0687728
-0.0700606
-0.0711769
-0.0721191
-0.0728847
-0.073472
-0.0738796
-0.0741063
-0.0741516
-0.0740155
-0.0736983
-0.0732007
-0.072524
-0.0716698
-0.0706402
-0.0694377
-0.0680653
-0.0665264
-0.0648246
-0.0629642
-0.0609497
-0.0587861
-0.0564786
-0.0540329
-0.051455
-0.0487511
-0.0459279
-0.0429924
-0.0399516
-0.0368131
-0.0335844
-0.0302736
-0.0268887
-0.023438
-0.0199299
-0.0163731
-0.0127762
-0.00914801
-0.00549745
-0.00183343
0.00183507
0.00549909
0.00914965
0.0127778
0.0163747
0.0199316
0.0234396
0.0268903
0.0302752
0.033586
0.0368146
0.0399532
0.0429939
0.0459295
0.0487526
0.0514565
0.0540344
0.0564801
0.0587876
0.0609512
0.0629657
0.064826
0.0665278
0.0680667
0.0694391
0.0706415
0.0716711
0.0725252
0.0732019
0.0736995
0.0740167
0.0741528
0.0741074
0.0738807
0.0734731
0.0728858
0.0721201
0.0711779
0.0700615
0.0687737
0.0673176
0.0656967
0.0639151
0.0619771
0.0598873
0.0576511
0.0552737
0.0527611
0.0501194
0.047355
0.0444748
0.0414857
0.0383951
0.0352105
0.0319398
0.0285909
0.025172
0.0216915
0.018158
0.01458
0.0109663
0.00732583
0.0036674
0
0
-0.00610231
-0.0121897
-0.0182472
-0.0242601
-0.0302137
-0.0360932
-0.0418845
-0.0475733
-0.0531456
-0.0585879
-0.0638868
-0.0690294
-0.074003
-0.0787956
-0.0833953
-0.0877909
-0.0919717
-0.0959274
-0.0996484
-0.103126
-0.10635
-0.109315
-0.112012
-0.114435
-0.116577
-0.118435
-0.120003
-0.121277
-0.122254
-0.122932
-0.123309
-0.123385
-0.123158
-0.12263
-0.121803
-0.120677
-0.119255
-0.117542
-0.115541
-0.113258
-0.110697
-0.107865
-0.10477
-0.101418
-0.0978175
-0.0939779
-0.0899084
-0.0856188
-0.0811198
-0.0764222
-0.0715376
-0.0664779
-0.0612555
-0.0558832
-0.0503742
-0.0447419
-0.0390001
-0.0331629
-0.0272445
-0.0212594
-0.0152224
-0.00914801
-0.00305128
0.00305292
0.00914965
0.015224
0.0212611
0.0272461
0.0331645
0.0390017
0.0447435
0.0503758
0.0558848
0.0612571
0.0664794
0.0715391
0.0764237
0.0811213
0.0856204
0.0899099
0.0939794
0.0978189
0.101419
0.104771
0.107867
0.110698
0.113259
0.115543
0.117543
0.119256
0.120678
0.121804
0.122632
0.12316
0.123386
0.12331
0.122933
0.122255
0.121278
0.120004
0.118436
0.116578
0.114436
0.112013
0.109316
0.106351
0.103126
0.0996491
0.0959281
0.0919724
0.0877915
0.0833959
0.0787961
0.0740035
0.0690299
0.0638872
0.0585883
0.053146
0.0475736
0.0418848
0.0360935
0.0302139
0.0242603
0.0182474
0.0121898
0.00610235
0
0
-0.00852233
-0.0170238
-0.0254836
-0.0338811
-0.0421956
-0.0504069
-0.0584948
-0.0664396
-0.0742218
-0.0818223
-0.0892226
-0.0964046
-0.103351
-0.110044
-0.116468
-0.122606
-0.128445
-0.13397
-0.139166
-0.144022
-0.148526
-0.152666
-0.156433
-0.159816
-0.162809
-0.165403
-0.167593
-0.169372
-0.170737
-0.171684
-0.172211
-0.172316
-0.172
-0.171263
-0.170106
-0.168534
-0.166549
-0.164156
-0.161362
-0.158173
-0.154596
-0.150642
-0.146319
-0.141637
-0.136609
-0.131247
-0.125564
-0.119573
-0.11329
-0.106729
-0.0999077
-0.0928415
-0.0855481
-0.0780453
-0.0703516
-0.0624856
-0.0544668
-0.0463147
-0.0380492
-0.0296907
-0.0212594
-0.0127762
-0.00426166
0.0042633
0.0127778
0.0212611
0.0296923
0.0380509
0.0463163
0.0544684
0.0624873
0.0703532
0.0780469
0.0855496
0.092843
0.0999092
0.106731
0.113291
0.119575
0.125565
0.131249
0.136611
0.141639
0.14632
0.150643
0.154598
0.158174
0.161363
0.164157
0.16655
0.168535
0.170108
0.171264
0.172001
0.172317
0.172212
0.171685
0.170738
0.169373
0.167594
0.165404
0.16281
0.159817
0.156434
0.152667
0.148527
0.144023
0.139167
0.13397
0.128446
0.122607
0.116468
0.110044
0.103351
0.0964051
0.0892231
0.0818227
0.0742221
0.0664399
0.0584951
0.0504071
0.0421958
0.0338812
0.0254837
0.0170239
0.00852237
0
0
-0.0109215
-0.0218162
-0.0326576
-0.0434191
-0.0540743
-0.0645971
-0.0749619
-0.0851433
-0.0951163
-0.104856
-0.11434
-0.123544
-0.132445
-0.141023
-0.149255
-0.157122
-0.164605
-0.171684
-0.178344
-0.184567
-0.190338
-0.195644
-0.200471
-0.204807
-0.208642
-0.211967
-0.214772
-0.217053
-0.218802
-0.220015
-0.22069
-0.220826
-0.22042
-0.219476
-0.217994
-0.215978
-0.213435
-0.210369
-0.206788
-0.202701
-0.198118
-0.19305
-0.18751
-0.18151
-0.175067
-0.168195
-0.160912
-0.153235
-0.145183
-0.136775
-0.128033
-0.118978
-0.109631
-0.100016
-0.0901567
-0.0800765
-0.0698002
-0.0593532
-0.0487609
-0.0380492
-0.0272445
-0.0163731
-0.00546161
0.00546324
0.0163747
0.0272461
0.0380509
0.0487625
0.0593548
0.0698018
0.0800781
0.0901583
0.100018
0.109633
0.118979
0.128035
0.136777
0.145184
0.153236
0.160914
0.168197
0.175069
0.181512
0.187511
0.193051
0.198119
0.202702
0.206789
0.21037
0.213436
0.21598
0.217995
0.219477
0.220421
0.220827
0.220692
0.220016
0.218803
0.217054
0.214773
0.211968
0.208643
0.204808
0.200472
0.195645
0.190339
0.184568
0.178344
0.171685
0.164605
0.157123
0.149256
0.141023
0.132446
0.123544
0.114341
0.104857
0.0951166
0.0851436
0.0749622
0.0645974
0.0540745
0.0434192
0.0326577
0.0218163
0.0109215
0
0
-0.0132939
-0.0265553
-0.0397517
-0.0528508
-0.0658206
-0.0786293
-0.0912456
-0.103639
-0.115778
-0.127634
-0.139178
-0.150381
-0.161216
-0.171657
-0.181677
-0.191253
-0.200361
-0.208978
-0.217085
-0.22466
-0.231685
-0.238143
-0.244018
-0.249297
-0.253965
-0.258011
-0.261427
-0.264202
-0.266331
-0.267808
-0.26863
-0.268795
-0.268301
-0.267151
-0.265348
-0.262895
-0.259798
-0.256066
-0.251707
-0.246733
-0.241154
-0.234985
-0.228242
-0.220939
-0.213096
-0.204732
-0.195866
-0.186522
-0.17672
-0.166487
-0.155846
-0.144823
-0.133446
-0.121743
-0.109741
-0.0974713
-0.0849628
-0.0722464
-0.0593532
-0.0463147
-0.0331629
-0.0199299
-0.00664819
0.00664982
0.0199316
0.0331645
0.0463163
0.0593548
0.072248
0.0849644
0.0974729
0.109743
0.121744
0.133448
0.144825
0.155847
0.166488
0.176722
0.186523
0.195868
0.204733
0.213098
0.220941
0.228243
0.234987
0.241155
0.246734
0.251709
0.256068
0.2598
0.262896
0.265349
0.267153
0.268303
0.268796
0.268631
0.267809
0.266332
0.264203
0.261428
0.258012
0.253966
0.249297
0.244019
0.238144
0.231686
0.22466
0.217085
0.208979
0.200362
0.191254
0.181678
0.171657
0.161217
0.150381
0.139178
0.127634
0.115778
0.103639
0.0912459
0.0786296
0.0658208
0.052851
0.0397518
0.0265554
0.013294
0
0
-0.0156338
-0.0312294
-0.0467485
-0.0621533
-0.0774059
-0.0924691
-0.107306
-0.12188
-0.136156
-0.150099
-0.163675
-0.17685
-0.189592
-0.20187
-0.213655
-0.224916
-0.235627
-0.245761
-0.255294
-0.264203
-0.272464
-0.280059
-0.286969
-0.293176
-0.298666
-0.303425
-0.307441
-0.310705
-0.313209
-0.314946
-0.315913
-0.316106
-0.315526
-0.314174
-0.312052
-0.309168
-0.305526
-0.301137
-0.296011
-0.290161
-0.2836
-0.276346
-0.268415
-0.259828
-0.250604
-0.240767
-0.230342
-0.219352
-0.207826
-0.195791
-0.183277
-0.170314
-0.156935
-0.143171
-0.129057
-0.114628
-0.0999175
-0.0849628
-0.0698002
-0.0544668
-0.0390001
-0.023438
-0.0078185
0.00782012
0.0234396
0.0390017
0.0544684
0.0698018
0.0849644
0.0999191
0.114629
0.129059
0.143173
0.156936
0.170315
0.183278
0.195792
0.207827
0.219353
0.230343
0.240769
0.250606
0.259829
0.268417
0.276347
0.283602
0.290162
0.296013
0.301139
0.305528
0.309169
0.312054
0.314175
0.315527
0.316107
0.315914
0.314947
0.31321
0.310706
0.307442
0.303426
0.298667
0.293177
0.28697
0.28006
0.272465
0.264203
0.255295
0.245762
0.235628
0.224917
0.213655
0.201871
0.189593
0.17685
0.163675
0.1501
0.136157
0.121881
0.107306
0.0924694
0.0774061
0.0621534
0.0467486
0.0312295
0.0156339
0
0
-0.0179355
-0.035827
-0.0536309
-0.0713036
-0.0888018
-0.106083
-0.123104
-0.139824
-0.156202
-0.172197
-0.187771
-0.202886
-0.217504
-0.23159
-0.245109
-0.258029
-0.270317
-0.281943
-0.292879
-0.303099
-0.312577
-0.32129
-0.329217
-0.336338
-0.342636
-0.348096
-0.352703
-0.356448
-0.35932
-0.361313
-0.362422
-0.362644
-0.361978
-0.360427
-0.357993
-0.354684
-0.350506
-0.345471
-0.339591
-0.332879
-0.325353
-0.31703
-0.307932
-0.29808
-0.287499
-0.276214
-0.264253
-0.251645
-0.238422
-0.224615
-0.210259
-0.195388
-0.180039
-0.164249
-0.148057
-0.131503
-0.114628
-0.0974713
-0.0800765
-0.0624856
-0.0447419
-0.0268887
-0.00896968
0.00897129
0.0268903
0.0447435
0.0624873
0.0800781
0.0974729
0.114629
0.131505
0.148059
0.164251
0.18004
0.19539
0.21026
0.224617
0.238424
0.251647
0.264254
0.276215
0.2875
0.298081
0.307933
0.317032
0.325354
0.33288
0.339592
0.345473
0.350508
0.354685
0.357995
0.360428
0.361979
0.362645
0.362423
0.361314
0.359321
0.356449
0.352704
0.348096
0.342637
0.336339
0.329218
0.321291
0.312578
0.3031
0.29288
0.281944
0.270317
0.258029
0.24511
0.231591
0.217505
0.202887
0.187772
0.172198
0.156202
0.139824
0.123104
0.106083
0.088802
0.0713038
0.0536311
0.0358271
0.0179355
0
0
-0.0201932
-0.040337
-0.0603821
-0.0802794
-0.0999803
-0.119436
-0.1386
-0.157425
-0.175865
-0.193874
-0.211408
-0.228426
-0.244884
-0.260743
-0.275964
-0.29051
-0.304344
-0.317434
-0.329748
-0.341254
-0.351925
-0.361735
-0.370659
-0.378677
-0.385768
-0.391914
-0.397102
-0.401318
-0.404552
-0.406796
-0.408044
-0.408294
-0.407545
-0.405798
-0.403058
-0.399332
-0.394629
-0.38896
-0.382339
-0.374782
-0.366309
-0.356939
-0.346695
-0.335603
-0.32369
-0.310984
-0.297518
-0.283323
-0.268435
-0.25289
-0.236727
-0.219984
-0.202703
-0.184925
-0.166695
-0.148057
-0.129057
-0.109741
-0.0901567
-0.0703516
-0.0503742
-0.0302736
-0.0100989
0.0101005
0.0302752
0.0503758
0.0703532
0.0901583
0.109743
0.129059
0.148059
0.166697
0.184927
0.202704
0.219985
0.236728
0.252892
0.268437
0.283325
0.297519
0.310986
0.323691
0.335604
0.346696
0.35694
0.36631
0.374784
0.38234
0.388961
0.39463
0.399334
0.40306
0.405799
0.407546
0.408295
0.408045
0.406797
0.404553
0.401319
0.397103
0.391915
0.385769
0.378678
0.37066
0.361735
0.351926
0.341254
0.329748
0.317435
0.304345
0.29051
0.275965
0.260744
0.244885
0.228426
0.211409
0.193874
0.175865
0.157425
0.138601
0.119437
0.0999805
0.0802796
0.0603822
0.0403371
0.0201933
0
0
-0.0224016
-0.0447483
-0.0669855
-0.0890588
-0.110914
-0.132498
-0.153758
-0.174641
-0.195097
-0.215076
-0.234528
-0.253406
-0.271665
-0.289258
-0.306144
-0.32228
-0.337628
-0.352149
-0.365809
-0.378573
-0.390411
-0.401294
-0.411195
-0.420089
-0.427955
-0.434774
-0.440529
-0.445206
-0.448794
-0.451283
-0.452668
-0.452945
-0.452114
-0.450176
-0.447137
-0.443003
-0.437786
-0.431497
-0.424152
-0.415769
-0.406368
-0.395974
-0.38461
-0.372305
-0.359088
-0.344994
-0.330054
-0.314308
-0.297791
-0.280547
-0.262615
-0.244041
-0.22487
-0.205149
-0.184925
-0.164249
-0.143171
-0.121743
-0.100016
-0.0780453
-0.0558832
-0.0335844
-0.0112034
0.011205
0.033586
0.0558848
0.0780469
0.100018
0.121744
0.143173
0.164251
0.184927
0.20515
0.224872
0.244043
0.262617
0.280548
0.297793
0.314309
0.330056
0.344995
0.35909
0.372306
0.384611
0.395975
0.40637
0.41577
0.424153
0.431498
0.437787
0.443005
0.447138
0.450177
0.452115
0.452946
0.452669
0.451284
0.448795
0.445207
0.44053
0.434775
0.427956
0.42009
0.411195
0.401295
0.390412
0.378574
0.36581
0.35215
0.337628
0.322281
0.306144
0.289259
0.271665
0.253407
0.234529
0.215076
0.195098
0.174642
0.153758
0.132498
0.110914
0.089059
0.0669856
0.0447484
0.0224016
0
0
-0.0245551
-0.04905
-0.073425
-0.0976202
-0.121577
-0.145235
-0.168539
-0.19143
-0.213852
-0.235752
-0.257074
-0.277767
-0.29778
-0.317065
-0.335574
-0.353262
-0.370085
-0.386002
-0.400975
-0.414966
-0.427943
-0.439871
-0.450724
-0.460473
-0.469096
-0.47657
-0.482879
-0.488005
-0.491938
-0.494666
-0.496184
-0.496488
-0.495577
-0.493453
-0.490121
-0.48559
-0.479871
-0.472978
-0.464926
-0.455738
-0.445434
-0.434039
-0.421583
-0.408095
-0.393609
-0.378159
-0.361783
-0.344523
-0.326419
-0.307516
-0.287861
-0.267502
-0.246488
-0.22487
-0.202703
-0.180039
-0.156935
-0.133446
-0.109631
-0.0855481
-0.0612555
-0.0368131
-0.0122805
0.0122821
0.0368146
0.0612571
0.0855496
0.109633
0.133448
0.156936
0.18004
0.202704
0.224872
0.246489
0.267503
0.287863
0.307518
0.32642
0.344524
0.361785
0.37816
0.39361
0.408097
0.421585
0.434041
0.445435
0.455739
0.464928
0.472979
0.479872
0.485592
0.490123
0.493454
0.495578
0.496489
0.496185
0.494667
0.491939
0.488006
0.48288
0.476571
0.469097
0.460474
0.450725
0.439872
0.427943
0.414967
0.400976
0.386003
0.370085
0.353262
0.335575
0.317066
0.297781
0.277767
0.257074
0.235752
0.213853
0.19143
0.168539
0.145236
0.121577
0.0976204
0.0734251
0.0490501
0.0245551
0
0
-0.0266485
-0.0532318
-0.0796848
-0.105943
-0.131942
-0.157617
-0.182908
-0.20775
-0.232084
-0.25585
-0.278991
-0.301448
-0.323168
-0.344096
-0.364183
-0.383379
-0.401636
-0.41891
-0.43516
-0.450344
-0.464426
-0.477372
-0.48915
-0.49973
-0.509088
-0.5172
-0.524046
-0.52961
-0.533877
-0.536839
-0.538486
-0.538816
-0.537827
-0.535522
-0.531906
-0.526989
-0.520782
-0.513301
-0.504563
-0.494591
-0.483409
-0.471043
-0.457525
-0.442887
-0.427165
-0.410398
-0.392627
-0.373895
-0.354248
-0.333734
-0.312403
-0.290307
-0.267502
-0.244041
-0.219984
-0.195388
-0.170314
-0.144823
-0.118978
-0.0928415
-0.0664779
-0.0399516
-0.0133275
0.0133291
0.0399532
0.0664794
0.092843
0.118979
0.144825
0.170315
0.19539
0.219985
0.244043
0.267503
0.290309
0.312404
0.333735
0.354249
0.373896
0.392628
0.4104
0.427167
0.442888
0.457526
0.471045
0.48341
0.494593
0.504565
0.513302
0.520783
0.52699
0.531907
0.535523
0.537828
0.538817
0.538487
0.53684
0.533878
0.529611
0.524047
0.517201
0.509089
0.499731
0.489151
0.477373
0.464427
0.450345
0.43516
0.418911
0.401637
0.383379
0.364184
0.344097
0.323168
0.301448
0.278991
0.255851
0.232085
0.20775
0.182908
0.157618
0.131942
0.105943
0.0796849
0.0532318
0.0266485
0
0
-0.0286767
-0.0572832
-0.0857496
-0.114006
-0.141984
-0.169614
-0.196829
-0.223562
-0.249748
-0.275323
-0.300224
-0.324391
-0.347764
-0.370285
-0.391901
-0.412557
-0.432204
-0.450794
-0.46828
-0.48462
-0.499774
-0.513705
-0.526379
-0.537765
-0.547835
-0.556564
-0.563931
-0.569918
-0.574511
-0.577697
-0.57947
-0.579825
-0.578761
-0.57628
-0.57239
-0.567098
-0.560419
-0.552368
-0.542966
-0.532235
-0.520201
-0.506894
-0.492347
-0.476595
-0.459677
-0.441634
-0.42251
-0.402352
-0.381209
-0.359134
-0.33618
-0.312403
-0.287861
-0.262615
-0.236727
-0.210259
-0.183277
-0.155846
-0.128033
-0.0999077
-0.0715376
-0.0429924
-0.014342
0.0143435
0.0429939
0.0715391
0.0999092
0.128035
0.155847
0.183278
0.21026
0.236728
0.262617
0.287863
0.312404
0.336181
0.359135
0.381211
0.402353
0.422511
0.441635
0.459678
0.476597
0.492348
0.506896
0.520202
0.532236
0.542967
0.552369
0.56042
0.567099
0.572391
0.576281
0.578762
0.579826
0.579471
0.577698
0.574512
0.569919
0.563932
0.556565
0.547836
0.537766
0.52638
0.513706
0.499775
0.48462
0.46828
0.450794
0.432205
0.412558
0.391902
0.370286
0.347764
0.324391
0.300225
0.275324
0.249748
0.223562
0.196829
0.169614
0.141984
0.114006
0.0857497
0.0572833
0.0286767
0
0
-0.0306347
-0.0611945
-0.0916045
-0.12179
-0.151678
-0.181195
-0.210268
-0.238827
-0.266801
-0.294122
-0.320724
-0.34654
-0.371509
-0.395568
-0.41866
-0.440727
-0.461715
-0.481574
-0.500254
-0.517709
-0.533898
-0.548781
-0.56232
-0.574483
-0.585241
-0.594566
-0.602436
-0.608832
-0.613738
-0.617142
-0.619036
-0.619415
-0.618278
-0.615628
-0.611472
-0.605819
-0.598684
-0.590084
-0.580039
-0.568575
-0.55572
-0.541505
-0.525964
-0.509137
-0.491063
-0.471788
-0.451359
-0.429824
-0.407238
-0.383656
-0.359134
-0.333734
-0.307516
-0.280547
-0.25289
-0.224615
-0.195791
-0.166487
-0.136775
-0.106729
-0.0764222
-0.0459279
-0.0153213
0.0153228
0.0459295
0.0764237
0.106731
0.136777
0.166488
0.195792
0.224617
0.252892
0.280548
0.307518
0.333735
0.359135
0.383657
0.40724
0.429826
0.45136
0.47179
0.491065
0.509138
0.525966
0.541506
0.555721
0.568577
0.58004
0.590085
0.598685
0.605821
0.611473
0.61563
0.618279
0.619416
0.619037
0.617143
0.613739
0.608833
0.602437
0.594567
0.585242
0.574484
0.562321
0.548781
0.533899
0.51771
0.500254
0.481574
0.461716
0.440727
0.41866
0.395569
0.371509
0.346541
0.320724
0.294122
0.266801
0.238827
0.210268
0.181195
0.151678
0.121791
0.0916046
0.0611946
0.0306348
0
0
-0.0325178
-0.064956
-0.0972353
-0.129277
-0.161002
-0.192333
-0.223193
-0.253507
-0.283201
-0.312201
-0.340438
-0.367842
-0.394345
-0.419883
-0.444394
-0.467817
-0.490096
-0.511175
-0.531003
-0.549532
-0.566716
-0.582513
-0.596885
-0.609796
-0.621214
-0.631113
-0.639467
-0.646256
-0.651464
-0.655077
-0.657087
-0.65749
-0.656283
-0.65347
-0.649058
-0.643058
-0.635484
-0.626355
-0.615693
-0.603525
-0.589879
-0.57479
-0.558295
-0.540433
-0.521248
-0.500788
-0.479103
-0.456245
-0.432271
-0.407238
-0.381209
-0.354248
-0.326419
-0.297791
-0.268435
-0.238422
-0.207826
-0.17672
-0.145183
-0.11329
-0.0811198
-0.0487511
-0.0162631
0.0162647
0.0487526
0.0811213
0.113291
0.145184
0.176722
0.207827
0.238424
0.268437
0.297793
0.32642
0.354249
0.381211
0.40724
0.432272
0.456246
0.479104
0.50079
0.52125
0.540434
0.558296
0.574792
0.589881
0.603526
0.615695
0.626356
0.635485
0.643059
0.649059
0.653471
0.656284
0.657491
0.657088
0.655078
0.651465
0.646257
0.639468
0.631114
0.621215
0.609797
0.596886
0.582514
0.566717
0.549533
0.531004
0.511176
0.490097
0.467818
0.444395
0.419884
0.394345
0.367842
0.340438
0.312202
0.283201
0.253507
0.223193
0.192333
0.161002
0.129277
0.0972354
0.0649561
0.0325178
0
0
-0.0343213
-0.0685586
-0.102628
-0.136446
-0.169931
-0.203
-0.235571
-0.267567
-0.298907
-0.329516
-0.359319
-0.388243
-0.416216
-0.443171
-0.469041
-0.493763
-0.517277
-0.539526
-0.560454
-0.58001
-0.598147
-0.61482
-0.629989
-0.643616
-0.655668
-0.666115
-0.674933
-0.682098
-0.687595
-0.691409
-0.69353
-0.693955
-0.692681
-0.689713
-0.685056
-0.678723
-0.670729
-0.661094
-0.649841
-0.636997
-0.622595
-0.606669
-0.589259
-0.570406
-0.550158
-0.528563
-0.505675
-0.481549
-0.456245
-0.429824
-0.402352
-0.373895
-0.344523
-0.314308
-0.283323
-0.251645
-0.219352
-0.186522
-0.153235
-0.119573
-0.0856188
-0.051455
-0.0171651
0.0171667
0.0514565
0.0856204
0.119575
0.153236
0.186523
0.219353
0.251647
0.283325
0.314309
0.344524
0.373896
0.402353
0.429826
0.456246
0.48155
0.505676
0.528564
0.550159
0.570407
0.58926
0.60667
0.622596
0.636998
0.649842
0.661095
0.67073
0.678724
0.685057
0.689714
0.692683
0.693956
0.693531
0.69141
0.687596
0.682099
0.674934
0.666116
0.655669
0.643617
0.62999
0.614821
0.598148
0.580011
0.560454
0.539526
0.517278
0.493764
0.469041
0.443171
0.416216
0.388243
0.35932
0.329517
0.298908
0.267567
0.235572
0.203
0.169931
0.136447
0.102628
0.0685587
0.0343213
0
0
-0.0360408
-0.0719934
-0.10777
-0.143282
-0.178445
-0.21317
-0.247374
-0.280972
-0.313883
-0.346025
-0.377321
-0.407694
-0.437068
-0.465374
-0.49254
-0.518501
-0.543193
-0.566556
-0.588532
-0.609069
-0.628114
-0.645623
-0.661552
-0.675861
-0.688517
-0.699488
-0.708747
-0.716272
-0.722043
-0.726048
-0.728276
-0.728722
-0.727385
-0.724267
-0.719377
-0.712727
-0.704333
-0.694215
-0.682398
-0.668911
-0.653787
-0.637063
-0.61878
-0.598983
-0.577721
-0.555044
-0.531009
-0.505675
-0.479103
-0.451359
-0.42251
-0.392627
-0.361783
-0.330054
-0.297518
-0.264253
-0.230342
-0.195866
-0.160912
-0.125564
-0.0899084
-0.0540329
-0.0180252
0.0180267
0.0540344
0.0899099
0.125565
0.160914
0.195868
0.230343
0.264254
0.297519
0.330056
0.361785
0.392628
0.422511
0.45136
0.479104
0.505676
0.53101
0.555045
0.577722
0.598985
0.618782
0.637065
0.653788
0.668912
0.682399
0.694216
0.704334
0.712728
0.719379
0.724268
0.727386
0.728723
0.728277
0.726049
0.722044
0.716273
0.708748
0.699489
0.688518
0.675862
0.661552
0.645624
0.628115
0.609069
0.588533
0.566557
0.543194
0.518502
0.49254
0.465374
0.437069
0.407694
0.377322
0.346026
0.313883
0.280972
0.247374
0.21317
0.178445
0.143283
0.10777
0.0719935
0.0360408
0
0
-0.0376721
-0.075252
-0.112648
-0.149768
-0.186521
-0.222819
-0.25857
-0.293689
-0.32809
-0.361687
-0.3944
-0.426147
-0.456851
-0.486438
-0.514834
-0.54197
-0.567779
-0.5922
-0.615171
-0.636637
-0.656544
-0.674845
-0.691495
-0.706452
-0.719681
-0.731148
-0.740827
-0.748692
-0.754725
-0.758911
-0.76124
-0.761706
-0.760308
-0.75705
-0.751938
-0.744987
-0.736213
-0.725637
-0.713285
-0.699187
-0.683379
-0.665898
-0.646788
-0.626095
-0.60387
-0.580167
-0.555044
-0.528563
-0.500788
-0.471788
-0.441634
-0.410398
-0.378159
-0.344994
-0.310984
-0.276214
-0.240767
-0.204732
-0.168195
-0.131247
-0.0939779
-0.0564786
-0.0188411
0.0188426
0.0564801
0.0939794
0.131249
0.168197
0.204733
0.240769
0.276215
0.310986
0.344995
0.37816
0.4104
0.441635
0.47179
0.50079
0.528564
0.555045
0.580168
0.603871
0.626096
0.646789
0.6659
0.68338
0.699189
0.713286
0.725638
0.736214
0.744988
0.75194
0.757051
0.760309
0.761707
0.761241
0.758912
0.754726
0.748693
0.740828
0.731149
0.719682
0.706453
0.691496
0.674846
0.656545
0.636637
0.615172
0.5922
0.56778
0.54197
0.514834
0.486438
0.456852
0.426147
0.3944
0.361688
0.32809
0.29369
0.258571
0.222819
0.186522
0.149768
0.112648
0.0752521
0.0376721
0
0
-0.0392112
-0.0783264
-0.11725
-0.155887
-0.194142
-0.231922
-0.269134
-0.305688
-0.341494
-0.376464
-0.410513
-0.443557
-0.475516
-0.506311
-0.535867
-0.564112
-0.590976
-0.616394
-0.640304
-0.662647
-0.683368
-0.702417
-0.719746
-0.735315
-0.749084
-0.76102
-0.771094
-0.77928
-0.78556
-0.789917
-0.792341
-0.792826
-0.791371
-0.787979
-0.782659
-0.775424
-0.766291
-0.755283
-0.742426
-0.727753
-0.711299
-0.693104
-0.673213
-0.651674
-0.628541
-0.60387
-0.577721
-0.550158
-0.521248
-0.491063
-0.459677
-0.427165
-0.393609
-0.359088
-0.32369
-0.287499
-0.250604
-0.213096
-0.175067
-0.136609
-0.0978175
-0.0587861
-0.0196109
0.0196123
0.0587876
0.0978189
0.136611
0.175069
0.213098
0.250606
0.2875
0.323691
0.35909
0.39361
0.427167
0.459678
0.491065
0.52125
0.550159
0.577722
0.603871
0.628543
0.651676
0.673214
0.693105
0.7113
0.727754
0.742428
0.755284
0.766292
0.775425
0.78266
0.78798
0.791372
0.792827
0.792342
0.789918
0.785561
0.779281
0.771094
0.761021
0.749085
0.735316
0.719747
0.702417
0.683369
0.662647
0.640305
0.616395
0.590977
0.564113
0.535868
0.506312
0.475517
0.443558
0.410513
0.376465
0.341494
0.305689
0.269135
0.231922
0.194142
0.155887
0.11725
0.0783265
0.0392112
0
0
-0.0406544
-0.0812092
-0.121565
-0.161624
-0.201287
-0.240458
-0.27904
-0.316939
-0.354063
-0.39032
-0.425622
-0.459882
-0.493017
-0.524946
-0.55559
-0.584874
-0.612727
-0.639081
-0.66387
-0.687035
-0.708519
-0.728269
-0.746236
-0.762378
-0.776654
-0.789029
-0.799473
-0.807961
-0.814472
-0.818989
-0.821503
-0.822006
-0.820497
-0.816981
-0.811465
-0.803963
-0.794494
-0.783081
-0.769751
-0.754538
-0.737478
-0.718613
-0.69799
-0.675659
-0.651674
-0.626095
-0.598983
-0.570406
-0.540433
-0.509137
-0.476595
-0.442887
-0.408095
-0.372305
-0.335603
-0.29808
-0.259828
-0.220939
-0.18151
-0.141637
-0.101418
-0.0609497
-0.0203327
0.0203341
0.0609512
0.101419
0.141639
0.181512
0.220941
0.259829
0.298081
0.335604
0.372306
0.408097
0.442888
0.476597
0.509138
0.540434
0.570407
0.598985
0.626096
0.651676
0.67566
0.697992
0.718615
0.737479
0.754539
0.769752
0.783082
0.794495
0.803964
0.811466
0.816982
0.820498
0.822007
0.821504
0.81899
0.814473
0.807962
0.799474
0.78903
0.776655
0.762379
0.746237
0.72827
0.70852
0.687036
0.663871
0.639081
0.612728
0.584875
0.55559
0.524946
0.493018
0.459883
0.425622
0.39032
0.354063
0.316939
0.27904
0.240458
0.201287
0.161624
0.121565
0.0812093
0.0406544
0
0
-0.041998
-0.0838933
-0.125583
-0.166966
-0.20794
-0.248405
-0.288262
-0.327414
-0.365765
-0.40322
-0.439689
-0.475082
-0.509312
-0.542296
-0.573953
-0.604205
-0.632978
-0.660203
-0.685812
-0.709742
-0.731936
-0.752339
-0.7709
-0.787575
-0.802323
-0.815107
-0.825897
-0.834665
-0.841391
-0.846058
-0.848654
-0.849174
-0.847615
-0.843983
-0.838284
-0.830535
-0.820753
-0.808962
-0.795192
-0.779476
-0.761852
-0.742364
-0.72106
-0.69799
-0.673213
-0.646788
-0.61878
-0.589259
-0.558295
-0.525964
-0.492347
-0.457525
-0.421583
-0.38461
-0.346695
-0.307932
-0.268415
-0.228242
-0.18751
-0.146319
-0.10477
-0.0629642
-0.0210047
0.0210062
0.0629657
0.104771
0.14632
0.187511
0.228243
0.268417
0.307933
0.346696
0.384611
0.421585
0.457526
0.492348
0.525966
0.558296
0.58926
0.618782
0.646789
0.673214
0.697992
0.721061
0.742366
0.761854
0.779477
0.795193
0.808964
0.820754
0.830536
0.838286
0.843984
0.847616
0.849175
0.848655
0.846059
0.841392
0.834666
0.825898
0.815108
0.802324
0.787576
0.770901
0.75234
0.731937
0.709743
0.685812
0.660203
0.632979
0.604205
0.573953
0.542296
0.509313
0.475082
0.439689
0.403221
0.365765
0.327414
0.288263
0.248405
0.20794
0.166966
0.125583
0.0838933
0.0419981
0
0
-0.0432389
-0.086372
-0.129294
-0.171899
-0.214084
-0.255745
-0.296779
-0.337088
-0.376572
-0.415134
-0.45268
-0.489119
-0.52436
-0.558319
-0.590911
-0.622057
-0.651681
-0.679709
-0.706075
-0.730713
-0.753562
-0.774568
-0.793678
-0.810845
-0.826029
-0.839191
-0.850299
-0.859327
-0.866251
-0.871056
-0.873729
-0.874264
-0.872659
-0.868919
-0.863053
-0.855074
-0.845003
-0.832864
-0.818687
-0.802507
-0.784362
-0.764299
-0.742364
-0.718613
-0.693104
-0.665898
-0.637063
-0.606669
-0.57479
-0.541505
-0.506894
-0.471043
-0.434039
-0.395974
-0.356939
-0.31703
-0.276346
-0.234985
-0.19305
-0.150642
-0.107865
-0.0648246
-0.0216254
0.0216268
0.064826
0.107867
0.150643
0.193051
0.234987
0.276347
0.317032
0.35694
0.395975
0.434041
0.471045
0.506896
0.541506
0.574792
0.60667
0.637065
0.6659
0.693105
0.718615
0.742366
0.7643
0.784364
0.802508
0.818688
0.832866
0.845004
0.855075
0.863054
0.86892
0.87266
0.874265
0.87373
0.871057
0.866252
0.859327
0.8503
0.839192
0.82603
0.810846
0.793678
0.774568
0.753563
0.730713
0.706076
0.67971
0.651681
0.622057
0.590911
0.558319
0.524361
0.489119
0.452681
0.415134
0.376572
0.337088
0.29678
0.255745
0.214084
0.171899
0.129294
0.0863721
0.0432389
0
0
-0.044374
-0.0886394
-0.132688
-0.176412
-0.219704
-0.262458
-0.30457
-0.345937
-0.386457
-0.426032
-0.464564
-0.501959
-0.538126
-0.572975
-0.606423
-0.638387
-0.668788
-0.697553
-0.72461
-0.749895
-0.773344
-0.794901
-0.814513
-0.832131
-0.847713
-0.861221
-0.87262
-0.881885
-0.888991
-0.893922
-0.896665
-0.897214
-0.895568
-0.89173
-0.885709
-0.877521
-0.867186
-0.854728
-0.840179
-0.823574
-0.804953
-0.784362
-0.761852
-0.737478
-0.711299
-0.683379
-0.653787
-0.622595
-0.589879
-0.55572
-0.520201
-0.483409
-0.445434
-0.406368
-0.366309
-0.325353
-0.2836
-0.241154
-0.198118
-0.154596
-0.110697
-0.0665264
-0.0221931
0.0221945
0.0665278
0.110698
0.154598
0.198119
0.241155
0.283602
0.325354
0.36631
0.40637
0.445435
0.48341
0.520202
0.555721
0.589881
0.622596
0.653788
0.68338
0.7113
0.737479
0.761854
0.784364
0.804954
0.823575
0.84018
0.854729
0.867187
0.877522
0.88571
0.891731
0.895569
0.897215
0.896666
0.893923
0.888992
0.881886
0.872621
0.861221
0.847714
0.832132
0.814513
0.794902
0.773345
0.749896
0.724611
0.697553
0.668789
0.638387
0.606423
0.572976
0.538126
0.501959
0.464564
0.426032
0.386458
0.345937
0.304571
0.262458
0.219704
0.176412
0.132688
0.0886395
0.044374
0
0
-0.0454005
-0.0906899
-0.135757
-0.180493
-0.224786
-0.268529
-0.311616
-0.35394
-0.395397
-0.435887
-0.47531
-0.51357
-0.550574
-0.58623
-0.620451
-0.653154
-0.684259
-0.713689
-0.741373
-0.767242
-0.791234
-0.813289
-0.833355
-0.85138
-0.867323
-0.881143
-0.892806
-0.902285
-0.909556
-0.914601
-0.917408
-0.917969
-0.916285
-0.912358
-0.906198
-0.89782
-0.887246
-0.8745
-0.859615
-0.842625
-0.823574
-0.802507
-0.779476
-0.754538
-0.727753
-0.699187
-0.668911
-0.636997
-0.603525
-0.568575
-0.532235
-0.494591
-0.455738
-0.415769
-0.374782
-0.332879
-0.290161
-0.246733
-0.202701
-0.158173
-0.113258
-0.0680653
-0.0227065
0.0227079
0.0680667
0.113259
0.158174
0.202702
0.246734
0.290162
0.33288
0.374784
0.41577
0.455739
0.494593
0.532236
0.568577
0.603526
0.636998
0.668912
0.699189
0.727754
0.754539
0.779477
0.802508
0.823575
0.842626
0.859616
0.874501
0.887247
0.897822
0.906199
0.912359
0.916286
0.91797
0.917409
0.914602
0.909557
0.902286
0.892807
0.881144
0.867324
0.851381
0.833355
0.81329
0.791234
0.767243
0.741373
0.71369
0.684259
0.653155
0.620452
0.58623
0.550574
0.513571
0.475311
0.435887
0.395397
0.35394
0.311616
0.26853
0.224786
0.180493
0.135757
0.0906899
0.0454005
0
0
-0.0463159
-0.0925184
-0.138495
-0.184132
-0.229318
-0.273944
-0.317899
-0.361076
-0.403369
-0.444676
-0.484894
-0.523925
-0.561675
-0.59805
-0.632961
-0.666323
-0.698055
-0.728079
-0.75632
-0.782711
-0.807187
-0.829687
-0.850157
-0.868546
-0.88481
-0.898909
-0.910808
-0.920478
-0.927895
-0.933042
-0.935905
-0.936478
-0.934759
-0.930753
-0.924469
-0.915923
-0.905135
-0.892132
-0.876946
-0.859615
-0.840179
-0.818687
-0.795192
-0.769751
-0.742426
-0.713285
-0.682398
-0.649841
-0.615693
-0.580039
-0.542966
-0.504563
-0.464926
-0.424152
-0.382339
-0.339591
-0.296011
-0.251707
-0.206788
-0.161362
-0.115541
-0.0694377
-0.0231644
0.0231657
0.0694391
0.115543
0.161363
0.206789
0.251709
0.296013
0.339592
0.38234
0.424153
0.464928
0.504565
0.542967
0.58004
0.615695
0.649842
0.682399
0.713286
0.742428
0.769752
0.795193
0.818688
0.84018
0.859616
0.876948
0.892133
0.905136
0.915924
0.92447
0.930754
0.93476
0.936479
0.935906
0.933042
0.927896
0.920478
0.910808
0.89891
0.884811
0.868547
0.850158
0.829688
0.807188
0.782712
0.756321
0.728079
0.698056
0.666324
0.632961
0.59805
0.561675
0.523926
0.484894
0.444676
0.40337
0.361076
0.317899
0.273944
0.229318
0.184132
0.138495
0.0925185
0.0463159
0
0
-0.0471179
-0.0941205
-0.140893
-0.18732
-0.233289
-0.278688
-0.323404
-0.367328
-0.410354
-0.452376
-0.493291
-0.532998
-0.571401
-0.608406
-0.643922
-0.677862
-0.710143
-0.740687
-0.769418
-0.796266
-0.821165
-0.844055
-0.864879
-0.883587
-0.900132
-0.914475
-0.92658
-0.936417
-0.943963
-0.949199
-0.952112
-0.952695
-0.950946
-0.946871
-0.940478
-0.931784
-0.920809
-0.907581
-0.892132
-0.8745
-0.854728
-0.832864
-0.808962
-0.783081
-0.755283
-0.725637
-0.694215
-0.661094
-0.626355
-0.590084
-0.552368
-0.513301
-0.472978
-0.431497
-0.38896
-0.345471
-0.301137
-0.256066
-0.210369
-0.164156
-0.117542
-0.0706402
-0.0235655
0.0235668
0.0706415
0.117543
0.164157
0.21037
0.256068
0.301139
0.345473
0.388961
0.431498
0.472979
0.513302
0.552369
0.590085
0.626356
0.661095
0.694216
0.725638
0.755284
0.783082
0.808964
0.832866
0.854729
0.874501
0.892133
0.907582
0.92081
0.931785
0.940479
0.946872
0.950947
0.952696
0.952113
0.9492
0.943964
0.936418
0.926581
0.914476
0.900133
0.883588
0.86488
0.844055
0.821166
0.796266
0.769418
0.740687
0.710144
0.677862
0.643922
0.608406
0.571402
0.532998
0.493291
0.452376
0.410355
0.367329
0.323404
0.278688
0.23329
0.18732
0.140893
0.0941206
0.0471179
0
0
-0.0478046
-0.0954923
-0.142946
-0.19005
-0.23669
-0.282749
-0.328117
-0.372682
-0.416335
-0.458969
-0.50048
-0.540766
-0.579729
-0.617273
-0.653307
-0.687742
-0.720493
-0.751482
-0.780632
-0.807871
-0.833133
-0.856357
-0.877485
-0.896465
-0.913252
-0.927803
-0.940085
-0.950065
-0.957721
-0.963033
-0.965989
-0.96658
-0.964806
-0.960671
-0.954185
-0.945364
-0.93423
-0.920809
-0.905135
-0.887246
-0.867186
-0.845003
-0.820753
-0.794494
-0.766291
-0.736213
-0.704333
-0.670729
-0.635484
-0.598684
-0.560419
-0.520782
-0.479871
-0.437786
-0.394629
-0.350506
-0.305526
-0.259798
-0.213435
-0.166549
-0.119255
-0.0716698
-0.023909
0.0239103
0.0716711
0.119256
0.16655
0.213436
0.2598
0.305528
0.350508
0.39463
0.437787
0.479872
0.520783
0.56042
0.598685
0.635485
0.67073
0.704334
0.736214
0.766292
0.794495
0.820754
0.845004
0.867187
0.887247
0.905136
0.92081
0.934231
0.945365
0.954186
0.960672
0.964807
0.966581
0.96599
0.963034
0.957722
0.950066
0.940085
0.927804
0.913252
0.896466
0.877485
0.856357
0.833134
0.807872
0.780632
0.751483
0.720494
0.687742
0.653307
0.617274
0.57973
0.540767
0.500481
0.45897
0.416335
0.372682
0.328117
0.28275
0.23669
0.190051
0.142946
0.0954924
0.0478047
0
0
-0.0483744
-0.0966304
-0.14465
-0.192316
-0.23951
-0.286119
-0.332028
-0.377124
-0.421297
-0.464439
-0.506445
-0.547211
-0.586639
-0.62463
-0.661093
-0.695938
-0.729081
-0.760438
-0.789935
-0.817499
-0.843063
-0.866563
-0.887943
-0.907149
-0.924136
-0.938861
-0.951289
-0.961389
-0.969136
-0.974511
-0.977502
-0.9781
-0.976305
-0.972121
-0.965557
-0.956631
-0.945364
-0.931784
-0.915923
-0.89782
-0.877521
-0.855074
-0.830535
-0.803963
-0.775424
-0.744987
-0.712727
-0.678723
-0.643058
-0.605819
-0.567098
-0.526989
-0.48559
-0.443003
-0.399332
-0.354684
-0.309168
-0.262895
-0.215978
-0.168534
-0.120677
-0.072524
-0.024194
0.0241952
0.0725252
0.120678
0.168535
0.21598
0.262896
0.309169
0.354685
0.399334
0.443005
0.485592
0.52699
0.567099
0.605821
0.643059
0.678724
0.712728
0.744988
0.775425
0.803964
0.830536
0.855075
0.877522
0.897822
0.915924
0.931785
0.945365
0.956632
0.965558
0.972122
0.976306
0.978101
0.977502
0.974512
0.969136
0.961389
0.95129
0.938862
0.924137
0.90715
0.887943
0.866564
0.843063
0.8175
0.789936
0.760439
0.729081
0.695939
0.661094
0.624631
0.586639
0.547212
0.506445
0.46444
0.421297
0.377124
0.332028
0.286119
0.239511
0.192316
0.14465
0.0966305
0.0483744
0
0
-0.0488258
-0.097532
-0.146
-0.19411
-0.241745
-0.288789
-0.335126
-0.380643
-0.425228
-0.468773
-0.511171
-0.552317
-0.592112
-0.630458
-0.667262
-0.702432
-0.735883
-0.767534
-0.797306
-0.825127
-0.850929
-0.874649
-0.896228
-0.915614
-0.932759
-0.947622
-0.960165
-0.970359
-0.978178
-0.983604
-0.986622
-0.987226
-0.985415
-0.981191
-0.974567
-0.965557
-0.954185
-0.940478
-0.924469
-0.906198
-0.885709
-0.863053
-0.838284
-0.811465
-0.782659
-0.751938
-0.719377
-0.685056
-0.649058
-0.611472
-0.57239
-0.531906
-0.490121
-0.447137
-0.403058
-0.357993
-0.312052
-0.265348
-0.217994
-0.170106
-0.121803
-0.0732007
-0.0244197
0.024421
0.0732019
0.121804
0.170108
0.217995
0.265349
0.312054
0.357995
0.40306
0.447138
0.490123
0.531907
0.572391
0.611473
0.649059
0.685057
0.719379
0.75194
0.78266
0.811466
0.838286
0.863054
0.88571
0.906199
0.92447
0.940479
0.954186
0.965558
0.974568
0.981192
0.985416
0.987227
0.986623
0.983605
0.978179
0.97036
0.960166
0.947622
0.93276
0.915614
0.896229
0.874649
0.85093
0.825128
0.797307
0.767534
0.735884
0.702433
0.667262
0.630459
0.592113
0.552318
0.511171
0.468773
0.425228
0.380643
0.335126
0.288789
0.241745
0.19411
0.146
0.0975321
0.0488258
0
0
-0.0491576
-0.098195
-0.146992
-0.195429
-0.243388
-0.290752
-0.337404
-0.38323
-0.428119
-0.471959
-0.514645
-0.556072
-0.596137
-0.634744
-0.671797
-0.707207
-0.740885
-0.772751
-0.802726
-0.830736
-0.856713
-0.880594
-0.90232
-0.921837
-0.939099
-0.954063
-0.966692
-0.976955
-0.984827
-0.99029
-0.993329
-0.993937
-0.992113
-0.987861
-0.981191
-0.972121
-0.960671
-0.946871
-0.930753
-0.912358
-0.89173
-0.868919
-0.843983
-0.816981
-0.787979
-0.75705
-0.724267
-0.689713
-0.65347
-0.615628
-0.57628
-0.535522
-0.493453
-0.450176
-0.405798
-0.360427
-0.314174
-0.267151
-0.219476
-0.171263
-0.12263
-0.0736983
-0.0245857
0.024587
0.0736995
0.122632
0.171264
0.219477
0.267153
0.314175
0.360428
0.405799
0.450177
0.493454
0.535523
0.576281
0.61563
0.653471
0.689714
0.724268
0.757051
0.78798
0.816982
0.843984
0.86892
0.891731
0.912359
0.930754
0.946872
0.960672
0.972122
0.981192
0.987862
0.992114
0.993938
0.99333
0.990291
0.984828
0.976956
0.966692
0.954064
0.9391
0.921838
0.90232
0.880595
0.856714
0.830737
0.802726
0.772752
0.740886
0.707207
0.671798
0.634744
0.596138
0.556072
0.514646
0.47196
0.428119
0.38323
0.337404
0.290752
0.243389
0.19543
0.146992
0.0981951
0.0491577
0
0
-0.0493692
-0.0986177
-0.147625
-0.196271
-0.244436
-0.292003
-0.338856
-0.38488
-0.429961
-0.473991
-0.51686
-0.558465
-0.598703
-0.637476
-0.674689
-0.710251
-0.744074
-0.776077
-0.806181
-0.834312
-0.860401
-0.884384
-0.906204
-0.925805
-0.943141
-0.958169
-0.970853
-0.98116
-0.989066
-0.994552
-0.997604
-0.998215
-0.996383
-0.992113
-0.985415
-0.976305
-0.964806
-0.950946
-0.934759
-0.916285
-0.895568
-0.872659
-0.847615
-0.820497
-0.791371
-0.760308
-0.727385
-0.692681
-0.656283
-0.618278
-0.578761
-0.537827
-0.495577
-0.452114
-0.407545
-0.361978
-0.315526
-0.268301
-0.22042
-0.172
-0.123158
-0.0740155
-0.0246916
0.0246928
0.0740167
0.12316
0.172001
0.220421
0.268303
0.315527
0.361979
0.407546
0.452115
0.495578
0.537828
0.578762
0.618279
0.656284
0.692683
0.727386
0.760309
0.791372
0.820498
0.847616
0.87266
0.895569
0.916286
0.93476
0.950947
0.964807
0.976306
0.985416
0.992114
0.996384
0.998216
0.997605
0.994553
0.989067
0.981161
0.970853
0.95817
0.943142
0.925806
0.906204
0.884385
0.860401
0.834312
0.806181
0.776078
0.744075
0.710251
0.674689
0.637476
0.598703
0.558465
0.516861
0.473991
0.429962
0.38488
0.338856
0.292004
0.244436
0.196271
0.147625
0.0986177
0.0493693
0
0
-0.04946
-0.098799
-0.147896
-0.196631
-0.244886
-0.29254
-0.339479
-0.385587
-0.430752
-0.474862
-0.517811
-0.559492
-0.599804
-0.638648
-0.675929
-0.711557
-0.745443
-0.777504
-0.807663
-0.835846
-0.861983
-0.88601
-0.90787
-0.927508
-0.944875
-0.959931
-0.972638
-0.982964
-0.990885
-0.996381
-0.999439
-1.00005
-0.998215
-0.993937
-0.987226
-0.9781
-0.96658
-0.952695
-0.936478
-0.917969
-0.897214
-0.874264
-0.849174
-0.822006
-0.792826
-0.761706
-0.728722
-0.693955
-0.65749
-0.619415
-0.579825
-0.538816
-0.496488
-0.452945
-0.408294
-0.362644
-0.316106
-0.268795
-0.220826
-0.172316
-0.123385
-0.0741516
-0.024737
0.0247382
0.0741528
0.123386
0.172317
0.220827
0.268796
0.316107
0.362645
0.408295
0.452946
0.496489
0.538817
0.579826
0.619416
0.657491
0.693956
0.728723
0.761707
0.792827
0.822007
0.849175
0.874265
0.897215
0.91797
0.936479
0.952696
0.966581
0.978101
0.987227
0.993938
0.998216
1.00005
0.999439
0.996382
0.990886
0.982965
0.972638
0.959932
0.944876
0.927508
0.90787
0.886011
0.861983
0.835846
0.807664
0.777505
0.745443
0.711557
0.67593
0.638649
0.599804
0.559492
0.517811
0.474863
0.430752
0.385588
0.339479
0.292541
0.244886
0.196632
0.147896
0.098799
0.04946
0
0
-0.0494297
-0.0987385
-0.147806
-0.196511
-0.244736
-0.292361
-0.339272
-0.385351
-0.430488
-0.474572
-0.517494
-0.55915
-0.599437
-0.638257
-0.675516
-0.711121
-0.744986
-0.777028
-0.807169
-0.835334
-0.861455
-0.885468
-0.907314
-0.92694
-0.944297
-0.959344
-0.972043
-0.982363
-0.990279
-0.995771
-0.998827
-0.999439
-0.997604
-0.993329
-0.986622
-0.977502
-0.965989
-0.952112
-0.935905
-0.917408
-0.896665
-0.873729
-0.848654
-0.821503
-0.792341
-0.76124
-0.728276
-0.69353
-0.657087
-0.619036
-0.57947
-0.538486
-0.496184
-0.452668
-0.408044
-0.362422
-0.315913
-0.26863
-0.22069
-0.172211
-0.123309
-0.0741063
-0.0247219
0.024723
0.0741074
0.12331
0.172212
0.220692
0.268631
0.315914
0.362423
0.408045
0.452669
0.496185
0.538487
0.579471
0.619037
0.657088
0.693531
0.728277
0.761241
0.792342
0.821504
0.848655
0.87373
0.896666
0.917409
0.935906
0.952113
0.96599
0.977502
0.986623
0.99333
0.997605
0.999439
0.998828
0.995772
0.990279
0.982363
0.972043
0.959344
0.944298
0.926941
0.907315
0.885469
0.861456
0.835335
0.80717
0.777029
0.744987
0.711122
0.675516
0.638258
0.599437
0.55915
0.517494
0.474572
0.430489
0.385352
0.339272
0.292361
0.244736
0.196511
0.147806
0.0987386
0.0494298
0
0
-0.0492785
-0.0984364
-0.147353
-0.19591
-0.243987
-0.291467
-0.338234
-0.384172
-0.429171
-0.47312
-0.515911
-0.557439
-0.597603
-0.636305
-0.673449
-0.708946
-0.742707
-0.774651
-0.8047
-0.832779
-0.85882
-0.882759
-0.904538
-0.924104
-0.941408
-0.956409
-0.969069
-0.979357
-0.987249
-0.992725
-0.995771
-0.996381
-0.994552
-0.99029
-0.983604
-0.974511
-0.963033
-0.949199
-0.933042
-0.914601
-0.893922
-0.871056
-0.846058
-0.818989
-0.789917
-0.758911
-0.726048
-0.691409
-0.655077
-0.617142
-0.577697
-0.536839
-0.494666
-0.451283
-0.406796
-0.361313
-0.314946
-0.267808
-0.220015
-0.171684
-0.122932
-0.0738796
-0.0246463
0.0246474
0.0738807
0.122933
0.171685
0.220016
0.267809
0.314947
0.361314
0.406797
0.451284
0.494667
0.53684
0.577698
0.617143
0.655078
0.69141
0.726049
0.758912
0.789918
0.81899
0.846059
0.871057
0.893923
0.914602
0.933042
0.9492
0.963034
0.974512
0.983605
0.990291
0.994553
0.996382
0.995772
0.992726
0.98725
0.979358
0.969069
0.956409
0.941409
0.924105
0.904539
0.88276
0.85882
0.832779
0.8047
0.774652
0.742708
0.708946
0.67345
0.636305
0.597603
0.557439
0.515911
0.47312
0.429172
0.384173
0.338234
0.291467
0.243987
0.19591
0.147354
0.0984365
0.0492785
0
0
-0.0490067
-0.0978935
-0.146541
-0.194829
-0.242641
-0.289859
-0.336368
-0.382053
-0.426804
-0.47051
-0.513065
-0.554364
-0.594307
-0.632795
-0.669734
-0.705035
-0.73861
-0.770378
-0.800261
-0.828185
-0.854083
-0.87789
-0.899549
-0.919007
-0.936216
-0.951133
-0.963723
-0.973955
-0.981803
-0.987249
-0.990279
-0.990885
-0.989066
-0.984827
-0.978178
-0.969136
-0.957721
-0.943963
-0.927895
-0.909556
-0.888991
-0.866251
-0.841391
-0.814472
-0.78556
-0.754725
-0.722043
-0.687595
-0.651464
-0.613738
-0.574511
-0.533877
-0.491938
-0.448794
-0.404552
-0.35932
-0.313209
-0.266331
-0.218802
-0.170737
-0.122254
-0.073472
-0.0245103
0.0245114
0.0734731
0.122255
0.170738
0.218803
0.266332
0.31321
0.359321
0.404553
0.448795
0.491939
0.533878
0.574512
0.613739
0.651465
0.687596
0.722044
0.754726
0.785561
0.814473
0.841392
0.866252
0.888992
0.909557
0.927896
0.943964
0.957722
0.969136
0.978179
0.984828
0.989067
0.990886
0.990279
0.98725
0.981804
0.973956
0.963724
0.951134
0.936216
0.919007
0.89955
0.877891
0.854083
0.828186
0.800261
0.770379
0.738611
0.705036
0.669735
0.632795
0.594307
0.554364
0.513065
0.47051
0.426804
0.382054
0.336368
0.289859
0.242641
0.194829
0.146541
0.0978935
0.0490067
0
0
-0.048615
-0.0971109
-0.145369
-0.193272
-0.240702
-0.287542
-0.333679
-0.378999
-0.423392
-0.466749
-0.508964
-0.549933
-0.589556
-0.627736
-0.664381
-0.699399
-0.732706
-0.76422
-0.793864
-0.821565
-0.847255
-0.870872
-0.892358
-0.91166
-0.928732
-0.94353
-0.95602
-0.96617
-0.973955
-0.979357
-0.982363
-0.982964
-0.98116
-0.976955
-0.970359
-0.961389
-0.950065
-0.936417
-0.920478
-0.902285
-0.881885
-0.859327
-0.834665
-0.807961
-0.77928
-0.748692
-0.716272
-0.682098
-0.646256
-0.608832
-0.569918
-0.52961
-0.488005
-0.445206
-0.401318
-0.356448
-0.310705
-0.264202
-0.217053
-0.169372
-0.121277
-0.0728847
-0.0243144
0.0243154
0.0728858
0.121278
0.169373
0.217054
0.264203
0.310706
0.356449
0.401319
0.445207
0.488006
0.529611
0.569919
0.608833
0.646257
0.682099
0.716273
0.748693
0.779281
0.807962
0.834666
0.859327
0.881886
0.902286
0.920478
0.936418
0.950066
0.961389
0.97036
0.976956
0.981161
0.982965
0.982363
0.979358
0.973956
0.96617
0.95602
0.943531
0.928732
0.911661
0.892359
0.870873
0.847256
0.821565
0.793864
0.764221
0.732707
0.6994
0.664381
0.627737
0.589556
0.549933
0.508964
0.466749
0.423392
0.379
0.333679
0.287542
0.240702
0.193272
0.145369
0.097111
0.048615
0
0
-0.0481042
-0.0960908
-0.143842
-0.191241
-0.238173
-0.284521
-0.330174
-0.375018
-0.418944
-0.461846
-0.503617
-0.544155
-0.583362
-0.621142
-0.657401
-0.692052
-0.725009
-0.756192
-0.785524
-0.812934
-0.838355
-0.861724
-0.882984
-0.902083
-0.918975
-0.933618
-0.945976
-0.95602
-0.963723
-0.969069
-0.972043
-0.972638
-0.970853
-0.966692
-0.960165
-0.951289
-0.940085
-0.92658
-0.910808
-0.892806
-0.87262
-0.850299
-0.825897
-0.799473
-0.771094
-0.740827
-0.708747
-0.674933
-0.639467
-0.602436
-0.563931
-0.524046
-0.482879
-0.440529
-0.397102
-0.352703
-0.307441
-0.261427
-0.214772
-0.167593
-0.120003
-0.0721191
-0.024059
0.02406
0.0721201
0.120004
0.167594
0.214773
0.261428
0.307442
0.352704
0.397103
0.44053
0.48288
0.524047
0.563932
0.602437
0.639468
0.674934
0.708748
0.740828
0.771094
0.799474
0.825898
0.8503
0.872621
0.892807
0.910808
0.926581
0.940085
0.95129
0.960166
0.966692
0.970853
0.972638
0.972043
0.969069
0.963724
0.95602
0.945977
0.933619
0.918976
0.902084
0.882984
0.861724
0.838355
0.812934
0.785524
0.756192
0.725009
0.692052
0.657402
0.621142
0.583363
0.544156
0.503617
0.461846
0.418945
0.375018
0.330174
0.284522
0.238173
0.191242
0.143842
0.0960908
0.0481043
0
0
-0.0474758
-0.0948354
-0.141963
-0.188743
-0.235061
-0.280804
-0.32586
-0.370119
-0.413471
-0.455812
-0.497037
-0.537047
-0.575741
-0.613027
-0.648813
-0.683011
-0.715537
-0.746313
-0.775262
-0.802314
-0.827402
-0.850466
-0.871448
-0.890298
-0.90697
-0.921421
-0.933618
-0.94353
-0.951133
-0.956409
-0.959344
-0.959931
-0.958169
-0.954063
-0.947622
-0.938861
-0.927803
-0.914475
-0.898909
-0.881143
-0.861221
-0.839191
-0.815107
-0.789029
-0.76102
-0.731148
-0.699488
-0.666115
-0.631113
-0.594566
-0.556564
-0.5172
-0.47657
-0.434774
-0.391914
-0.348096
-0.303425
-0.258011
-0.211967
-0.165403
-0.118435
-0.0711769
-0.0237447
0.0237457
0.0711779
0.118436
0.165404
0.211968
0.258012
0.303426
0.348096
0.391915
0.434775
0.476571
0.517201
0.556565
0.594567
0.631114
0.666116
0.699489
0.731149
0.761021
0.78903
0.815108
0.839192
0.861221
0.881144
0.89891
0.914476
0.927804
0.938862
0.947622
0.954064
0.95817
0.959932
0.959344
0.956409
0.951134
0.943531
0.933619
0.921422
0.90697
0.890299
0.871449
0.850466
0.827403
0.802314
0.775262
0.746313
0.715538
0.683011
0.648813
0.613028
0.575742
0.537047
0.497038
0.455812
0.413472
0.370119
0.32586
0.280805
0.235061
0.188743
0.141963
0.0948355
0.0474758
0
0
-0.0467312
-0.093348
-0.139736
-0.185783
-0.231375
-0.2764
-0.320749
-0.364314
-0.406986
-0.448663
-0.489242
-0.528623
-0.566711
-0.603412
-0.638637
-0.672298
-0.704315
-0.734608
-0.763103
-0.78973
-0.814425
-0.837127
-0.857781
-0.876335
-0.892745
-0.90697
-0.918975
-0.928732
-0.936216
-0.941408
-0.944297
-0.944875
-0.943141
-0.939099
-0.932759
-0.924136
-0.913252
-0.900132
-0.88481
-0.867323
-0.847713
-0.826029
-0.802323
-0.776654
-0.749084
-0.719681
-0.688517
-0.655668
-0.621214
-0.585241
-0.547835
-0.509088
-0.469096
-0.427955
-0.385768
-0.342636
-0.298666
-0.253965
-0.208642
-0.162809
-0.116577
-0.0700606
-0.0233723
0.0233732
0.0700615
0.116578
0.16281
0.208643
0.253966
0.298667
0.342637
0.385769
0.427956
0.469097
0.509089
0.547836
0.585242
0.621215
0.655669
0.688518
0.719682
0.749085
0.776655
0.802324
0.82603
0.847714
0.867324
0.884811
0.900133
0.913252
0.924137
0.93276
0.9391
0.943142
0.944876
0.944298
0.941409
0.936216
0.928732
0.918976
0.90697
0.892745
0.876335
0.857781
0.837128
0.814426
0.789731
0.763103
0.734608
0.704315
0.672299
0.638637
0.603413
0.566712
0.528624
0.489242
0.448663
0.406987
0.364314
0.32075
0.2764
0.231375
0.185783
0.139736
0.0933481
0.0467312
0
0
-0.0458722
-0.0916322
-0.137168
-0.182368
-0.227122
-0.27132
-0.314854
-0.357617
-0.399505
-0.440416
-0.480249
-0.518907
-0.556295
-0.592321
-0.626898
-0.659941
-0.691369
-0.721105
-0.749076
-0.775214
-0.799455
-0.82174
-0.842014
-0.860227
-0.876335
-0.890298
-0.902083
-0.91166
-0.919007
-0.924104
-0.92694
-0.927508
-0.925805
-0.921837
-0.915614
-0.907149
-0.896465
-0.883587
-0.868546
-0.85138
-0.832131
-0.810845
-0.787575
-0.762378
-0.735315
-0.706452
-0.675861
-0.643616
-0.609796
-0.574483
-0.537765
-0.49973
-0.460473
-0.420089
-0.378677
-0.336338
-0.293176
-0.249297
-0.204807
-0.159816
-0.114435
-0.0687728
-0.0229427
0.0229436
0.0687737
0.114436
0.159817
0.204808
0.249297
0.293177
0.336339
0.378678
0.42009
0.460474
0.499731
0.537766
0.574484
0.609797
0.643617
0.675862
0.706453
0.735316
0.762379
0.787576
0.810846
0.832132
0.851381
0.868547
0.883588
0.896466
0.90715
0.915614
0.921838
0.925806
0.927508
0.926941
0.924105
0.919007
0.911661
0.902084
0.890299
0.876335
0.860227
0.842014
0.82174
0.799456
0.775214
0.749076
0.721105
0.691369
0.659941
0.626898
0.592321
0.556295
0.518907
0.480249
0.440416
0.399506
0.357617
0.314854
0.27132
0.227122
0.182368
0.137168
0.0916322
0.0458722
0
0
-0.044901
-0.0896921
-0.134264
-0.178507
-0.222313
-0.265575
-0.308187
-0.350045
-0.391047
-0.431091
-0.470081
-0.50792
-0.544516
-0.57978
-0.613625
-0.645968
-0.676731
-0.705837
-0.733216
-0.758801
-0.782529
-0.804341
-0.824186
-0.842014
-0.857781
-0.871448
-0.882984
-0.892358
-0.899549
-0.904538
-0.907314
-0.90787
-0.906204
-0.90232
-0.896228
-0.887943
-0.877485
-0.864879
-0.850157
-0.833355
-0.814513
-0.793678
-0.7709
-0.746236
-0.719746
-0.691495
-0.661552
-0.629989
-0.596885
-0.56232
-0.526379
-0.48915
-0.450724
-0.411195
-0.370659
-0.329217
-0.286969
-0.244018
-0.200471
-0.156433
-0.112012
-0.0673167
-0.0224569
0.0224578
0.0673176
0.112013
0.156434
0.200472
0.244019
0.28697
0.329218
0.37066
0.411195
0.450725
0.489151
0.52638
0.562321
0.596886
0.62999
0.661552
0.691496
0.719747
0.746237
0.770901
0.793678
0.814513
0.833355
0.850158
0.86488
0.877485
0.887943
0.896229
0.90232
0.906204
0.90787
0.907315
0.904539
0.89955
0.892359
0.882984
0.871449
0.857781
0.842014
0.824186
0.804342
0.782529
0.758801
0.733216
0.705837
0.676731
0.645968
0.613625
0.57978
0.544517
0.50792
0.470081
0.431092
0.391047
0.350046
0.308188
0.265575
0.222313
0.178507
0.134264
0.0896921
0.044901
0
0
-0.0438199
-0.0875325
-0.131031
-0.174209
-0.21696
-0.259181
-0.300767
-0.341617
-0.381631
-0.420712
-0.458762
-0.495691
-0.531406
-0.56582
-0.59885
-0.630415
-0.660436
-0.688842
-0.715562
-0.740531
-0.763687
-0.784975
-0.804341
-0.82174
-0.837127
-0.850466
-0.861724
-0.870872
-0.87789
-0.882759
-0.885468
-0.88601
-0.884384
-0.880594
-0.874649
-0.866563
-0.856357
-0.844055
-0.829687
-0.813289
-0.794901
-0.774568
-0.752339
-0.728269
-0.702417
-0.674845
-0.645623
-0.61482
-0.582513
-0.548781
-0.513705
-0.477372
-0.439871
-0.401294
-0.361735
-0.32129
-0.280059
-0.238143
-0.195644
-0.152666
-0.109315
-0.0656959
-0.0219162
0.0219171
0.0656967
0.109316
0.152667
0.195645
0.238144
0.28006
0.321291
0.361735
0.401295
0.439872
0.477373
0.513706
0.548781
0.582514
0.614821
0.645624
0.674846
0.702417
0.72827
0.75234
0.774568
0.794902
0.81329
0.829688
0.844055
0.856357
0.866564
0.874649
0.880595
0.884385
0.886011
0.885469
0.88276
0.877891
0.870873
0.861724
0.850466
0.837128
0.82174
0.804342
0.784975
0.763688
0.740531
0.715562
0.688842
0.660437
0.630415
0.598851
0.565821
0.531406
0.495691
0.458763
0.420712
0.381632
0.341617
0.300767
0.259181
0.21696
0.174209
0.131031
0.0875325
0.0438199
0
0
-0.0426315
-0.0851587
-0.127478
-0.169484
-0.211076
-0.252152
-0.29261
-0.332353
-0.371282
-0.409302
-0.446321
-0.482248
-0.516994
-0.550476
-0.58261
-0.613319
-0.642526
-0.670161
-0.696157
-0.720448
-0.742977
-0.763687
-0.782529
-0.799455
-0.814425
-0.827402
-0.838355
-0.847255
-0.854083
-0.85882
-0.861455
-0.861983
-0.860401
-0.856713
-0.850929
-0.843063
-0.833133
-0.821165
-0.807187
-0.791234
-0.773344
-0.753562
-0.731936
-0.708519
-0.683368
-0.656544
-0.628114
-0.598147
-0.566716
-0.533898
-0.499774
-0.464426
-0.427943
-0.390411
-0.351925
-0.312577
-0.272464
-0.231685
-0.190338
-0.148526
-0.10635
-0.0639143
-0.0213219
0.0213227
0.0639151
0.106351
0.148527
0.190339
0.231686
0.272465
0.312578
0.351926
0.390412
0.427943
0.464427
0.499775
0.533899
0.566717
0.598148
0.628115
0.656545
0.683369
0.70852
0.731937
0.753563
0.773345
0.791234
0.807188
0.821166
0.833134
0.843063
0.85093
0.856714
0.860401
0.861983
0.861456
0.85882
0.854083
0.847256
0.838355
0.827403
0.814426
0.799456
0.782529
0.763688
0.742977
0.720449
0.696157
0.670162
0.642526
0.613319
0.58261
0.550476
0.516995
0.482248
0.446322
0.409303
0.371282
0.332353
0.292611
0.252152
0.211077
0.169484
0.127478
0.0851588
0.0426315
0
0
-0.0413388
-0.0825765
-0.123612
-0.164345
-0.204676
-0.244506
-0.283738
-0.322275
-0.360024
-0.396892
-0.432788
-0.467625
-0.501318
-0.533784
-0.564944
-0.594721
-0.623043
-0.649841
-0.675048
-0.698603
-0.720448
-0.740531
-0.758801
-0.775214
-0.78973
-0.802314
-0.812934
-0.821565
-0.828185
-0.832779
-0.835334
-0.835846
-0.834312
-0.830736
-0.825127
-0.817499
-0.807871
-0.796266
-0.782711
-0.767242
-0.749895
-0.730713
-0.709742
-0.687035
-0.662647
-0.636637
-0.609069
-0.58001
-0.549532
-0.517709
-0.48462
-0.450344
-0.414966
-0.378573
-0.341254
-0.303099
-0.264203
-0.22466
-0.184567
-0.144022
-0.103126
-0.0619763
-0.0206754
0.0206761
0.0619771
0.103126
0.144023
0.184568
0.22466
0.264203
0.3031
0.341254
0.378574
0.414967
0.450345
0.48462
0.51771
0.549533
0.580011
0.609069
0.636637
0.662647
0.687036
0.709743
0.730713
0.749896
0.767243
0.782712
0.796266
0.807872
0.8175
0.825128
0.830737
0.834312
0.835846
0.835335
0.832779
0.828186
0.821565
0.812934
0.802314
0.789731
0.775214
0.758801
0.740531
0.720449
0.698603
0.675048
0.649841
0.623044
0.594722
0.564944
0.533785
0.501318
0.467625
0.432788
0.396892
0.360024
0.322275
0.283738
0.244506
0.204676
0.164345
0.123612
0.0825766
0.0413389
0
0
-0.039945
-0.0797923
-0.119444
-0.158804
-0.197775
-0.236262
-0.274171
-0.311409
-0.347885
-0.383509
-0.418196
-0.451858
-0.484415
-0.515786
-0.545896
-0.574669
-0.602036
-0.62793
-0.652287
-0.675048
-0.696157
-0.715562
-0.733216
-0.749076
-0.763103
-0.775262
-0.785524
-0.793864
-0.800261
-0.8047
-0.807169
-0.807663
-0.806181
-0.802726
-0.797306
-0.789935
-0.780632
-0.769418
-0.75632
-0.741373
-0.72461
-0.706075
-0.685812
-0.66387
-0.640304
-0.615171
-0.588532
-0.560454
-0.531003
-0.500254
-0.46828
-0.43516
-0.400975
-0.365809
-0.329748
-0.292879
-0.255294
-0.217085
-0.178344
-0.139166
-0.0996484
-0.0598866
-0.0199783
0.019979
0.0598873
0.0996491
0.139167
0.178344
0.217085
0.255295
0.29288
0.329748
0.36581
0.400976
0.43516
0.46828
0.500254
0.531004
0.560454
0.588533
0.615172
0.640305
0.663871
0.685812
0.706076
0.724611
0.741373
0.756321
0.769418
0.780632
0.789936
0.797307
0.802726
0.806181
0.807664
0.80717
0.8047
0.800261
0.793864
0.785524
0.775262
0.763103
0.749076
0.733216
0.715562
0.696157
0.675048
0.652287
0.62793
0.602036
0.574669
0.545896
0.515787
0.484415
0.451858
0.418196
0.38351
0.347885
0.311409
0.274171
0.236262
0.197775
0.158804
0.119444
0.0797923
0.039945
0
0
-0.0384534
-0.0768127
-0.114984
-0.152874
-0.19039
-0.22744
-0.263933
-0.299781
-0.334894
-0.369189
-0.40258
-0.434985
-0.466326
-0.496526
-0.525511
-0.55321
-0.579555
-0.604482
-0.62793
-0.649841
-0.670161
-0.688842
-0.705837
-0.721105
-0.734608
-0.746313
-0.756192
-0.76422
-0.770378
-0.774651
-0.777028
-0.777504
-0.776077
-0.772751
-0.767534
-0.760438
-0.751482
-0.740687
-0.728079
-0.713689
-0.697553
-0.679709
-0.660203
-0.639081
-0.616394
-0.5922
-0.566556
-0.539526
-0.511175
-0.481574
-0.450794
-0.41891
-0.386002
-0.352149
-0.317434
-0.281943
-0.245761
-0.208978
-0.171684
-0.13397
-0.0959274
-0.0576504
-0.0192322
0.019233
0.0576511
0.0959281
0.13397
0.171685
0.208979
0.245762
0.281944
0.317435
0.35215
0.386003
0.418911
0.450794
0.481574
0.511176
0.539526
0.566557
0.5922
0.616395
0.639081
0.660203
0.67971
0.697553
0.71369
0.728079
0.740687
0.751483
0.760439
0.767534
0.772752
0.776078
0.777505
0.777029
0.774652
0.770379
0.764221
0.756192
0.746313
0.734608
0.721105
0.705837
0.688842
0.670162
0.649841
0.62793
0.604483
0.579556
0.553211
0.525512
0.496527
0.466327
0.434986
0.40258
0.369189
0.334895
0.299781
0.263933
0.22744
0.19039
0.152874
0.114984
0.0768128
0.0384534
0
0
-0.0368677
-0.0736452
-0.110243
-0.14657
-0.182539
-0.218061
-0.253049
-0.287419
-0.321085
-0.353965
-0.385979
-0.417048
-0.447097
-0.476051
-0.503841
-0.530398
-0.555656
-0.579555
-0.602036
-0.623043
-0.642526
-0.660436
-0.676731
-0.691369
-0.704315
-0.715537
-0.725009
-0.732706
-0.73861
-0.742707
-0.744986
-0.745443
-0.744074
-0.740885
-0.735883
-0.729081
-0.720493
-0.710143
-0.698055
-0.684259
-0.668788
-0.651681
-0.632978
-0.612727
-0.590976
-0.567779
-0.543193
-0.517277
-0.490096
-0.461715
-0.432204
-0.401636
-0.370085
-0.337628
-0.304344
-0.270317
-0.235627
-0.200361
-0.164605
-0.128445
-0.0919717
-0.0552731
-0.0184392
0.0184398
0.0552737
0.0919724
0.128446
0.164605
0.200362
0.235628
0.270317
0.304345
0.337628
0.370085
0.401637
0.432205
0.461716
0.490097
0.517278
0.543194
0.56778
0.590977
0.612728
0.632979
0.651681
0.668789
0.684259
0.698056
0.710144
0.720494
0.729081
0.735884
0.740886
0.744075
0.745443
0.744987
0.742708
0.738611
0.732707
0.725009
0.715538
0.704315
0.691369
0.676731
0.660437
0.642526
0.623044
0.602036
0.579556
0.555657
0.530398
0.503841
0.476052
0.447097
0.417048
0.385979
0.353965
0.321085
0.287419
0.25305
0.218061
0.182539
0.14657
0.110243
0.0736453
0.0368677
0
0
-0.0351918
-0.0702975
-0.105231
-0.139907
-0.174241
-0.208148
-0.241546
-0.274353
-0.306489
-0.337874
-0.368433
-0.39809
-0.426773
-0.454411
-0.480938
-0.506287
-0.530398
-0.55321
-0.574669
-0.594721
-0.613319
-0.630415
-0.645968
-0.659941
-0.672298
-0.683011
-0.692052
-0.699399
-0.705035
-0.708946
-0.711121
-0.711557
-0.710251
-0.707207
-0.702432
-0.695938
-0.687742
-0.677862
-0.666323
-0.653154
-0.638387
-0.622057
-0.604205
-0.584874
-0.564112
-0.54197
-0.518501
-0.493763
-0.467817
-0.440727
-0.412557
-0.383379
-0.353262
-0.32228
-0.29051
-0.258029
-0.224916
-0.191253
-0.157122
-0.122606
-0.0877909
-0.0527605
-0.017601
0.0176016
0.0527611
0.0877915
0.122607
0.157123
0.191254
0.224917
0.258029
0.29051
0.322281
0.353262
0.383379
0.412558
0.440727
0.467818
0.493764
0.518502
0.54197
0.564113
0.584875
0.604205
0.622057
0.638387
0.653155
0.666324
0.677862
0.687742
0.695939
0.702433
0.707207
0.710251
0.711557
0.711122
0.708946
0.705036
0.6994
0.692052
0.683011
0.672299
0.659941
0.645968
0.630415
0.613319
0.594722
0.574669
0.553211
0.530398
0.506287
0.480938
0.454412
0.426773
0.39809
0.368433
0.337875
0.306489
0.274353
0.241547
0.208149
0.174241
0.139907
0.105231
0.0702975
0.0351918
0
0
-0.0334298
-0.0667778
-0.0999623
-0.132902
-0.165517
-0.197727
-0.229452
-0.260617
-0.291143
-0.320957
-0.349986
-0.378158
-0.405405
-0.431659
-0.456857
-0.480938
-0.503841
-0.525511
-0.545896
-0.564944
-0.58261
-0.59885
-0.613625
-0.626898
-0.638637
-0.648813
-0.657401
-0.664381
-0.669734
-0.673449
-0.675516
-0.675929
-0.674689
-0.671797
-0.667262
-0.661093
-0.653307
-0.643922
-0.632961
-0.620451
-0.606423
-0.590911
-0.573953
-0.55559
-0.535867
-0.514834
-0.49254
-0.469041
-0.444394
-0.41866
-0.391901
-0.364183
-0.335574
-0.306144
-0.275964
-0.245109
-0.213655
-0.181677
-0.149255
-0.116468
-0.0833953
-0.0501188
-0.0167197
0.0167203
0.0501194
0.0833959
0.116468
0.149256
0.181678
0.213655
0.24511
0.275965
0.306144
0.335575
0.364184
0.391902
0.41866
0.444395
0.469041
0.49254
0.514834
0.535868
0.55559
0.573953
0.590911
0.606423
0.620452
0.632961
0.643922
0.653307
0.661094
0.667262
0.671798
0.674689
0.67593
0.675516
0.67345
0.669735
0.664381
0.657402
0.648813
0.638637
0.626898
0.613625
0.598851
0.58261
0.564944
0.545896
0.525512
0.503841
0.480938
0.456858
0.431659
0.405405
0.378158
0.349986
0.320957
0.291143
0.260617
0.229452
0.197727
0.165517
0.132902
0.0999624
0.0667778
0.0334298
0
0
-0.0315859
-0.0630946
-0.0944488
-0.125572
-0.156388
-0.186821
-0.216797
-0.246242
-0.275085
-0.303255
-0.330682
-0.3573
-0.383044
-0.407851
-0.431659
-0.454411
-0.476051
-0.496526
-0.515786
-0.533784
-0.550476
-0.56582
-0.57978
-0.592321
-0.603412
-0.613027
-0.621142
-0.627736
-0.632795
-0.636305
-0.638257
-0.638648
-0.637476
-0.634744
-0.630458
-0.62463
-0.617273
-0.608406
-0.59805
-0.58623
-0.572975
-0.558319
-0.542296
-0.524946
-0.506311
-0.486438
-0.465374
-0.443171
-0.419883
-0.395568
-0.370285
-0.344096
-0.317065
-0.289258
-0.260743
-0.23159
-0.20187
-0.171657
-0.141023
-0.110044
-0.0787956
-0.0473545
-0.0157975
0.0157981
0.047355
0.0787961
0.110044
0.141023
0.171657
0.201871
0.231591
0.260744
0.289259
0.317066
0.344097
0.370286
0.395569
0.419884
0.443171
0.465374
0.486438
0.506312
0.524946
0.542296
0.558319
0.572976
0.58623
0.59805
0.608406
0.617274
0.624631
0.630459
0.634744
0.637476
0.638649
0.638258
0.636305
0.632795
0.627737
0.621142
0.613028
0.603413
0.592321
0.57978
0.565821
0.550476
0.533785
0.515787
0.496527
0.476052
0.454412
0.431659
0.407851
0.383044
0.357301
0.330682
0.303255
0.275085
0.246242
0.216797
0.186821
0.156388
0.125572
0.0944489
0.0630946
0.031586
0
0
-0.0296648
-0.059257
-0.0887042
-0.117934
-0.146876
-0.175458
-0.203611
-0.231265
-0.258354
-0.28481
-0.310569
-0.335568
-0.359747
-0.383044
-0.405405
-0.426773
-0.447097
-0.466326
-0.484415
-0.501318
-0.516994
-0.531406
-0.544516
-0.556295
-0.566711
-0.575741
-0.583362
-0.589556
-0.594307
-0.597603
-0.599437
-0.599804
-0.598703
-0.596137
-0.592112
-0.586639
-0.579729
-0.571401
-0.561675
-0.550574
-0.538126
-0.52436
-0.509312
-0.493017
-0.475516
-0.456851
-0.437068
-0.416216
-0.394345
-0.371509
-0.347764
-0.323168
-0.29778
-0.271665
-0.244884
-0.217504
-0.189592
-0.161216
-0.132445
-0.103351
-0.074003
-0.0444743
-0.0148367
0.0148372
0.0444748
0.0740035
0.103351
0.132446
0.161217
0.189593
0.217505
0.244885
0.271665
0.297781
0.323168
0.347764
0.371509
0.394345
0.416216
0.437069
0.456852
0.475517
0.493018
0.509313
0.524361
0.538126
0.550574
0.561675
0.571402
0.57973
0.586639
0.592113
0.596138
0.598703
0.599804
0.599437
0.597603
0.594307
0.589556
0.583363
0.575742
0.566712
0.556295
0.544517
0.531406
0.516995
0.501318
0.484415
0.466327
0.447097
0.426773
0.405405
0.383044
0.359747
0.335569
0.310569
0.28481
0.258354
0.231265
0.203611
0.175458
0.146876
0.117934
0.0887043
0.059257
0.0296648
0
0
-0.0276711
-0.0552744
-0.0827425
-0.110008
-0.137005
-0.163666
-0.189926
-0.215722
-0.24099
-0.265668
-0.289696
-0.313015
-0.335568
-0.3573
-0.378158
-0.39809
-0.417048
-0.434985
-0.451858
-0.467625
-0.482248
-0.495691
-0.50792
-0.518907
-0.528623
-0.537047
-0.544155
-0.549933
-0.554364
-0.557439
-0.55915
-0.559492
-0.558465
-0.556072
-0.552317
-0.547211
-0.540766
-0.532998
-0.523925
-0.51357
-0.501959
-0.489119
-0.475082
-0.459882
-0.443557
-0.426147
-0.407694
-0.388243
-0.367842
-0.34654
-0.324391
-0.301448
-0.277767
-0.253406
-0.228426
-0.202886
-0.17685
-0.150381
-0.123544
-0.0964046
-0.0690294
-0.0414852
-0.0138395
0.01384
0.0414857
0.0690299
0.0964051
0.123544
0.150381
0.17685
0.202887
0.228426
0.253407
0.277767
0.301448
0.324391
0.346541
0.367842
0.388243
0.407694
0.426147
0.443558
0.459883
0.475082
0.489119
0.501959
0.513571
0.523926
0.532998
0.540767
0.547212
0.552318
0.556072
0.558465
0.559492
0.55915
0.557439
0.554364
0.549933
0.544156
0.537047
0.528624
0.518907
0.50792
0.495691
0.482248
0.467625
0.451858
0.434986
0.417048
0.39809
0.378158
0.357301
0.335569
0.313015
0.289696
0.265668
0.24099
0.215722
0.189926
0.163666
0.137005
0.110008
0.0827426
0.0552745
0.0276711
0
0
-0.0256096
-0.0511566
-0.0765784
-0.101813
-0.126798
-0.151473
-0.175777
-0.199651
-0.223037
-0.245876
-0.268114
-0.289696
-0.310569
-0.330682
-0.349986
-0.368433
-0.385979
-0.40258
-0.418196
-0.432788
-0.446321
-0.458762
-0.470081
-0.480249
-0.489242
-0.497037
-0.503617
-0.508964
-0.513065
-0.515911
-0.517494
-0.517811
-0.51686
-0.514645
-0.511171
-0.506445
-0.50048
-0.493291
-0.484894
-0.47531
-0.464564
-0.45268
-0.439689
-0.425622
-0.410513
-0.3944
-0.377321
-0.359319
-0.340438
-0.320724
-0.300224
-0.278991
-0.257074
-0.234528
-0.211408
-0.187771
-0.163675
-0.139178
-0.11434
-0.0892226
-0.0638868
-0.0383946
-0.0128085
0.012809
0.0383951
0.0638872
0.0892231
0.114341
0.139178
0.163675
0.187772
0.211409
0.234529
0.257074
0.278991
0.300225
0.320724
0.340438
0.35932
0.377322
0.3944
0.410513
0.425622
0.439689
0.452681
0.464564
0.475311
0.484894
0.493291
0.500481
0.506445
0.511171
0.514646
0.516861
0.517811
0.517494
0.515911
0.513065
0.508964
0.503617
0.497038
0.489242
0.480249
0.470081
0.458763
0.446322
0.432788
0.418196
0.40258
0.385979
0.368433
0.349986
0.330682
0.310569
0.289696
0.268114
0.245876
0.223037
0.199651
0.175777
0.151473
0.126798
0.101813
0.0765784
0.0511566
0.0256096
0
0
-0.0234855
-0.0469135
-0.0702268
-0.0933681
-0.116281
-0.138909
-0.161198
-0.183092
-0.204538
-0.225483
-0.245876
-0.265668
-0.28481
-0.303255
-0.320957
-0.337874
-0.353965
-0.369189
-0.383509
-0.396892
-0.409302
-0.420712
-0.431091
-0.440416
-0.448663
-0.455812
-0.461846
-0.466749
-0.47051
-0.47312
-0.474572
-0.474862
-0.473991
-0.471959
-0.468773
-0.464439
-0.458969
-0.452376
-0.444676
-0.435887
-0.426032
-0.415134
-0.40322
-0.39032
-0.376464
-0.361687
-0.346025
-0.329516
-0.312201
-0.294122
-0.275323
-0.25585
-0.235752
-0.215076
-0.193874
-0.172197
-0.150099
-0.127634
-0.104856
-0.0818223
-0.0585879
-0.0352101
-0.0117461
0.0117466
0.0352105
0.0585883
0.0818227
0.104857
0.127634
0.1501
0.172198
0.193874
0.215076
0.235752
0.255851
0.275324
0.294122
0.312202
0.329517
0.346026
0.361688
0.376465
0.39032
0.403221
0.415134
0.426032
0.435887
0.444676
0.452376
0.45897
0.46444
0.468773
0.47196
0.473991
0.474863
0.474572
0.47312
0.47051
0.466749
0.461846
0.455812
0.448663
0.440416
0.431092
0.420712
0.409303
0.396892
0.38351
0.369189
0.353965
0.337875
0.320957
0.303255
0.28481
0.265668
0.245876
0.225483
0.204538
0.183092
0.161198
0.138909
0.116281
0.0933682
0.0702268
0.0469136
0.0234855
0
0
-0.0213039
-0.0425557
-0.0637033
-0.0846951
-0.10548
-0.126006
-0.146224
-0.166084
-0.185538
-0.204538
-0.223037
-0.24099
-0.258354
-0.275085
-0.291143
-0.306489
-0.321085
-0.334894
-0.347885
-0.360024
-0.371282
-0.381631
-0.391047
-0.399505
-0.406986
-0.413471
-0.418944
-0.423392
-0.426804
-0.429171
-0.430488
-0.430752
-0.429961
-0.428119
-0.425228
-0.421297
-0.416335
-0.410354
-0.403369
-0.395397
-0.386457
-0.376572
-0.365765
-0.354063
-0.341494
-0.32809
-0.313883
-0.298907
-0.283201
-0.266801
-0.249748
-0.232084
-0.213852
-0.195097
-0.175865
-0.156202
-0.136156
-0.115778
-0.0951163
-0.0742218
-0.0531456
-0.0319394
-0.010655
0.0106554
0.0319398
0.053146
0.0742221
0.0951166
0.115778
0.136157
0.156202
0.175865
0.195098
0.213853
0.232085
0.249748
0.266801
0.283201
0.298908
0.313883
0.32809
0.341494
0.354063
0.365765
0.376572
0.386458
0.395397
0.40337
0.410355
0.416335
0.421297
0.425228
0.428119
0.429962
0.430752
0.430489
0.429172
0.426804
0.423392
0.418945
0.413472
0.406987
0.399506
0.391047
0.381632
0.371282
0.360024
0.347885
0.334895
0.321085
0.306489
0.291143
0.275085
0.258354
0.24099
0.223037
0.204538
0.185538
0.166084
0.146224
0.126006
0.10548
0.0846951
0.0637034
0.0425557
0.0213039
0
0
-0.0190702
-0.0380937
-0.057024
-0.0758148
-0.09442
-0.112794
-0.130892
-0.14867
-0.166084
-0.183092
-0.199651
-0.215722
-0.231265
-0.246242
-0.260617
-0.274353
-0.287419
-0.299781
-0.311409
-0.322275
-0.332353
-0.341617
-0.350045
-0.357617
-0.364314
-0.370119
-0.375018
-0.378999
-0.382053
-0.384172
-0.385351
-0.385587
-0.38488
-0.38323
-0.380643
-0.377124
-0.372682
-0.367328
-0.361076
-0.35394
-0.345937
-0.337088
-0.327414
-0.316939
-0.305688
-0.293689
-0.280972
-0.267567
-0.253507
-0.238827
-0.223562
-0.20775
-0.19143
-0.174641
-0.157425
-0.139824
-0.12188
-0.103639
-0.0851433
-0.0664396
-0.0475733
-0.0285905
-0.00953785
0.00953818
0.0285909
0.0475736
0.0664399
0.0851436
0.103639
0.121881
0.139824
0.157425
0.174642
0.19143
0.20775
0.223562
0.238827
0.253507
0.267567
0.280972
0.29369
0.305689
0.316939
0.327414
0.337088
0.345937
0.35394
0.361076
0.367329
0.372682
0.377124
0.380643
0.38323
0.38488
0.385588
0.385352
0.384173
0.382054
0.379
0.375018
0.370119
0.364314
0.357617
0.350046
0.341617
0.332353
0.322275
0.311409
0.299781
0.287419
0.274353
0.260617
0.246242
0.231265
0.215722
0.199651
0.183092
0.166084
0.14867
0.130892
0.112794
0.09442
0.0758148
0.057024
0.0380937
0.0190702
0
0
-0.0167898
-0.0335385
-0.0502051
-0.0667489
-0.0831293
-0.0993063
-0.11524
-0.130892
-0.146224
-0.161198
-0.175777
-0.189926
-0.203611
-0.216797
-0.229452
-0.241546
-0.253049
-0.263933
-0.274171
-0.283738
-0.29261
-0.300767
-0.308187
-0.314854
-0.320749
-0.32586
-0.330174
-0.333679
-0.336368
-0.338234
-0.339272
-0.339479
-0.338856
-0.337404
-0.335126
-0.332028
-0.328117
-0.323404
-0.317899
-0.311616
-0.30457
-0.296779
-0.288262
-0.27904
-0.269134
-0.25857
-0.247374
-0.235571
-0.223193
-0.210268
-0.196829
-0.182908
-0.168539
-0.153758
-0.1386
-0.123104
-0.107306
-0.0912456
-0.0749619
-0.0584948
-0.0418845
-0.0251717
-0.00839733
0.00839761
0.025172
0.0418848
0.0584951
0.0749622
0.0912459
0.107306
0.123104
0.138601
0.153758
0.168539
0.182908
0.196829
0.210268
0.223193
0.235572
0.247374
0.258571
0.269135
0.27904
0.288263
0.29678
0.304571
0.311616
0.317899
0.323404
0.328117
0.332028
0.335126
0.337404
0.338856
0.339479
0.339272
0.338234
0.336368
0.333679
0.330174
0.32586
0.32075
0.314854
0.308188
0.300767
0.292611
0.283738
0.274171
0.263933
0.25305
0.241547
0.229452
0.216797
0.203611
0.189926
0.175777
0.161198
0.146224
0.130892
0.11524
0.0993064
0.0831294
0.0667489
0.0502052
0.0335385
0.0167898
0
0
-0.0144683
-0.0289012
-0.0432634
-0.0575197
-0.0716353
-0.0855755
-0.0993063
-0.112794
-0.126006
-0.138909
-0.151473
-0.163666
-0.175458
-0.186821
-0.197727
-0.208148
-0.218061
-0.22744
-0.236262
-0.244506
-0.252152
-0.259181
-0.265575
-0.27132
-0.2764
-0.280804
-0.284521
-0.287542
-0.289859
-0.291467
-0.292361
-0.29254
-0.292003
-0.290752
-0.288789
-0.286119
-0.282749
-0.278688
-0.273944
-0.268529
-0.262458
-0.255745
-0.248405
-0.240458
-0.231922
-0.222819
-0.21317
-0.203
-0.192333
-0.181195
-0.169614
-0.157617
-0.145235
-0.132498
-0.119436
-0.106083
-0.0924691
-0.0786293
-0.0645971
-0.0504069
-0.0360932
-0.0216913
-0.00723625
0.00723649
0.0216915
0.0360935
0.0504071
0.0645974
0.0786296
0.0924694
0.106083
0.119437
0.132498
0.145236
0.157618
0.169614
0.181195
0.192333
0.203
0.21317
0.222819
0.231922
0.240458
0.248405
0.255745
0.262458
0.26853
0.273944
0.278688
0.28275
0.286119
0.288789
0.290752
0.292004
0.292541
0.292361
0.291467
0.289859
0.287542
0.284522
0.280805
0.2764
0.27132
0.265575
0.259181
0.252152
0.244506
0.236262
0.22744
0.218061
0.208149
0.197727
0.186821
0.175458
0.163666
0.151473
0.138909
0.126006
0.112794
0.0993064
0.0855755
0.0716353
0.0575197
0.0432634
0.0289012
0.0144683
0
0
-0.0121114
-0.0241932
-0.0362158
-0.0481498
-0.0599659
-0.0716353
-0.0831293
-0.09442
-0.10548
-0.116281
-0.126798
-0.137005
-0.146876
-0.156388
-0.165517
-0.174241
-0.182539
-0.19039
-0.197775
-0.204676
-0.211076
-0.21696
-0.222313
-0.227122
-0.231375
-0.235061
-0.238173
-0.240702
-0.242641
-0.243987
-0.244736
-0.244886
-0.244436
-0.243388
-0.241745
-0.23951
-0.23669
-0.233289
-0.229318
-0.224786
-0.219704
-0.214084
-0.20794
-0.201287
-0.194142
-0.186521
-0.178445
-0.169931
-0.161002
-0.151678
-0.141984
-0.131942
-0.121577
-0.110914
-0.0999803
-0.0888018
-0.0774059
-0.0658206
-0.0540743
-0.0421956
-0.0302137
-0.0181578
-0.00605747
0.00605767
0.018158
0.0302139
0.0421958
0.0540745
0.0658208
0.0774061
0.088802
0.0999805
0.110914
0.121577
0.131942
0.141984
0.151678
0.161002
0.169931
0.178445
0.186522
0.194142
0.201287
0.20794
0.214084
0.219704
0.224786
0.229318
0.23329
0.23669
0.239511
0.241745
0.243389
0.244436
0.244886
0.244736
0.243987
0.242641
0.240702
0.238173
0.235061
0.231375
0.227122
0.222313
0.21696
0.211077
0.204676
0.197775
0.19039
0.182539
0.174241
0.165517
0.156388
0.146876
0.137005
0.126798
0.116281
0.10548
0.09442
0.0831294
0.0716353
0.0599659
0.0481498
0.0362158
0.0241932
0.0121114
0
0
-0.0097249
-0.019426
-0.0290796
-0.038662
-0.0481498
-0.0575197
-0.0667489
-0.0758148
-0.0846951
-0.0933681
-0.101813
-0.110008
-0.117934
-0.125572
-0.132902
-0.139907
-0.14657
-0.152874
-0.158804
-0.164345
-0.169484
-0.174209
-0.178507
-0.182368
-0.185783
-0.188743
-0.191241
-0.193272
-0.194829
-0.19591
-0.196511
-0.196631
-0.196271
-0.195429
-0.19411
-0.192316
-0.19005
-0.18732
-0.184132
-0.180493
-0.176412
-0.171899
-0.166966
-0.161624
-0.155887
-0.149768
-0.143282
-0.136446
-0.129277
-0.12179
-0.114006
-0.105943
-0.0976202
-0.0890588
-0.0802794
-0.0713036
-0.0621533
-0.0528508
-0.0434191
-0.0338811
-0.0242601
-0.0145798
-0.00486386
0.00486402
0.01458
0.0242603
0.0338812
0.0434192
0.052851
0.0621534
0.0713038
0.0802796
0.089059
0.0976204
0.105943
0.114006
0.121791
0.129277
0.136447
0.143283
0.149768
0.155887
0.161624
0.166966
0.171899
0.176412
0.180493
0.184132
0.18732
0.190051
0.192316
0.19411
0.19543
0.196271
0.196632
0.196511
0.19591
0.194829
0.193272
0.191242
0.188743
0.185783
0.182368
0.178507
0.174209
0.169484
0.164345
0.158804
0.152874
0.14657
0.139907
0.132902
0.125572
0.117934
0.110008
0.101813
0.0933682
0.0846951
0.0758148
0.0667489
0.0575197
0.0481498
0.038662
0.0290796
0.019426
0.00972491
0
0
-0.00731458
-0.0146113
-0.0218722
-0.0290796
-0.0362158
-0.0432634
-0.0502051
-0.057024
-0.0637033
-0.0702268
-0.0765784
-0.0827425
-0.0887042
-0.0944488
-0.0999623
-0.105231
-0.110243
-0.114984
-0.119444
-0.123612
-0.127478
-0.131031
-0.134264
-0.137168
-0.139736
-0.141963
-0.143842
-0.145369
-0.146541
-0.147353
-0.147806
-0.147896
-0.147625
-0.146992
-0.146
-0.14465
-0.142946
-0.140893
-0.138495
-0.135757
-0.132688
-0.129294
-0.125583
-0.121565
-0.11725
-0.112648
-0.10777
-0.102628
-0.0972353
-0.0916045
-0.0857496
-0.0796848
-0.073425
-0.0669855
-0.0603821
-0.0536309
-0.0467485
-0.0397517
-0.0326576
-0.0254836
-0.0182472
-0.0109662
-0.00365835
0.00365847
0.0109663
0.0182474
0.0254837
0.0326577
0.0397518
0.0467486
0.0536311
0.0603822
0.0669856
0.0734251
0.0796849
0.0857497
0.0916046
0.0972354
0.102628
0.10777
0.112648
0.11725
0.121565
0.125583
0.129294
0.132688
0.135757
0.138495
0.140893
0.142946
0.14465
0.146
0.146992
0.147625
0.147896
0.147806
0.147354
0.146541
0.145369
0.143842
0.141963
0.139736
0.137168
0.134264
0.131031
0.127478
0.123612
0.119444
0.114984
0.110243
0.105231
0.0999624
0.0944489
0.0887043
0.0827426
0.0765784
0.0702268
0.0637034
0.057024
0.0502052
0.0432634
0.0362158
0.0290796
0.0218722
0.0146113
0.00731458
0
0
-0.00488635
-0.00976075
-0.0146113
-0.019426
-0.0241932
-0.0289012
-0.0335385
-0.0380937
-0.0425557
-0.0469135
-0.0511566
-0.0552744
-0.059257
-0.0630946
-0.0667778
-0.0702975
-0.0736452
-0.0768127
-0.0797923
-0.0825765
-0.0851587
-0.0875325
-0.0896921
-0.0916322
-0.093348
-0.0948354
-0.0960908
-0.0971109
-0.0978935
-0.0984364
-0.0987385
-0.098799
-0.0986177
-0.098195
-0.097532
-0.0966304
-0.0954923
-0.0941205
-0.0925184
-0.0906899
-0.0886394
-0.086372
-0.0838933
-0.0812092
-0.0783264
-0.075252
-0.0719934
-0.0685586
-0.064956
-0.0611945
-0.0572832
-0.0532318
-0.04905
-0.0447483
-0.040337
-0.035827
-0.0312294
-0.0265553
-0.0218162
-0.0170238
-0.0121897
-0.00732575
-0.00244388
0.00244396
0.00732583
0.0121898
0.0170239
0.0218163
0.0265554
0.0312295
0.0358271
0.0403371
0.0447484
0.0490501
0.0532318
0.0572833
0.0611946
0.0649561
0.0685587
0.0719935
0.0752521
0.0783265
0.0812093
0.0838933
0.0863721
0.0886395
0.0906899
0.0925185
0.0941206
0.0954924
0.0966305
0.0975321
0.0981951
0.0986177
0.098799
0.0987386
0.0984365
0.0978935
0.097111
0.0960908
0.0948355
0.0933481
0.0916322
0.0896921
0.0875325
0.0851588
0.0825766
0.0797923
0.0768128
0.0736453
0.0702975
0.0667778
0.0630946
0.059257
0.0552745
0.0511566
0.0469136
0.0425557
0.0380937
0.0335385
0.0289012
0.0241932
0.019426
0.0146113
0.00976075
0.00488635
0
0
-0.00244617
-0.00488635
-0.00731458
-0.0097249
-0.0121114
-0.0144683
-0.0167898
-0.0190702
-0.0213039
-0.0234855
-0.0256096
-0.0276711
-0.0296648
-0.0315859
-0.0334298
-0.0351918
-0.0368677
-0.0384534
-0.039945
-0.0413388
-0.0426315
-0.0438199
-0.044901
-0.0458722
-0.0467312
-0.0474758
-0.0481042
-0.048615
-0.0490067
-0.0492785
-0.0494297
-0.04946
-0.0493692
-0.0491576
-0.0488258
-0.0483744
-0.0478046
-0.0471179
-0.0463159
-0.0454005
-0.044374
-0.0432389
-0.041998
-0.0406544
-0.0392112
-0.0376721
-0.0360408
-0.0343213
-0.0325178
-0.0306347
-0.0286767
-0.0266485
-0.0245551
-0.0224016
-0.0201932
-0.0179355
-0.0156338
-0.0132939
-0.0109215
-0.00852233
-0.00610231
-0.00366736
-0.00122344
0.00122348
0.0036674
0.00610235
0.00852237
0.0109215
0.013294
0.0156339
0.0179355
0.0201933
0.0224016
0.0245551
0.0266485
0.0286767
0.0306348
0.0325178
0.0343213
0.0360408
0.0376721
0.0392112
0.0406544
0.0419981
0.0432389
0.044374
0.0454005
0.0463159
0.0471179
0.0478047
0.0483744
0.0488258
0.0491577
0.0493693
0.04946
0.0494298
0.0492785
0.0490067
0.048615
0.0481043
0.0474758
0.0467312
0.0458722
0.044901
0.0438199
0.0426315
0.0413389
0.039945
0.0384534
0.0368677
0.0351918
0.0334298
0.031586
0.0296648
0.0276711
0.0256096
0.0234855
0.0213039
0.0190702
0.0167898
0.0144683
0.0121114
0.00972491
0.00731458
0.00488635
0.00244617
0
0
0
0
0
0
0
0
0
0
0
0
0
0
0
0
0
0
0
0
0
0
0
0
0
0
0
0
0
0
0
0
0
0
0
0
0
0
0
0
0
0
0
0
0
0
0
0
0
0
0
0
0
0
0
0
0
0
0
0
0
0
0
0
0
0
0
0
0
0
0
0
0
0
0
0
0
0
0
0
0
0
0
0
0
0
0
0
0
0
0
0
0
0
0
0
0
0
0
0
0
0
0
0
0
0
0
0
0
0
0
0
0
0
0
0
0
0
0
0
0
0
0
0
0
0
0
0
0
