# vtk DataFile Version 3.0
Laplace Solution
ASCII
DATASET STRUCTURED_POINTS
DIMENSIONS 256 256 1
ORIGIN 0 0 0
SPACING 0.00392157 0.00392157 1
POINT_DATA 65536
SCALARS solution double
LOOKUP_TABLE default
0
0
0
0
0
0
0
0
0
0
0
0
0
0
0
0
0
0
0
0
0
0
0
0
0
0
0
0
0
0
0
0
0
0
0
0
0
0
0
0
0
0
0
0
0
0
0
0
0
0
0
0
0
0
0
0
0
0
0
0
0
0
0
0
0
0
0
0
0
0
0
0
0
0
0
0
0
0
0
0
0
0
0
0
0
0
0
0
0
0
0
0
0
0
0
0
0
0
0
0
0
0
0
0
0
0
0
0
0
0
0
0
0
0
0
0
0
0
0
0
0
0
0
0
0
0
0
0
0
0
0
0
0
0
0
0
0
0
0
0
0
0
0
0
0
0
0
0
0
0
0
0
0
0
0
0
0
0
0
0
0
0
0
0
0
0
0
0
0
0
0
0
0
0
0
0
0
0
0
0
0
0
0
0
0
0
0
0
0
0
0
0
0
0
0
0
0
0
0
0
0
0
0
0
0
0
0
0
0
0
0
0
0
0
0
0
0
0
0
0
0
0
0
0
0
0
0
0
0
0
0
0
0
0
0
0
0
0
0
0
0
0
0
0
0
0
0
0
0
0
0
0
0
0
0
0
0
0.000607035
0.0012137
0.00181963
0.00242446
0.00302781
0.00362932
0.00422864
0.00482538
0.00541919
0.00600972
0.0065966
0.00717947
0.00775798
0.00833178
0.00890053
0.00946387
0.0100215
0.010573
0.0111181
0.0116564
0.0121877
0.0127116
0.0132277
0.0137358
0.0142356
0.0147267
0.0152089
0.0156819
0.0161453
0.016599
0.0170426
0.0174758
0.0178984
0.0183101
0.0187108
0.0191
0.0194777
0.0198435
0.0201973
0.0205389
0.020868
0.0211844
0.0214879
0.0217784
0.0220557
0.0223196
0.0225699
0.0228065
0.0230293
0.0232381
0.0234328
0.0236133
0.0237794
0.0239311
0.0240683
0.0241908
0.0242987
0.0243918
0.0244702
0.0245336
0.0245822
0.0246158
0.0246345
0.0246382
0.024627
0.0246009
0.0245598
0.0245037
0.0244329
0.0243471
0.0242466
0.0241314
0.0240015
0.0238571
0.0236982
0.0235248
0.0233372
0.0231355
0.0229197
0.0226899
0.0224464
0.0221893
0.0219187
0.0216348
0.0213378
0.0210278
0.020705
0.0203697
0.020022
0.0196621
0.0192903
0.0189068
0.0185119
0.0181056
0.0176884
0.0172605
0.0168221
0.0163734
0.0159149
0.0154466
0.014969
0.0144823
0.0139868
0.0134828
0.0129706
0.0124506
0.011923
0.0113881
0.0108464
0.010298
0.00974343
0.00918292
0.00861683
0.00804552
0.00746931
0.00688858
0.00630366
0.00571492
0.0051227
0.00452738
0.0039293
0.00332885
0.00272637
0.00212223
0.00151681
0.000910465
0.000303569
-0.000303512
-0.000910408
-0.00151675
-0.00212217
-0.00272631
-0.00332879
-0.00392925
-0.00452732
-0.00512264
-0.00571486
-0.0063036
-0.00688852
-0.00746926
-0.00804546
-0.00861678
-0.00918286
-0.00974337
-0.010298
-0.0108463
-0.0113881
-0.0119229
-0.0124505
-0.0129706
-0.0134827
-0.0139867
-0.0144822
-0.0149689
-0.0154466
-0.0159148
-0.0163734
-0.016822
-0.0172604
-0.0176884
-0.0181056
-0.0185118
-0.0189068
-0.0192903
-0.0196621
-0.0200219
-0.0203696
-0.020705
-0.0210277
-0.0213377
-0.0216348
-0.0219187
-0.0221893
-0.0224464
-0.0226899
-0.0229196
-0.0231354
-0.0233372
-0.0235248
-0.0236981
-0.023857
-0.0240015
-0.0241314
-0.0242466
-0.0243471
-0.0244328
-0.0245037
-0.0245597
-0.0246008
-0.024627
-0.0246382
-0.0246345
-0.0246158
-0.0245821
-0.0245336
-0.0244701
-0.0243918
-0.0242987
-0.0241908
-0.0240683
-0.0239311
-0.0237794
-0.0236132
-0.0234328
-0.0232381
-0.0230293
-0.0228065
-0.0225699
-0.0223195
-0.0220556
-0.0217784
-0.0214879
-0.0211843
-0.0208679
-0.0205389
-0.0201973
-0.0198435
-0.0194777
-0.0191
-0.0187107
-0.0183101
-0.0178984
-0.0174758
-0.0170425
-0.016599
-0.0161453
-0.0156819
-0.0152089
-0.0147267
-0.0142356
-0.0137358
-0.0132277
-0.0127115
-0.0121877
-0.0116564
-0.0111181
-0.010573
-0.0100215
-0.00946386
-0.00890052
-0.00833177
-0.00775797
-0.00717946
-0.00659659
-0.00600971
-0.00541919
-0.00482537
-0.00422863
-0.00362932
-0.00302781
-0.00242445
-0.00181963
-0.0012137
-0.000607034
0
0
0.0012137
0.00242667
0.00363816
0.00484744
0.00605378
0.00725644
0.0084547
0.00964783
0.0108351
0.0120158
0.0131892
0.0143546
0.0155113
0.0166585
0.0177957
0.018922
0.0200368
0.0211395
0.0222294
0.0233058
0.024368
0.0254154
0.0264474
0.0274633
0.0284626
0.0294445
0.0304086
0.0313543
0.0322809
0.0331879
0.0340748
0.0349409
0.0357859
0.0366091
0.0374102
0.0381885
0.0389436
0.039675
0.0403824
0.0410653
0.0417233
0.0423559
0.0429628
0.0435436
0.044098
0.0446256
0.0451261
0.0455992
0.0460446
0.0464621
0.0468514
0.0472122
0.0475444
0.0478477
0.048122
0.048367
0.0485827
0.0487689
0.0489255
0.0490523
0.0491494
0.0492167
0.0492541
0.0492615
0.0492391
0.0491868
0.0491046
0.0489926
0.0488509
0.0486795
0.0484785
0.0482482
0.0479885
0.0476997
0.0473819
0.0470354
0.0466603
0.0462569
0.0458254
0.0453661
0.0448792
0.0443651
0.0438241
0.0432565
0.0426626
0.0420428
0.0413974
0.040727
0.0400318
0.0393123
0.038569
0.0378022
0.0370125
0.0362003
0.0353661
0.0345105
0.0336339
0.0327369
0.03182
0.0308838
0.0299289
0.0289558
0.0279651
0.0269574
0.0259334
0.0248936
0.0238387
0.0227693
0.0216862
0.0205898
0.0194809
0.0183603
0.0172284
0.0160861
0.0149341
0.013773
0.0126035
0.0114264
0.0102423
0.00905201
0.00785622
0.00665567
0.00545108
0.00424318
0.0030327
0.00182038
0.000606954
-0.000606839
-0.00182026
-0.00303258
-0.00424306
-0.00545096
-0.00665556
-0.00785611
-0.00905189
-0.0102422
-0.0114262
-0.0126034
-0.0137729
-0.014934
-0.016086
-0.0172283
-0.0183602
-0.0194808
-0.0205897
-0.021686
-0.0227692
-0.0238386
-0.0248935
-0.0259333
-0.0269573
-0.027965
-0.0289557
-0.0299288
-0.0308837
-0.0318199
-0.0327368
-0.0336338
-0.0345104
-0.035366
-0.0362002
-0.0370124
-0.0378021
-0.0385689
-0.0393122
-0.0400317
-0.0407269
-0.0413973
-0.0420427
-0.0426625
-0.0432564
-0.043824
-0.044365
-0.0448791
-0.045366
-0.0458253
-0.0462568
-0.0466602
-0.0470353
-0.0473818
-0.0476996
-0.0479884
-0.0482481
-0.0484784
-0.0486794
-0.0488508
-0.0489925
-0.0491045
-0.0491867
-0.049239
-0.0492615
-0.049254
-0.0492166
-0.0491493
-0.0490522
-0.0489254
-0.0487688
-0.0485826
-0.0483669
-0.0481219
-0.0478476
-0.0475443
-0.0472122
-0.0468513
-0.046462
-0.0460446
-0.0455991
-0.045126
-0.0446255
-0.0440979
-0.0435435
-0.0429627
-0.0423558
-0.0417232
-0.0410653
-0.0403824
-0.039675
-0.0389435
-0.0381884
-0.0374101
-0.0366091
-0.0357859
-0.0349409
-0.0340747
-0.0331879
-0.0322809
-0.0313543
-0.0304086
-0.0294445
-0.0284625
-0.0274633
-0.0264473
-0.0254154
-0.0243679
-0.0233057
-0.0222294
-0.0211395
-0.0200368
-0.018922
-0.0177956
-0.0166585
-0.0155112
-0.0143546
-0.0131892
-0.0120158
-0.0108351
-0.00964782
-0.00845469
-0.00725644
-0.00605377
-0.00484743
-0.00363815
-0.00242666
-0.0012137
0
0
0.00181963
0.00363816
0.00545447
0.00726748
0.00907608
0.0108792
0.0126756
0.0144644
0.0162444
0.0180146
0.0197738
0.021521
0.0232551
0.0249751
0.02668
0.0283686
0.0300401
0.0316933
0.0333272
0.0349409
0.0365335
0.0381038
0.039651
0.0411741
0.0426722
0.0441445
0.0455899
0.0470076
0.0483968
0.0497567
0.0510863
0.0523849
0.0536517
0.0548859
0.0560868
0.0572537
0.0583858
0.0594825
0.060543
0.0615668
0.0625532
0.0635016
0.0644115
0.0652823
0.0661135
0.0669045
0.0676549
0.0683642
0.069032
0.0696579
0.0702415
0.0707825
0.0712805
0.0717352
0.0721464
0.0725138
0.0728372
0.0731163
0.073351
0.0735413
0.0736868
0.0737877
0.0738437
0.0738549
0.0738213
0.0737429
0.0736196
0.0734517
0.0732392
0.0729823
0.072681
0.0723356
0.0719463
0.0715133
0.0710369
0.0705174
0.0699551
0.0693502
0.0687033
0.0680147
0.0672848
0.066514
0.0657029
0.0648519
0.0639615
0.0630322
0.0620647
0.0610596
0.0600173
0.0589386
0.0578242
0.0566746
0.0554906
0.054273
0.0530224
0.0517396
0.0504254
0.0490805
0.0477059
0.0463023
0.0448706
0.0434117
0.0419264
0.0404157
0.0388804
0.0373215
0.03574
0.0341367
0.0325128
0.0308691
0.0292066
0.0275265
0.0258296
0.024117
0.0223898
0.020649
0.0188957
0.0171309
0.0153557
0.0135711
0.0117784
0.00997845
0.00817248
0.00636154
0.00454674
0.00272919
0.00090997
-0.000909798
-0.00272901
-0.00454657
-0.00636137
-0.00817231
-0.00997828
-0.0117782
-0.013571
-0.0153555
-0.0171307
-0.0188955
-0.0206488
-0.0223896
-0.0241168
-0.0258294
-0.0275263
-0.0292065
-0.0308689
-0.0325126
-0.0341366
-0.0357398
-0.0373213
-0.0388802
-0.0404155
-0.0419263
-0.0434115
-0.0448705
-0.0463022
-0.0477058
-0.0490804
-0.0504252
-0.0517394
-0.0530222
-0.0542728
-0.0554905
-0.0566745
-0.057824
-0.0589385
-0.0600172
-0.0610594
-0.0620646
-0.0630321
-0.0639613
-0.0648517
-0.0657028
-0.0665139
-0.0672847
-0.0680146
-0.0687032
-0.0693501
-0.0699549
-0.0705173
-0.0710368
-0.0715132
-0.0719462
-0.0723355
-0.0726809
-0.0729821
-0.0732391
-0.0734516
-0.0736195
-0.0737427
-0.0738212
-0.0738548
-0.0738436
-0.0737876
-0.0736867
-0.0735411
-0.0733509
-0.0731162
-0.072837
-0.0725137
-0.0721463
-0.0717351
-0.0712804
-0.0707824
-0.0702414
-0.0696578
-0.0690319
-0.0683641
-0.0676548
-0.0669044
-0.0661134
-0.0652822
-0.0644114
-0.0635016
-0.0625531
-0.0615667
-0.0605429
-0.0594824
-0.0583857
-0.0572536
-0.0560868
-0.0548859
-0.0536516
-0.0523848
-0.0510862
-0.0497566
-0.0483968
-0.0470076
-0.0455898
-0.0441444
-0.0426722
-0.0411741
-0.0396509
-0.0381037
-0.0365334
-0.0349409
-0.0333272
-0.0316932
-0.03004
-0.0283686
-0.0266799
-0.0249751
-0.0232551
-0.0215209
-0.0197737
-0.0180145
-0.0162444
-0.0144644
-0.0126756
-0.0108791
-0.00907606
-0.00726747
-0.00545447
-0.00363815
-0.00181963
0
0
0.00242446
0.00484744
0.00726748
0.00968311
0.0120929
0.0144953
0.0168889
0.0192722
0.0216439
0.0240024
0.0263464
0.0286743
0.0309848
0.0332766
0.0355481
0.037798
0.040025
0.0422277
0.0444048
0.0465549
0.0486768
0.0507691
0.0528305
0.0548599
0.056856
0.0588176
0.0607435
0.0626324
0.0644834
0.0662952
0.0680668
0.0697971
0.0714849
0.0731294
0.0747295
0.0762842
0.0777926
0.0792538
0.0806668
0.0820309
0.0833452
0.0846089
0.0858212
0.0869814
0.0880888
0.0891428
0.0901426
0.0910877
0.0919775
0.0928114
0.093589
0.0943098
0.0949734
0.0955792
0.0961271
0.0966166
0.0970474
0.0974193
0.0977321
0.0979856
0.0981795
0.0983139
0.0983885
0.0984035
0.0983587
0.0982542
0.09809
0.0978663
0.0975831
0.0972408
0.0968394
0.0963792
0.0958604
0.0952835
0.0946488
0.0939566
0.0932073
0.0924015
0.0915395
0.090622
0.0896495
0.0886226
0.0875418
0.0864079
0.0852216
0.0839835
0.0826944
0.0813551
0.0799664
0.0785292
0.0770443
0.0755126
0.0739351
0.0723127
0.0706464
0.0689372
0.0671862
0.0653944
0.0635628
0.0616927
0.0597851
0.0578413
0.0558623
0.0538494
0.0518038
0.0497268
0.0476195
0.0454834
0.0433197
0.0411296
0.0389146
0.0366759
0.034415
0.0321332
0.0298319
0.0275125
0.0251764
0.022825
0.0204597
0.018082
0.0156934
0.0132952
0.0108889
0.00847605
0.00605803
0.00363634
0.00121243
-0.0012122
-0.00363611
-0.0060578
-0.00847582
-0.0108887
-0.013295
-0.0156931
-0.0180818
-0.0204595
-0.0228248
-0.0251762
-0.0275123
-0.0298317
-0.032133
-0.0344148
-0.0366757
-0.0389144
-0.0411294
-0.0433194
-0.0454832
-0.0476193
-0.0497265
-0.0518036
-0.0538492
-0.0558621
-0.057841
-0.0597849
-0.0616925
-0.0635626
-0.0653941
-0.067186
-0.068937
-0.0706462
-0.0723125
-0.0739349
-0.0755124
-0.0770441
-0.078529
-0.0799662
-0.0813549
-0.0826942
-0.0839833
-0.0852214
-0.0864077
-0.0875416
-0.0886224
-0.0896493
-0.0906218
-0.0915394
-0.0924013
-0.0932071
-0.0939564
-0.0946486
-0.0952834
-0.0958603
-0.096379
-0.0968392
-0.0972406
-0.097583
-0.0978661
-0.0980898
-0.098254
-0.0983585
-0.0984033
-0.0983884
-0.0983137
-0.0981794
-0.0979854
-0.097732
-0.0974192
-0.0970473
-0.0966164
-0.0961269
-0.0955791
-0.0949732
-0.0943097
-0.0935889
-0.0928113
-0.0919773
-0.0910875
-0.0901425
-0.0891426
-0.0880887
-0.0869813
-0.0858211
-0.0846088
-0.0833451
-0.0820308
-0.0806667
-0.0792537
-0.0777925
-0.0762841
-0.0747294
-0.0731293
-0.0714848
-0.069797
-0.0680667
-0.0662952
-0.0644833
-0.0626324
-0.0607434
-0.0588175
-0.0568559
-0.0548599
-0.0528305
-0.050769
-0.0486767
-0.0465549
-0.0444048
-0.0422277
-0.040025
-0.037798
-0.0355481
-0.0332765
-0.0309848
-0.0286743
-0.0263463
-0.0240024
-0.0216439
-0.0192722
-0.0168889
-0.0144953
-0.0120928
-0.0096831
-0.00726747
-0.00484743
-0.00242445
0
0
0.00302781
0.00605378
0.00907608
0.0120929
0.0151023
0.0181026
0.0210919
0.0240683
0.0270302
0.0299757
0.0329029
0.0358102
0.0386958
0.0415578
0.0443946
0.0472045
0.0499857
0.0527366
0.0554554
0.0581406
0.0607905
0.0634035
0.065978
0.0685124
0.0710053
0.073455
0.0758602
0.0782192
0.0805308
0.0827935
0.085006
0.0871668
0.0892748
0.0913285
0.0933268
0.0952684
0.0971522
0.098977
0.100742
0.102445
0.104087
0.105665
0.107179
0.108628
0.110011
0.111327
0.112576
0.113756
0.114867
0.115909
0.11688
0.11778
0.118609
0.119365
0.120049
0.120661
0.121199
0.121663
0.122054
0.12237
0.122613
0.12278
0.122874
0.122892
0.122836
0.122706
0.122501
0.122221
0.121868
0.12144
0.120939
0.120364
0.119716
0.118996
0.118203
0.117339
0.116403
0.115397
0.11432
0.113174
0.11196
0.110677
0.109328
0.107911
0.10643
0.104884
0.103274
0.101601
0.099867
0.0980721
0.0962176
0.0943048
0.0923347
0.0903085
0.0882276
0.086093
0.0839062
0.0816685
0.0793811
0.0770456
0.0746633
0.0722357
0.0697642
0.0672504
0.0646958
0.0621018
0.0594702
0.0568025
0.0541002
0.0513652
0.0485989
0.0458032
0.0429796
0.04013
0.0372559
0.0343593
0.0314418
0.0285052
0.0255513
0.0225819
0.0195988
0.0166038
0.0135988
0.0105854
0.00756564
0.00454128
0.00151416
-0.00151387
-0.00454099
-0.00756535
-0.0105851
-0.0135985
-0.0166035
-0.0195986
-0.0225817
-0.0255511
-0.0285049
-0.0314415
-0.034359
-0.0372557
-0.0401297
-0.0429793
-0.0458029
-0.0485986
-0.0513649
-0.0541
-0.0568022
-0.0594699
-0.0621016
-0.0646955
-0.0672501
-0.069764
-0.0722354
-0.0746631
-0.0770454
-0.0793809
-0.0816682
-0.083906
-0.0860928
-0.0882273
-0.0903083
-0.0923344
-0.0943045
-0.0962174
-0.0980718
-0.0998667
-0.101601
-0.103274
-0.104883
-0.10643
-0.107911
-0.109327
-0.110677
-0.11196
-0.113174
-0.11432
-0.115396
-0.116403
-0.117338
-0.118203
-0.118996
-0.119716
-0.120364
-0.120939
-0.12144
-0.121868
-0.122221
-0.122501
-0.122706
-0.122836
-0.122892
-0.122873
-0.12278
-0.122612
-0.12237
-0.122054
-0.121663
-0.121199
-0.120661
-0.120049
-0.119365
-0.118608
-0.11778
-0.11688
-0.115908
-0.114867
-0.113756
-0.112575
-0.111327
-0.110011
-0.108628
-0.107179
-0.105665
-0.104086
-0.102445
-0.100742
-0.0989768
-0.097152
-0.0952682
-0.0933266
-0.0913284
-0.0892746
-0.0871667
-0.0850059
-0.0827934
-0.0805307
-0.0782191
-0.0758601
-0.0734549
-0.0710052
-0.0685123
-0.0659779
-0.0634034
-0.0607904
-0.0581406
-0.0554554
-0.0527365
-0.0499857
-0.0472045
-0.0443946
-0.0415578
-0.0386957
-0.0358102
-0.0329029
-0.0299756
-0.0270302
-0.0240683
-0.0210918
-0.0181026
-0.0151023
-0.0120928
-0.00907606
-0.00605377
-0.00302781
0
0
0.00362932
0.00725644
0.0108792
0.0144953
0.0181026
0.0216989
0.025282
0.0288498
0.0324001
0.0359307
0.0394395
0.0429244
0.0463832
0.0498138
0.0532142
0.0565823
0.0599161
0.0632134
0.0664724
0.0696911
0.0728674
0.0759995
0.0790854
0.0821233
0.0851114
0.0880478
0.0909308
0.0937585
0.0965294
0.0992416
0.101894
0.104484
0.10701
0.109472
0.111867
0.114195
0.116453
0.11864
0.120755
0.122797
0.124765
0.126656
0.128471
0.130208
0.131866
0.133444
0.13494
0.136355
0.137687
0.138935
0.140099
0.141178
0.142172
0.143079
0.143899
0.144632
0.145277
0.145833
0.146301
0.146681
0.146971
0.147172
0.147284
0.147306
0.147239
0.147083
0.146837
0.146502
0.146078
0.145566
0.144965
0.144276
0.1435
0.142636
0.141686
0.14065
0.139528
0.138322
0.137031
0.135658
0.134202
0.132665
0.131047
0.12935
0.127574
0.12572
0.123791
0.121786
0.119707
0.117555
0.115333
0.11304
0.110678
0.10825
0.105755
0.103197
0.100575
0.097893
0.0951513
0.0923518
0.0894962
0.0865863
0.0836238
0.0806106
0.0775484
0.0744392
0.0712847
0.068087
0.064848
0.0615696
0.0582538
0.0549026
0.0515181
0.0481023
0.0446573
0.0411852
0.0376882
0.0341682
0.0306275
0.0270682
0.0234924
0.0199024
0.0163003
0.0126883
0.00906866
0.00544347
0.00181497
-0.00181463
-0.00544312
-0.00906831
-0.012688
-0.0163
-0.0199021
-0.0234921
-0.0270678
-0.0306271
-0.0341678
-0.0376878
-0.0411849
-0.044657
-0.048102
-0.0515177
-0.0549022
-0.0582534
-0.0615692
-0.0648476
-0.0680867
-0.0712844
-0.0744389
-0.0775481
-0.0806103
-0.0836235
-0.086586
-0.0894959
-0.0923515
-0.095151
-0.0978927
-0.100575
-0.103196
-0.105755
-0.108249
-0.110678
-0.113039
-0.115332
-0.117555
-0.119707
-0.121785
-0.12379
-0.12572
-0.127573
-0.129349
-0.131047
-0.132665
-0.134202
-0.135658
-0.137031
-0.138321
-0.139528
-0.140649
-0.141686
-0.142636
-0.143499
-0.144276
-0.144965
-0.145566
-0.146078
-0.146502
-0.146837
-0.147083
-0.147239
-0.147306
-0.147284
-0.147172
-0.146971
-0.146681
-0.146301
-0.145833
-0.145276
-0.144631
-0.143899
-0.143078
-0.142172
-0.141178
-0.140099
-0.138935
-0.137687
-0.136355
-0.13494
-0.133443
-0.131866
-0.130208
-0.128471
-0.126656
-0.124765
-0.122797
-0.120755
-0.11864
-0.116453
-0.114195
-0.111867
-0.109472
-0.10701
-0.104484
-0.101893
-0.0992415
-0.0965292
-0.0937584
-0.0909307
-0.0880477
-0.0851113
-0.0821232
-0.0790853
-0.0759994
-0.0728673
-0.069691
-0.0664723
-0.0632134
-0.059916
-0.0565823
-0.0532142
-0.0498138
-0.0463831
-0.0429244
-0.0394395
-0.0359307
-0.0324001
-0.0288498
-0.025282
-0.0216989
-0.0181026
-0.0144953
-0.0108791
-0.00725644
-0.00362932
0
0
0.00422864
0.0084547
0.0126756
0.0168889
0.0210919
0.025282
0.0294569
0.0336138
0.0377504
0.041864
0.0459522
0.0500125
0.0540425
0.0580396
0.0620015
0.0659258
0.06981
0.0736519
0.077449
0.0811992
0.0849
0.0885493
0.0921448
0.0956844
0.0991659
0.102587
0.105946
0.109241
0.112469
0.115629
0.118719
0.121737
0.124681
0.127549
0.13034
0.133052
0.135683
0.138231
0.140696
0.143075
0.145367
0.147571
0.149686
0.151709
0.153641
0.155479
0.157223
0.158871
0.160423
0.161878
0.163234
0.164491
0.165649
0.166705
0.167661
0.168515
0.169266
0.169915
0.17046
0.170902
0.171241
0.171475
0.171605
0.171631
0.171553
0.171371
0.171084
0.170694
0.1702
0.169603
0.168903
0.168101
0.167196
0.16619
0.165082
0.163875
0.162568
0.161163
0.159659
0.158059
0.156363
0.154572
0.152687
0.150709
0.14864
0.14648
0.144232
0.141896
0.139474
0.136967
0.134377
0.131706
0.128955
0.126125
0.123219
0.120237
0.117183
0.114058
0.110864
0.107602
0.104275
0.100884
0.0974327
0.0939219
0.090354
0.0867314
0.083056
0.0793303
0.0755563
0.0717366
0.0678732
0.0639687
0.0600253
0.0560455
0.0520316
0.0479862
0.0439116
0.0398104
0.035685
0.0315379
0.0273717
0.0231889
0.018992
0.0147836
0.0105662
0.00634235
0.00211468
-0.00211428
-0.00634195
-0.0105658
-0.0147832
-0.0189916
-0.0231885
-0.0273713
-0.0315375
-0.0356846
-0.03981
-0.0439112
-0.0479858
-0.0520312
-0.0560451
-0.0600249
-0.0639683
-0.0678728
-0.0717362
-0.075556
-0.0793299
-0.0830556
-0.086731
-0.0903537
-0.0939215
-0.0974323
-0.100884
-0.104274
-0.107601
-0.110863
-0.114058
-0.117183
-0.120237
-0.123218
-0.126124
-0.128954
-0.131706
-0.134377
-0.136967
-0.139474
-0.141896
-0.144232
-0.14648
-0.14864
-0.150709
-0.152686
-0.154571
-0.156363
-0.158059
-0.159659
-0.161163
-0.162568
-0.163875
-0.165082
-0.166189
-0.167196
-0.1681
-0.168903
-0.169603
-0.1702
-0.170694
-0.171084
-0.171371
-0.171553
-0.171631
-0.171605
-0.171475
-0.17124
-0.170902
-0.17046
-0.169914
-0.169266
-0.168514
-0.167661
-0.166705
-0.165648
-0.164491
-0.163234
-0.161878
-0.160423
-0.158871
-0.157223
-0.155479
-0.153641
-0.151709
-0.149686
-0.147571
-0.145367
-0.143075
-0.140696
-0.138231
-0.135682
-0.133052
-0.13034
-0.127549
-0.124681
-0.121737
-0.118719
-0.115629
-0.112469
-0.109241
-0.105946
-0.102587
-0.0991658
-0.0956843
-0.0921447
-0.0885492
-0.0848999
-0.0811991
-0.0774489
-0.0736518
-0.0698099
-0.0659257
-0.0620014
-0.0580395
-0.0540424
-0.0500125
-0.0459522
-0.041864
-0.0377503
-0.0336138
-0.0294568
-0.025282
-0.0210918
-0.0168889
-0.0126756
-0.00845469
-0.00422863
0
0
0.00482538
0.00964783
0.0144644
0.0192722
0.0240683
0.0288498
0.0336138
0.0383574
0.0430777
0.0477718
0.052437
0.0570703
0.0616689
0.0662302
0.0707512
0.0752292
0.0796616
0.0840456
0.0883786
0.092658
0.0968811
0.101045
0.105148
0.109187
0.11316
0.117064
0.120897
0.124657
0.128341
0.131947
0.135473
0.138917
0.142276
0.145549
0.148734
0.151828
0.15483
0.157738
0.160551
0.163266
0.165881
0.168397
0.170809
0.173119
0.175323
0.17742
0.17941
0.181291
0.183062
0.184722
0.18627
0.187704
0.189025
0.190231
0.191321
0.192295
0.193153
0.193893
0.194516
0.19502
0.195406
0.195673
0.195822
0.195852
0.195763
0.195555
0.195228
0.194783
0.194219
0.193538
0.192739
0.191823
0.19079
0.189642
0.188379
0.187001
0.18551
0.183906
0.182191
0.180364
0.178429
0.176385
0.174234
0.171977
0.169616
0.167152
0.164586
0.161921
0.159157
0.156296
0.153341
0.150292
0.147153
0.143924
0.140607
0.137205
0.13372
0.130154
0.126509
0.122787
0.11899
0.115121
0.111182
0.107176
0.103105
0.0989709
0.0947769
0.0905253
0.0862188
0.08186
0.0774515
0.0729959
0.068496
0.0639546
0.0593743
0.054758
0.0501084
0.0454284
0.0407209
0.0359886
0.0312344
0.0264613
0.0216722
0.0168698
0.0120573
0.00723738
0.0024131
-0.00241264
-0.00723692
-0.0120568
-0.0168694
-0.0216717
-0.0264609
-0.031234
-0.0359881
-0.0407204
-0.045428
-0.050108
-0.0547575
-0.0593739
-0.0639541
-0.0684956
-0.0729955
-0.077451
-0.0818596
-0.0862184
-0.0905249
-0.0947764
-0.0989704
-0.103104
-0.107176
-0.111182
-0.115121
-0.11899
-0.122786
-0.126508
-0.130154
-0.13372
-0.137205
-0.140607
-0.143923
-0.147152
-0.150292
-0.15334
-0.156296
-0.159156
-0.16192
-0.164586
-0.167151
-0.169616
-0.171977
-0.174234
-0.176385
-0.178428
-0.180364
-0.18219
-0.183906
-0.18551
-0.187001
-0.188379
-0.189642
-0.19079
-0.191822
-0.192738
-0.193537
-0.194219
-0.194782
-0.195228
-0.195554
-0.195762
-0.195851
-0.195822
-0.195673
-0.195406
-0.19502
-0.194515
-0.193893
-0.193153
-0.192295
-0.191321
-0.19023
-0.189025
-0.187704
-0.186269
-0.184722
-0.183062
-0.181291
-0.17941
-0.17742
-0.175322
-0.173118
-0.170809
-0.168396
-0.165881
-0.163265
-0.16055
-0.157738
-0.15483
-0.151828
-0.148733
-0.145549
-0.142276
-0.138916
-0.135473
-0.131947
-0.128341
-0.124657
-0.120897
-0.117064
-0.11316
-0.109187
-0.105148
-0.101045
-0.0968809
-0.0926579
-0.0883785
-0.0840455
-0.0796615
-0.0752291
-0.0707511
-0.0662301
-0.0616689
-0.0570702
-0.0524369
-0.0477718
-0.0430777
-0.0383574
-0.0336138
-0.0288498
-0.0240683
-0.0192722
-0.0144644
-0.00964782
-0.00482537
0
0
0.00541919
0.0108351
0.0162444
0.0216439
0.0270302
0.0324001
0.0377504
0.0430777
0.0483789
0.0536507
0.0588899
0.0640934
0.069258
0.0743805
0.0794579
0.084487
0.0894648
0.0943883
0.0992546
0.104061
0.108803
0.11348
0.118088
0.122624
0.127086
0.13147
0.135775
0.139997
0.144135
0.148184
0.152144
0.156012
0.159785
0.16346
0.167037
0.170512
0.173884
0.17715
0.180308
0.183357
0.186295
0.18912
0.191829
0.194423
0.196898
0.199254
0.201489
0.203601
0.20559
0.207454
0.209192
0.210803
0.212286
0.213641
0.214865
0.215959
0.216922
0.217754
0.218453
0.219019
0.219453
0.219753
0.21992
0.219953
0.219853
0.21962
0.219253
0.218753
0.21812
0.217355
0.216457
0.215429
0.214269
0.21298
0.211561
0.210014
0.208339
0.206538
0.204611
0.20256
0.200386
0.198091
0.195675
0.193141
0.190489
0.187722
0.18484
0.181847
0.178743
0.17553
0.172211
0.168787
0.165261
0.161635
0.15791
0.15409
0.150176
0.146171
0.142077
0.137897
0.133633
0.129288
0.124865
0.120365
0.115793
0.11115
0.10644
0.101665
0.096829
0.0919338
0.0869827
0.0819788
0.0769252
0.0718249
0.066681
0.0614965
0.0562748
0.0510189
0.045732
0.0404173
0.0350782
0.0297177
0.0243391
0.0189458
0.013541
0.00812802
0.00271006
-0.00270954
-0.0081275
-0.0135405
-0.0189453
-0.0243386
-0.0297172
-0.0350776
-0.0404168
-0.0457315
-0.0510184
-0.0562743
-0.061496
-0.0666804
-0.0718244
-0.0769247
-0.0819783
-0.0869822
-0.0919333
-0.0968285
-0.101665
-0.10644
-0.11115
-0.115792
-0.120365
-0.124864
-0.129288
-0.133632
-0.137896
-0.142076
-0.14617
-0.150175
-0.154089
-0.15791
-0.161634
-0.165261
-0.168787
-0.172211
-0.17553
-0.178742
-0.181846
-0.18484
-0.187721
-0.190489
-0.19314
-0.195675
-0.198091
-0.200386
-0.20256
-0.204611
-0.206537
-0.208339
-0.210013
-0.211561
-0.212979
-0.214269
-0.215428
-0.216457
-0.217354
-0.218119
-0.218752
-0.219252
-0.219619
-0.219853
-0.219953
-0.21992
-0.219753
-0.219453
-0.219019
-0.218453
-0.217753
-0.216922
-0.215959
-0.214865
-0.21364
-0.212286
-0.210803
-0.209192
-0.207454
-0.20559
-0.203601
-0.201488
-0.199254
-0.196898
-0.194422
-0.191829
-0.189119
-0.186295
-0.183357
-0.180308
-0.177149
-0.173883
-0.170512
-0.167037
-0.16346
-0.159784
-0.156012
-0.152144
-0.148184
-0.144134
-0.139997
-0.135775
-0.13147
-0.127086
-0.122624
-0.118088
-0.11348
-0.108803
-0.10406
-0.0992544
-0.0943882
-0.0894647
-0.0844869
-0.0794578
-0.0743804
-0.0692579
-0.0640933
-0.0588898
-0.0536506
-0.0483788
-0.0430777
-0.0377503
-0.0324001
-0.0270302
-0.0216439
-0.0162444
-0.0108351
-0.00541919
0
0
0.00600972
0.0120158
0.0180146
0.0240024
0.0299757
0.0359307
0.041864
0.0477718
0.0536507
0.0594969
0.0653071
0.0710776
0.0768049
0.0824857
0.0881163
0.0936935
0.0992137
0.104674
0.11007
0.1154
0.12066
0.125846
0.130956
0.135986
0.140934
0.145797
0.15057
0.155253
0.159841
0.164332
0.168723
0.173012
0.177196
0.181273
0.185239
0.189093
0.192832
0.196454
0.199956
0.203337
0.206595
0.209728
0.212733
0.215609
0.218354
0.220966
0.223445
0.225787
0.227993
0.23006
0.231988
0.233774
0.235419
0.236921
0.238279
0.239492
0.24056
0.241482
0.242257
0.242886
0.243366
0.2437
0.243885
0.243922
0.243811
0.243552
0.243145
0.24259
0.241888
0.24104
0.240045
0.238904
0.237618
0.236188
0.234615
0.232899
0.231041
0.229044
0.226907
0.224633
0.222222
0.219677
0.216998
0.214187
0.211246
0.208177
0.204982
0.201662
0.19822
0.194657
0.190977
0.18718
0.18327
0.179248
0.175118
0.170881
0.166541
0.162099
0.157559
0.152923
0.148195
0.143376
0.138471
0.133481
0.128411
0.123262
0.118039
0.112744
0.10738
0.101952
0.0964611
0.090912
0.0853077
0.0796516
0.0739471
0.0681978
0.062407
0.0565784
0.0507154
0.0448216
0.0389006
0.032956
0.0269914
0.0210104
0.0150166
0.00901372
0.00300537
-0.0030048
-0.00901315
-0.015016
-0.0210098
-0.0269908
-0.0329554
-0.0389
-0.044821
-0.0507148
-0.0565778
-0.0624064
-0.0681972
-0.0739466
-0.079651
-0.0853071
-0.0909114
-0.0964606
-0.101951
-0.10738
-0.112743
-0.118038
-0.123262
-0.12841
-0.133481
-0.13847
-0.143376
-0.148194
-0.152923
-0.157558
-0.162098
-0.16654
-0.17088
-0.175117
-0.179248
-0.183269
-0.187179
-0.190976
-0.194657
-0.19822
-0.201662
-0.204982
-0.208177
-0.211246
-0.214187
-0.216997
-0.219676
-0.222222
-0.224633
-0.226907
-0.229043
-0.231041
-0.232898
-0.234614
-0.236188
-0.237618
-0.238903
-0.240044
-0.241039
-0.241888
-0.24259
-0.243144
-0.243551
-0.24381
-0.243921
-0.243884
-0.243699
-0.243366
-0.242885
-0.242257
-0.241482
-0.24056
-0.239492
-0.238279
-0.236921
-0.235419
-0.233774
-0.231987
-0.23006
-0.227993
-0.225787
-0.223444
-0.220966
-0.218354
-0.215608
-0.212733
-0.209727
-0.206595
-0.203337
-0.199956
-0.196453
-0.192831
-0.189092
-0.185239
-0.181272
-0.177196
-0.173012
-0.168723
-0.164332
-0.159841
-0.155253
-0.15057
-0.145796
-0.140934
-0.135986
-0.130956
-0.125846
-0.120659
-0.1154
-0.11007
-0.104674
-0.0992136
-0.0936933
-0.0881162
-0.0824856
-0.0768049
-0.0710775
-0.065307
-0.0594969
-0.0536506
-0.0477718
-0.041864
-0.0359307
-0.0299756
-0.0240024
-0.0180145
-0.0120158
-0.00600971
0
0
0.0065966
0.0131892
0.0197738
0.0263464
0.0329029
0.0394395
0.0459522
0.052437
0.0588899
0.0653071
0.0716846
0.0780186
0.0843053
0.0905408
0.0967213
0.102843
0.108902
0.114896
0.120819
0.126669
0.132442
0.138135
0.143744
0.149266
0.154697
0.160034
0.165274
0.170414
0.17545
0.18038
0.1852
0.189908
0.1945
0.198975
0.203328
0.207558
0.211662
0.215638
0.219483
0.223194
0.22677
0.230209
0.233507
0.236664
0.239677
0.242545
0.245265
0.247836
0.250257
0.252527
0.254642
0.256603
0.258409
0.260057
0.261548
0.26288
0.264052
0.265064
0.265915
0.266605
0.267132
0.267498
0.267701
0.267742
0.26762
0.267335
0.266889
0.26628
0.26551
0.264578
0.263486
0.262234
0.260822
0.259253
0.257526
0.255642
0.253604
0.251411
0.249066
0.24657
0.243923
0.241129
0.238189
0.235103
0.231876
0.228507
0.225
0.221356
0.217577
0.213667
0.209626
0.205459
0.201167
0.196752
0.192219
0.187568
0.182804
0.177929
0.172945
0.167857
0.162667
0.157378
0.151993
0.146516
0.140951
0.135299
0.129566
0.123754
0.117867
0.111908
0.105881
0.09979
0.0936384
0.0874299
0.0811684
0.0748576
0.0685013
0.0621035
0.055668
0.0491986
0.0426994
0.0361743
0.0296272
0.0230621
0.016483
0.00989395
0.00329886
-0.00329823
-0.00989332
-0.0164824
-0.0230615
-0.0296266
-0.0361736
-0.0426988
-0.049198
-0.0556673
-0.0621029
-0.0685007
-0.074857
-0.0811678
-0.0874293
-0.0936378
-0.0997894
-0.10588
-0.111907
-0.117866
-0.123753
-0.129565
-0.135299
-0.14095
-0.146516
-0.151993
-0.157377
-0.162666
-0.167856
-0.172945
-0.177928
-0.182803
-0.187568
-0.192218
-0.196752
-0.201166
-0.205458
-0.209626
-0.213666
-0.217577
-0.221355
-0.224999
-0.228506
-0.231875
-0.235103
-0.238188
-0.241129
-0.243923
-0.246569
-0.249065
-0.251411
-0.253603
-0.255642
-0.257525
-0.259252
-0.260822
-0.262233
-0.263485
-0.264578
-0.265509
-0.26628
-0.266888
-0.267335
-0.267619
-0.267741
-0.267701
-0.267497
-0.267132
-0.266604
-0.265915
-0.265064
-0.264052
-0.262879
-0.261548
-0.260057
-0.258408
-0.256603
-0.254642
-0.252526
-0.250257
-0.247836
-0.245265
-0.242544
-0.239677
-0.236664
-0.233507
-0.230208
-0.22677
-0.223194
-0.219483
-0.215638
-0.211662
-0.207558
-0.203328
-0.198974
-0.1945
-0.189908
-0.1852
-0.18038
-0.17545
-0.170414
-0.165274
-0.160034
-0.154697
-0.149266
-0.143744
-0.138135
-0.132442
-0.126669
-0.120819
-0.114895
-0.108902
-0.102843
-0.0967212
-0.0905407
-0.0843052
-0.0780186
-0.0716845
-0.065307
-0.0588898
-0.0524369
-0.0459522
-0.0394395
-0.0329029
-0.0263463
-0.0197737
-0.0131892
-0.00659659
0
0
0.00717947
0.0143546
0.021521
0.0286743
0.0358102
0.0429244
0.0500125
0.0570703
0.0640934
0.0710776
0.0780186
0.0849123
0.0917545
0.0985409
0.105268
0.11193
0.118525
0.125048
0.131495
0.137862
0.144145
0.150341
0.156445
0.162455
0.168366
0.174175
0.179878
0.185472
0.190953
0.196318
0.201564
0.206688
0.211686
0.216556
0.221294
0.225898
0.230365
0.234692
0.238876
0.242916
0.246808
0.25055
0.25414
0.257575
0.260855
0.263976
0.266936
0.269735
0.27237
0.27484
0.277142
0.279277
0.281242
0.283036
0.284658
0.286108
0.287384
0.288485
0.289411
0.290162
0.290736
0.291134
0.291355
0.291399
0.291267
0.290957
0.290471
0.289808
0.28897
0.287956
0.286767
0.285405
0.283869
0.28216
0.280281
0.278231
0.276012
0.273626
0.271073
0.268356
0.265476
0.262435
0.259235
0.255877
0.252364
0.248698
0.24488
0.240914
0.236802
0.232546
0.228149
0.223613
0.218942
0.214137
0.209203
0.204142
0.198956
0.19365
0.188227
0.182689
0.17704
0.171284
0.165423
0.159463
0.153405
0.147254
0.141014
0.134689
0.128281
0.121796
0.115237
0.108607
0.101912
0.0951552
0.0883404
0.081472
0.0745541
0.0675909
0.0605867
0.0535458
0.0464723
0.0393706
0.032245
0.0250999
0.0179395
0.0107682
0.00359035
-0.00358966
-0.0107675
-0.0179388
-0.0250992
-0.0322443
-0.0393699
-0.0464716
-0.0535451
-0.0605861
-0.0675902
-0.0745534
-0.0814713
-0.0883397
-0.0951545
-0.101912
-0.108607
-0.115236
-0.121795
-0.128281
-0.134688
-0.141014
-0.147254
-0.153404
-0.159462
-0.165423
-0.171283
-0.177039
-0.182688
-0.188226
-0.19365
-0.198956
-0.204141
-0.209202
-0.214137
-0.218941
-0.223613
-0.228148
-0.232545
-0.236802
-0.240914
-0.24488
-0.248697
-0.252363
-0.255877
-0.259234
-0.262435
-0.265476
-0.268356
-0.271073
-0.273625
-0.276011
-0.27823
-0.28028
-0.28216
-0.283868
-0.285404
-0.286767
-0.287956
-0.288969
-0.289808
-0.29047
-0.290957
-0.291266
-0.291399
-0.291354
-0.291133
-0.290736
-0.290161
-0.289411
-0.288484
-0.287383
-0.286107
-0.284658
-0.283035
-0.281241
-0.279276
-0.277142
-0.274839
-0.27237
-0.269735
-0.266936
-0.263975
-0.260854
-0.257575
-0.254139
-0.250549
-0.246807
-0.242915
-0.238876
-0.234691
-0.230365
-0.225898
-0.221294
-0.216556
-0.211686
-0.206688
-0.201564
-0.196318
-0.190953
-0.185471
-0.179878
-0.174175
-0.168366
-0.162455
-0.156445
-0.150341
-0.144145
-0.137862
-0.131494
-0.125048
-0.118525
-0.11193
-0.105267
-0.0985408
-0.0917544
-0.0849122
-0.0780186
-0.0710775
-0.0640933
-0.0570702
-0.0500125
-0.0429244
-0.0358102
-0.0286743
-0.0215209
-0.0143546
-0.00717946
0
0
0.00775798
0.0155113
0.0232551
0.0309848
0.0386958
0.0463832
0.0540425
0.0616689
0.069258
0.0768049
0.0843053
0.0917545
0.0991479
0.106481
0.11375
0.120949
0.128076
0.135124
0.14209
0.14897
0.15576
0.162455
0.169052
0.175545
0.181933
0.18821
0.194372
0.200417
0.20634
0.212137
0.217806
0.223343
0.228744
0.234006
0.239126
0.244101
0.248927
0.253603
0.258125
0.262489
0.266695
0.270739
0.274618
0.278331
0.281874
0.285247
0.288446
0.29147
0.294317
0.296986
0.299474
0.301781
0.303904
0.305843
0.307596
0.309162
0.310541
0.311731
0.312732
0.313543
0.314163
0.314593
0.314832
0.31488
0.314736
0.314402
0.313877
0.313161
0.312255
0.311159
0.309875
0.308402
0.306742
0.304896
0.302865
0.30065
0.298253
0.295674
0.292916
0.28998
0.286868
0.283582
0.280124
0.276495
0.272699
0.268737
0.264613
0.260327
0.255883
0.251284
0.246533
0.241632
0.236584
0.231392
0.22606
0.220591
0.214988
0.209254
0.203394
0.19741
0.191306
0.185085
0.178753
0.172312
0.165766
0.15912
0.152377
0.145542
0.138618
0.13161
0.124522
0.117359
0.110124
0.102823
0.0954588
0.0880369
0.0805616
0.0730373
0.0654688
0.0578604
0.050217
0.0425431
0.0348433
0.0271224
0.019385
0.0116359
0.00387965
-0.00387891
-0.0116351
-0.0193843
-0.0271216
-0.0348426
-0.0425423
-0.0502162
-0.0578597
-0.065468
-0.0730366
-0.0805608
-0.0880361
-0.095458
-0.102822
-0.110123
-0.117358
-0.124521
-0.131609
-0.138617
-0.145541
-0.152376
-0.159119
-0.165766
-0.172311
-0.178752
-0.185085
-0.191305
-0.197409
-0.203393
-0.209254
-0.214987
-0.220591
-0.22606
-0.231392
-0.236583
-0.241631
-0.246532
-0.251284
-0.255883
-0.260326
-0.264612
-0.268737
-0.272699
-0.276495
-0.280123
-0.283581
-0.286868
-0.28998
-0.292915
-0.295674
-0.298252
-0.30065
-0.302865
-0.304896
-0.306742
-0.308402
-0.309874
-0.311159
-0.312254
-0.31316
-0.313876
-0.314401
-0.314736
-0.314879
-0.314831
-0.314593
-0.314163
-0.313542
-0.312731
-0.31173
-0.31054
-0.309161
-0.307595
-0.305842
-0.303903
-0.30178
-0.299474
-0.296985
-0.294317
-0.29147
-0.288446
-0.285246
-0.281874
-0.27833
-0.274618
-0.270738
-0.266695
-0.262489
-0.258124
-0.253603
-0.248927
-0.2441
-0.239125
-0.234005
-0.228743
-0.223342
-0.217806
-0.212137
-0.206339
-0.200416
-0.194372
-0.188209
-0.181933
-0.175545
-0.169051
-0.162455
-0.15576
-0.14897
-0.14209
-0.135124
-0.128075
-0.120949
-0.11375
-0.106481
-0.0991478
-0.0917544
-0.0843052
-0.0768049
-0.0692579
-0.0616689
-0.0540424
-0.0463831
-0.0386957
-0.0309848
-0.0232551
-0.0155112
-0.00775797
0
0
0.00833178
0.0166585
0.0249751
0.0332766
0.0415578
0.0498138
0.0580396
0.0662302
0.0743805
0.0824857
0.0905408
0.0985409
0.106481
0.114357
0.122163
0.129895
0.137548
0.145118
0.1526
0.159989
0.167281
0.174471
0.181555
0.188529
0.195389
0.20213
0.208748
0.21524
0.221601
0.227827
0.233916
0.239862
0.245662
0.251313
0.256812
0.262155
0.267339
0.27236
0.277216
0.281904
0.286421
0.290763
0.29493
0.298917
0.302722
0.306344
0.30978
0.313028
0.316086
0.318952
0.321624
0.324101
0.326381
0.328464
0.330346
0.332028
0.333509
0.334787
0.335862
0.336733
0.3374
0.337861
0.338118
0.338169
0.338015
0.337656
0.337092
0.336323
0.33535
0.334174
0.332794
0.331213
0.32943
0.327447
0.325266
0.322887
0.320312
0.317543
0.314581
0.311428
0.308086
0.304557
0.300843
0.296946
0.292869
0.288614
0.284184
0.279582
0.274809
0.26987
0.264767
0.259504
0.254082
0.248507
0.242781
0.236907
0.230889
0.224732
0.218437
0.212011
0.205455
0.198775
0.191974
0.185057
0.178027
0.170889
0.163647
0.156306
0.148871
0.141344
0.133732
0.126039
0.118269
0.110428
0.102519
0.0945483
0.0865201
0.0784394
0.070311
0.06214
0.0539312
0.0456897
0.0374204
0.0291284
0.0208188
0.0124965
0.00416661
-0.00416581
-0.0124957
-0.020818
-0.0291276
-0.0374196
-0.0456889
-0.0539304
-0.0621392
-0.0703102
-0.0784386
-0.0865193
-0.0945476
-0.102518
-0.110427
-0.118269
-0.126038
-0.133731
-0.141344
-0.14887
-0.156306
-0.163647
-0.170888
-0.178026
-0.185056
-0.191973
-0.198774
-0.205454
-0.21201
-0.218437
-0.224731
-0.230888
-0.236906
-0.24278
-0.248506
-0.254082
-0.259503
-0.264766
-0.269869
-0.274809
-0.279581
-0.284183
-0.288613
-0.292868
-0.296945
-0.300842
-0.304556
-0.308085
-0.311427
-0.31458
-0.317542
-0.320312
-0.322887
-0.325265
-0.327447
-0.329429
-0.331212
-0.332793
-0.334173
-0.33535
-0.336323
-0.337091
-0.337656
-0.338015
-0.338169
-0.338117
-0.337861
-0.337399
-0.336733
-0.335862
-0.334787
-0.333509
-0.332028
-0.330346
-0.328463
-0.326381
-0.324101
-0.321624
-0.318951
-0.316085
-0.313028
-0.30978
-0.306344
-0.302722
-0.298916
-0.294929
-0.290763
-0.28642
-0.281904
-0.277216
-0.27236
-0.267338
-0.262155
-0.256812
-0.251313
-0.245662
-0.239861
-0.233915
-0.227827
-0.221601
-0.21524
-0.208748
-0.20213
-0.195389
-0.188529
-0.181555
-0.174471
-0.16728
-0.159988
-0.1526
-0.145118
-0.137548
-0.129895
-0.122163
-0.114357
-0.106481
-0.0985408
-0.0905407
-0.0824856
-0.0743804
-0.0662301
-0.0580395
-0.0498138
-0.0415578
-0.0332765
-0.0249751
-0.0166585
-0.00833177
0
0
0.00890053
0.0177957
0.02668
0.0355481
0.0443946
0.0532142
0.0620015
0.0707512
0.0794579
0.0881163
0.0967213
0.105268
0.11375
0.122163
0.130502
0.138762
0.146938
0.155024
0.163017
0.17091
0.178699
0.186381
0.193949
0.201399
0.208727
0.215928
0.222998
0.229933
0.236728
0.243379
0.249883
0.256235
0.262432
0.268469
0.274343
0.28005
0.285588
0.290952
0.29614
0.301147
0.305972
0.310611
0.315062
0.319321
0.323387
0.327256
0.330926
0.334396
0.337663
0.340724
0.343579
0.346225
0.348661
0.350885
0.352896
0.354693
0.356275
0.35764
0.358789
0.359719
0.360431
0.360924
0.361199
0.361253
0.361089
0.360705
0.360103
0.359281
0.358242
0.356985
0.355511
0.353822
0.351918
0.3498
0.347469
0.344928
0.342178
0.339219
0.336055
0.332687
0.329116
0.325346
0.321379
0.317216
0.312861
0.308315
0.303583
0.298666
0.293568
0.288292
0.282841
0.277218
0.271427
0.26547
0.259353
0.253079
0.24665
0.240072
0.233348
0.226483
0.21948
0.212344
0.205079
0.197689
0.190179
0.182554
0.174818
0.166976
0.159033
0.150993
0.142861
0.134643
0.126343
0.117966
0.109517
0.101002
0.0924262
0.0837938
0.0751106
0.0663818
0.0576126
0.0488085
0.0399748
0.0311168
0.0222399
0.0133495
0.00445103
-0.00445017
-0.0133487
-0.0222391
-0.031116
-0.039974
-0.0488077
-0.0576118
-0.0663809
-0.0751097
-0.083793
-0.0924253
-0.101002
-0.109516
-0.117965
-0.126342
-0.134642
-0.14286
-0.150992
-0.159032
-0.166975
-0.174817
-0.182553
-0.190178
-0.197688
-0.205078
-0.212343
-0.219479
-0.226482
-0.233348
-0.240071
-0.246649
-0.253078
-0.259352
-0.26547
-0.271426
-0.277217
-0.28284
-0.288291
-0.293568
-0.298666
-0.303582
-0.308315
-0.31286
-0.317215
-0.321378
-0.325346
-0.329116
-0.332686
-0.336054
-0.339219
-0.342177
-0.344928
-0.347469
-0.349799
-0.351917
-0.353821
-0.355511
-0.356984
-0.358241
-0.359281
-0.360102
-0.360705
-0.361088
-0.361253
-0.361198
-0.360924
-0.360431
-0.359719
-0.358788
-0.35764
-0.356275
-0.354693
-0.352896
-0.350885
-0.34866
-0.346224
-0.343578
-0.340724
-0.337662
-0.334396
-0.330926
-0.327256
-0.323386
-0.319321
-0.315062
-0.310611
-0.305972
-0.301147
-0.296139
-0.290952
-0.285588
-0.28005
-0.274342
-0.268468
-0.262431
-0.256235
-0.249883
-0.243379
-0.236728
-0.229933
-0.222998
-0.215928
-0.208726
-0.201398
-0.193948
-0.18638
-0.178699
-0.17091
-0.163016
-0.155024
-0.146938
-0.138762
-0.130502
-0.122163
-0.11375
-0.105267
-0.0967212
-0.0881162
-0.0794578
-0.0707511
-0.0620014
-0.0532142
-0.0443946
-0.0355481
-0.0266799
-0.0177956
-0.00890052
0
0
0.00946387
0.018922
0.0283686
0.037798
0.0472045
0.0565823
0.0659258
0.0752292
0.084487
0.0936935
0.102843
0.11193
0.120949
0.129895
0.138762
0.147545
0.156238
0.164836
0.173334
0.181727
0.19001
0.198177
0.206224
0.214146
0.221938
0.229595
0.237112
0.244486
0.251711
0.258784
0.265699
0.272453
0.279042
0.285461
0.291707
0.297776
0.303664
0.309367
0.314883
0.320208
0.325338
0.330271
0.335003
0.339532
0.343855
0.347969
0.351872
0.355561
0.359034
0.36229
0.365325
0.368139
0.370729
0.373094
0.375232
0.377143
0.378825
0.380277
0.381498
0.382487
0.383244
0.383768
0.38406
0.384118
0.383943
0.383535
0.382895
0.382021
0.380916
0.37958
0.378013
0.376216
0.374192
0.37194
0.369462
0.36676
0.363835
0.360689
0.357325
0.353743
0.349947
0.345938
0.34172
0.337294
0.332663
0.32783
0.322798
0.31757
0.312149
0.306539
0.300743
0.294764
0.288606
0.282273
0.275768
0.269097
0.262261
0.255267
0.248118
0.240818
0.233371
0.225784
0.218059
0.210201
0.202216
0.194109
0.185883
0.177545
0.169098
0.16055
0.151903
0.143165
0.134339
0.125432
0.116449
0.107395
0.0982761
0.0890974
0.0798646
0.0705833
0.0612591
0.0518978
0.0425049
0.0330863
0.0236476
0.0141945
0.00473275
-0.00473183
-0.0141935
-0.0236466
-0.0330854
-0.042504
-0.0518969
-0.0612582
-0.0705824
-0.0798637
-0.0890965
-0.0982752
-0.107394
-0.116448
-0.125431
-0.134338
-0.143164
-0.151902
-0.160549
-0.169098
-0.177544
-0.185882
-0.194108
-0.202215
-0.2102
-0.218058
-0.225783
-0.233371
-0.240817
-0.248117
-0.255266
-0.262261
-0.269096
-0.275768
-0.282272
-0.288605
-0.294763
-0.300742
-0.306538
-0.312148
-0.317569
-0.322797
-0.327829
-0.332662
-0.337293
-0.341719
-0.345938
-0.349946
-0.353743
-0.357324
-0.360689
-0.363834
-0.366759
-0.369461
-0.371939
-0.374191
-0.376216
-0.378012
-0.379579
-0.380915
-0.382021
-0.382894
-0.383535
-0.383943
-0.384118
-0.384059
-0.383768
-0.383243
-0.382486
-0.381497
-0.380276
-0.378824
-0.377142
-0.375232
-0.373093
-0.370728
-0.368138
-0.365324
-0.362289
-0.359034
-0.35556
-0.351871
-0.347969
-0.343855
-0.339532
-0.335003
-0.330271
-0.325338
-0.320207
-0.314883
-0.309367
-0.303663
-0.297775
-0.291706
-0.28546
-0.279041
-0.272453
-0.265699
-0.258783
-0.251711
-0.244486
-0.237112
-0.229594
-0.221937
-0.214146
-0.206224
-0.198177
-0.19001
-0.181727
-0.173334
-0.164836
-0.156238
-0.147545
-0.138762
-0.129895
-0.120949
-0.11193
-0.102843
-0.0936933
-0.0844869
-0.0752291
-0.0659257
-0.0565823
-0.0472045
-0.037798
-0.0283686
-0.018922
-0.00946386
0
0
0.0100215
0.0200368
0.0300401
0.040025
0.0499857
0.0599161
0.06981
0.0796616
0.0894648
0.0992137
0.108902
0.118525
0.128076
0.137548
0.146938
0.156238
0.165443
0.174548
0.183547
0.192434
0.201205
0.209853
0.218375
0.226763
0.235014
0.243122
0.251083
0.258891
0.266542
0.274031
0.281354
0.288505
0.295482
0.30228
0.308894
0.31532
0.321555
0.327595
0.333436
0.339074
0.344507
0.34973
0.354741
0.359537
0.364114
0.368471
0.372604
0.37651
0.380188
0.383635
0.386849
0.389829
0.392571
0.395076
0.39734
0.399364
0.401145
0.402682
0.403975
0.405022
0.405824
0.406379
0.406688
0.40675
0.406565
0.406133
0.405454
0.404529
0.403359
0.401944
0.400285
0.398382
0.396238
0.393854
0.39123
0.388369
0.385272
0.381941
0.378378
0.374585
0.370565
0.366321
0.361853
0.357166
0.352263
0.347145
0.341816
0.336281
0.33054
0.3246
0.318462
0.312131
0.30561
0.298904
0.292016
0.284951
0.277713
0.270307
0.262736
0.255006
0.247121
0.239086
0.230906
0.222586
0.214131
0.205545
0.196835
0.188005
0.179061
0.170009
0.160853
0.1516
0.142254
0.132822
0.12331
0.113723
0.104066
0.0943469
0.0845701
0.0747419
0.0648684
0.0549555
0.0450093
0.0350357
0.0250408
0.0150308
0.0050116
-0.00501063
-0.0150298
-0.0250399
-0.0350347
-0.0450083
-0.0549546
-0.0648674
-0.074741
-0.0845691
-0.0943459
-0.104065
-0.113722
-0.123309
-0.132822
-0.142253
-0.151599
-0.160852
-0.170008
-0.17906
-0.188004
-0.196834
-0.205544
-0.21413
-0.222585
-0.230905
-0.239085
-0.24712
-0.255005
-0.262735
-0.270306
-0.277713
-0.28495
-0.292015
-0.298903
-0.305609
-0.31213
-0.318461
-0.324599
-0.33054
-0.33628
-0.341816
-0.347144
-0.352262
-0.357165
-0.361852
-0.36632
-0.370565
-0.374585
-0.378377
-0.38194
-0.385271
-0.388368
-0.391229
-0.393853
-0.396238
-0.398382
-0.400284
-0.401943
-0.403358
-0.404529
-0.405453
-0.406132
-0.406564
-0.406749
-0.406687
-0.406379
-0.405823
-0.405022
-0.403974
-0.402681
-0.401144
-0.399363
-0.39734
-0.395075
-0.392571
-0.389828
-0.386849
-0.383635
-0.380187
-0.37651
-0.372603
-0.36847
-0.364114
-0.359536
-0.354741
-0.34973
-0.344506
-0.339074
-0.333435
-0.327594
-0.321555
-0.31532
-0.308893
-0.302279
-0.295482
-0.288505
-0.281353
-0.27403
-0.266541
-0.25889
-0.251082
-0.243122
-0.235014
-0.226763
-0.218374
-0.209853
-0.201205
-0.192434
-0.183547
-0.174548
-0.165443
-0.156238
-0.146938
-0.137548
-0.128075
-0.118525
-0.108902
-0.0992136
-0.0894647
-0.0796615
-0.0698099
-0.059916
-0.0499857
-0.040025
-0.03004
-0.0200368
-0.0100215
0
0
0.010573
0.0211395
0.0316933
0.0422277
0.0527366
0.0632134
0.0736519
0.0840456
0.0943883
0.104674
0.114896
0.125048
0.135124
0.145118
0.155024
0.164836
0.174548
0.184154
0.193648
0.203025
0.212278
0.221402
0.230392
0.239242
0.247947
0.256502
0.2649
0.273138
0.28121
0.289111
0.296837
0.304383
0.311744
0.318915
0.325893
0.332673
0.339251
0.345623
0.351786
0.357734
0.363466
0.368977
0.374264
0.379323
0.384153
0.388749
0.393109
0.397231
0.401111
0.404748
0.408139
0.411282
0.414176
0.416818
0.419207
0.421342
0.423221
0.424843
0.426207
0.427312
0.428158
0.428744
0.429069
0.429135
0.428939
0.428483
0.427767
0.426792
0.425557
0.424064
0.422313
0.420307
0.418045
0.415529
0.41276
0.409742
0.406474
0.40296
0.399201
0.3952
0.390959
0.38648
0.381767
0.376822
0.371649
0.366249
0.360628
0.354787
0.348731
0.342463
0.335988
0.329308
0.322429
0.315354
0.308087
0.300633
0.292997
0.285183
0.277196
0.26904
0.260721
0.252244
0.243614
0.234836
0.225915
0.216857
0.207667
0.198352
0.188916
0.179365
0.169705
0.159943
0.150083
0.140132
0.130096
0.119981
0.109793
0.0995391
0.0892242
0.0788552
0.0684383
0.0579799
0.0474863
0.0369638
0.0264189
0.015858
0.0052874
-0.00528637
-0.0158569
-0.0264179
-0.0369628
-0.0474852
-0.0579789
-0.0684373
-0.0788542
-0.0892232
-0.099538
-0.109792
-0.11998
-0.130095
-0.140131
-0.150082
-0.159942
-0.169704
-0.179364
-0.188915
-0.198351
-0.207666
-0.216856
-0.225914
-0.234835
-0.243613
-0.252243
-0.26072
-0.269039
-0.277195
-0.285182
-0.292996
-0.300632
-0.308086
-0.315353
-0.322428
-0.329307
-0.335987
-0.342463
-0.34873
-0.354786
-0.360627
-0.366248
-0.371648
-0.376821
-0.381766
-0.386479
-0.390958
-0.395199
-0.3992
-0.402959
-0.406473
-0.409741
-0.41276
-0.415528
-0.418044
-0.420306
-0.422313
-0.424063
-0.425556
-0.426791
-0.427767
-0.428483
-0.428938
-0.429134
-0.429069
-0.428743
-0.428157
-0.427311
-0.426206
-0.424842
-0.42322
-0.421341
-0.419207
-0.416817
-0.414175
-0.411282
-0.408138
-0.404747
-0.40111
-0.39723
-0.393109
-0.388748
-0.384152
-0.379323
-0.374263
-0.368976
-0.363465
-0.357734
-0.351785
-0.345623
-0.339251
-0.332673
-0.325893
-0.318915
-0.311743
-0.304382
-0.296837
-0.289111
-0.28121
-0.273138
-0.2649
-0.256501
-0.247947
-0.239242
-0.230392
-0.221402
-0.212278
-0.203024
-0.193648
-0.184154
-0.174548
-0.164836
-0.155024
-0.145118
-0.135124
-0.125048
-0.114895
-0.104674
-0.0943882
-0.0840455
-0.0736518
-0.0632134
-0.0527365
-0.0422277
-0.0316932
-0.0211395
-0.010573
0
0
0.0111181
0.0222294
0.0333272
0.0444048
0.0554554
0.0664724
0.077449
0.0883786
0.0992546
0.11007
0.120819
0.131495
0.14209
0.1526
0.163017
0.173334
0.183547
0.193648
0.203632
0.213492
0.223222
0.232817
0.24227
0.251577
0.26073
0.269726
0.278557
0.28722
0.295708
0.304017
0.312141
0.320075
0.327816
0.335357
0.342695
0.349824
0.356741
0.363442
0.369922
0.376177
0.382204
0.387999
0.393559
0.398879
0.403958
0.408791
0.413376
0.41771
0.42179
0.425615
0.429181
0.432486
0.435529
0.438307
0.44082
0.443064
0.44504
0.446746
0.44818
0.449342
0.450232
0.450848
0.45119
0.451259
0.451053
0.450574
0.449821
0.448795
0.447497
0.445927
0.444086
0.441976
0.439597
0.436951
0.43404
0.430866
0.42743
0.423735
0.419782
0.415575
0.411115
0.406405
0.401449
0.396249
0.390809
0.385131
0.37922
0.373078
0.36671
0.360119
0.35331
0.346286
0.339052
0.331612
0.32397
0.316132
0.308102
0.299885
0.291486
0.28291
0.274163
0.265249
0.256173
0.246943
0.237562
0.228037
0.218374
0.208578
0.198655
0.188612
0.178455
0.168189
0.157821
0.147357
0.136803
0.126167
0.115454
0.104671
0.0938242
0.0829206
0.0719667
0.0609691
0.0499344
0.0388695
0.0277809
0.0166755
0.00556
-0.00555891
-0.0166744
-0.0277799
-0.0388684
-0.0499334
-0.060968
-0.0719656
-0.0829195
-0.0938231
-0.10467
-0.115453
-0.126166
-0.136802
-0.147356
-0.157819
-0.168188
-0.178454
-0.188611
-0.198654
-0.208577
-0.218373
-0.228036
-0.237561
-0.246942
-0.256172
-0.265248
-0.274162
-0.282909
-0.291485
-0.299884
-0.308101
-0.316131
-0.323969
-0.331611
-0.339051
-0.346285
-0.353309
-0.360118
-0.366709
-0.373077
-0.379219
-0.38513
-0.390808
-0.396249
-0.401448
-0.406405
-0.411114
-0.415574
-0.419781
-0.423734
-0.427429
-0.430865
-0.43404
-0.43695
-0.439596
-0.441975
-0.444085
-0.445926
-0.447496
-0.448794
-0.44982
-0.450573
-0.451052
-0.451258
-0.451189
-0.450847
-0.450231
-0.449341
-0.448179
-0.446745
-0.445039
-0.443064
-0.440819
-0.438307
-0.435528
-0.432485
-0.42918
-0.425614
-0.42179
-0.417709
-0.413375
-0.40879
-0.403957
-0.398879
-0.393558
-0.387999
-0.382204
-0.376177
-0.369921
-0.363441
-0.356741
-0.349824
-0.342694
-0.335356
-0.327815
-0.320075
-0.31214
-0.304016
-0.295708
-0.28722
-0.278557
-0.269725
-0.26073
-0.251576
-0.24227
-0.232816
-0.223222
-0.213491
-0.203631
-0.193648
-0.183547
-0.173334
-0.163016
-0.1526
-0.14209
-0.131494
-0.120819
-0.11007
-0.0992544
-0.0883785
-0.0774489
-0.0664723
-0.0554554
-0.0444048
-0.0333272
-0.0222294
-0.0111181
0
0
0.0116564
0.0233058
0.0349409
0.0465549
0.0581406
0.0696911
0.0811992
0.092658
0.104061
0.1154
0.126669
0.137862
0.14897
0.159989
0.17091
0.181727
0.192434
0.203025
0.213492
0.223829
0.23403
0.24409
0.254001
0.263758
0.273355
0.282786
0.292045
0.301127
0.310026
0.318737
0.327255
0.335574
0.343689
0.351595
0.359288
0.366763
0.374015
0.38104
0.387834
0.394392
0.400711
0.406787
0.412615
0.418193
0.423518
0.428585
0.433392
0.437936
0.442214
0.446223
0.449962
0.453427
0.456617
0.45953
0.462164
0.464518
0.466589
0.468377
0.469881
0.4711
0.472032
0.472678
0.473037
0.473109
0.472894
0.472391
0.471602
0.470526
0.469165
0.467519
0.465589
0.463376
0.460882
0.458109
0.455057
0.451729
0.448127
0.444252
0.440108
0.435697
0.431021
0.426084
0.420888
0.415436
0.409732
0.40378
0.397582
0.391143
0.384466
0.377556
0.370417
0.363053
0.355469
0.347669
0.339657
0.33144
0.323021
0.314406
0.3056
0.296609
0.287438
0.278092
0.268577
0.2589
0.249065
0.239079
0.228948
0.218677
0.208274
0.197745
0.187095
0.176332
0.165462
0.154492
0.143427
0.132276
0.121044
0.109739
0.0983672
0.0869357
0.0754514
0.0639212
0.0523523
0.0407516
0.0291261
0.017483
0.00582922
-0.00582808
-0.0174818
-0.029125
-0.0407504
-0.0523512
-0.0639201
-0.0754502
-0.0869345
-0.0983661
-0.109738
-0.121043
-0.132275
-0.143426
-0.154491
-0.165461
-0.176331
-0.187094
-0.197744
-0.208273
-0.218676
-0.228946
-0.239078
-0.249064
-0.258899
-0.268576
-0.278091
-0.287437
-0.296608
-0.305599
-0.314405
-0.32302
-0.331439
-0.339656
-0.347667
-0.355468
-0.363052
-0.370416
-0.377555
-0.384465
-0.391142
-0.397581
-0.403779
-0.409731
-0.415435
-0.420887
-0.426083
-0.43102
-0.435696
-0.440107
-0.444251
-0.448126
-0.451728
-0.455056
-0.458108
-0.460882
-0.463375
-0.465588
-0.467518
-0.469164
-0.470525
-0.471601
-0.47239
-0.472893
-0.473108
-0.473036
-0.472677
-0.472031
-0.471099
-0.46988
-0.468377
-0.466588
-0.464517
-0.462164
-0.45953
-0.456617
-0.453427
-0.449961
-0.446223
-0.442213
-0.437935
-0.433391
-0.428584
-0.423517
-0.418193
-0.412615
-0.406786
-0.40071
-0.394392
-0.387833
-0.38104
-0.374014
-0.366762
-0.359288
-0.351595
-0.343688
-0.335573
-0.327254
-0.318737
-0.310026
-0.301127
-0.292045
-0.282786
-0.273355
-0.263758
-0.254001
-0.24409
-0.23403
-0.223829
-0.213491
-0.203024
-0.192434
-0.181727
-0.17091
-0.159988
-0.14897
-0.137862
-0.126669
-0.1154
-0.10406
-0.0926579
-0.0811991
-0.069691
-0.0581406
-0.0465549
-0.0349409
-0.0233057
-0.0116564
0
0
0.0121877
0.024368
0.0365335
0.0486768
0.0607905
0.0728674
0.0849
0.0968811
0.108803
0.12066
0.132442
0.144145
0.15576
0.167281
0.178699
0.19001
0.201205
0.212278
0.223222
0.23403
0.244697
0.255215
0.265578
0.27578
0.285814
0.295675
0.305356
0.314852
0.324157
0.333265
0.34217
0.350868
0.359353
0.36762
0.375663
0.383479
0.391062
0.398407
0.40551
0.412367
0.418974
0.425327
0.431421
0.437254
0.44282
0.448119
0.453145
0.457896
0.462369
0.466561
0.47047
0.474093
0.477429
0.480475
0.483229
0.485689
0.487855
0.489725
0.491297
0.492571
0.493546
0.494221
0.494597
0.494672
0.494447
0.493921
0.493096
0.491971
0.490548
0.488827
0.486809
0.484496
0.481888
0.478988
0.475797
0.472317
0.468551
0.4645
0.460167
0.455555
0.450666
0.445504
0.440071
0.434371
0.428407
0.422183
0.415703
0.40897
0.401989
0.394764
0.3873
0.3796
0.37167
0.363514
0.355138
0.346546
0.337743
0.328736
0.319529
0.310128
0.300538
0.290767
0.280818
0.2707
0.260416
0.249975
0.239382
0.228644
0.217767
0.206758
0.195623
0.184369
0.173004
0.161533
0.149964
0.138305
0.126561
0.114741
0.102851
0.090898
0.0788902
0.0668346
0.0547384
0.0426089
0.0304536
0.0182798
0.0060949
-0.0060937
-0.0182786
-0.0304524
-0.0426077
-0.0547372
-0.0668334
-0.078889
-0.0908968
-0.102849
-0.114739
-0.12656
-0.138304
-0.149963
-0.161532
-0.173002
-0.184368
-0.195622
-0.206756
-0.217766
-0.228643
-0.239381
-0.249974
-0.260415
-0.270698
-0.280817
-0.290766
-0.300537
-0.310127
-0.319528
-0.328735
-0.337742
-0.346545
-0.355137
-0.363513
-0.371669
-0.379599
-0.387299
-0.394763
-0.401988
-0.408969
-0.415702
-0.422182
-0.428406
-0.434369
-0.44007
-0.445503
-0.450665
-0.455554
-0.460166
-0.464499
-0.46855
-0.472317
-0.475796
-0.478987
-0.481887
-0.484495
-0.486808
-0.488826
-0.490547
-0.491971
-0.493095
-0.49392
-0.494446
-0.494671
-0.494596
-0.494221
-0.493545
-0.49257
-0.491296
-0.489724
-0.487854
-0.485688
-0.483228
-0.480474
-0.477428
-0.474092
-0.470469
-0.46656
-0.462368
-0.457895
-0.453144
-0.448118
-0.44282
-0.437253
-0.431421
-0.425326
-0.418974
-0.412367
-0.40551
-0.398406
-0.391061
-0.383478
-0.375663
-0.367619
-0.359353
-0.350868
-0.34217
-0.333264
-0.324156
-0.314851
-0.305356
-0.295674
-0.285813
-0.275779
-0.265577
-0.255215
-0.244697
-0.23403
-0.223222
-0.212278
-0.201205
-0.19001
-0.178699
-0.16728
-0.15576
-0.144145
-0.132442
-0.120659
-0.108803
-0.0968809
-0.0848999
-0.0728673
-0.0607904
-0.0486767
-0.0365334
-0.0243679
-0.0121877
0
0
0.0127116
0.0254154
0.0381038
0.0507691
0.0634035
0.0759995
0.0885493
0.101045
0.11348
0.125846
0.138135
0.150341
0.162455
0.174471
0.186381
0.198177
0.209853
0.221402
0.232817
0.24409
0.255215
0.266185
0.276993
0.287633
0.298099
0.308384
0.318481
0.328385
0.33809
0.347589
0.356878
0.36595
0.374799
0.383421
0.391811
0.399962
0.407871
0.415532
0.42294
0.430092
0.436983
0.443609
0.449965
0.456048
0.461854
0.46738
0.472622
0.477577
0.482243
0.486615
0.490692
0.494471
0.49795
0.501127
0.503999
0.506566
0.508825
0.510775
0.512415
0.513743
0.51476
0.515465
0.515856
0.515935
0.5157
0.515152
0.514291
0.513118
0.511634
0.509838
0.507734
0.505321
0.502601
0.499577
0.496249
0.492619
0.488691
0.484466
0.479947
0.475136
0.470037
0.464653
0.458986
0.453041
0.446821
0.44033
0.433571
0.426549
0.419268
0.411733
0.403947
0.395917
0.387646
0.379139
0.370403
0.361442
0.352261
0.342866
0.333263
0.323458
0.313457
0.303265
0.292889
0.282335
0.27161
0.26072
0.249672
0.238472
0.227127
0.215645
0.204031
0.192294
0.18044
0.168476
0.15641
0.14425
0.132001
0.119673
0.107271
0.0948051
0.0822812
0.0697074
0.0570912
0.0444404
0.0317626
0.0190655
0.00635688
-0.00635563
-0.0190643
-0.0317614
-0.0444391
-0.05709
-0.0697061
-0.0822799
-0.0948038
-0.10727
-0.119671
-0.132
-0.144248
-0.156409
-0.168475
-0.180439
-0.192293
-0.20403
-0.215643
-0.227126
-0.238471
-0.249671
-0.260719
-0.271609
-0.282334
-0.292888
-0.303264
-0.313455
-0.323457
-0.333262
-0.342865
-0.35226
-0.36144
-0.370402
-0.379138
-0.387645
-0.395916
-0.403946
-0.411732
-0.419267
-0.426548
-0.43357
-0.440329
-0.44682
-0.45304
-0.458985
-0.464652
-0.470036
-0.475135
-0.479946
-0.484465
-0.48869
-0.492618
-0.496248
-0.499576
-0.5026
-0.50532
-0.507733
-0.509838
-0.511633
-0.513117
-0.51429
-0.515151
-0.515699
-0.515934
-0.515855
-0.515464
-0.51476
-0.513743
-0.512414
-0.510774
-0.508824
-0.506565
-0.503999
-0.501126
-0.49795
-0.494471
-0.490691
-0.486614
-0.482242
-0.477577
-0.472622
-0.46738
-0.461854
-0.456048
-0.449964
-0.443608
-0.436983
-0.430092
-0.42294
-0.415531
-0.40787
-0.399962
-0.39181
-0.383421
-0.374799
-0.365949
-0.356877
-0.347589
-0.33809
-0.328385
-0.318481
-0.308383
-0.298099
-0.287633
-0.276993
-0.266185
-0.255215
-0.24409
-0.232816
-0.221402
-0.209853
-0.198177
-0.18638
-0.174471
-0.162455
-0.150341
-0.138135
-0.125846
-0.11348
-0.101045
-0.0885492
-0.0759994
-0.0634034
-0.050769
-0.0381037
-0.0254154
-0.0127115
0
0
0.0132277
0.0264474
0.039651
0.0528305
0.065978
0.0790854
0.0921448
0.105148
0.118088
0.130956
0.143744
0.156445
0.169052
0.181555
0.193949
0.206224
0.218375
0.230392
0.24227
0.254001
0.265578
0.276993
0.288241
0.299313
0.310203
0.320906
0.331413
0.341719
0.351818
0.361703
0.371369
0.380809
0.390018
0.39899
0.40772
0.416202
0.424432
0.432404
0.440114
0.447556
0.454727
0.461621
0.468236
0.474566
0.480608
0.486358
0.491813
0.496969
0.501824
0.506374
0.510617
0.514549
0.518169
0.521475
0.524464
0.527135
0.529485
0.531515
0.533221
0.534604
0.535662
0.536395
0.536803
0.536884
0.53664
0.536069
0.535174
0.533953
0.532408
0.53054
0.52835
0.525839
0.523009
0.519862
0.516399
0.512622
0.508534
0.504138
0.499435
0.494429
0.489123
0.48352
0.477623
0.471437
0.464964
0.458209
0.451176
0.443869
0.436292
0.428451
0.42035
0.411993
0.403386
0.394534
0.385443
0.376118
0.366564
0.356788
0.346795
0.336592
0.326184
0.315579
0.304782
0.293799
0.282639
0.271307
0.25981
0.248155
0.23635
0.224401
0.212316
0.200102
0.187767
0.175317
0.162761
0.150107
0.137361
0.124532
0.111627
0.0986546
0.0856222
0.0725378
0.0594094
0.0462449
0.0330523
0.0198397
0.006615
-0.0066137
-0.0198384
-0.033051
-0.0462436
-0.0594081
-0.0725365
-0.0856209
-0.0986533
-0.111626
-0.124531
-0.13736
-0.150106
-0.16276
-0.175316
-0.187765
-0.200101
-0.212315
-0.2244
-0.236348
-0.248154
-0.259808
-0.271305
-0.282638
-0.293798
-0.30478
-0.315578
-0.326183
-0.336591
-0.346794
-0.356787
-0.366563
-0.376117
-0.385442
-0.394533
-0.403385
-0.411992
-0.420348
-0.42845
-0.436291
-0.443868
-0.451175
-0.458208
-0.464963
-0.471436
-0.477622
-0.483519
-0.489122
-0.494428
-0.499434
-0.504136
-0.508533
-0.512621
-0.516398
-0.519861
-0.523008
-0.525838
-0.528349
-0.530539
-0.532407
-0.533952
-0.535173
-0.536068
-0.536639
-0.536883
-0.536802
-0.536394
-0.535661
-0.534603
-0.53322
-0.531514
-0.529485
-0.527134
-0.524463
-0.521474
-0.518169
-0.514549
-0.510616
-0.506373
-0.501823
-0.496969
-0.491812
-0.486357
-0.480607
-0.474565
-0.468235
-0.461621
-0.454726
-0.447556
-0.440113
-0.432404
-0.424432
-0.416202
-0.407719
-0.39899
-0.390017
-0.380808
-0.371368
-0.361703
-0.351818
-0.341719
-0.331413
-0.320905
-0.310203
-0.299312
-0.28824
-0.276993
-0.265577
-0.254001
-0.24227
-0.230392
-0.218374
-0.206224
-0.193948
-0.181555
-0.169051
-0.156445
-0.143744
-0.130956
-0.118088
-0.105148
-0.0921447
-0.0790853
-0.0659779
-0.0528305
-0.0396509
-0.0264473
-0.0132277
0
0
0.0137358
0.0274633
0.0411741
0.0548599
0.0685124
0.0821233
0.0956844
0.109187
0.122624
0.135986
0.149266
0.162455
0.175545
0.188529
0.201399
0.214146
0.226763
0.239242
0.251577
0.263758
0.27578
0.287633
0.299313
0.31081
0.322119
0.333233
0.344144
0.354846
0.365333
0.375597
0.385634
0.395437
0.405
0.414317
0.423382
0.43219
0.440736
0.449014
0.45702
0.464748
0.472194
0.479354
0.486222
0.492796
0.49907
0.505041
0.510705
0.51606
0.521101
0.525826
0.530231
0.534315
0.538074
0.541507
0.544611
0.547384
0.549825
0.551932
0.553704
0.55514
0.556239
0.557
0.557423
0.557508
0.557254
0.556662
0.555731
0.554464
0.55286
0.55092
0.548646
0.546039
0.5431
0.539832
0.536235
0.532314
0.528069
0.523503
0.51862
0.513422
0.507912
0.502094
0.495971
0.489546
0.482825
0.475811
0.468507
0.460919
0.453052
0.444909
0.436497
0.427819
0.418881
0.40969
0.400249
0.390566
0.380645
0.370494
0.360117
0.349522
0.338714
0.327701
0.316489
0.305085
0.293496
0.281728
0.26979
0.257687
0.245429
0.233021
0.220472
0.207789
0.194979
0.182052
0.169014
0.155873
0.142638
0.129316
0.115915
0.102444
0.0889112
0.0753242
0.0616915
0.0480213
0.034322
0.0206018
0.00686911
-0.00686775
-0.0206004
-0.0343206
-0.04802
-0.0616901
-0.0753229
-0.0889099
-0.102443
-0.115914
-0.129314
-0.142636
-0.155872
-0.169012
-0.18205
-0.194978
-0.207787
-0.22047
-0.23302
-0.245427
-0.257686
-0.269788
-0.281727
-0.293495
-0.305084
-0.316488
-0.3277
-0.338713
-0.34952
-0.360116
-0.370492
-0.380644
-0.390564
-0.400248
-0.409688
-0.41888
-0.427818
-0.436495
-0.444908
-0.453051
-0.460918
-0.468506
-0.475809
-0.482824
-0.489545
-0.495969
-0.502092
-0.507911
-0.513421
-0.518619
-0.523502
-0.528068
-0.532312
-0.536234
-0.53983
-0.543099
-0.546038
-0.548645
-0.550919
-0.552859
-0.554463
-0.55573
-0.556661
-0.557253
-0.557507
-0.557422
-0.556999
-0.556238
-0.555139
-0.553703
-0.551931
-0.549824
-0.547383
-0.54461
-0.541506
-0.538073
-0.534314
-0.53023
-0.525825
-0.5211
-0.516059
-0.510705
-0.50504
-0.499069
-0.492795
-0.486222
-0.479353
-0.472194
-0.464748
-0.457019
-0.449014
-0.440735
-0.43219
-0.423381
-0.414316
-0.404999
-0.395437
-0.385634
-0.375597
-0.365332
-0.354845
-0.344143
-0.333232
-0.322119
-0.31081
-0.299312
-0.287633
-0.275779
-0.263758
-0.251576
-0.239242
-0.226763
-0.214146
-0.201398
-0.188529
-0.175545
-0.162455
-0.149266
-0.135986
-0.122624
-0.109187
-0.0956843
-0.0821232
-0.0685123
-0.0548599
-0.0411741
-0.0274633
-0.0137358
0
0
0.0142356
0.0284626
0.0426722
0.056856
0.0710053
0.0851114
0.0991659
0.11316
0.127086
0.140934
0.154697
0.168366
0.181933
0.195389
0.208727
0.221938
0.235014
0.247947
0.26073
0.273355
0.285814
0.298099
0.310203
0.322119
0.33384
0.345357
0.356665
0.367757
0.378625
0.389264
0.399666
0.409825
0.419736
0.429392
0.438787
0.447916
0.456772
0.465352
0.473649
0.481658
0.489375
0.496795
0.503914
0.510726
0.517228
0.523417
0.529287
0.534837
0.540061
0.544958
0.549524
0.553756
0.557652
0.56121
0.564426
0.567301
0.56983
0.572014
0.573851
0.575339
0.576478
0.577266
0.577705
0.577793
0.57753
0.576916
0.575952
0.574638
0.572976
0.570966
0.568609
0.565907
0.562861
0.559473
0.555746
0.551682
0.547283
0.542551
0.53749
0.532103
0.526392
0.520362
0.514017
0.507359
0.500393
0.493123
0.485554
0.47769
0.469536
0.461097
0.452379
0.443385
0.434123
0.424596
0.414812
0.404777
0.394495
0.383974
0.37322
0.362239
0.351039
0.339625
0.328005
0.316186
0.304175
0.291979
0.279606
0.267064
0.254359
0.241499
0.228494
0.215349
0.202074
0.188676
0.175163
0.161544
0.147827
0.134021
0.120133
0.106172
0.0921463
0.0780649
0.0639362
0.0497686
0.0355708
0.0213514
0.00711904
-0.00711763
-0.02135
-0.0355694
-0.0497672
-0.0639348
-0.0780635
-0.0921449
-0.10617
-0.120131
-0.134019
-0.147826
-0.161543
-0.175162
-0.188674
-0.202072
-0.215348
-0.228492
-0.241498
-0.254357
-0.267062
-0.279605
-0.291978
-0.304173
-0.316184
-0.328004
-0.339623
-0.351037
-0.362238
-0.373219
-0.383973
-0.394494
-0.404775
-0.414811
-0.424595
-0.434121
-0.443384
-0.452377
-0.461096
-0.469535
-0.477689
-0.485553
-0.493122
-0.500392
-0.507357
-0.514015
-0.520361
-0.526391
-0.532101
-0.537489
-0.54255
-0.547281
-0.551681
-0.555745
-0.559472
-0.56286
-0.565905
-0.568608
-0.570965
-0.572975
-0.574637
-0.575951
-0.576915
-0.577529
-0.577792
-0.577704
-0.577265
-0.576477
-0.575338
-0.57385
-0.572013
-0.569829
-0.5673
-0.564426
-0.561209
-0.557651
-0.553755
-0.549523
-0.544957
-0.54006
-0.534836
-0.529287
-0.523416
-0.517228
-0.510725
-0.503913
-0.496795
-0.489375
-0.481658
-0.473648
-0.465351
-0.456772
-0.447915
-0.438786
-0.429391
-0.419735
-0.409825
-0.399665
-0.389263
-0.378625
-0.367757
-0.356665
-0.345357
-0.333839
-0.322119
-0.310203
-0.298099
-0.285813
-0.273355
-0.26073
-0.247947
-0.235014
-0.221937
-0.208726
-0.195389
-0.181933
-0.168366
-0.154697
-0.140934
-0.127086
-0.11316
-0.0991658
-0.0851113
-0.0710052
-0.0568559
-0.0426722
-0.0284625
-0.0142356
0
0
0.0147267
0.0294445
0.0441445
0.0588176
0.073455
0.0880478
0.102587
0.117064
0.13147
0.145797
0.160034
0.174175
0.18821
0.20213
0.215928
0.229595
0.243122
0.256502
0.269726
0.282786
0.295675
0.308384
0.320906
0.333233
0.345357
0.357273
0.368971
0.380445
0.391688
0.402694
0.413455
0.423964
0.434217
0.444206
0.453925
0.463369
0.472531
0.481407
0.48999
0.498276
0.506259
0.513935
0.521299
0.528347
0.535073
0.541475
0.547548
0.553289
0.558694
0.563759
0.568483
0.572861
0.576891
0.580572
0.5839
0.586873
0.58949
0.591749
0.593649
0.595188
0.596367
0.597183
0.597636
0.597727
0.597455
0.59682
0.595823
0.594464
0.592744
0.590664
0.588226
0.585431
0.58228
0.578776
0.57492
0.570715
0.566164
0.561269
0.556034
0.550461
0.544553
0.538315
0.53175
0.524863
0.517657
0.510136
0.502306
0.494171
0.485736
0.477006
0.467986
0.458682
0.4491
0.439245
0.429124
0.418742
0.408105
0.397221
0.386096
0.374737
0.36315
0.351342
0.339321
0.327094
0.314669
0.302053
0.289253
0.276277
0.263134
0.249831
0.236377
0.222779
0.209045
0.195185
0.181207
0.167118
0.152928
0.138645
0.124277
0.109835
0.0953254
0.0807582
0.066142
0.0514856
0.036798
0.022088
0.00736466
-0.00736319
-0.0220866
-0.0367965
-0.0514842
-0.0661405
-0.0807568
-0.095324
-0.109833
-0.124276
-0.138643
-0.152926
-0.167116
-0.181205
-0.195184
-0.209044
-0.222777
-0.236375
-0.24983
-0.263133
-0.276276
-0.289251
-0.302051
-0.314668
-0.327093
-0.33932
-0.351341
-0.363148
-0.374735
-0.386095
-0.39722
-0.408104
-0.41874
-0.429122
-0.439244
-0.449099
-0.458681
-0.467985
-0.477004
-0.485734
-0.49417
-0.502305
-0.510135
-0.517655
-0.524862
-0.531749
-0.538314
-0.544552
-0.550459
-0.556033
-0.561268
-0.566163
-0.570714
-0.574919
-0.578775
-0.582279
-0.58543
-0.588225
-0.590663
-0.592743
-0.594463
-0.595822
-0.596819
-0.597454
-0.597726
-0.597635
-0.597182
-0.596365
-0.595187
-0.593648
-0.591748
-0.589489
-0.586872
-0.583899
-0.580571
-0.576891
-0.57286
-0.568482
-0.563759
-0.558693
-0.553288
-0.547547
-0.541474
-0.535072
-0.528346
-0.521298
-0.513934
-0.506258
-0.498275
-0.489989
-0.481406
-0.472531
-0.463368
-0.453925
-0.444205
-0.434216
-0.423964
-0.413454
-0.402693
-0.391688
-0.380444
-0.36897
-0.357272
-0.345357
-0.333232
-0.320905
-0.308383
-0.295674
-0.282786
-0.269725
-0.256501
-0.243122
-0.229594
-0.215928
-0.20213
-0.188209
-0.174175
-0.160034
-0.145796
-0.13147
-0.117064
-0.102587
-0.0880477
-0.0734549
-0.0588175
-0.0441444
-0.0294445
-0.0147267
0
0
0.0152089
0.0304086
0.0455899
0.0607435
0.0758602
0.0909308
0.105946
0.120897
0.135775
0.15057
0.165274
0.179878
0.194372
0.208748
0.222998
0.237112
0.251083
0.2649
0.278557
0.292045
0.305356
0.318481
0.331413
0.344144
0.356665
0.368971
0.381052
0.392902
0.404513
0.415879
0.426992
0.437846
0.448435
0.458751
0.468788
0.478541
0.488003
0.49717
0.506034
0.514591
0.522836
0.530763
0.538368
0.545646
0.552593
0.559205
0.565477
0.571405
0.576987
0.582219
0.587097
0.591618
0.595781
0.599581
0.603018
0.606089
0.608792
0.611125
0.613087
0.614677
0.615893
0.616736
0.617205
0.617298
0.617017
0.616362
0.615332
0.613928
0.612152
0.610004
0.607486
0.604599
0.601346
0.597727
0.593745
0.589402
0.584702
0.579647
0.57424
0.568484
0.562384
0.555941
0.549162
0.542049
0.534606
0.52684
0.518753
0.510351
0.50164
0.492624
0.483309
0.473701
0.463805
0.453627
0.443175
0.432453
0.421468
0.410228
0.398738
0.387007
0.37504
0.362846
0.350432
0.337805
0.324972
0.311943
0.298724
0.285324
0.27175
0.258012
0.244117
0.230073
0.21589
0.201576
0.18714
0.17259
0.157935
0.143184
0.128347
0.113431
0.0984467
0.0834025
0.0683077
0.0531714
0.0380029
0.0228113
0.0076058
-0.00760428
-0.0228097
-0.0380014
-0.0531699
-0.0683062
-0.083401
-0.0984452
-0.11343
-0.128345
-0.143183
-0.157933
-0.172588
-0.187138
-0.201575
-0.215889
-0.230072
-0.244115
-0.25801
-0.271749
-0.285322
-0.298722
-0.311941
-0.324971
-0.337803
-0.35043
-0.362845
-0.375039
-0.387005
-0.398737
-0.410226
-0.421467
-0.432451
-0.443173
-0.453626
-0.463804
-0.4737
-0.483308
-0.492623
-0.501639
-0.51035
-0.518752
-0.526838
-0.534605
-0.542047
-0.54916
-0.55594
-0.562382
-0.568483
-0.574239
-0.579646
-0.584701
-0.589401
-0.593743
-0.597725
-0.601344
-0.604598
-0.607485
-0.610003
-0.612151
-0.613927
-0.615331
-0.61636
-0.617016
-0.617297
-0.617204
-0.616735
-0.615892
-0.614676
-0.613086
-0.611124
-0.608791
-0.606088
-0.603017
-0.59958
-0.59578
-0.591617
-0.587096
-0.582218
-0.576986
-0.571404
-0.565476
-0.559204
-0.552592
-0.545645
-0.538367
-0.530762
-0.522835
-0.51459
-0.506033
-0.497169
-0.488003
-0.47854
-0.468788
-0.45875
-0.448434
-0.437846
-0.426992
-0.415878
-0.404513
-0.392901
-0.381051
-0.36897
-0.356665
-0.344143
-0.331413
-0.318481
-0.305356
-0.292045
-0.278557
-0.2649
-0.251082
-0.237112
-0.222998
-0.208748
-0.194372
-0.179878
-0.165274
-0.15057
-0.135775
-0.120897
-0.105946
-0.0909307
-0.0758601
-0.0607434
-0.0455898
-0.0304086
-0.0152089
0
0
0.0156819
0.0313543
0.0470076
0.0626324
0.0782192
0.0937585
0.109241
0.124657
0.139997
0.155253
0.170414
0.185472
0.200417
0.21524
0.229933
0.244486
0.258891
0.273138
0.28722
0.301127
0.314852
0.328385
0.341719
0.354846
0.367757
0.380445
0.392902
0.40512
0.417093
0.428812
0.440271
0.451462
0.46238
0.473017
0.483366
0.493423
0.503179
0.51263
0.52177
0.530594
0.539095
0.547269
0.55511
0.562615
0.569778
0.576595
0.583062
0.589175
0.59493
0.600324
0.605354
0.610016
0.614308
0.618227
0.621771
0.624937
0.627724
0.630129
0.632152
0.633792
0.635046
0.635915
0.636398
0.636495
0.636205
0.635529
0.634467
0.63302
0.631189
0.628974
0.626378
0.623401
0.620046
0.616315
0.612209
0.607731
0.602885
0.597673
0.592098
0.586163
0.579872
0.57323
0.566239
0.558905
0.551231
0.543223
0.534885
0.526222
0.51724
0.507944
0.498339
0.488432
0.478228
0.467734
0.456956
0.445901
0.434575
0.422985
0.411138
0.399042
0.386703
0.37413
0.361329
0.34831
0.335078
0.321643
0.308014
0.294197
0.280201
0.266035
0.251708
0.237228
0.222604
0.207845
0.192959
0.177957
0.162846
0.147637
0.132338
0.116959
0.101508
0.0859961
0.0704319
0.054825
0.0391847
0.0235207
0.00784233
-0.00784075
-0.0235191
-0.0391831
-0.0548234
-0.0704304
-0.0859946
-0.101507
-0.116957
-0.132336
-0.147635
-0.162845
-0.177955
-0.192958
-0.207843
-0.222602
-0.237226
-0.251706
-0.266034
-0.280199
-0.294195
-0.308012
-0.321642
-0.335077
-0.348308
-0.361328
-0.374128
-0.386702
-0.39904
-0.411137
-0.422983
-0.434573
-0.445899
-0.456955
-0.467733
-0.478227
-0.488431
-0.498338
-0.507942
-0.517239
-0.526221
-0.534884
-0.543222
-0.55123
-0.558904
-0.566238
-0.573229
-0.579871
-0.586162
-0.592096
-0.597671
-0.602884
-0.60773
-0.612208
-0.616313
-0.620045
-0.6234
-0.626377
-0.628973
-0.631188
-0.633019
-0.634466
-0.635528
-0.636204
-0.636494
-0.636397
-0.635914
-0.635045
-0.633791
-0.632151
-0.630128
-0.627723
-0.624936
-0.62177
-0.618226
-0.614307
-0.610015
-0.605353
-0.600323
-0.594929
-0.589174
-0.583061
-0.576594
-0.569777
-0.562614
-0.555109
-0.547268
-0.539094
-0.530593
-0.52177
-0.51263
-0.503179
-0.493422
-0.483366
-0.473016
-0.462379
-0.451462
-0.44027
-0.428811
-0.417092
-0.40512
-0.392901
-0.380444
-0.367757
-0.354845
-0.341719
-0.328385
-0.314851
-0.301127
-0.28722
-0.273138
-0.25889
-0.244486
-0.229933
-0.21524
-0.200416
-0.185471
-0.170414
-0.155253
-0.139997
-0.124657
-0.109241
-0.0937584
-0.0782191
-0.0626324
-0.0470076
-0.0313543
-0.0156819
0
0
0.0161453
0.0322809
0.0483968
0.0644834
0.0805308
0.0965294
0.112469
0.128341
0.144135
0.159841
0.17545
0.190953
0.20634
0.221601
0.236728
0.251711
0.266542
0.28121
0.295708
0.310026
0.324157
0.33809
0.351818
0.365333
0.378625
0.391688
0.404513
0.417093
0.429419
0.441485
0.453282
0.464804
0.476045
0.486996
0.497651
0.508005
0.51805
0.52778
0.53719
0.546274
0.555027
0.563442
0.571515
0.579241
0.586616
0.593635
0.600293
0.606587
0.612512
0.618066
0.623244
0.628044
0.632463
0.636497
0.640146
0.643406
0.646275
0.648751
0.650834
0.652522
0.653814
0.654708
0.655206
0.655305
0.655007
0.654311
0.653218
0.651728
0.649842
0.647562
0.644889
0.641825
0.63837
0.634528
0.630301
0.625692
0.620702
0.615336
0.609596
0.603486
0.597009
0.59017
0.582973
0.575422
0.567522
0.559277
0.550692
0.541774
0.532526
0.522955
0.513067
0.502867
0.492361
0.481557
0.470461
0.459079
0.447418
0.435485
0.423288
0.410835
0.398131
0.385186
0.372008
0.358603
0.344981
0.331149
0.317116
0.302891
0.288482
0.273897
0.259147
0.244239
0.229183
0.213987
0.198662
0.183216
0.167659
0.152
0.136249
0.120415
0.104508
0.0885376
0.0725134
0.0564452
0.0403427
0.0242158
0.0080741
-0.00807247
-0.0242141
-0.0403411
-0.0564436
-0.0725118
-0.088536
-0.104506
-0.120413
-0.136247
-0.151998
-0.167657
-0.183214
-0.19866
-0.213986
-0.229181
-0.244237
-0.259145
-0.273896
-0.28848
-0.302889
-0.317115
-0.331147
-0.344979
-0.358601
-0.372006
-0.385185
-0.39813
-0.410833
-0.423287
-0.435484
-0.447416
-0.459077
-0.470459
-0.481556
-0.49236
-0.502865
-0.513065
-0.522954
-0.532525
-0.541772
-0.550691
-0.559276
-0.56752
-0.575421
-0.582972
-0.590169
-0.597008
-0.603484
-0.609594
-0.615334
-0.620701
-0.62569
-0.6303
-0.634527
-0.638369
-0.641823
-0.644888
-0.647561
-0.649841
-0.651727
-0.653216
-0.65431
-0.655006
-0.655304
-0.655205
-0.654707
-0.653813
-0.652521
-0.650833
-0.64875
-0.646274
-0.643405
-0.640145
-0.636496
-0.632462
-0.628043
-0.623243
-0.618065
-0.612511
-0.606586
-0.600292
-0.593634
-0.586615
-0.579241
-0.571514
-0.563441
-0.555026
-0.546273
-0.53719
-0.527779
-0.518049
-0.508004
-0.497651
-0.486995
-0.476044
-0.464804
-0.453281
-0.441484
-0.429418
-0.417092
-0.404513
-0.391688
-0.378625
-0.365332
-0.351818
-0.33809
-0.324156
-0.310026
-0.295708
-0.28121
-0.266541
-0.251711
-0.236728
-0.221601
-0.206339
-0.190953
-0.17545
-0.159841
-0.144134
-0.128341
-0.112469
-0.0965292
-0.0805307
-0.0644833
-0.0483968
-0.0322809
-0.0161453
0
0
0.016599
0.0331879
0.0497567
0.0662952
0.0827935
0.0992416
0.115629
0.131947
0.148184
0.164332
0.18038
0.196318
0.212137
0.227827
0.243379
0.258784
0.274031
0.289111
0.304017
0.318737
0.333265
0.347589
0.361703
0.375597
0.389264
0.402694
0.415879
0.428812
0.441485
0.453889
0.466018
0.477864
0.48942
0.500679
0.511634
0.522278
0.532606
0.542609
0.552284
0.561623
0.570621
0.579273
0.587573
0.595517
0.603099
0.610314
0.61716
0.62363
0.629722
0.635432
0.640756
0.64569
0.650233
0.654381
0.658132
0.661484
0.664433
0.66698
0.669121
0.670856
0.672184
0.673104
0.673615
0.673718
0.673411
0.672695
0.671571
0.67004
0.668101
0.665757
0.663009
0.659858
0.656307
0.652357
0.648011
0.643272
0.638142
0.632625
0.626724
0.620442
0.613784
0.606753
0.599353
0.59159
0.583468
0.574991
0.566166
0.556996
0.547489
0.537649
0.527482
0.516996
0.506195
0.495088
0.483679
0.471977
0.459989
0.447721
0.435182
0.422378
0.409318
0.396009
0.38246
0.368679
0.354674
0.340453
0.326026
0.311401
0.296587
0.281593
0.266428
0.251101
0.235622
0.22
0.204244
0.188364
0.17237
0.156271
0.140077
0.123798
0.107444
0.0910253
0.0745508
0.0580312
0.0414763
0.0248962
0.00830096
-0.00829928
-0.0248945
-0.0414746
-0.0580295
-0.0745492
-0.0910236
-0.107443
-0.123797
-0.140075
-0.156269
-0.172368
-0.188362
-0.204242
-0.219998
-0.23562
-0.2511
-0.266426
-0.281591
-0.296586
-0.3114
-0.326025
-0.340452
-0.354672
-0.368677
-0.382459
-0.396008
-0.409316
-0.422376
-0.43518
-0.44772
-0.459987
-0.471976
-0.483678
-0.495086
-0.506194
-0.516994
-0.527481
-0.537647
-0.547487
-0.556995
-0.566164
-0.57499
-0.583466
-0.591589
-0.599352
-0.606751
-0.613782
-0.620441
-0.626722
-0.632624
-0.638141
-0.643271
-0.64801
-0.652356
-0.656305
-0.659857
-0.663008
-0.665756
-0.6681
-0.670038
-0.67157
-0.672694
-0.67341
-0.673716
-0.673614
-0.673103
-0.672183
-0.670855
-0.66912
-0.666979
-0.664432
-0.661483
-0.658131
-0.65438
-0.650232
-0.645689
-0.640755
-0.635431
-0.629721
-0.623629
-0.617159
-0.610313
-0.603098
-0.595516
-0.587572
-0.579272
-0.570621
-0.561622
-0.552283
-0.542609
-0.532605
-0.522278
-0.511633
-0.500678
-0.48942
-0.477864
-0.466017
-0.453888
-0.441484
-0.428811
-0.415878
-0.402693
-0.389263
-0.375597
-0.361703
-0.347589
-0.333264
-0.318737
-0.304016
-0.289111
-0.27403
-0.258783
-0.243379
-0.227827
-0.212137
-0.196318
-0.18038
-0.164332
-0.148184
-0.131947
-0.115629
-0.0992415
-0.0827934
-0.0662952
-0.0497566
-0.0331879
-0.016599
0
0
0.0170426
0.0340748
0.0510863
0.0680668
0.085006
0.101894
0.118719
0.135473
0.152144
0.168723
0.1852
0.201564
0.217806
0.233916
0.249883
0.265699
0.281354
0.296837
0.312141
0.327255
0.34217
0.356878
0.371369
0.385634
0.399666
0.413455
0.426992
0.440271
0.453282
0.466018
0.478471
0.490634
0.502499
0.514058
0.525306
0.536235
0.546838
0.557109
0.567042
0.576631
0.58587
0.594753
0.603275
0.61143
0.619215
0.626623
0.633652
0.640295
0.64655
0.652412
0.657878
0.662945
0.667609
0.671868
0.675719
0.67916
0.682189
0.684803
0.687002
0.688783
0.690147
0.691091
0.691616
0.691721
0.691406
0.690671
0.689517
0.687945
0.685954
0.683548
0.680726
0.677491
0.673845
0.66979
0.665328
0.660462
0.655195
0.64953
0.643471
0.637022
0.630186
0.622967
0.61537
0.607399
0.599059
0.590356
0.581295
0.57188
0.562119
0.552016
0.541578
0.530811
0.519722
0.508318
0.496604
0.48459
0.472281
0.459685
0.446811
0.433665
0.420256
0.406592
0.39268
0.378531
0.364152
0.349551
0.334739
0.319723
0.304513
0.289118
0.273548
0.257811
0.241918
0.225879
0.209702
0.193397
0.176976
0.160447
0.14382
0.127107
0.110316
0.0934577
0.076543
0.0595819
0.0425846
0.0255615
0.00852279
-0.00852105
-0.0255597
-0.0425829
-0.0595802
-0.0765413
-0.0934559
-0.110314
-0.127105
-0.143819
-0.160445
-0.176974
-0.193396
-0.2097
-0.225877
-0.241917
-0.25781
-0.273546
-0.289116
-0.304511
-0.319721
-0.334737
-0.349549
-0.36415
-0.378529
-0.392679
-0.40659
-0.420254
-0.433663
-0.446809
-0.459684
-0.472279
-0.484588
-0.496603
-0.508316
-0.519721
-0.53081
-0.541576
-0.552014
-0.562117
-0.571879
-0.581293
-0.590355
-0.599058
-0.607397
-0.615368
-0.622965
-0.630184
-0.63702
-0.64347
-0.649529
-0.655194
-0.66046
-0.665326
-0.669788
-0.673844
-0.67749
-0.680725
-0.683546
-0.685953
-0.687943
-0.689516
-0.69067
-0.691405
-0.69172
-0.691615
-0.69109
-0.690145
-0.688782
-0.687
-0.684802
-0.682187
-0.679159
-0.675718
-0.671867
-0.667608
-0.662944
-0.657877
-0.652411
-0.646549
-0.640294
-0.633651
-0.626622
-0.619214
-0.611429
-0.603274
-0.594752
-0.585869
-0.57663
-0.567041
-0.557109
-0.546837
-0.536234
-0.525305
-0.514058
-0.502498
-0.490633
-0.478471
-0.466017
-0.453281
-0.44027
-0.426992
-0.413454
-0.399665
-0.385634
-0.371368
-0.356877
-0.34217
-0.327254
-0.31214
-0.296837
-0.281353
-0.265699
-0.249883
-0.233915
-0.217806
-0.201564
-0.1852
-0.168723
-0.152144
-0.135473
-0.118719
-0.101893
-0.0850059
-0.0680667
-0.0510862
-0.0340747
-0.0170425
0
0
0.0174758
0.0349409
0.0523849
0.0697971
0.0871668
0.104484
0.121737
0.138917
0.156012
0.173012
0.189908
0.206688
0.223343
0.239862
0.256235
0.272453
0.288505
0.304383
0.320075
0.335574
0.350868
0.36595
0.380809
0.395437
0.409825
0.423964
0.437846
0.451462
0.464804
0.477864
0.490634
0.503106
0.515272
0.527126
0.538659
0.549866
0.560739
0.571271
0.581456
0.591289
0.600762
0.609871
0.61861
0.626973
0.634955
0.642552
0.649759
0.656571
0.662985
0.668996
0.674601
0.679797
0.68458
0.688947
0.692896
0.696424
0.69953
0.702211
0.704465
0.706292
0.70769
0.708658
0.709197
0.709304
0.708981
0.708228
0.707045
0.705432
0.703391
0.700923
0.69803
0.694713
0.690974
0.686816
0.68224
0.677251
0.67185
0.666041
0.659828
0.653215
0.646205
0.638802
0.631012
0.622839
0.614287
0.605363
0.596071
0.586418
0.576408
0.566048
0.555345
0.544304
0.532933
0.521239
0.509228
0.496908
0.484286
0.471371
0.458169
0.444689
0.430939
0.416927
0.402662
0.388153
0.373408
0.358437
0.343248
0.32785
0.312253
0.296467
0.280501
0.264365
0.248068
0.23162
0.215032
0.198314
0.181475
0.164525
0.147476
0.130338
0.11312
0.0958334
0.0784887
0.0610965
0.0436671
0.0262112
0.00873944
-0.00873765
-0.0262094
-0.0436653
-0.0610947
-0.078487
-0.0958316
-0.113118
-0.130336
-0.147474
-0.164524
-0.181473
-0.198312
-0.215031
-0.231619
-0.248066
-0.264363
-0.280499
-0.296466
-0.312252
-0.327848
-0.343246
-0.358435
-0.373407
-0.388151
-0.402661
-0.416925
-0.430937
-0.444687
-0.458167
-0.471369
-0.484285
-0.496906
-0.509226
-0.521237
-0.532932
-0.544303
-0.555343
-0.566047
-0.576406
-0.586416
-0.59607
-0.605362
-0.614286
-0.622837
-0.631011
-0.638801
-0.646203
-0.653213
-0.659827
-0.66604
-0.671848
-0.677249
-0.682239
-0.686814
-0.690973
-0.694711
-0.698029
-0.700922
-0.70339
-0.705431
-0.707043
-0.708227
-0.70898
-0.709303
-0.709195
-0.708657
-0.707689
-0.706291
-0.704464
-0.702209
-0.699529
-0.696423
-0.692895
-0.688946
-0.684579
-0.679796
-0.6746
-0.668995
-0.662984
-0.65657
-0.649758
-0.642551
-0.634954
-0.626972
-0.618609
-0.60987
-0.600762
-0.591288
-0.581456
-0.57127
-0.560738
-0.549865
-0.538659
-0.527125
-0.515271
-0.503105
-0.490633
-0.477864
-0.464804
-0.451462
-0.437846
-0.423964
-0.409825
-0.395437
-0.380808
-0.365949
-0.350868
-0.335573
-0.320075
-0.304382
-0.288505
-0.272453
-0.256235
-0.239861
-0.223342
-0.206688
-0.189908
-0.173012
-0.156012
-0.138916
-0.121737
-0.104484
-0.0871667
-0.069797
-0.0523848
-0.0349409
-0.0174758
0
0
0.0178984
0.0357859
0.0536517
0.0714849
0.0892748
0.10701
0.124681
0.142276
0.159785
0.177196
0.1945
0.211686
0.228744
0.245662
0.262432
0.279042
0.295482
0.311744
0.327816
0.343689
0.359353
0.374799
0.390018
0.405
0.419736
0.434217
0.448435
0.46238
0.476045
0.48942
0.502499
0.515272
0.527733
0.539873
0.551686
0.563163
0.574299
0.585086
0.595518
0.605588
0.61529
0.62462
0.633569
0.642135
0.65031
0.658091
0.665472
0.672449
0.679018
0.685174
0.690915
0.696236
0.701135
0.705607
0.709652
0.713266
0.716446
0.719192
0.721501
0.723372
0.724804
0.725796
0.726347
0.726457
0.726126
0.725355
0.724143
0.722491
0.720401
0.717874
0.71491
0.711513
0.707684
0.703425
0.698739
0.693628
0.688097
0.682148
0.675785
0.669011
0.661832
0.65425
0.646272
0.637901
0.629143
0.620002
0.610486
0.600599
0.590347
0.579737
0.568775
0.557467
0.545821
0.533844
0.521543
0.508925
0.495998
0.48277
0.469248
0.455442
0.44136
0.427009
0.4124
0.39754
0.382438
0.367105
0.351548
0.335778
0.319805
0.303637
0.287284
0.270758
0.254067
0.237222
0.220232
0.203109
0.185863
0.168504
0.151043
0.133489
0.115855
0.0981509
0.0803868
0.0625739
0.0447231
0.0268451
0.00895079
-0.00894894
-0.0268432
-0.0447212
-0.0625721
-0.080385
-0.098149
-0.115854
-0.133488
-0.151041
-0.168502
-0.185861
-0.203108
-0.220231
-0.23722
-0.254065
-0.270756
-0.287283
-0.303635
-0.319803
-0.335777
-0.351546
-0.367103
-0.382436
-0.397538
-0.412398
-0.427008
-0.441358
-0.455441
-0.469247
-0.482768
-0.495996
-0.508923
-0.521541
-0.533842
-0.545819
-0.557465
-0.568773
-0.579735
-0.590345
-0.600597
-0.610484
-0.620001
-0.629141
-0.637899
-0.64627
-0.654249
-0.66183
-0.66901
-0.675783
-0.682146
-0.688095
-0.693627
-0.698737
-0.703423
-0.707682
-0.711511
-0.714909
-0.717872
-0.7204
-0.72249
-0.724142
-0.725354
-0.726125
-0.726456
-0.726346
-0.725794
-0.724803
-0.723371
-0.7215
-0.719191
-0.716445
-0.713264
-0.709651
-0.705606
-0.701133
-0.696235
-0.690914
-0.685173
-0.679017
-0.672448
-0.665471
-0.65809
-0.650309
-0.642134
-0.633568
-0.624619
-0.61529
-0.605587
-0.595517
-0.585085
-0.574298
-0.563162
-0.551685
-0.539872
-0.527732
-0.515271
-0.502498
-0.48942
-0.476044
-0.462379
-0.448434
-0.434216
-0.419735
-0.404999
-0.390017
-0.374799
-0.359353
-0.343688
-0.327815
-0.311743
-0.295482
-0.279041
-0.262431
-0.245662
-0.228743
-0.211686
-0.1945
-0.177196
-0.159784
-0.142276
-0.124681
-0.10701
-0.0892746
-0.0714848
-0.0536516
-0.0357859
-0.0178984
0
0
0.0183101
0.0366091
0.0548859
0.0731294
0.0913285
0.109472
0.127549
0.145549
0.16346
0.181273
0.198975
0.216556
0.234006
0.251313
0.268469
0.285461
0.30228
0.318915
0.335357
0.351595
0.36762
0.383421
0.39899
0.414317
0.429392
0.444206
0.458751
0.473017
0.486996
0.500679
0.514058
0.527126
0.539873
0.552293
0.564377
0.576118
0.58751
0.598545
0.609217
0.619519
0.629445
0.638989
0.648144
0.656907
0.66527
0.67323
0.680781
0.687918
0.694638
0.700936
0.706809
0.712253
0.717264
0.72184
0.725977
0.729674
0.732928
0.735737
0.738099
0.740013
0.741478
0.742492
0.743056
0.743169
0.742831
0.742041
0.740801
0.739112
0.736974
0.734388
0.731356
0.727881
0.723963
0.719606
0.714813
0.709585
0.703926
0.69784
0.691331
0.684402
0.677057
0.669301
0.661139
0.652575
0.643616
0.634265
0.62453
0.614415
0.603928
0.593073
0.581859
0.570291
0.558378
0.546125
0.53354
0.520632
0.507408
0.493875
0.480043
0.46592
0.451513
0.436833
0.421887
0.406685
0.391236
0.37555
0.359635
0.343503
0.327162
0.310622
0.293893
0.276987
0.259912
0.242679
0.225299
0.207782
0.190139
0.17238
0.154517
0.13656
0.118521
0.100409
0.0822361
0.0640134
0.0457519
0.0274627
0.0091567
-0.00915481
-0.0274608
-0.04575
-0.0640115
-0.0822342
-0.100407
-0.118519
-0.136558
-0.154515
-0.172378
-0.190137
-0.20778
-0.225297
-0.242677
-0.25991
-0.276985
-0.293891
-0.31062
-0.32716
-0.343501
-0.359634
-0.375548
-0.391234
-0.406683
-0.421885
-0.436831
-0.451511
-0.465918
-0.480041
-0.493874
-0.507406
-0.52063
-0.533539
-0.546123
-0.558376
-0.57029
-0.581857
-0.593072
-0.603926
-0.614413
-0.624528
-0.634264
-0.643614
-0.652574
-0.661137
-0.669299
-0.677055
-0.6844
-0.691329
-0.697839
-0.703925
-0.709583
-0.714811
-0.719605
-0.723962
-0.727879
-0.731355
-0.734386
-0.736972
-0.73911
-0.7408
-0.74204
-0.742829
-0.743168
-0.743055
-0.742491
-0.741476
-0.740012
-0.738097
-0.735735
-0.732926
-0.729673
-0.725976
-0.721838
-0.717263
-0.712252
-0.706808
-0.700935
-0.694637
-0.687917
-0.68078
-0.673229
-0.665269
-0.656906
-0.648143
-0.638988
-0.629444
-0.619518
-0.609216
-0.598545
-0.587509
-0.576118
-0.564376
-0.552292
-0.539872
-0.527125
-0.514058
-0.500678
-0.486995
-0.473016
-0.45875
-0.444205
-0.429391
-0.414316
-0.39899
-0.383421
-0.367619
-0.351595
-0.335356
-0.318915
-0.302279
-0.28546
-0.268468
-0.251313
-0.234005
-0.216556
-0.198974
-0.181272
-0.16346
-0.145549
-0.127549
-0.109472
-0.0913284
-0.0731293
-0.0548859
-0.0366091
-0.0183101
0
0
0.0187108
0.0374102
0.0560868
0.0747295
0.0933268
0.111867
0.13034
0.148734
0.167037
0.185239
0.203328
0.221294
0.239126
0.256812
0.274343
0.291707
0.308894
0.325893
0.342695
0.359288
0.375663
0.391811
0.40772
0.423382
0.438787
0.453925
0.468788
0.483366
0.497651
0.511634
0.525306
0.538659
0.551686
0.564377
0.576725
0.588724
0.600365
0.611642
0.622547
0.633074
0.643217
0.65297
0.662326
0.67128
0.679826
0.68796
0.695676
0.70297
0.709837
0.716273
0.722274
0.727837
0.732958
0.737634
0.741862
0.745639
0.748964
0.751835
0.754248
0.756204
0.757701
0.758738
0.759314
0.75943
0.759084
0.758277
0.75701
0.755284
0.753099
0.750456
0.747359
0.743807
0.739804
0.735352
0.730453
0.725111
0.719328
0.713109
0.706457
0.699376
0.691871
0.683945
0.675605
0.666854
0.657698
0.648143
0.638195
0.627859
0.617142
0.60605
0.59459
0.582769
0.570595
0.558074
0.545214
0.532024
0.51851
0.504682
0.490547
0.476114
0.461392
0.446391
0.431118
0.415583
0.399796
0.383767
0.367504
0.351019
0.33432
0.317418
0.300324
0.283047
0.265598
0.247989
0.230228
0.212328
0.194299
0.176152
0.157898
0.139548
0.121114
0.102606
0.0840354
0.0654141
0.046753
0.0280635
0.00935706
-0.00935511
-0.0280616
-0.046751
-0.0654121
-0.0840335
-0.102604
-0.121112
-0.139546
-0.157896
-0.17615
-0.194297
-0.212326
-0.230226
-0.247987
-0.265597
-0.283045
-0.300322
-0.317416
-0.334318
-0.351017
-0.367502
-0.383765
-0.399794
-0.415581
-0.431116
-0.446389
-0.46139
-0.476112
-0.490545
-0.50468
-0.518508
-0.532022
-0.545213
-0.558072
-0.570593
-0.582768
-0.594588
-0.606048
-0.61714
-0.627857
-0.638193
-0.648141
-0.657696
-0.666852
-0.675603
-0.683944
-0.691869
-0.699375
-0.706456
-0.713108
-0.719327
-0.725109
-0.730451
-0.73535
-0.739802
-0.743805
-0.747357
-0.750455
-0.753097
-0.755282
-0.757009
-0.758276
-0.759082
-0.759428
-0.759313
-0.758737
-0.7577
-0.756203
-0.754247
-0.751833
-0.748963
-0.745638
-0.74186
-0.737632
-0.732956
-0.727836
-0.722273
-0.716272
-0.709836
-0.702969
-0.695675
-0.687959
-0.679825
-0.671279
-0.662325
-0.652969
-0.643216
-0.633073
-0.622546
-0.611641
-0.600364
-0.588723
-0.576725
-0.564376
-0.551685
-0.538659
-0.525305
-0.511633
-0.497651
-0.483366
-0.468788
-0.453925
-0.438786
-0.423381
-0.407719
-0.39181
-0.375663
-0.359288
-0.342694
-0.325893
-0.308893
-0.291706
-0.274342
-0.256812
-0.239125
-0.221294
-0.203328
-0.185239
-0.167037
-0.148733
-0.13034
-0.111867
-0.0933266
-0.0747294
-0.0560868
-0.0374101
-0.0187107
0
0
0.0191
0.0381885
0.0572537
0.0762842
0.0952684
0.114195
0.133052
0.151828
0.170512
0.189093
0.207558
0.225898
0.244101
0.262155
0.28005
0.297776
0.31532
0.332673
0.349824
0.366763
0.383479
0.399962
0.416202
0.43219
0.447916
0.463369
0.478541
0.493423
0.508005
0.522278
0.536235
0.549866
0.563163
0.576118
0.588724
0.600972
0.612855
0.624367
0.635499
0.646245
0.656599
0.666554
0.676105
0.685246
0.69397
0.702273
0.710149
0.717595
0.724605
0.731175
0.737301
0.742979
0.748206
0.75298
0.757296
0.761152
0.764546
0.767476
0.76994
0.771937
0.773465
0.774523
0.775112
0.775229
0.774876
0.774053
0.77276
0.770997
0.768767
0.766069
0.762907
0.759282
0.755195
0.75065
0.74565
0.740196
0.734294
0.727945
0.721155
0.713927
0.706265
0.698175
0.68966
0.680727
0.671381
0.661627
0.651472
0.640921
0.629981
0.618658
0.60696
0.594894
0.582466
0.569684
0.556557
0.543092
0.529297
0.515181
0.500752
0.486019
0.470991
0.455677
0.440087
0.424229
0.408114
0.391751
0.37515
0.358321
0.341275
0.324022
0.306572
0.288936
0.271124
0.253148
0.235018
0.216745
0.198341
0.179817
0.161183
0.142452
0.123634
0.10474
0.0857837
0.066775
0.0477257
0.0286474
0.00955173
-0.00954973
-0.0286454
-0.0477237
-0.066773
-0.0857817
-0.104738
-0.123632
-0.14245
-0.161181
-0.179815
-0.198339
-0.216744
-0.235016
-0.253146
-0.271122
-0.288934
-0.30657
-0.32402
-0.341273
-0.358319
-0.375148
-0.391749
-0.408112
-0.424227
-0.440085
-0.455676
-0.470989
-0.486017
-0.50075
-0.515179
-0.529295
-0.54309
-0.556555
-0.569683
-0.582464
-0.594892
-0.606958
-0.618657
-0.629979
-0.640919
-0.65147
-0.661626
-0.671379
-0.680726
-0.689659
-0.698173
-0.706263
-0.713925
-0.721153
-0.727944
-0.734292
-0.740195
-0.745648
-0.750649
-0.755194
-0.75928
-0.762905
-0.766068
-0.768765
-0.770996
-0.772758
-0.774051
-0.774875
-0.775228
-0.77511
-0.774522
-0.773463
-0.771935
-0.769939
-0.767475
-0.764545
-0.761151
-0.757294
-0.752978
-0.748205
-0.742978
-0.7373
-0.731173
-0.724604
-0.717594
-0.710148
-0.702272
-0.693969
-0.685244
-0.676104
-0.666553
-0.656598
-0.646244
-0.635498
-0.624366
-0.612854
-0.600971
-0.588723
-0.576118
-0.563162
-0.549865
-0.536234
-0.522278
-0.508004
-0.493422
-0.47854
-0.463368
-0.447915
-0.43219
-0.416202
-0.399962
-0.383478
-0.366762
-0.349824
-0.332673
-0.31532
-0.297775
-0.28005
-0.262155
-0.2441
-0.225898
-0.207558
-0.189092
-0.170512
-0.151828
-0.133052
-0.114195
-0.0952682
-0.0762841
-0.0572536
-0.0381884
-0.0191
0
0
0.0194777
0.0389436
0.0583858
0.0777926
0.0971522
0.116453
0.135683
0.15483
0.173884
0.192832
0.211662
0.230365
0.248927
0.267339
0.285588
0.303664
0.321555
0.339251
0.356741
0.374015
0.391062
0.407871
0.424432
0.440736
0.456772
0.472531
0.488003
0.503179
0.51805
0.532606
0.546838
0.560739
0.574299
0.58751
0.600365
0.612855
0.624974
0.636712
0.648065
0.659024
0.669582
0.679735
0.689474
0.698795
0.707692
0.716159
0.724191
0.731784
0.738933
0.745632
0.75188
0.75767
0.763001
0.767869
0.77227
0.776202
0.779664
0.782652
0.785165
0.787201
0.788759
0.789838
0.790438
0.790558
0.790198
0.789359
0.78804
0.786242
0.783968
0.781217
0.777992
0.774295
0.770128
0.765493
0.760394
0.754833
0.748813
0.742339
0.735414
0.728043
0.72023
0.71198
0.703297
0.694188
0.684657
0.67471
0.664354
0.653594
0.642438
0.630891
0.618962
0.606657
0.593983
0.580949
0.567562
0.553831
0.539763
0.525368
0.510654
0.49563
0.480305
0.464688
0.448789
0.432618
0.416184
0.399497
0.382568
0.365407
0.348023
0.330429
0.312634
0.294649
0.276485
0.258154
0.239665
0.221031
0.202263
0.183372
0.16437
0.145268
0.126078
0.106812
0.08748
0.0680954
0.0486694
0.0292139
0.00974061
-0.00973856
-0.0292118
-0.0486673
-0.0680933
-0.0874779
-0.106809
-0.126076
-0.145266
-0.164368
-0.18337
-0.202261
-0.221029
-0.239663
-0.258151
-0.276483
-0.294647
-0.312632
-0.330427
-0.348021
-0.365405
-0.382566
-0.399495
-0.416182
-0.432616
-0.448787
-0.464686
-0.480303
-0.495628
-0.510652
-0.525366
-0.539761
-0.553829
-0.56756
-0.580947
-0.593981
-0.606655
-0.61896
-0.630889
-0.642436
-0.653592
-0.664352
-0.674708
-0.684655
-0.694186
-0.703296
-0.711978
-0.720229
-0.728042
-0.735413
-0.742337
-0.748811
-0.754831
-0.760392
-0.765492
-0.770126
-0.774294
-0.777991
-0.781216
-0.783966
-0.786241
-0.788038
-0.789357
-0.790197
-0.790557
-0.790437
-0.789837
-0.788757
-0.787199
-0.785163
-0.78265
-0.779662
-0.776201
-0.772269
-0.767867
-0.763
-0.757669
-0.751878
-0.745631
-0.738931
-0.731783
-0.72419
-0.716158
-0.707691
-0.698794
-0.689473
-0.679734
-0.669581
-0.659023
-0.648064
-0.636711
-0.624973
-0.612854
-0.600364
-0.587509
-0.574298
-0.560738
-0.546837
-0.532605
-0.518049
-0.503179
-0.488003
-0.472531
-0.456772
-0.440735
-0.424432
-0.40787
-0.391061
-0.374014
-0.356741
-0.339251
-0.321555
-0.303663
-0.285588
-0.267338
-0.248927
-0.230365
-0.211662
-0.192831
-0.173883
-0.15483
-0.135682
-0.116453
-0.097152
-0.0777925
-0.0583857
-0.0389435
-0.0194777
0
0
0.0198435
0.039675
0.0594825
0.0792538
0.098977
0.11864
0.138231
0.157738
0.17715
0.196454
0.215638
0.234692
0.253603
0.27236
0.290952
0.309367
0.327595
0.345623
0.363442
0.38104
0.398407
0.415532
0.432404
0.449014
0.465352
0.481407
0.49717
0.51263
0.52778
0.542609
0.557109
0.571271
0.585086
0.598545
0.611642
0.624367
0.636712
0.648672
0.660237
0.671402
0.682159
0.692502
0.702424
0.711921
0.720984
0.729611
0.737794
0.745529
0.752812
0.759638
0.766002
0.771902
0.777332
0.782291
0.786775
0.790782
0.794308
0.797352
0.799912
0.801987
0.803574
0.804674
0.805285
0.805407
0.80504
0.804185
0.802841
0.80101
0.798693
0.795891
0.792605
0.788839
0.784593
0.779871
0.774676
0.76901
0.762878
0.756282
0.749228
0.741718
0.733758
0.725353
0.716507
0.707227
0.697517
0.687383
0.676832
0.665871
0.654505
0.642741
0.630588
0.618051
0.60514
0.591861
0.578223
0.564234
0.549902
0.535236
0.520245
0.504939
0.489326
0.473416
0.457219
0.440743
0.424001
0.407001
0.389754
0.37227
0.35456
0.336635
0.318506
0.300183
0.281678
0.263002
0.244167
0.225183
0.206062
0.186817
0.167458
0.147997
0.128446
0.108818
0.0891231
0.0693744
0.0495835
0.0297626
0.00992357
-0.00992147
-0.0297605
-0.0495814
-0.0693723
-0.089121
-0.108816
-0.128444
-0.147995
-0.167456
-0.186815
-0.20606
-0.225181
-0.244165
-0.263
-0.281676
-0.300181
-0.318504
-0.336633
-0.354558
-0.372268
-0.389752
-0.406999
-0.423999
-0.440741
-0.457217
-0.473414
-0.489324
-0.504937
-0.520243
-0.535234
-0.5499
-0.564232
-0.578221
-0.591859
-0.605138
-0.61805
-0.630586
-0.642739
-0.654503
-0.665869
-0.67683
-0.687381
-0.697515
-0.707225
-0.716505
-0.725351
-0.733756
-0.741716
-0.749226
-0.756281
-0.762876
-0.769009
-0.774674
-0.77987
-0.784592
-0.788837
-0.792604
-0.795889
-0.798691
-0.801009
-0.80284
-0.804183
-0.805039
-0.805406
-0.805283
-0.804672
-0.803573
-0.801985
-0.799911
-0.797351
-0.794307
-0.79078
-0.786774
-0.78229
-0.777331
-0.7719
-0.766001
-0.759636
-0.752811
-0.745528
-0.737793
-0.72961
-0.720983
-0.711919
-0.702423
-0.692501
-0.682158
-0.671401
-0.660236
-0.648671
-0.636711
-0.624366
-0.611641
-0.598545
-0.585085
-0.57127
-0.557109
-0.542609
-0.527779
-0.51263
-0.497169
-0.481406
-0.465351
-0.449014
-0.432404
-0.415531
-0.398406
-0.38104
-0.363441
-0.345623
-0.327594
-0.309367
-0.290952
-0.27236
-0.253603
-0.234691
-0.215638
-0.196453
-0.177149
-0.157738
-0.138231
-0.11864
-0.0989768
-0.0792537
-0.0594824
-0.039675
-0.0198435
0
0
0.0201973
0.0403824
0.060543
0.0806668
0.100742
0.120755
0.140696
0.160551
0.180308
0.199956
0.219483
0.238876
0.258125
0.277216
0.29614
0.314883
0.333436
0.351786
0.369922
0.387834
0.40551
0.42294
0.440114
0.45702
0.473649
0.48999
0.506034
0.52177
0.53719
0.552284
0.567042
0.581456
0.595518
0.609217
0.622547
0.635499
0.648065
0.660237
0.672009
0.683373
0.694322
0.704849
0.714948
0.724614
0.733839
0.742619
0.750948
0.758822
0.766234
0.773182
0.77966
0.785664
0.791192
0.796239
0.800803
0.804881
0.80847
0.811569
0.814174
0.816286
0.817901
0.819021
0.819643
0.819767
0.819394
0.818523
0.817156
0.815292
0.812933
0.810081
0.806737
0.802903
0.798582
0.793776
0.788488
0.782722
0.77648
0.769767
0.762586
0.754943
0.746841
0.738286
0.729282
0.719836
0.709953
0.699639
0.6889
0.677743
0.666174
0.654201
0.641831
0.629071
0.615929
0.602414
0.588532
0.574294
0.559706
0.544779
0.529521
0.513942
0.49805
0.481857
0.465371
0.448602
0.431561
0.414258
0.396703
0.378907
0.360882
0.342637
0.324185
0.305535
0.286701
0.267692
0.24852
0.229198
0.209736
0.190148
0.170443
0.150636
0.130736
0.110758
0.0907121
0.0706113
0.0504676
0.0302933
0.0101005
-0.0100984
-0.0302911
-0.0504654
-0.0706092
-0.09071
-0.110756
-0.130734
-0.150633
-0.170441
-0.190145
-0.209734
-0.229196
-0.248518
-0.267689
-0.286698
-0.305533
-0.324183
-0.342635
-0.36088
-0.378905
-0.396701
-0.414255
-0.431559
-0.4486
-0.465368
-0.481855
-0.498048
-0.51394
-0.529519
-0.544777
-0.559704
-0.574292
-0.58853
-0.602412
-0.615927
-0.629069
-0.641829
-0.654199
-0.666172
-0.677741
-0.688898
-0.699637
-0.709951
-0.719834
-0.72928
-0.738284
-0.746839
-0.754941
-0.762584
-0.769765
-0.776478
-0.78272
-0.788486
-0.793774
-0.79858
-0.802902
-0.806735
-0.810079
-0.812932
-0.81529
-0.817154
-0.818522
-0.819392
-0.819766
-0.819641
-0.819019
-0.8179
-0.816284
-0.814173
-0.811567
-0.808469
-0.80488
-0.800802
-0.796238
-0.791191
-0.785663
-0.779658
-0.77318
-0.766233
-0.75882
-0.750947
-0.742618
-0.733838
-0.724613
-0.714947
-0.704848
-0.694321
-0.683372
-0.672008
-0.660236
-0.648064
-0.635498
-0.622546
-0.609216
-0.595517
-0.581456
-0.567041
-0.552283
-0.53719
-0.52177
-0.506033
-0.489989
-0.473648
-0.457019
-0.440113
-0.42294
-0.40551
-0.387833
-0.369921
-0.351785
-0.333435
-0.314883
-0.296139
-0.277216
-0.258124
-0.238876
-0.219483
-0.199956
-0.180308
-0.16055
-0.140696
-0.120755
-0.100742
-0.0806667
-0.0605429
-0.0403824
-0.0201973
0
0
0.0205389
0.0410653
0.0615668
0.0820309
0.102445
0.122797
0.143075
0.163266
0.183357
0.203337
0.223194
0.242916
0.262489
0.281904
0.301147
0.320208
0.339074
0.357734
0.376177
0.394392
0.412367
0.430092
0.447556
0.464748
0.481658
0.498276
0.514591
0.530594
0.546274
0.561623
0.576631
0.591289
0.605588
0.619519
0.633074
0.646245
0.659024
0.671402
0.683373
0.694929
0.706063
0.716768
0.727038
0.736867
0.746249
0.755177
0.763647
0.771653
0.779191
0.786256
0.792844
0.79895
0.804571
0.809704
0.814345
0.818492
0.822142
0.825292
0.827942
0.830089
0.831732
0.83287
0.833503
0.83363
0.83325
0.832365
0.830974
0.829079
0.82668
0.82378
0.820379
0.81648
0.812086
0.807199
0.801822
0.795957
0.78961
0.782783
0.775482
0.767709
0.75947
0.75077
0.741614
0.732009
0.721958
0.71147
0.700549
0.689203
0.677439
0.665264
0.652684
0.639709
0.626345
0.612601
0.598484
0.584005
0.569171
0.553991
0.538475
0.522633
0.506473
0.490005
0.47324
0.456188
0.438858
0.421263
0.403411
0.385315
0.366985
0.348431
0.329667
0.310702
0.291549
0.272218
0.252723
0.233074
0.213283
0.193363
0.173326
0.153183
0.132947
0.112631
0.0922461
0.0718054
0.051321
0.0308055
0.0102713
-0.0102691
-0.0308033
-0.0513188
-0.0718032
-0.0922439
-0.112629
-0.132945
-0.153181
-0.173323
-0.193361
-0.213281
-0.233071
-0.25272
-0.272216
-0.291547
-0.3107
-0.329665
-0.348429
-0.366982
-0.385313
-0.403409
-0.421261
-0.438856
-0.456186
-0.473238
-0.490003
-0.50647
-0.522631
-0.538473
-0.553989
-0.569169
-0.584003
-0.598482
-0.612598
-0.626343
-0.639707
-0.652682
-0.665262
-0.677437
-0.689201
-0.700547
-0.711468
-0.721956
-0.732007
-0.741613
-0.750768
-0.759468
-0.767707
-0.77548
-0.782782
-0.789608
-0.795956
-0.80182
-0.807197
-0.812084
-0.816479
-0.820377
-0.823778
-0.826678
-0.829077
-0.830972
-0.832363
-0.833248
-0.833628
-0.833501
-0.832869
-0.831731
-0.830088
-0.827941
-0.825291
-0.82214
-0.81849
-0.814344
-0.809702
-0.80457
-0.798949
-0.792842
-0.786255
-0.77919
-0.771652
-0.763646
-0.755176
-0.746247
-0.736866
-0.727037
-0.716767
-0.706062
-0.694928
-0.683372
-0.671401
-0.659023
-0.646244
-0.633073
-0.619518
-0.605587
-0.591288
-0.57663
-0.561622
-0.546273
-0.530593
-0.51459
-0.498275
-0.481658
-0.464748
-0.447556
-0.430092
-0.412367
-0.394392
-0.376177
-0.357734
-0.339074
-0.320207
-0.301147
-0.281904
-0.262489
-0.242915
-0.223194
-0.203337
-0.183357
-0.163265
-0.143075
-0.122797
-0.102445
-0.0820308
-0.0615667
-0.0410653
-0.0205389
0
0
0.020868
0.0417233
0.0625532
0.0833452
0.104087
0.124765
0.145367
0.165881
0.186295
0.206595
0.22677
0.246808
0.266695
0.286421
0.305972
0.325338
0.344507
0.363466
0.382204
0.400711
0.418974
0.436983
0.454727
0.472194
0.489375
0.506259
0.522836
0.539095
0.555027
0.570621
0.58587
0.600762
0.61529
0.629445
0.643217
0.656599
0.669582
0.682159
0.694322
0.706063
0.717375
0.728252
0.738687
0.748673
0.758205
0.767276
0.775882
0.784017
0.791675
0.798853
0.805547
0.811751
0.817462
0.822677
0.827392
0.831605
0.835314
0.838515
0.841207
0.843389
0.845058
0.846215
0.846857
0.846986
0.8466
0.845701
0.844288
0.842362
0.839925
0.836978
0.833523
0.829562
0.825097
0.820132
0.814668
0.80871
0.802261
0.795325
0.787906
0.780009
0.771638
0.762799
0.753497
0.743737
0.733525
0.722869
0.711773
0.700246
0.688293
0.675922
0.663142
0.649958
0.63638
0.622416
0.608073
0.593362
0.57829
0.562867
0.547103
0.531006
0.514587
0.497856
0.480822
0.463497
0.44589
0.428012
0.409875
0.391488
0.372864
0.354014
0.334949
0.31568
0.29622
0.27658
0.256772
0.236808
0.2167
0.196461
0.176103
0.155637
0.135077
0.114435
0.0937241
0.0729558
0.0521433
0.0312991
0.0104359
-0.0104336
-0.0312968
-0.052141
-0.0729536
-0.0937218
-0.114433
-0.135075
-0.155635
-0.1761
-0.196459
-0.216698
-0.236806
-0.25677
-0.276578
-0.296218
-0.315678
-0.334946
-0.354012
-0.372862
-0.391486
-0.409872
-0.42801
-0.445888
-0.463494
-0.48082
-0.497854
-0.514585
-0.531004
-0.547101
-0.562865
-0.578288
-0.59336
-0.608071
-0.622413
-0.636378
-0.649956
-0.66314
-0.67592
-0.688291
-0.700244
-0.711771
-0.722867
-0.733523
-0.743735
-0.753495
-0.762797
-0.771636
-0.780007
-0.787904
-0.795323
-0.802259
-0.808708
-0.814666
-0.82013
-0.825096
-0.82956
-0.833521
-0.836976
-0.839923
-0.84236
-0.844286
-0.845699
-0.846599
-0.846984
-0.846856
-0.846213
-0.845057
-0.843387
-0.841206
-0.838514
-0.835312
-0.831604
-0.827391
-0.822675
-0.81746
-0.811749
-0.805545
-0.798852
-0.791674
-0.784015
-0.775881
-0.767275
-0.758204
-0.748672
-0.738686
-0.728251
-0.717374
-0.706062
-0.694321
-0.682158
-0.669581
-0.656598
-0.643216
-0.629444
-0.61529
-0.600762
-0.585869
-0.570621
-0.555026
-0.539094
-0.522835
-0.506258
-0.489375
-0.472194
-0.454726
-0.436983
-0.418974
-0.40071
-0.382204
-0.363465
-0.344506
-0.325338
-0.305972
-0.28642
-0.266695
-0.246807
-0.22677
-0.206595
-0.186295
-0.165881
-0.145367
-0.124765
-0.104086
-0.0833451
-0.0625531
-0.0417232
-0.0208679
0
0
0.0211844
0.0423559
0.0635016
0.0846089
0.105665
0.126656
0.147571
0.168397
0.18912
0.209728
0.230209
0.25055
0.270739
0.290763
0.310611
0.330271
0.34973
0.368977
0.387999
0.406787
0.425327
0.443609
0.461621
0.479354
0.496795
0.513935
0.530763
0.547269
0.563442
0.579273
0.594753
0.609871
0.62462
0.638989
0.65297
0.666554
0.679735
0.692502
0.704849
0.716768
0.728252
0.739294
0.749887
0.760024
0.769701
0.77891
0.787646
0.795904
0.803679
0.810966
0.81776
0.824058
0.829856
0.83515
0.839937
0.844214
0.847979
0.851229
0.853962
0.856176
0.857871
0.859045
0.859697
0.859828
0.859436
0.858523
0.857089
0.855134
0.85266
0.849668
0.846161
0.84214
0.837608
0.832567
0.82702
0.820972
0.814425
0.807384
0.799852
0.791835
0.783338
0.774364
0.764921
0.755013
0.744647
0.733829
0.722565
0.710863
0.698729
0.686171
0.673196
0.659813
0.646029
0.631853
0.617293
0.602358
0.587058
0.571402
0.555398
0.539057
0.522389
0.505404
0.488112
0.470524
0.45265
0.434502
0.416089
0.397424
0.378518
0.359382
0.340027
0.320466
0.300711
0.280773
0.260665
0.240398
0.219986
0.19944
0.178773
0.157997
0.137125
0.116171
0.0951451
0.074062
0.0529339
0.0317737
0.0105941
-0.0105918
-0.0317713
-0.0529316
-0.0740597
-0.0951428
-0.116168
-0.137123
-0.157995
-0.17877
-0.199437
-0.219984
-0.240396
-0.260663
-0.280771
-0.300709
-0.320464
-0.340025
-0.359379
-0.378515
-0.397422
-0.416087
-0.434499
-0.452648
-0.470522
-0.48811
-0.505402
-0.522387
-0.539055
-0.555396
-0.571399
-0.587056
-0.602356
-0.617291
-0.631851
-0.646027
-0.659811
-0.673194
-0.686169
-0.698727
-0.710861
-0.722563
-0.733827
-0.744645
-0.755011
-0.764919
-0.774363
-0.783336
-0.791834
-0.799851
-0.807382
-0.814423
-0.82097
-0.827018
-0.832565
-0.837606
-0.842138
-0.846159
-0.849667
-0.852658
-0.855132
-0.857087
-0.858521
-0.859435
-0.859826
-0.859696
-0.859043
-0.857869
-0.856175
-0.85396
-0.851227
-0.847977
-0.844213
-0.839936
-0.835149
-0.829855
-0.824057
-0.817759
-0.810964
-0.803678
-0.795903
-0.787645
-0.778909
-0.7697
-0.760023
-0.749886
-0.739293
-0.728251
-0.716767
-0.704848
-0.692501
-0.679734
-0.666553
-0.652969
-0.638988
-0.624619
-0.60987
-0.594752
-0.579272
-0.563441
-0.547268
-0.530762
-0.513934
-0.496795
-0.479353
-0.461621
-0.443608
-0.425326
-0.406786
-0.387999
-0.368976
-0.34973
-0.330271
-0.310611
-0.290763
-0.270738
-0.250549
-0.230208
-0.209727
-0.189119
-0.168396
-0.147571
-0.126656
-0.105665
-0.0846088
-0.0635016
-0.0423558
-0.0211843
0
0
0.0214879
0.0429628
0.0644115
0.0858212
0.107179
0.128471
0.149686
0.170809
0.191829
0.212733
0.233507
0.25414
0.274618
0.29493
0.315062
0.335003
0.354741
0.374264
0.393559
0.412615
0.431421
0.449965
0.468236
0.486222
0.503914
0.521299
0.538368
0.55511
0.571515
0.587573
0.603275
0.61861
0.633569
0.648144
0.662326
0.676105
0.689474
0.702424
0.714948
0.727038
0.738687
0.749887
0.760632
0.770915
0.780729
0.79007
0.798932
0.807308
0.815194
0.822586
0.829478
0.835866
0.841747
0.847117
0.851972
0.856311
0.860129
0.863426
0.866198
0.868444
0.870163
0.871354
0.872016
0.872148
0.871751
0.870825
0.86937
0.867387
0.864877
0.861843
0.858285
0.854206
0.849609
0.844496
0.83887
0.832735
0.826095
0.818952
0.811313
0.803181
0.794562
0.78546
0.775881
0.765832
0.755317
0.744344
0.732919
0.721049
0.708741
0.696003
0.682842
0.669267
0.655285
0.640906
0.626138
0.610989
0.59547
0.579589
0.563356
0.546781
0.529874
0.512646
0.495106
0.477266
0.459136
0.440727
0.422051
0.403119
0.383941
0.364531
0.344899
0.325058
0.30502
0.284796
0.2644
0.243843
0.223138
0.202297
0.181334
0.160261
0.13909
0.117835
0.0965084
0.0751232
0.0536924
0.0322289
0.0107459
-0.0107436
-0.0322266
-0.05369
-0.0751208
-0.0965061
-0.117833
-0.139088
-0.160258
-0.181332
-0.202295
-0.223136
-0.243841
-0.264398
-0.284794
-0.305018
-0.325056
-0.344897
-0.364529
-0.383939
-0.403116
-0.422049
-0.440725
-0.459134
-0.477264
-0.495104
-0.512644
-0.529872
-0.546779
-0.563354
-0.579587
-0.595468
-0.610987
-0.626136
-0.640904
-0.655283
-0.669265
-0.68284
-0.696001
-0.708739
-0.721046
-0.732917
-0.744342
-0.755315
-0.76583
-0.775879
-0.785458
-0.79456
-0.803179
-0.811311
-0.818951
-0.826093
-0.832733
-0.838868
-0.844494
-0.849607
-0.854205
-0.858283
-0.861841
-0.864876
-0.867385
-0.869368
-0.870823
-0.871749
-0.872146
-0.872014
-0.871352
-0.870161
-0.868442
-0.866196
-0.863424
-0.860128
-0.856309
-0.851971
-0.847115
-0.841745
-0.835865
-0.829476
-0.822584
-0.815193
-0.807307
-0.798931
-0.790069
-0.780728
-0.770913
-0.76063
-0.749886
-0.738686
-0.727037
-0.714947
-0.702423
-0.689473
-0.676104
-0.662325
-0.648143
-0.633568
-0.618609
-0.603274
-0.587572
-0.571514
-0.555109
-0.538367
-0.521298
-0.503913
-0.486222
-0.468235
-0.449964
-0.431421
-0.412615
-0.393558
-0.374263
-0.354741
-0.335003
-0.315062
-0.294929
-0.274618
-0.254139
-0.233507
-0.212733
-0.191829
-0.170809
-0.149686
-0.128471
-0.107179
-0.0858211
-0.0644114
-0.0429627
-0.0214879
0
0
0.0217784
0.0435436
0.0652823
0.0869814
0.108628
0.130208
0.151709
0.173119
0.194423
0.215609
0.236664
0.257575
0.278331
0.298917
0.319321
0.339532
0.359537
0.379323
0.398879
0.418193
0.437254
0.456048
0.474566
0.492796
0.510726
0.528347
0.545646
0.562615
0.579241
0.595517
0.61143
0.626973
0.642135
0.656907
0.67128
0.685246
0.698795
0.711921
0.724614
0.736867
0.748673
0.760024
0.770915
0.781337
0.791284
0.800751
0.809733
0.818222
0.826215
0.833706
0.840691
0.847166
0.853126
0.858569
0.86349
0.867887
0.871757
0.875098
0.877908
0.880184
0.881927
0.883134
0.883804
0.883939
0.883536
0.882597
0.881123
0.879113
0.87657
0.873494
0.869888
0.865755
0.861095
0.855913
0.850211
0.843993
0.837263
0.830024
0.822281
0.81404
0.805304
0.796079
0.78637
0.776185
0.765528
0.754406
0.742827
0.730796
0.718322
0.705412
0.692073
0.678315
0.664144
0.649571
0.634603
0.619249
0.60352
0.587424
0.570972
0.554173
0.537038
0.519577
0.5018
0.483718
0.465343
0.446686
0.427757
0.408568
0.389132
0.369459
0.349562
0.329453
0.309143
0.288647
0.267974
0.247139
0.226155
0.205032
0.183786
0.162427
0.140971
0.119428
0.0978131
0.0761388
0.0544182
0.0326646
0.0108912
-0.0108888
-0.0326622
-0.0544158
-0.0761364
-0.0978107
-0.119426
-0.140968
-0.162425
-0.183783
-0.20503
-0.226152
-0.247137
-0.267972
-0.288644
-0.309141
-0.32945
-0.34956
-0.369457
-0.389129
-0.408566
-0.427754
-0.446683
-0.465341
-0.483716
-0.501797
-0.519574
-0.537036
-0.554171
-0.57097
-0.587422
-0.603518
-0.619247
-0.6346
-0.649568
-0.664142
-0.678313
-0.692071
-0.70541
-0.71832
-0.730794
-0.742825
-0.754404
-0.765526
-0.776183
-0.786368
-0.796077
-0.805301
-0.814038
-0.822279
-0.830022
-0.837261
-0.843991
-0.850209
-0.855911
-0.861093
-0.865753
-0.869887
-0.873492
-0.876568
-0.879111
-0.881121
-0.882595
-0.883534
-0.883937
-0.883803
-0.883132
-0.881925
-0.880183
-0.877906
-0.875097
-0.871756
-0.867886
-0.863489
-0.858567
-0.853125
-0.847165
-0.84069
-0.833705
-0.826214
-0.818221
-0.809731
-0.80075
-0.791283
-0.781335
-0.770913
-0.760023
-0.748672
-0.736866
-0.724613
-0.711919
-0.698794
-0.685244
-0.671279
-0.656906
-0.642134
-0.626972
-0.611429
-0.595516
-0.579241
-0.562614
-0.545645
-0.528346
-0.510725
-0.492795
-0.474565
-0.456048
-0.437253
-0.418193
-0.398879
-0.379323
-0.359536
-0.339532
-0.319321
-0.298916
-0.27833
-0.257575
-0.236664
-0.215608
-0.194422
-0.173118
-0.151709
-0.130208
-0.108628
-0.0869813
-0.0652822
-0.0435435
-0.0217784
0
0
0.0220557
0.044098
0.0661135
0.0880888
0.110011
0.131866
0.153641
0.175323
0.196898
0.218354
0.239677
0.260855
0.281874
0.302722
0.323387
0.343855
0.364114
0.384153
0.403958
0.423518
0.44282
0.461854
0.480608
0.49907
0.517228
0.535073
0.552593
0.569778
0.586616
0.603099
0.619215
0.634955
0.65031
0.66527
0.679826
0.69397
0.707692
0.720984
0.733839
0.746249
0.758205
0.769701
0.780729
0.791284
0.801359
0.810946
0.820042
0.828639
0.836734
0.844321
0.851395
0.857952
0.863988
0.8695
0.874484
0.878937
0.882856
0.88624
0.889085
0.891391
0.893155
0.894377
0.895057
0.895192
0.894785
0.893834
0.892341
0.890305
0.88773
0.884615
0.880963
0.876777
0.872058
0.86681
0.861036
0.854738
0.847922
0.840591
0.83275
0.824404
0.815556
0.806214
0.796382
0.786067
0.775274
0.764011
0.752284
0.740101
0.727468
0.714393
0.700885
0.686951
0.6726
0.657841
0.642682
0.627133
0.611204
0.594903
0.578241
0.561229
0.543875
0.526192
0.508188
0.489877
0.471268
0.452373
0.433203
0.41377
0.394086
0.374163
0.354013
0.333647
0.313079
0.292321
0.271386
0.250286
0.229034
0.207643
0.186126
0.164495
0.142765
0.120949
0.0990585
0.0771082
0.0551111
0.0330805
0.0110299
-0.0110274
-0.0330781
-0.0551086
-0.0771057
-0.099056
-0.120946
-0.142763
-0.164493
-0.186123
-0.20764
-0.229031
-0.250284
-0.271384
-0.292319
-0.313077
-0.333645
-0.35401
-0.37416
-0.394084
-0.413768
-0.4332
-0.45237
-0.471265
-0.489874
-0.508186
-0.526189
-0.543873
-0.561226
-0.578239
-0.594901
-0.611201
-0.627131
-0.64268
-0.657838
-0.672598
-0.686949
-0.700882
-0.714391
-0.727465
-0.740098
-0.752282
-0.764009
-0.775272
-0.786065
-0.79638
-0.806212
-0.815554
-0.824401
-0.832748
-0.840589
-0.84792
-0.854736
-0.861034
-0.866808
-0.872056
-0.876775
-0.880962
-0.884613
-0.887728
-0.890304
-0.892339
-0.893832
-0.894783
-0.895191
-0.895055
-0.894376
-0.893153
-0.891389
-0.889083
-0.886238
-0.882855
-0.878935
-0.874482
-0.869498
-0.863987
-0.85795
-0.851393
-0.844319
-0.836733
-0.828638
-0.82004
-0.810945
-0.801357
-0.791283
-0.780728
-0.7697
-0.758204
-0.746247
-0.733838
-0.720983
-0.707691
-0.693969
-0.679825
-0.665269
-0.650309
-0.634954
-0.619214
-0.603098
-0.586615
-0.569777
-0.552592
-0.535072
-0.517228
-0.499069
-0.480607
-0.461854
-0.44282
-0.423517
-0.403957
-0.384152
-0.364114
-0.343855
-0.323386
-0.302722
-0.281874
-0.260854
-0.239677
-0.218354
-0.196898
-0.175322
-0.153641
-0.131866
-0.110011
-0.0880887
-0.0661134
-0.0440979
-0.0220556
0
0
0.0223196
0.0446256
0.0669045
0.0891428
0.111327
0.133444
0.155479
0.17742
0.199254
0.220966
0.242545
0.263976
0.285247
0.306344
0.327256
0.347969
0.368471
0.388749
0.408791
0.428585
0.448119
0.46738
0.486358
0.505041
0.523417
0.541475
0.559205
0.576595
0.593635
0.610314
0.626623
0.642552
0.658091
0.67323
0.68796
0.702273
0.716159
0.729611
0.742619
0.755177
0.767276
0.77891
0.79007
0.800751
0.810946
0.820649
0.829853
0.838554
0.846745
0.854422
0.861581
0.868217
0.874325
0.879903
0.884946
0.889453
0.893419
0.896843
0.899722
0.902056
0.903841
0.905078
0.905765
0.905903
0.90549
0.904528
0.903017
0.900957
0.898351
0.895199
0.891504
0.887267
0.882492
0.877181
0.871337
0.864965
0.858067
0.850649
0.842714
0.834267
0.825314
0.81586
0.80591
0.795472
0.78455
0.773152
0.761285
0.748956
0.736171
0.72294
0.70927
0.69517
0.680647
0.665711
0.650371
0.634637
0.618517
0.602021
0.58516
0.567944
0.550382
0.532487
0.514269
0.495738
0.476906
0.457785
0.438386
0.418721
0.398801
0.37864
0.358248
0.337639
0.316825
0.295819
0.274633
0.25328
0.231774
0.210127
0.188352
0.166463
0.144473
0.122396
0.100244
0.0780307
0.0557705
0.0334763
0.0111619
-0.0111594
-0.0334738
-0.055768
-0.0780282
-0.100241
-0.122393
-0.144471
-0.166461
-0.18835
-0.210125
-0.231772
-0.253278
-0.274631
-0.295816
-0.316823
-0.337637
-0.358246
-0.378637
-0.398799
-0.418718
-0.438383
-0.457783
-0.476904
-0.495736
-0.514266
-0.532485
-0.55038
-0.567941
-0.585157
-0.602019
-0.618514
-0.634634
-0.650369
-0.665709
-0.680645
-0.695167
-0.709268
-0.722938
-0.736169
-0.748953
-0.761283
-0.77315
-0.784548
-0.79547
-0.805908
-0.815858
-0.825312
-0.834265
-0.842712
-0.850647
-0.858065
-0.864963
-0.871335
-0.877179
-0.88249
-0.887265
-0.891502
-0.895197
-0.898349
-0.900956
-0.903015
-0.904526
-0.905489
-0.905901
-0.905764
-0.905076
-0.903839
-0.902054
-0.899721
-0.896841
-0.893417
-0.889451
-0.884945
-0.879901
-0.874324
-0.868215
-0.86158
-0.854421
-0.846744
-0.838552
-0.829852
-0.820648
-0.810945
-0.80075
-0.790069
-0.778909
-0.767275
-0.755176
-0.742618
-0.72961
-0.716158
-0.702272
-0.687959
-0.673229
-0.65809
-0.642551
-0.626622
-0.610313
-0.593634
-0.576594
-0.559204
-0.541474
-0.523416
-0.50504
-0.486357
-0.46738
-0.448118
-0.428584
-0.40879
-0.388748
-0.36847
-0.347969
-0.327256
-0.306344
-0.285246
-0.263975
-0.242544
-0.220966
-0.199254
-0.17742
-0.155479
-0.133443
-0.111327
-0.0891426
-0.0669044
-0.0446255
-0.0223195
0
0
0.0225699
0.0451261
0.0676549
0.0901426
0.112576
0.13494
0.157223
0.17941
0.201489
0.223445
0.245265
0.266936
0.288446
0.30978
0.330926
0.351872
0.372604
0.393109
0.413376
0.433392
0.453145
0.472622
0.491813
0.510705
0.529287
0.547548
0.565477
0.583062
0.600293
0.61716
0.633652
0.649759
0.665472
0.680781
0.695676
0.710149
0.724191
0.737794
0.750948
0.763647
0.775882
0.787646
0.798932
0.809733
0.820042
0.829853
0.839161
0.847959
0.856242
0.864006
0.871245
0.877955
0.884132
0.889772
0.894872
0.899429
0.90344
0.906902
0.909814
0.912173
0.913979
0.915229
0.915924
0.916063
0.915646
0.914673
0.913145
0.911063
0.908427
0.90524
0.901503
0.897219
0.89239
0.887019
0.88111
0.874666
0.867691
0.860189
0.852165
0.843624
0.834571
0.825011
0.814949
0.804394
0.79335
0.781824
0.769823
0.757356
0.744428
0.731049
0.717225
0.702967
0.688281
0.673178
0.657666
0.641755
0.625454
0.608773
0.591723
0.574314
0.556555
0.538459
0.520037
0.501298
0.482255
0.46292
0.443303
0.423417
0.403274
0.382886
0.362266
0.341426
0.320379
0.299137
0.277713
0.256121
0.234374
0.212484
0.190465
0.168331
0.146094
0.123768
0.101368
0.0789059
0.056396
0.0338518
0.0112871
-0.0112845
-0.0338493
-0.0563934
-0.0789034
-0.101365
-0.123766
-0.146091
-0.168328
-0.190462
-0.212481
-0.234371
-0.256119
-0.277711
-0.299134
-0.320376
-0.341424
-0.362264
-0.382884
-0.403272
-0.423414
-0.4433
-0.462917
-0.482253
-0.501296
-0.520034
-0.538457
-0.556553
-0.574311
-0.591721
-0.608771
-0.625451
-0.641752
-0.657664
-0.673176
-0.688279
-0.702964
-0.717223
-0.731046
-0.744426
-0.757353
-0.769821
-0.781822
-0.793347
-0.804392
-0.814947
-0.825008
-0.834569
-0.843622
-0.852163
-0.860187
-0.867689
-0.874664
-0.881108
-0.887017
-0.892388
-0.897217
-0.901501
-0.905238
-0.908425
-0.911061
-0.913143
-0.914672
-0.915645
-0.916062
-0.915923
-0.915228
-0.913977
-0.912171
-0.909812
-0.9069
-0.903438
-0.899427
-0.89487
-0.88977
-0.88413
-0.877953
-0.871243
-0.864004
-0.856241
-0.847957
-0.839159
-0.829852
-0.82004
-0.809731
-0.798931
-0.787645
-0.775881
-0.763646
-0.750947
-0.737793
-0.72419
-0.710148
-0.695675
-0.68078
-0.665471
-0.649758
-0.633651
-0.617159
-0.600292
-0.583061
-0.565476
-0.547547
-0.529287
-0.510705
-0.491812
-0.472622
-0.453144
-0.433391
-0.413375
-0.393109
-0.372603
-0.351871
-0.330926
-0.30978
-0.288446
-0.266936
-0.245265
-0.223444
-0.201488
-0.17941
-0.157223
-0.13494
-0.112575
-0.0901425
-0.0676548
-0.045126
-0.0225699
0
0
0.0228065
0.0455992
0.0683642
0.0910877
0.113756
0.136355
0.158871
0.181291
0.203601
0.225787
0.247836
0.269735
0.29147
0.313028
0.334396
0.355561
0.37651
0.397231
0.41771
0.437936
0.457896
0.477577
0.496969
0.51606
0.534837
0.553289
0.571405
0.589175
0.606587
0.62363
0.640295
0.656571
0.672449
0.687918
0.70297
0.717595
0.731784
0.745529
0.758822
0.771653
0.784017
0.795904
0.807308
0.818222
0.828639
0.838554
0.847959
0.856849
0.865219
0.873064
0.880379
0.887159
0.893401
0.899101
0.904254
0.908859
0.912912
0.91641
0.919352
0.921737
0.923561
0.924825
0.925527
0.925668
0.925246
0.924263
0.922719
0.920614
0.917951
0.91473
0.910954
0.906625
0.901746
0.896319
0.890348
0.883837
0.876788
0.869208
0.8611
0.852469
0.843321
0.83366
0.823494
0.812827
0.801667
0.790021
0.777895
0.765296
0.752233
0.738713
0.724745
0.710337
0.695497
0.680236
0.664561
0.648483
0.632011
0.615156
0.597927
0.580335
0.562391
0.544105
0.525489
0.506554
0.487311
0.467773
0.447951
0.427856
0.407502
0.386901
0.366064
0.345006
0.323738
0.302273
0.280625
0.258807
0.236831
0.214712
0.192462
0.170095
0.147626
0.125066
0.102431
0.0797332
0.0569873
0.0342067
0.0114054
-0.0114028
-0.0342041
-0.0569847
-0.0797306
-0.102428
-0.125064
-0.147623
-0.170093
-0.192459
-0.214709
-0.236828
-0.258804
-0.280622
-0.302271
-0.323735
-0.345003
-0.366062
-0.386898
-0.4075
-0.427854
-0.447948
-0.46777
-0.487309
-0.506551
-0.525486
-0.544102
-0.562388
-0.580332
-0.597924
-0.615153
-0.632009
-0.648481
-0.664559
-0.680233
-0.695495
-0.710335
-0.724743
-0.738711
-0.752231
-0.765294
-0.777892
-0.790019
-0.801665
-0.812825
-0.823492
-0.833658
-0.843318
-0.852467
-0.861098
-0.869206
-0.876786
-0.883834
-0.890346
-0.896317
-0.901744
-0.906623
-0.910952
-0.914728
-0.917949
-0.920613
-0.922717
-0.924261
-0.925245
-0.925666
-0.925526
-0.924823
-0.923559
-0.921735
-0.919351
-0.916408
-0.91291
-0.908857
-0.904253
-0.899099
-0.8934
-0.887158
-0.880378
-0.873063
-0.865218
-0.856848
-0.847957
-0.838552
-0.828638
-0.818221
-0.807307
-0.795903
-0.784015
-0.771652
-0.75882
-0.745528
-0.731783
-0.717594
-0.702969
-0.687917
-0.672448
-0.65657
-0.640294
-0.623629
-0.606586
-0.589174
-0.571404
-0.553288
-0.534836
-0.516059
-0.496969
-0.477577
-0.457895
-0.437935
-0.417709
-0.39723
-0.37651
-0.35556
-0.334396
-0.313028
-0.29147
-0.269735
-0.247836
-0.225787
-0.203601
-0.181291
-0.158871
-0.136355
-0.113756
-0.0910875
-0.0683641
-0.0455991
-0.0228065
0
0
0.0230293
0.0460446
0.069032
0.0919775
0.114867
0.137687
0.160423
0.183062
0.20559
0.227993
0.250257
0.27237
0.294317
0.316086
0.337663
0.359034
0.380188
0.401111
0.42179
0.442214
0.462369
0.482243
0.501824
0.521101
0.540061
0.558694
0.576987
0.59493
0.612512
0.629722
0.64655
0.662985
0.679018
0.694638
0.709837
0.724605
0.738933
0.752812
0.766234
0.779191
0.791675
0.803679
0.815194
0.826215
0.836734
0.846745
0.856242
0.865219
0.873671
0.881593
0.888979
0.895826
0.902128
0.907883
0.913087
0.917737
0.921829
0.925362
0.928333
0.930741
0.932583
0.933859
0.934568
0.93471
0.934285
0.933292
0.931733
0.929608
0.926918
0.923666
0.919853
0.915482
0.910555
0.905075
0.899046
0.89247
0.885353
0.877699
0.869512
0.860796
0.851559
0.841804
0.831538
0.820767
0.809499
0.797738
0.785494
0.772772
0.759581
0.745929
0.731825
0.717276
0.702291
0.686881
0.671053
0.654818
0.638185
0.621165
0.603768
0.586004
0.567884
0.54942
0.530622
0.511502
0.492072
0.472342
0.452326
0.432036
0.411483
0.39068
0.36964
0.348376
0.3269
0.305226
0.283366
0.261335
0.239144
0.216809
0.194342
0.171757
0.149068
0.126288
0.103431
0.0805121
0.057544
0.0345409
0.0115168
-0.0115142
-0.0345382
-0.0575413
-0.0805095
-0.103429
-0.126285
-0.149065
-0.171754
-0.194339
-0.216806
-0.239142
-0.261332
-0.283364
-0.305223
-0.326898
-0.348373
-0.369638
-0.390678
-0.41148
-0.432033
-0.452324
-0.47234
-0.492069
-0.5115
-0.53062
-0.549418
-0.567882
-0.586001
-0.603765
-0.621162
-0.638183
-0.654815
-0.67105
-0.686878
-0.702289
-0.717273
-0.731822
-0.745927
-0.759579
-0.77277
-0.785491
-0.797736
-0.809496
-0.820765
-0.831536
-0.841802
-0.851556
-0.860794
-0.869509
-0.877697
-0.885351
-0.892468
-0.899043
-0.905073
-0.910553
-0.91548
-0.919851
-0.923664
-0.926916
-0.929606
-0.931731
-0.93329
-0.934283
-0.934708
-0.934567
-0.933857
-0.932581
-0.930739
-0.928331
-0.92536
-0.921828
-0.917735
-0.913086
-0.907882
-0.902127
-0.895824
-0.888977
-0.881591
-0.87367
-0.865218
-0.856241
-0.846744
-0.836733
-0.826214
-0.815193
-0.803678
-0.791674
-0.77919
-0.766233
-0.752811
-0.738931
-0.724604
-0.709836
-0.694637
-0.679017
-0.662984
-0.646549
-0.629721
-0.612511
-0.594929
-0.576986
-0.558693
-0.54006
-0.5211
-0.501823
-0.482242
-0.462368
-0.442213
-0.42179
-0.40111
-0.380187
-0.359034
-0.337662
-0.316085
-0.294317
-0.27237
-0.250257
-0.227993
-0.20559
-0.183062
-0.160423
-0.137687
-0.114867
-0.0919773
-0.0690319
-0.0460446
-0.0230293
0
0
0.0232381
0.0464621
0.0696579
0.0928114
0.115909
0.138935
0.161878
0.184722
0.207454
0.23006
0.252527
0.27484
0.296986
0.318952
0.340724
0.36229
0.383635
0.404748
0.425615
0.446223
0.466561
0.486615
0.506374
0.525826
0.544958
0.563759
0.582219
0.600324
0.618066
0.635432
0.652412
0.668996
0.685174
0.700936
0.716273
0.731175
0.745632
0.759638
0.773182
0.786256
0.798853
0.810966
0.822586
0.833706
0.844321
0.854422
0.864006
0.873064
0.881593
0.889586
0.897039
0.903948
0.910308
0.916115
0.921366
0.926058
0.930188
0.933752
0.93675
0.93918
0.941039
0.942326
0.943042
0.943185
0.942756
0.941754
0.94018
0.938036
0.935322
0.932041
0.928193
0.923782
0.918811
0.913281
0.907197
0.900562
0.893381
0.885657
0.877395
0.868601
0.85928
0.849436
0.839078
0.828209
0.816838
0.804971
0.792616
0.779779
0.766468
0.752693
0.73846
0.723779
0.708659
0.693109
0.677137
0.660755
0.643971
0.626797
0.609242
0.591317
0.573033
0.554402
0.535433
0.51614
0.496533
0.476625
0.456428
0.435953
0.415214
0.394222
0.372992
0.351535
0.329864
0.307993
0.285936
0.263704
0.241313
0.218775
0.196104
0.173314
0.150419
0.127433
0.104369
0.0812421
0.0580657
0.0348541
0.0116213
-0.0116186
-0.0348514
-0.058063
-0.0812394
-0.104367
-0.12743
-0.150417
-0.173312
-0.196101
-0.218772
-0.24131
-0.263702
-0.285933
-0.307991
-0.329861
-0.351532
-0.372989
-0.39422
-0.415211
-0.43595
-0.456425
-0.476623
-0.496531
-0.516137
-0.535431
-0.554399
-0.573031
-0.591315
-0.609239
-0.626794
-0.643969
-0.660752
-0.677135
-0.693106
-0.708657
-0.723777
-0.738458
-0.75269
-0.766466
-0.779776
-0.792613
-0.804969
-0.816836
-0.828207
-0.839075
-0.849434
-0.859277
-0.868599
-0.877393
-0.885655
-0.893379
-0.90056
-0.907195
-0.913279
-0.918809
-0.92378
-0.928191
-0.932039
-0.93532
-0.938034
-0.940179
-0.941752
-0.942754
-0.943183
-0.94304
-0.942324
-0.941037
-0.939178
-0.936748
-0.933751
-0.930186
-0.926056
-0.921365
-0.916114
-0.910306
-0.903946
-0.897038
-0.889585
-0.881591
-0.873063
-0.864004
-0.854421
-0.844319
-0.833705
-0.822584
-0.810964
-0.798852
-0.786255
-0.77318
-0.759636
-0.745631
-0.731173
-0.716272
-0.700935
-0.685173
-0.668995
-0.652411
-0.635431
-0.618065
-0.600323
-0.582218
-0.563759
-0.544957
-0.525825
-0.506373
-0.486614
-0.46656
-0.446223
-0.425614
-0.404747
-0.383635
-0.362289
-0.340724
-0.318951
-0.296985
-0.274839
-0.252526
-0.23006
-0.207454
-0.184722
-0.161878
-0.138935
-0.115908
-0.0928113
-0.0696578
-0.046462
-0.0232381
0
0
0.0234328
0.0468514
0.0702415
0.093589
0.11688
0.140099
0.163234
0.18627
0.209192
0.231988
0.254642
0.277142
0.299474
0.321624
0.343579
0.365325
0.386849
0.408139
0.429181
0.449962
0.47047
0.490692
0.510617
0.530231
0.549524
0.568483
0.587097
0.605354
0.623244
0.640756
0.657878
0.674601
0.690915
0.706809
0.722274
0.737301
0.75188
0.766002
0.77966
0.792844
0.805547
0.81776
0.829478
0.840691
0.851395
0.861581
0.871245
0.880379
0.888979
0.897039
0.904555
0.911522
0.917935
0.923791
0.929086
0.933817
0.937981
0.941576
0.944599
0.947048
0.948923
0.950222
0.950943
0.951088
0.950655
0.949644
0.948058
0.945895
0.943159
0.93985
0.93597
0.931522
0.926509
0.920933
0.914798
0.908108
0.900866
0.893077
0.884747
0.875879
0.866479
0.856553
0.846108
0.835148
0.823682
0.811716
0.799256
0.786312
0.77289
0.758999
0.744647
0.729843
0.714596
0.698916
0.682811
0.666291
0.649367
0.632049
0.614346
0.596271
0.577834
0.559047
0.539919
0.520464
0.500693
0.480618
0.460252
0.439606
0.418693
0.397525
0.376117
0.35448
0.332628
0.310574
0.288331
0.265914
0.243335
0.220608
0.197747
0.174766
0.15168
0.128501
0.105244
0.0819228
0.0585522
0.0351461
0.0117187
-0.0117159
-0.0351434
-0.0585495
-0.0819201
-0.105241
-0.128498
-0.151677
-0.174764
-0.197744
-0.220605
-0.243332
-0.265911
-0.288329
-0.310571
-0.332625
-0.354477
-0.376114
-0.397523
-0.41869
-0.439603
-0.460249
-0.480616
-0.500691
-0.520462
-0.539917
-0.559044
-0.577832
-0.596269
-0.614344
-0.632046
-0.649364
-0.666288
-0.682808
-0.698913
-0.714594
-0.729841
-0.744645
-0.758997
-0.772888
-0.786309
-0.799254
-0.811713
-0.82368
-0.835146
-0.846105
-0.856551
-0.866477
-0.875876
-0.884744
-0.893075
-0.900864
-0.908105
-0.914796
-0.920931
-0.926507
-0.93152
-0.935968
-0.939848
-0.943157
-0.945893
-0.948056
-0.949642
-0.950653
-0.951086
-0.950941
-0.95022
-0.948921
-0.947046
-0.944597
-0.941574
-0.937979
-0.933815
-0.929084
-0.923789
-0.917933
-0.91152
-0.904553
-0.897038
-0.888977
-0.880378
-0.871243
-0.86158
-0.851393
-0.84069
-0.829476
-0.817759
-0.805545
-0.792842
-0.779658
-0.766001
-0.751878
-0.7373
-0.722273
-0.706808
-0.690914
-0.6746
-0.657877
-0.640755
-0.623243
-0.605353
-0.587096
-0.568482
-0.549523
-0.53023
-0.510616
-0.490691
-0.470469
-0.449961
-0.42918
-0.408138
-0.386849
-0.365324
-0.343578
-0.321624
-0.299474
-0.277142
-0.254642
-0.231987
-0.209192
-0.186269
-0.163234
-0.140099
-0.11688
-0.0935889
-0.0702414
-0.0468513
-0.0234328
0
0
0.0236133
0.0472122
0.0707825
0.0943098
0.11778
0.141178
0.164491
0.187704
0.210803
0.233774
0.256603
0.279277
0.301781
0.324101
0.346225
0.368139
0.389829
0.411282
0.432486
0.453427
0.474093
0.494471
0.514549
0.534315
0.553756
0.572861
0.591618
0.610016
0.628044
0.64569
0.662945
0.679797
0.696236
0.712253
0.727837
0.742979
0.75767
0.771902
0.785664
0.79895
0.811751
0.824058
0.835866
0.847166
0.857952
0.868217
0.877955
0.887159
0.895826
0.903948
0.911522
0.918542
0.925004
0.930905
0.936241
0.941009
0.945205
0.948827
0.951874
0.954342
0.956231
0.95754
0.958267
0.958413
0.957976
0.956958
0.955359
0.95318
0.950423
0.947088
0.943179
0.938696
0.933644
0.928026
0.921843
0.915101
0.907804
0.899955
0.891561
0.882624
0.873152
0.86315
0.852624
0.84158
0.830026
0.817967
0.805412
0.792368
0.778843
0.764845
0.750382
0.735464
0.7201
0.704299
0.688069
0.671423
0.654368
0.636916
0.619078
0.600864
0.582285
0.563352
0.544078
0.524473
0.50455
0.48432
0.463796
0.442991
0.421917
0.400587
0.379014
0.35721
0.33519
0.312966
0.290552
0.267962
0.245209
0.222307
0.19927
0.176112
0.152848
0.12949
0.106054
0.0825538
0.0590032
0.0354168
0.0118089
-0.0118061
-0.035414
-0.0590004
-0.082551
-0.106051
-0.129487
-0.152845
-0.17611
-0.199267
-0.222304
-0.245206
-0.267959
-0.290549
-0.312963
-0.335187
-0.357207
-0.379011
-0.400584
-0.421914
-0.442989
-0.463794
-0.484317
-0.504547
-0.52447
-0.544075
-0.56335
-0.582282
-0.600861
-0.619075
-0.636914
-0.654365
-0.67142
-0.688067
-0.704296
-0.720098
-0.735462
-0.75038
-0.764842
-0.77884
-0.792365
-0.805409
-0.817965
-0.830023
-0.841578
-0.852622
-0.863148
-0.87315
-0.882622
-0.891558
-0.899953
-0.907802
-0.915099
-0.921841
-0.928023
-0.933642
-0.938694
-0.943177
-0.947086
-0.950421
-0.953178
-0.955357
-0.956956
-0.957974
-0.958411
-0.958265
-0.957538
-0.956229
-0.95434
-0.951872
-0.948826
-0.945203
-0.941007
-0.93624
-0.930904
-0.925003
-0.91854
-0.91152
-0.903946
-0.895824
-0.887158
-0.877953
-0.868215
-0.85795
-0.847165
-0.835865
-0.824057
-0.811749
-0.798949
-0.785663
-0.7719
-0.757669
-0.742978
-0.727836
-0.712252
-0.696235
-0.679796
-0.662944
-0.645689
-0.628043
-0.610015
-0.591617
-0.57286
-0.553755
-0.534314
-0.514549
-0.494471
-0.474092
-0.453427
-0.432485
-0.411282
-0.389828
-0.368138
-0.346224
-0.324101
-0.30178
-0.279276
-0.256603
-0.233774
-0.210803
-0.187704
-0.164491
-0.141178
-0.11778
-0.0943097
-0.0707824
-0.0472122
-0.0236132
0
0
0.0237794
0.0475444
0.0712805
0.0949734
0.118609
0.142172
0.165649
0.189025
0.212286
0.235419
0.258409
0.281242
0.303904
0.326381
0.348661
0.370729
0.392571
0.414176
0.435529
0.456617
0.477429
0.49795
0.518169
0.538074
0.557652
0.576891
0.595781
0.614308
0.632463
0.650233
0.667609
0.68458
0.701135
0.717264
0.732958
0.748206
0.763001
0.777332
0.791192
0.804571
0.817462
0.829856
0.841747
0.853126
0.863988
0.874325
0.884132
0.893401
0.902128
0.910308
0.917935
0.925004
0.931512
0.937455
0.942828
0.947629
0.951855
0.955503
0.958571
0.961057
0.962959
0.964277
0.965009
0.965156
0.964716
0.963691
0.962081
0.959887
0.95711
0.953752
0.949815
0.945301
0.940213
0.934555
0.928329
0.92154
0.914191
0.906287
0.897833
0.888834
0.879296
0.869223
0.858623
0.847501
0.835865
0.823722
0.811079
0.797943
0.784322
0.770226
0.755662
0.740639
0.725166
0.709254
0.69291
0.676146
0.658972
0.641398
0.623434
0.605091
0.586381
0.567316
0.547906
0.528163
0.508099
0.487728
0.46706
0.446108
0.424886
0.403405
0.38168
0.359723
0.337548
0.315168
0.292596
0.269847
0.246934
0.223871
0.200672
0.177351
0.153923
0.130401
0.1068
0.0831346
0.0594183
0.035666
0.011892
-0.0118892
-0.0356632
-0.0594155
-0.0831318
-0.106798
-0.130399
-0.15392
-0.177349
-0.200669
-0.223868
-0.246931
-0.269844
-0.292593
-0.315165
-0.337545
-0.35972
-0.381677
-0.403403
-0.424883
-0.446105
-0.467057
-0.487725
-0.508097
-0.52816
-0.547903
-0.567313
-0.586379
-0.605089
-0.623431
-0.641395
-0.658969
-0.676144
-0.692908
-0.709251
-0.725164
-0.740636
-0.755659
-0.770223
-0.78432
-0.79794
-0.811076
-0.82372
-0.835863
-0.847499
-0.85862
-0.869221
-0.879293
-0.888832
-0.897831
-0.906285
-0.914189
-0.921538
-0.928327
-0.934553
-0.940211
-0.945299
-0.949812
-0.953749
-0.957108
-0.959885
-0.962079
-0.963689
-0.964714
-0.965154
-0.965007
-0.964275
-0.962957
-0.961055
-0.958569
-0.955501
-0.951853
-0.947628
-0.942827
-0.937453
-0.931511
-0.925003
-0.917933
-0.910306
-0.902127
-0.8934
-0.88413
-0.874324
-0.863987
-0.853125
-0.841745
-0.829855
-0.81746
-0.80457
-0.791191
-0.777331
-0.763
-0.748205
-0.732956
-0.717263
-0.701133
-0.684579
-0.667608
-0.650232
-0.632462
-0.614307
-0.59578
-0.576891
-0.557651
-0.538073
-0.518169
-0.49795
-0.477428
-0.456617
-0.435528
-0.414175
-0.392571
-0.370728
-0.34866
-0.326381
-0.303903
-0.281241
-0.258408
-0.235419
-0.212286
-0.189025
-0.165648
-0.142172
-0.118608
-0.0949732
-0.0712804
-0.0475443
-0.0237794
0
0
0.0239311
0.0478477
0.0717352
0.0955792
0.119365
0.143079
0.166705
0.190231
0.213641
0.236921
0.260057
0.283036
0.305843
0.328464
0.350885
0.373094
0.395076
0.416818
0.438307
0.45953
0.480475
0.501127
0.521475
0.541507
0.56121
0.580572
0.599581
0.618227
0.636497
0.654381
0.671868
0.688947
0.705607
0.72184
0.737634
0.75298
0.767869
0.782291
0.796239
0.809704
0.822677
0.83515
0.847117
0.858569
0.8695
0.879903
0.889772
0.899101
0.907883
0.916115
0.923791
0.930905
0.937455
0.943435
0.948843
0.953675
0.957927
0.961599
0.964686
0.967188
0.969102
0.970428
0.971165
0.971313
0.970871
0.969839
0.968218
0.96601
0.963215
0.959836
0.955874
0.951331
0.946211
0.940517
0.934251
0.927419
0.920023
0.912069
0.903561
0.894505
0.884905
0.874768
0.8641
0.852908
0.841198
0.828977
0.816253
0.803033
0.789326
0.77514
0.760483
0.745364
0.729793
0.713778
0.697331
0.68046
0.663176
0.645489
0.627411
0.608951
0.590122
0.570935
0.551401
0.531532
0.511341
0.490839
0.470039
0.448954
0.427596
0.405979
0.384115
0.362018
0.339701
0.317178
0.294463
0.271568
0.248509
0.225299
0.201952
0.178483
0.154905
0.131233
0.107482
0.083665
0.0597974
0.0358935
0.0119679
-0.011965
-0.0358907
-0.0597945
-0.0836621
-0.107479
-0.13123
-0.154902
-0.17848
-0.201949
-0.225296
-0.248506
-0.271566
-0.29446
-0.317175
-0.339698
-0.362015
-0.384112
-0.405976
-0.427593
-0.448951
-0.470036
-0.490836
-0.511338
-0.531529
-0.551398
-0.570932
-0.59012
-0.608949
-0.627408
-0.645487
-0.663173
-0.680457
-0.697328
-0.713776
-0.72979
-0.745361
-0.76048
-0.775137
-0.789323
-0.803031
-0.81625
-0.828974
-0.841195
-0.852906
-0.864098
-0.874766
-0.884903
-0.894502
-0.903559
-0.912067
-0.920021
-0.927416
-0.934249
-0.940515
-0.946209
-0.951329
-0.955872
-0.959834
-0.963213
-0.966008
-0.968216
-0.969837
-0.970868
-0.971311
-0.971163
-0.970426
-0.9691
-0.967186
-0.964684
-0.961597
-0.957926
-0.953673
-0.948841
-0.943434
-0.937453
-0.930904
-0.923789
-0.916114
-0.907882
-0.899099
-0.88977
-0.879901
-0.869498
-0.858567
-0.847115
-0.835149
-0.822675
-0.809702
-0.796238
-0.78229
-0.767867
-0.752978
-0.737632
-0.721838
-0.705606
-0.688946
-0.671867
-0.65438
-0.636496
-0.618226
-0.59958
-0.580571
-0.561209
-0.541506
-0.521474
-0.501126
-0.480474
-0.45953
-0.438307
-0.416817
-0.395075
-0.373093
-0.350885
-0.328463
-0.305842
-0.283035
-0.260057
-0.236921
-0.21364
-0.19023
-0.166705
-0.143078
-0.119365
-0.0955791
-0.0717351
-0.0478476
-0.0239311
0
0
0.0240683
0.048122
0.0721464
0.0961271
0.120049
0.143899
0.167661
0.191321
0.214865
0.238279
0.261548
0.284658
0.307596
0.330346
0.352896
0.375232
0.39734
0.419207
0.44082
0.462164
0.483229
0.503999
0.524464
0.544611
0.564426
0.5839
0.603018
0.621771
0.640146
0.658132
0.675719
0.692896
0.709652
0.725977
0.741862
0.757296
0.77227
0.786775
0.800803
0.814345
0.827392
0.839937
0.851972
0.86349
0.874484
0.884946
0.894872
0.904254
0.913087
0.921366
0.929086
0.936241
0.942828
0.948843
0.954282
0.959141
0.963418
0.96711
0.970215
0.972731
0.974657
0.975991
0.976732
0.97688
0.976435
0.975398
0.973768
0.971547
0.968737
0.965338
0.961353
0.956784
0.951635
0.945908
0.939606
0.932735
0.925297
0.917297
0.90874
0.899632
0.889977
0.879782
0.869053
0.857797
0.84602
0.833729
0.820932
0.807636
0.79385
0.779583
0.764842
0.749636
0.733976
0.71787
0.701328
0.68436
0.666977
0.649189
0.631007
0.612442
0.593505
0.574207
0.554562
0.534579
0.514272
0.493652
0.472733
0.451527
0.430047
0.408306
0.386317
0.364093
0.341648
0.318996
0.296151
0.273125
0.249934
0.226591
0.20311
0.179506
0.155793
0.131985
0.108098
0.0841445
0.0601402
0.0360993
0.0120365
-0.0120336
-0.0360964
-0.0601372
-0.0841416
-0.108095
-0.131983
-0.15579
-0.179503
-0.203107
-0.226588
-0.249931
-0.273122
-0.296148
-0.318993
-0.341646
-0.36409
-0.386314
-0.408303
-0.430044
-0.451525
-0.472731
-0.49365
-0.514269
-0.534576
-0.554559
-0.574205
-0.593502
-0.612439
-0.631004
-0.649186
-0.666974
-0.684358
-0.701325
-0.717867
-0.733973
-0.749634
-0.764839
-0.77958
-0.793848
-0.807633
-0.820929
-0.833726
-0.846017
-0.857794
-0.869051
-0.87978
-0.889975
-0.899629
-0.908738
-0.917294
-0.925294
-0.932732
-0.939604
-0.945906
-0.951633
-0.956782
-0.961351
-0.965336
-0.968734
-0.971545
-0.973766
-0.975396
-0.976433
-0.976878
-0.97673
-0.975989
-0.974655
-0.972729
-0.970213
-0.967108
-0.963416
-0.959139
-0.95428
-0.948841
-0.942827
-0.93624
-0.929084
-0.921365
-0.913086
-0.904253
-0.89487
-0.884945
-0.874482
-0.863489
-0.851971
-0.839936
-0.827391
-0.814344
-0.800802
-0.786774
-0.772269
-0.757294
-0.74186
-0.725976
-0.709651
-0.692895
-0.675718
-0.658131
-0.640145
-0.62177
-0.603017
-0.583899
-0.564426
-0.54461
-0.524463
-0.503999
-0.483228
-0.462164
-0.440819
-0.419207
-0.39734
-0.375232
-0.352896
-0.330346
-0.307595
-0.284658
-0.261548
-0.238279
-0.214865
-0.191321
-0.167661
-0.143899
-0.120049
-0.0961269
-0.0721463
-0.0481219
-0.0240683
0
0
0.0241908
0.048367
0.0725138
0.0966166
0.120661
0.144632
0.168515
0.192295
0.215959
0.239492
0.26288
0.286108
0.309162
0.332028
0.354693
0.377143
0.399364
0.421342
0.443064
0.464518
0.485689
0.506566
0.527135
0.547384
0.567301
0.586873
0.606089
0.624937
0.643406
0.661484
0.67916
0.696424
0.713266
0.729674
0.745639
0.761152
0.776202
0.790782
0.804881
0.818492
0.831605
0.844214
0.856311
0.867887
0.878937
0.889453
0.899429
0.908859
0.917737
0.926058
0.933817
0.941009
0.947629
0.953675
0.959141
0.964025
0.968324
0.972035
0.975156
0.977685
0.97962
0.980961
0.981706
0.981855
0.981408
0.980365
0.978727
0.976495
0.97367
0.970253
0.966248
0.961656
0.956481
0.950725
0.944391
0.937484
0.930008
0.921968
0.913368
0.904213
0.894509
0.884262
0.873479
0.862165
0.850328
0.837974
0.825112
0.811749
0.797893
0.783552
0.768736
0.753453
0.737713
0.721525
0.704899
0.687845
0.670374
0.652495
0.63422
0.61556
0.596527
0.577131
0.557385
0.537301
0.516891
0.496166
0.475141
0.453827
0.432237
0.410385
0.388284
0.365947
0.343388
0.320621
0.297659
0.274516
0.251206
0.227744
0.204144
0.18042
0.156586
0.132658
0.108648
0.084573
0.0604464
0.0362831
0.0120978
-0.0120948
-0.0362802
-0.0604435
-0.0845701
-0.108645
-0.132655
-0.156583
-0.180417
-0.204141
-0.227741
-0.251203
-0.274513
-0.297656
-0.320618
-0.343385
-0.365944
-0.388281
-0.410382
-0.432234
-0.453824
-0.475138
-0.496163
-0.516888
-0.537298
-0.557383
-0.577129
-0.596524
-0.615558
-0.634217
-0.652492
-0.670371
-0.687842
-0.704896
-0.721523
-0.737711
-0.753451
-0.768734
-0.78355
-0.79789
-0.811746
-0.825109
-0.837971
-0.850325
-0.862162
-0.873476
-0.88426
-0.894507
-0.90421
-0.913365
-0.921965
-0.930006
-0.937482
-0.944389
-0.950722
-0.956478
-0.961654
-0.966246
-0.970251
-0.973667
-0.976492
-0.978725
-0.980363
-0.981405
-0.981853
-0.981704
-0.980959
-0.979618
-0.977683
-0.975154
-0.972033
-0.968322
-0.964023
-0.959139
-0.953673
-0.947628
-0.941007
-0.933815
-0.926056
-0.917735
-0.908857
-0.899427
-0.889451
-0.878935
-0.867886
-0.856309
-0.844213
-0.831604
-0.81849
-0.80488
-0.79078
-0.776201
-0.761151
-0.745638
-0.729673
-0.713264
-0.696423
-0.679159
-0.661483
-0.643405
-0.624936
-0.606088
-0.586872
-0.5673
-0.547383
-0.527134
-0.506565
-0.485688
-0.464517
-0.443064
-0.421341
-0.399363
-0.377142
-0.354693
-0.332028
-0.309161
-0.286107
-0.262879
-0.239492
-0.215959
-0.192295
-0.168514
-0.144631
-0.120661
-0.0966164
-0.0725137
-0.0483669
-0.0241908
0
0
0.0242987
0.0485827
0.0728372
0.0970474
0.121199
0.145277
0.169266
0.193153
0.216922
0.24056
0.264052
0.287384
0.310541
0.333509
0.356275
0.378825
0.401145
0.423221
0.44504
0.466589
0.487855
0.508825
0.529485
0.549825
0.56983
0.58949
0.608792
0.627724
0.646275
0.664433
0.682189
0.69953
0.716446
0.732928
0.748964
0.764546
0.779664
0.794308
0.80847
0.822142
0.835314
0.847979
0.860129
0.871757
0.882856
0.893419
0.90344
0.912912
0.921829
0.930188
0.937981
0.945205
0.951855
0.957927
0.963418
0.968324
0.972642
0.97637
0.979504
0.982044
0.983988
0.985335
0.986083
0.986233
0.985784
0.984736
0.983091
0.980849
0.978011
0.97458
0.970557
0.965945
0.960746
0.954964
0.948602
0.941665
0.934156
0.926079
0.917441
0.908245
0.898498
0.888205
0.877374
0.866009
0.854119
0.841711
0.828791
0.815368
0.801451
0.787046
0.772164
0.756813
0.741003
0.724743
0.708042
0.690912
0.673363
0.655405
0.637048
0.618305
0.599187
0.579705
0.559871
0.539697
0.519196
0.498379
0.477259
0.45585
0.434165
0.412215
0.390015
0.367579
0.344919
0.322051
0.298986
0.27574
0.252327
0.22876
0.205055
0.181225
0.157285
0.133249
0.109133
0.0849502
0.060716
0.0364449
0.0121518
-0.0121488
-0.0364419
-0.060713
-0.0849472
-0.10913
-0.133246
-0.157282
-0.181222
-0.205052
-0.228757
-0.252324
-0.275737
-0.298983
-0.322048
-0.344917
-0.367576
-0.390013
-0.412212
-0.434162
-0.455847
-0.477256
-0.498376
-0.519193
-0.539694
-0.559868
-0.579702
-0.599184
-0.618303
-0.637046
-0.655402
-0.67336
-0.69091
-0.70804
-0.72474
-0.741
-0.756811
-0.772162
-0.787044
-0.801448
-0.815366
-0.828789
-0.841708
-0.854117
-0.866007
-0.877371
-0.888203
-0.898495
-0.908242
-0.917438
-0.926077
-0.934153
-0.941662
-0.9486
-0.954962
-0.960744
-0.965942
-0.970555
-0.974578
-0.978009
-0.980847
-0.983089
-0.984734
-0.985782
-0.986231
-0.986081
-0.985333
-0.983986
-0.982042
-0.979502
-0.976368
-0.97264
-0.968322
-0.963416
-0.957926
-0.951853
-0.945203
-0.937979
-0.930186
-0.921828
-0.91291
-0.903438
-0.893417
-0.882855
-0.871756
-0.860128
-0.847977
-0.835312
-0.82214
-0.808469
-0.794307
-0.779662
-0.764545
-0.748963
-0.732926
-0.716445
-0.699529
-0.682187
-0.664432
-0.646274
-0.627723
-0.608791
-0.589489
-0.569829
-0.549824
-0.529485
-0.508824
-0.487854
-0.466588
-0.445039
-0.42322
-0.401144
-0.378824
-0.356275
-0.333509
-0.31054
-0.287383
-0.264052
-0.24056
-0.216922
-0.193153
-0.169266
-0.145276
-0.121199
-0.0970473
-0.072837
-0.0485826
-0.0242987
0
0
0.0243918
0.0487689
0.0731163
0.0974193
0.121663
0.145833
0.169915
0.193893
0.217754
0.241482
0.265064
0.288485
0.311731
0.334787
0.35764
0.380277
0.402682
0.424843
0.446746
0.468377
0.489725
0.510775
0.531515
0.551932
0.572014
0.591749
0.611125
0.630129
0.648751
0.66698
0.684803
0.702211
0.719192
0.735737
0.751835
0.767476
0.782652
0.797352
0.811569
0.825292
0.838515
0.851229
0.863426
0.875098
0.88624
0.896843
0.906902
0.91641
0.925362
0.933752
0.941576
0.948827
0.955503
0.961599
0.96711
0.972035
0.97637
0.980111
0.983258
0.985808
0.987759
0.989111
0.989862
0.990013
0.989562
0.98851
0.986859
0.984608
0.981759
0.978315
0.974276
0.969647
0.964428
0.958624
0.952238
0.945274
0.937736
0.929628
0.920956
0.911726
0.901941
0.891609
0.880736
0.869328
0.857393
0.844937
0.831967
0.818493
0.804522
0.790063
0.775123
0.759714
0.743843
0.72752
0.710756
0.69356
0.675943
0.657916
0.63949
0.620675
0.601483
0.581927
0.562017
0.541765
0.521185
0.500289
0.479088
0.457597
0.435828
0.413795
0.39151
0.368988
0.346241
0.323285
0.300132
0.276797
0.253294
0.229637
0.20584
0.181919
0.157887
0.13376
0.109551
0.0852757
0.0609487
0.0365846
0.0121984
-0.0121953
-0.0365816
-0.0609456
-0.0852727
-0.109548
-0.133757
-0.157884
-0.181916
-0.205837
-0.229634
-0.253291
-0.276794
-0.300129
-0.323282
-0.346238
-0.368985
-0.391507
-0.413792
-0.435825
-0.457594
-0.479085
-0.500286
-0.521182
-0.541762
-0.562014
-0.581924
-0.601481
-0.620672
-0.639487
-0.657913
-0.675941
-0.693557
-0.710753
-0.727517
-0.74384
-0.759711
-0.775121
-0.79006
-0.804519
-0.818491
-0.831965
-0.844934
-0.85739
-0.869326
-0.880734
-0.891607
-0.901939
-0.911723
-0.920954
-0.929626
-0.937733
-0.945271
-0.952235
-0.958621
-0.964426
-0.969644
-0.974274
-0.978313
-0.981757
-0.984606
-0.986856
-0.988508
-0.98956
-0.99001
-0.98986
-0.989109
-0.987757
-0.985806
-0.983256
-0.980109
-0.976368
-0.972033
-0.967108
-0.961597
-0.955501
-0.948826
-0.941574
-0.933751
-0.92536
-0.916408
-0.9069
-0.896841
-0.886238
-0.875097
-0.863424
-0.851227
-0.838514
-0.825291
-0.811567
-0.797351
-0.78265
-0.767475
-0.751833
-0.735735
-0.719191
-0.702209
-0.684802
-0.666979
-0.64875
-0.630128
-0.611124
-0.591748
-0.572013
-0.551931
-0.531514
-0.510774
-0.489724
-0.468377
-0.446745
-0.424842
-0.402681
-0.380276
-0.35764
-0.334787
-0.31173
-0.288484
-0.265064
-0.241482
-0.217753
-0.193893
-0.169914
-0.145833
-0.121663
-0.0974192
-0.0731162
-0.0487688
-0.0243918
0
0
0.0244702
0.0489255
0.073351
0.0977321
0.122054
0.146301
0.17046
0.194516
0.218453
0.242257
0.265915
0.289411
0.312732
0.335862
0.358789
0.381498
0.403975
0.426207
0.44818
0.469881
0.491297
0.512415
0.533221
0.553704
0.573851
0.593649
0.613087
0.632152
0.650834
0.669121
0.687002
0.704465
0.721501
0.738099
0.754248
0.76994
0.785165
0.799912
0.814174
0.827942
0.841207
0.853962
0.866198
0.877908
0.889085
0.899722
0.909814
0.919352
0.928333
0.93675
0.944599
0.951874
0.958571
0.964686
0.970215
0.975156
0.979504
0.983258
0.986415
0.988973
0.990931
0.992287
0.99304
0.993191
0.992739
0.991684
0.990027
0.987769
0.984912
0.981456
0.977405
0.97276
0.967524
0.961702
0.955295
0.948309
0.940746
0.932613
0.923913
0.914653
0.904837
0.894472
0.883564
0.872119
0.860145
0.847649
0.834639
0.821121
0.807105
0.792599
0.777612
0.762153
0.746231
0.729856
0.713038
0.695787
0.678114
0.660029
0.641543
0.622668
0.603415
0.583795
0.563821
0.543505
0.522859
0.501895
0.480627
0.459067
0.437228
0.415123
0.392767
0.370172
0.347353
0.324323
0.301095
0.277685
0.254107
0.230374
0.206501
0.182503
0.158394
0.134189
0.109903
0.0855496
0.0611444
0.0367021
0.0122375
-0.0122344
-0.036699
-0.0611413
-0.0855465
-0.1099
-0.134186
-0.158391
-0.1825
-0.206498
-0.230371
-0.254104
-0.277682
-0.301092
-0.32432
-0.34735
-0.370169
-0.392764
-0.41512
-0.437225
-0.459064
-0.480624
-0.501892
-0.522856
-0.543502
-0.563818
-0.583792
-0.603412
-0.622665
-0.64154
-0.660026
-0.678111
-0.695784
-0.713035
-0.729853
-0.746228
-0.76215
-0.777609
-0.792596
-0.807102
-0.821118
-0.834636
-0.847647
-0.860143
-0.872117
-0.883561
-0.894469
-0.904835
-0.91465
-0.923911
-0.93261
-0.940744
-0.948306
-0.955293
-0.961699
-0.967522
-0.972757
-0.977402
-0.981454
-0.984909
-0.987767
-0.990025
-0.991682
-0.992737
-0.993189
-0.993038
-0.992285
-0.990929
-0.988971
-0.986413
-0.983256
-0.979502
-0.975154
-0.970213
-0.964684
-0.958569
-0.951872
-0.944597
-0.936748
-0.928331
-0.919351
-0.909812
-0.899721
-0.889083
-0.877906
-0.866196
-0.85396
-0.841206
-0.827941
-0.814173
-0.799911
-0.785163
-0.769939
-0.754247
-0.738097
-0.7215
-0.704464
-0.687
-0.66912
-0.650833
-0.632151
-0.613086
-0.593648
-0.57385
-0.553703
-0.53322
-0.512414
-0.491296
-0.46988
-0.448179
-0.426206
-0.403974
-0.381497
-0.358788
-0.335862
-0.312731
-0.289411
-0.265915
-0.242257
-0.218453
-0.194515
-0.17046
-0.146301
-0.122054
-0.097732
-0.0733509
-0.0489254
-0.0244701
0
0
0.0245336
0.0490523
0.0735413
0.0979856
0.12237
0.146681
0.170902
0.19502
0.219019
0.242886
0.266605
0.290162
0.313543
0.336733
0.359719
0.382487
0.405022
0.427312
0.449342
0.4711
0.492571
0.513743
0.534604
0.55514
0.575339
0.595188
0.614677
0.633792
0.652522
0.670856
0.688783
0.706292
0.723372
0.740013
0.756204
0.771937
0.787201
0.801987
0.816286
0.830089
0.843389
0.856176
0.868444
0.880184
0.891391
0.902056
0.912173
0.921737
0.930741
0.93918
0.947048
0.954342
0.961057
0.967188
0.972731
0.977685
0.982044
0.985808
0.988973
0.991538
0.9935
0.99486
0.995616
0.995767
0.995313
0.994256
0.992595
0.990331
0.987466
0.984001
0.979939
0.975282
0.970033
0.964196
0.957772
0.950768
0.943186
0.935031
0.926309
0.917025
0.907184
0.896792
0.885855
0.874381
0.862376
0.849848
0.836803
0.823251
0.809198
0.794655
0.779629
0.764129
0.748166
0.731749
0.714887
0.697591
0.679872
0.66174
0.643207
0.624283
0.604979
0.585309
0.565283
0.544914
0.524215
0.503197
0.481873
0.460257
0.438362
0.4162
0.393786
0.371132
0.348254
0.325164
0.301876
0.278406
0.254766
0.230971
0.207037
0.182976
0.158805
0.134537
0.110188
0.0857714
0.061303
0.0367973
0.0122693
-0.0122662
-0.0367942
-0.0612998
-0.0857683
-0.110185
-0.134534
-0.158802
-0.182973
-0.207034
-0.230968
-0.254763
-0.278402
-0.301873
-0.325161
-0.348251
-0.371129
-0.393783
-0.416197
-0.438359
-0.460254
-0.48187
-0.503193
-0.524212
-0.544911
-0.56528
-0.585306
-0.604976
-0.62428
-0.643204
-0.661737
-0.679869
-0.697588
-0.714884
-0.731746
-0.748163
-0.764126
-0.779626
-0.794652
-0.809195
-0.823248
-0.8368
-0.849845
-0.862373
-0.874378
-0.885853
-0.896789
-0.907181
-0.917022
-0.926307
-0.935029
-0.943183
-0.950765
-0.95777
-0.964193
-0.970031
-0.97528
-0.979937
-0.983999
-0.987463
-0.990328
-0.992592
-0.994253
-0.995311
-0.995765
-0.995613
-0.994858
-0.993498
-0.991536
-0.988971
-0.985806
-0.982042
-0.977683
-0.972729
-0.967186
-0.961055
-0.95434
-0.947046
-0.939178
-0.930739
-0.921735
-0.912171
-0.902054
-0.891389
-0.880183
-0.868442
-0.856175
-0.843387
-0.830088
-0.816284
-0.801985
-0.787199
-0.771935
-0.756203
-0.740012
-0.723371
-0.706291
-0.688782
-0.670855
-0.652521
-0.633791
-0.614676
-0.595187
-0.575338
-0.555139
-0.534603
-0.513743
-0.49257
-0.471099
-0.449341
-0.427311
-0.405022
-0.382486
-0.359719
-0.336733
-0.313542
-0.290161
-0.266604
-0.242885
-0.219019
-0.19502
-0.170902
-0.146681
-0.12237
-0.0979854
-0.0735411
-0.0490522
-0.0245336
0
0
0.0245822
0.0491494
0.0736868
0.0981795
0.122613
0.146971
0.171241
0.195406
0.219453
0.243366
0.267132
0.290736
0.314163
0.3374
0.360431
0.383244
0.405824
0.428158
0.450232
0.472032
0.493546
0.51476
0.535662
0.556239
0.576478
0.596367
0.615893
0.635046
0.653814
0.672184
0.690147
0.70769
0.724804
0.741478
0.757701
0.773465
0.788759
0.803574
0.817901
0.831732
0.845058
0.857871
0.870163
0.881927
0.893155
0.903841
0.913979
0.923561
0.932583
0.941039
0.948923
0.956231
0.962959
0.969102
0.974657
0.97962
0.983988
0.987759
0.990931
0.9935
0.995467
0.996829
0.997586
0.997738
0.997284
0.996224
0.994559
0.992291
0.98942
0.985949
0.981879
0.977213
0.971954
0.966104
0.959668
0.95265
0.945053
0.936882
0.928143
0.91884
0.908979
0.898567
0.887609
0.876112
0.864083
0.85153
0.838459
0.82488
0.8108
0.796228
0.781172
0.765642
0.749647
0.733197
0.716302
0.698972
0.681218
0.66305
0.64448
0.625518
0.606177
0.586468
0.566402
0.545993
0.525252
0.504193
0.482827
0.461168
0.439229
0.417024
0.394565
0.371867
0.348943
0.325807
0.302474
0.278957
0.25527
0.231429
0.207447
0.183339
0.159119
0.134804
0.110406
0.0859412
0.0614243
0.0368702
0.0122936
-0.0122904
-0.036867
-0.0614211
-0.085938
-0.110403
-0.1348
-0.159116
-0.183336
-0.207443
-0.231425
-0.255267
-0.278954
-0.302471
-0.325804
-0.34894
-0.371864
-0.394562
-0.417021
-0.439226
-0.461165
-0.482824
-0.50419
-0.525249
-0.54599
-0.566399
-0.586465
-0.606174
-0.625515
-0.644477
-0.663047
-0.681215
-0.698969
-0.716299
-0.733194
-0.749644
-0.765639
-0.781169
-0.796225
-0.810797
-0.824877
-0.838457
-0.851527
-0.86408
-0.876109
-0.887606
-0.898564
-0.908977
-0.918837
-0.92814
-0.93688
-0.94505
-0.952647
-0.959666
-0.966102
-0.971951
-0.97721
-0.981876
-0.985946
-0.989418
-0.992289
-0.994557
-0.996222
-0.997281
-0.997736
-0.997584
-0.996827
-0.995465
-0.993498
-0.990929
-0.987757
-0.983986
-0.979618
-0.974655
-0.9691
-0.962957
-0.956229
-0.948921
-0.941037
-0.932581
-0.923559
-0.913977
-0.903839
-0.893153
-0.881925
-0.870161
-0.857869
-0.845057
-0.831731
-0.8179
-0.803573
-0.788757
-0.773463
-0.7577
-0.741476
-0.724803
-0.707689
-0.690145
-0.672183
-0.653813
-0.635045
-0.615892
-0.596365
-0.576477
-0.556238
-0.535661
-0.51476
-0.493545
-0.472031
-0.450231
-0.428157
-0.405823
-0.383243
-0.360431
-0.337399
-0.314163
-0.290736
-0.267132
-0.243366
-0.219453
-0.195406
-0.17124
-0.146971
-0.122612
-0.0981794
-0.0736867
-0.0491493
-0.0245821
0
0
0.0246158
0.0492167
0.0737877
0.0983139
0.12278
0.147172
0.171475
0.195673
0.219753
0.2437
0.267498
0.291134
0.314593
0.337861
0.360924
0.383768
0.406379
0.428744
0.450848
0.472678
0.494221
0.515465
0.536395
0.557
0.577266
0.597183
0.616736
0.635915
0.654708
0.673104
0.691091
0.708658
0.725796
0.742492
0.758738
0.774523
0.789838
0.804674
0.819021
0.83287
0.846215
0.859045
0.871354
0.883134
0.894377
0.905078
0.915229
0.924825
0.933859
0.942326
0.950222
0.95754
0.964277
0.970428
0.975991
0.980961
0.985335
0.989111
0.992287
0.99486
0.996829
0.998193
0.998952
0.999103
0.998648
0.997587
0.99592
0.993649
0.990774
0.987298
0.983223
0.97855
0.973284
0.967426
0.960982
0.953953
0.946346
0.938164
0.929413
0.920097
0.910223
0.899796
0.888823
0.877311
0.865266
0.852695
0.839607
0.826009
0.81191
0.797317
0.782241
0.76669
0.750673
0.734201
0.717282
0.699929
0.68215
0.663958
0.645362
0.626374
0.607006
0.58727
0.567177
0.54674
0.525971
0.504883
0.483488
0.461799
0.43983
0.417595
0.395105
0.372376
0.349421
0.326253
0.302888
0.279338
0.25562
0.231745
0.207731
0.18359
0.159337
0.134988
0.110557
0.0860588
0.0615084
0.0369206
0.0123104
-0.0123072
-0.0369174
-0.0615052
-0.0860556
-0.110554
-0.134985
-0.159334
-0.183586
-0.207727
-0.231742
-0.255616
-0.279335
-0.302885
-0.32625
-0.349418
-0.372373
-0.395102
-0.417591
-0.439827
-0.461796
-0.483485
-0.504879
-0.525968
-0.546737
-0.567174
-0.587267
-0.607003
-0.626371
-0.645359
-0.663955
-0.682147
-0.699926
-0.717279
-0.734198
-0.75067
-0.766687
-0.782238
-0.797314
-0.811907
-0.826006
-0.839604
-0.852692
-0.865263
-0.877308
-0.888821
-0.899794
-0.910221
-0.920095
-0.92941
-0.938162
-0.946344
-0.953951
-0.960979
-0.967424
-0.973281
-0.978548
-0.98322
-0.987296
-0.990772
-0.993647
-0.995918
-0.997585
-0.998646
-0.999101
-0.998949
-0.998191
-0.996827
-0.994858
-0.992285
-0.989109
-0.985333
-0.980959
-0.975989
-0.970426
-0.964275
-0.957538
-0.95022
-0.942324
-0.933857
-0.924823
-0.915228
-0.905076
-0.894376
-0.883132
-0.871352
-0.859043
-0.846213
-0.832869
-0.819019
-0.804672
-0.789837
-0.774522
-0.758737
-0.742491
-0.725794
-0.708657
-0.69109
-0.673103
-0.654707
-0.635914
-0.616735
-0.597182
-0.577265
-0.556999
-0.536394
-0.515464
-0.494221
-0.472677
-0.450847
-0.428743
-0.406379
-0.383768
-0.360924
-0.337861
-0.314593
-0.291133
-0.267497
-0.243699
-0.219753
-0.195673
-0.171475
-0.147172
-0.12278
-0.0983137
-0.0737876
-0.0492166
-0.0246158
0
0
0.0246345
0.0492541
0.0738437
0.0983885
0.122874
0.147284
0.171605
0.195822
0.21992
0.243885
0.267701
0.291355
0.314832
0.338118
0.361199
0.38406
0.406688
0.429069
0.45119
0.473037
0.494597
0.515856
0.536803
0.557423
0.577705
0.597636
0.617205
0.636398
0.655206
0.673615
0.691616
0.709197
0.726347
0.743056
0.759314
0.775112
0.790438
0.805285
0.819643
0.833503
0.846857
0.859697
0.872016
0.883804
0.895057
0.905765
0.915924
0.925527
0.934568
0.943042
0.950943
0.958267
0.965009
0.971165
0.976732
0.981706
0.986083
0.989862
0.99304
0.995616
0.997586
0.998952
0.99971
0.999862
0.999407
0.998345
0.996677
0.994404
0.991527
0.988048
0.983969
0.979293
0.974023
0.968161
0.961711
0.954678
0.947065
0.938877
0.930119
0.920796
0.910915
0.90048
0.889499
0.877977
0.865923
0.853343
0.840245
0.826636
0.812526
0.797923
0.782835
0.767272
0.751243
0.734758
0.717827
0.70046
0.682668
0.664462
0.645852
0.62685
0.607467
0.587716
0.567608
0.547155
0.52637
0.505266
0.483855
0.46215
0.440164
0.417912
0.395405
0.372659
0.349686
0.326501
0.303118
0.279551
0.255814
0.231921
0.207888
0.183729
0.159458
0.135091
0.110641
0.0861242
0.0615551
0.0369487
0.0123198
-0.0123165
-0.0369454
-0.0615519
-0.086121
-0.110638
-0.135087
-0.159455
-0.183726
-0.207885
-0.231918
-0.25581
-0.279547
-0.303115
-0.326498
-0.349683
-0.372656
-0.395402
-0.417909
-0.440161
-0.462147
-0.483852
-0.505263
-0.526367
-0.547152
-0.567605
-0.587713
-0.607464
-0.626847
-0.645849
-0.664459
-0.682665
-0.700457
-0.717824
-0.734755
-0.75124
-0.767269
-0.782832
-0.79792
-0.812523
-0.826633
-0.840242
-0.85334
-0.86592
-0.877974
-0.889496
-0.900477
-0.910912
-0.920793
-0.930116
-0.938874
-0.947062
-0.954675
-0.961709
-0.968158
-0.97402
-0.979291
-0.983967
-0.988045
-0.991524
-0.994401
-0.996674
-0.998342
-0.999404
-0.99986
-0.999708
-0.998949
-0.997584
-0.995613
-0.993038
-0.98986
-0.986081
-0.981704
-0.97673
-0.971163
-0.965007
-0.958265
-0.950941
-0.94304
-0.934567
-0.925526
-0.915923
-0.905764
-0.895055
-0.883803
-0.872014
-0.859696
-0.846856
-0.833501
-0.819641
-0.805283
-0.790437
-0.77511
-0.759313
-0.743055
-0.726346
-0.709195
-0.691615
-0.673614
-0.655205
-0.636397
-0.617204
-0.597635
-0.577704
-0.557422
-0.536802
-0.515855
-0.494596
-0.473036
-0.451189
-0.429069
-0.406687
-0.384059
-0.361198
-0.338117
-0.314831
-0.291354
-0.267701
-0.243884
-0.21992
-0.195822
-0.171605
-0.147284
-0.122873
-0.0983884
-0.0738436
-0.049254
-0.0246345
0
0
0.0246382
0.0492615
0.0738549
0.0984035
0.122892
0.147306
0.171631
0.195852
0.219953
0.243922
0.267742
0.291399
0.31488
0.338169
0.361253
0.384118
0.40675
0.429135
0.451259
0.473109
0.494672
0.515935
0.536884
0.557508
0.577793
0.597727
0.617298
0.636495
0.655305
0.673718
0.691721
0.709304
0.726457
0.743169
0.75943
0.775229
0.790558
0.805407
0.819767
0.83363
0.846986
0.859828
0.872148
0.883939
0.895192
0.905903
0.916063
0.925668
0.93471
0.943185
0.951088
0.958413
0.965156
0.971313
0.97688
0.981855
0.986233
0.990013
0.993191
0.995767
0.997738
0.999103
0.999862
1.00001
0.999559
0.998496
0.996828
0.994555
0.991677
0.988198
0.984119
0.979442
0.974171
0.968308
0.961857
0.954823
0.947209
0.939019
0.93026
0.920936
0.911053
0.900617
0.889634
0.87811
0.866054
0.853472
0.840372
0.826762
0.81265
0.798044
0.782954
0.767388
0.751357
0.73487
0.717936
0.700567
0.682772
0.664563
0.64595
0.626945
0.60756
0.587805
0.567694
0.547238
0.52645
0.505343
0.483928
0.46222
0.440231
0.417975
0.395465
0.372715
0.349739
0.326551
0.303164
0.279593
0.255853
0.231957
0.20792
0.183757
0.159482
0.135111
0.110658
0.0861373
0.0615645
0.0369543
0.0123217
-0.0123184
-0.036951
-0.0615612
-0.086134
-0.110655
-0.135108
-0.159479
-0.183754
-0.207917
-0.231953
-0.255849
-0.27959
-0.303161
-0.326547
-0.349736
-0.372712
-0.395462
-0.417972
-0.440228
-0.462217
-0.483925
-0.50534
-0.526447
-0.547235
-0.567691
-0.587802
-0.607557
-0.626942
-0.645947
-0.66456
-0.682769
-0.700564
-0.717933
-0.734867
-0.751354
-0.767385
-0.782951
-0.798041
-0.812647
-0.826759
-0.840369
-0.853469
-0.866051
-0.878108
-0.889631
-0.900614
-0.91105
-0.920933
-0.930257
-0.939017
-0.947206
-0.95482
-0.961855
-0.968305
-0.974168
-0.979439
-0.984116
-0.988195
-0.991675
-0.994552
-0.996826
-0.998494
-0.999556
-1.00001
-0.99986
-0.999101
-0.997736
-0.995765
-0.993189
-0.99001
-0.986231
-0.981853
-0.976878
-0.971311
-0.965154
-0.958411
-0.951086
-0.943183
-0.934708
-0.925666
-0.916062
-0.905901
-0.895191
-0.883937
-0.872146
-0.859826
-0.846984
-0.833628
-0.819766
-0.805406
-0.790557
-0.775228
-0.759428
-0.743168
-0.726456
-0.709303
-0.69172
-0.673716
-0.655304
-0.636494
-0.617297
-0.597726
-0.577792
-0.557507
-0.536883
-0.515934
-0.494671
-0.473108
-0.451258
-0.429134
-0.406749
-0.384118
-0.361253
-0.338169
-0.314879
-0.291399
-0.267741
-0.243921
-0.219953
-0.195851
-0.171631
-0.147306
-0.122892
-0.0984033
-0.0738548
-0.0492615
-0.0246382
0
0
0.024627
0.0492391
0.0738213
0.0983587
0.122836
0.147239
0.171553
0.195763
0.219853
0.243811
0.26762
0.291267
0.314736
0.338015
0.361089
0.383943
0.406565
0.428939
0.451053
0.472894
0.494447
0.5157
0.53664
0.557254
0.57753
0.597455
0.617017
0.636205
0.655007
0.673411
0.691406
0.708981
0.726126
0.742831
0.759084
0.774876
0.790198
0.80504
0.819394
0.83325
0.8466
0.859436
0.871751
0.883536
0.894785
0.90549
0.915646
0.925246
0.934285
0.942756
0.950655
0.957976
0.964716
0.970871
0.976435
0.981408
0.985784
0.989562
0.992739
0.995313
0.997284
0.998648
0.999407
0.999559
0.999103
0.998042
0.996374
0.994102
0.991226
0.987748
0.983671
0.978996
0.973727
0.967867
0.961419
0.954388
0.946777
0.938592
0.929837
0.920517
0.910638
0.900207
0.889229
0.877711
0.86566
0.853084
0.839989
0.826385
0.81228
0.797681
0.782597
0.767039
0.751015
0.734535
0.717609
0.700248
0.682461
0.66426
0.645656
0.62666
0.607283
0.587538
0.567436
0.546989
0.526211
0.505113
0.483708
0.46201
0.440031
0.417785
0.395285
0.372546
0.34958
0.326402
0.303026
0.279466
0.255736
0.231851
0.207825
0.183673
0.15941
0.13505
0.110607
0.0860981
0.0615365
0.0369375
0.0123161
-0.0123128
-0.0369342
-0.0615331
-0.0860948
-0.110604
-0.135046
-0.159407
-0.18367
-0.207822
-0.231848
-0.255733
-0.279462
-0.303023
-0.326399
-0.349577
-0.372542
-0.395282
-0.417782
-0.440028
-0.462006
-0.483705
-0.505109
-0.526207
-0.546986
-0.567433
-0.587535
-0.60728
-0.626657
-0.645653
-0.664257
-0.682458
-0.700245
-0.717606
-0.734532
-0.751012
-0.767036
-0.782594
-0.797678
-0.812277
-0.826382
-0.839987
-0.853081
-0.865657
-0.877708
-0.889226
-0.900204
-0.910635
-0.920514
-0.929834
-0.938589
-0.946775
-0.954385
-0.961417
-0.967864
-0.973725
-0.978993
-0.983668
-0.987746
-0.991223
-0.994099
-0.996372
-0.998039
-0.999101
-0.999556
-0.999404
-0.998646
-0.997281
-0.995311
-0.992737
-0.98956
-0.985782
-0.981405
-0.976433
-0.970868
-0.964714
-0.957974
-0.950653
-0.942754
-0.934283
-0.925245
-0.915645
-0.905489
-0.894783
-0.883534
-0.871749
-0.859435
-0.846599
-0.833248
-0.819392
-0.805039
-0.790197
-0.774875
-0.759082
-0.742829
-0.726125
-0.70898
-0.691405
-0.67341
-0.655006
-0.636204
-0.617016
-0.597454
-0.577529
-0.557253
-0.536639
-0.515699
-0.494446
-0.472893
-0.451052
-0.428938
-0.406564
-0.383943
-0.361088
-0.338015
-0.314736
-0.291266
-0.267619
-0.24381
-0.219853
-0.195762
-0.171553
-0.147239
-0.122836
-0.0983585
-0.0738212
-0.049239
-0.024627
0
0
0.0246009
0.0491868
0.0737429
0.0982542
0.122706
0.147083
0.171371
0.195555
0.21962
0.243552
0.267335
0.290957
0.314402
0.337656
0.360705
0.383535
0.406133
0.428483
0.450574
0.472391
0.493921
0.515152
0.536069
0.556662
0.576916
0.59682
0.616362
0.635529
0.654311
0.672695
0.690671
0.708228
0.725355
0.742041
0.758277
0.774053
0.789359
0.804185
0.818523
0.832365
0.845701
0.858523
0.870825
0.882597
0.893834
0.904528
0.914673
0.924263
0.933292
0.941754
0.949644
0.956958
0.963691
0.969839
0.975398
0.980365
0.984736
0.98851
0.991684
0.994256
0.996224
0.997587
0.998345
0.998496
0.998042
0.996981
0.995315
0.993045
0.990173
0.986698
0.982625
0.977956
0.972692
0.966839
0.960398
0.953374
0.945771
0.937595
0.928849
0.919539
0.90967
0.89925
0.888284
0.876778
0.86474
0.852177
0.839097
0.825507
0.811416
0.796833
0.781766
0.766224
0.750217
0.733755
0.716847
0.699504
0.681736
0.663554
0.64497
0.625994
0.606638
0.586913
0.566833
0.546408
0.525652
0.504576
0.483194
0.461519
0.439563
0.417341
0.394865
0.37215
0.349209
0.326055
0.302704
0.279169
0.255464
0.231605
0.207604
0.183478
0.159241
0.134906
0.11049
0.0860067
0.0614711
0.0368983
0.012303
-0.0122997
-0.0368949
-0.0614677
-0.0860033
-0.110487
-0.134903
-0.159237
-0.183475
-0.207601
-0.231601
-0.255461
-0.279165
-0.302701
-0.326052
-0.349205
-0.372147
-0.394862
-0.417338
-0.43956
-0.461515
-0.483191
-0.504573
-0.525648
-0.546405
-0.56683
-0.58691
-0.606635
-0.625991
-0.644967
-0.663551
-0.681733
-0.699501
-0.716844
-0.733752
-0.750214
-0.766221
-0.781763
-0.79683
-0.811413
-0.825504
-0.839094
-0.852174
-0.864737
-0.876775
-0.888281
-0.899247
-0.909668
-0.919536
-0.928846
-0.937592
-0.945769
-0.953371
-0.960395
-0.966836
-0.97269
-0.977953
-0.982623
-0.986696
-0.99017
-0.993043
-0.995313
-0.996979
-0.998039
-0.998494
-0.998342
-0.997585
-0.996222
-0.994253
-0.991682
-0.988508
-0.984734
-0.980363
-0.975396
-0.969837
-0.963689
-0.956956
-0.949642
-0.941752
-0.93329
-0.924261
-0.914672
-0.904526
-0.893832
-0.882595
-0.870823
-0.858521
-0.845699
-0.832363
-0.818522
-0.804183
-0.789357
-0.774051
-0.758276
-0.74204
-0.725354
-0.708227
-0.69067
-0.672694
-0.65431
-0.635528
-0.61636
-0.596819
-0.576915
-0.556661
-0.536068
-0.515151
-0.49392
-0.47239
-0.450573
-0.428483
-0.406132
-0.383535
-0.360705
-0.337656
-0.314401
-0.290957
-0.267335
-0.243551
-0.219619
-0.195554
-0.171371
-0.147083
-0.122706
-0.098254
-0.0737427
-0.0491867
-0.0246008
0
0
0.0245598
0.0491046
0.0736196
0.09809
0.122501
0.146837
0.171084
0.195228
0.219253
0.243145
0.266889
0.290471
0.313877
0.337092
0.360103
0.382895
0.405454
0.427767
0.449821
0.471602
0.493096
0.514291
0.535174
0.555731
0.575952
0.595823
0.615332
0.634467
0.653218
0.671571
0.689517
0.707045
0.724143
0.740801
0.75701
0.77276
0.78804
0.802841
0.817156
0.830974
0.844288
0.857089
0.86937
0.881123
0.892341
0.903017
0.913145
0.922719
0.931733
0.94018
0.948058
0.955359
0.962081
0.968218
0.973768
0.978727
0.983091
0.986859
0.990027
0.992595
0.994559
0.99592
0.996677
0.996828
0.996374
0.995315
0.993652
0.991386
0.988518
0.98505
0.980984
0.976322
0.971067
0.965223
0.958793
0.951781
0.944191
0.936028
0.927297
0.918002
0.908151
0.897747
0.886799
0.875313
0.863295
0.850753
0.837695
0.824128
0.810061
0.795502
0.78046
0.764944
0.748964
0.732529
0.715649
0.698335
0.680597
0.662446
0.643892
0.624948
0.605624
0.585933
0.565886
0.545495
0.524773
0.503733
0.482387
0.460748
0.438829
0.416644
0.394206
0.371528
0.348625
0.32551
0.302198
0.278702
0.255037
0.231218
0.207258
0.183172
0.158974
0.134681
0.110305
0.085863
0.0613684
0.0368367
0.0122825
-0.0122791
-0.0368332
-0.061365
-0.0858595
-0.110302
-0.134677
-0.158971
-0.183168
-0.207254
-0.231214
-0.255034
-0.278699
-0.302195
-0.325507
-0.348622
-0.371525
-0.394202
-0.41664
-0.438826
-0.460744
-0.482383
-0.50373
-0.52477
-0.545492
-0.565882
-0.58593
-0.605621
-0.624945
-0.643889
-0.662442
-0.680594
-0.698332
-0.715646
-0.732526
-0.74896
-0.764941
-0.780457
-0.795499
-0.810058
-0.824125
-0.837692
-0.85075
-0.863292
-0.87531
-0.886797
-0.897745
-0.908148
-0.917999
-0.927294
-0.936025
-0.944188
-0.951778
-0.95879
-0.965221
-0.971065
-0.976319
-0.980981
-0.985047
-0.988516
-0.991384
-0.99365
-0.995313
-0.996372
-0.996826
-0.996674
-0.995918
-0.994557
-0.992592
-0.990025
-0.986856
-0.983089
-0.978725
-0.973766
-0.968216
-0.962079
-0.955357
-0.948056
-0.940179
-0.931731
-0.922717
-0.913143
-0.903015
-0.892339
-0.881121
-0.869368
-0.857087
-0.844286
-0.830972
-0.817154
-0.80284
-0.788038
-0.772758
-0.757009
-0.7408
-0.724142
-0.707043
-0.689516
-0.67157
-0.653216
-0.634466
-0.615331
-0.595822
-0.575951
-0.55573
-0.535173
-0.51429
-0.493095
-0.471601
-0.44982
-0.427767
-0.405453
-0.382894
-0.360102
-0.337091
-0.313876
-0.29047
-0.266888
-0.243144
-0.219252
-0.195228
-0.171084
-0.146837
-0.122501
-0.0980898
-0.0736195
-0.0491045
-0.0245597
0
0
0.0245037
0.0489926
0.0734517
0.0978663
0.122221
0.146502
0.170694
0.194783
0.218753
0.24259
0.26628
0.289808
0.313161
0.336323
0.359281
0.382021
0.404529
0.426792
0.448795
0.470526
0.491971
0.513118
0.533953
0.554464
0.574638
0.594464
0.613928
0.63302
0.651728
0.67004
0.687945
0.705432
0.722491
0.739112
0.755284
0.770997
0.786242
0.80101
0.815292
0.829079
0.842362
0.855134
0.867387
0.879113
0.890305
0.900957
0.911063
0.920614
0.929608
0.938036
0.945895
0.95318
0.959887
0.96601
0.971547
0.976495
0.980849
0.984608
0.987769
0.990331
0.992291
0.993649
0.994404
0.994555
0.994102
0.993045
0.991386
0.989125
0.986264
0.982803
0.978746
0.974095
0.968853
0.963022
0.956606
0.94961
0.942038
0.933893
0.925182
0.915908
0.906079
0.8957
0.884777
0.873317
0.861326
0.848813
0.835784
0.822248
0.808213
0.793687
0.77868
0.763199
0.747255
0.730858
0.714017
0.696742
0.679045
0.660935
0.642424
0.623523
0.604243
0.584597
0.564595
0.544251
0.523576
0.502584
0.481287
0.459697
0.437828
0.415693
0.393306
0.370681
0.34783
0.324768
0.301509
0.278067
0.254456
0.23069
0.206785
0.182754
0.158612
0.134374
0.110054
0.0856672
0.0612285
0.0367527
0.0122545
-0.0122511
-0.0367492
-0.061225
-0.0856637
-0.11005
-0.13437
-0.158608
-0.18275
-0.206781
-0.230687
-0.254452
-0.278063
-0.301506
-0.324765
-0.347827
-0.370677
-0.393303
-0.41569
-0.437825
-0.459693
-0.481283
-0.502581
-0.523573
-0.544248
-0.564592
-0.584593
-0.60424
-0.623519
-0.64242
-0.660932
-0.679041
-0.696739
-0.714014
-0.730855
-0.747252
-0.763196
-0.778676
-0.793684
-0.80821
-0.822245
-0.835781
-0.84881
-0.861323
-0.873314
-0.884774
-0.895697
-0.906076
-0.915906
-0.925179
-0.93389
-0.942035
-0.949608
-0.956604
-0.963019
-0.96885
-0.974092
-0.978744
-0.982801
-0.986261
-0.989123
-0.991384
-0.993043
-0.994099
-0.994552
-0.994401
-0.993647
-0.992289
-0.990328
-0.987767
-0.984606
-0.980847
-0.976492
-0.971545
-0.966008
-0.959885
-0.953178
-0.945893
-0.938034
-0.929606
-0.920613
-0.911061
-0.900956
-0.890304
-0.879111
-0.867385
-0.855132
-0.84236
-0.829077
-0.81529
-0.801009
-0.786241
-0.770996
-0.755282
-0.73911
-0.72249
-0.705431
-0.687943
-0.670038
-0.651727
-0.633019
-0.613927
-0.594463
-0.574637
-0.554463
-0.533952
-0.513117
-0.491971
-0.470525
-0.448794
-0.426791
-0.404529
-0.382021
-0.359281
-0.336323
-0.31316
-0.289808
-0.26628
-0.24259
-0.218752
-0.194782
-0.170694
-0.146502
-0.122221
-0.0978661
-0.0734516
-0.0489925
-0.0245037
0
0
0.0244329
0.0488509
0.0732392
0.0975831
0.121868
0.146078
0.1702
0.194219
0.21812
0.241888
0.26551
0.28897
0.312255
0.33535
0.358242
0.380916
0.403359
0.425557
0.447497
0.469165
0.490548
0.511634
0.532408
0.55286
0.572976
0.592744
0.612152
0.631189
0.649842
0.668101
0.685954
0.703391
0.720401
0.736974
0.753099
0.768767
0.783968
0.798693
0.812933
0.82668
0.839925
0.85266
0.864877
0.87657
0.88773
0.898351
0.908427
0.917951
0.926918
0.935322
0.943159
0.950423
0.95711
0.963215
0.968737
0.97367
0.978011
0.981759
0.984912
0.987466
0.98942
0.990774
0.991527
0.991677
0.991226
0.990173
0.988518
0.986264
0.98341
0.97996
0.975915
0.971277
0.96605
0.960236
0.953839
0.946863
0.939312
0.931191
0.922505
0.913259
0.903458
0.893109
0.882217
0.87079
0.858834
0.846357
0.833366
0.81987
0.805875
0.791391
0.776427
0.760991
0.745094
0.728744
0.711951
0.694727
0.67708
0.659023
0.640565
0.621719
0.602495
0.582905
0.562962
0.542676
0.522062
0.50113
0.479894
0.458367
0.436561
0.414491
0.392169
0.369608
0.346824
0.323828
0.300637
0.277262
0.25372
0.230023
0.206187
0.182225
0.158153
0.133985
0.109735
0.0854193
0.0610514
0.0366464
0.0122191
-0.0122156
-0.0366429
-0.0610479
-0.0854158
-0.109732
-0.133981
-0.15815
-0.182222
-0.206183
-0.23002
-0.253716
-0.277259
-0.300633
-0.323825
-0.34682
-0.369605
-0.392165
-0.414487
-0.436558
-0.458364
-0.479891
-0.501127
-0.522058
-0.542673
-0.562958
-0.582902
-0.602492
-0.621715
-0.640562
-0.659019
-0.677077
-0.694723
-0.711948
-0.72874
-0.74509
-0.760988
-0.776424
-0.791388
-0.805872
-0.819866
-0.833363
-0.846354
-0.858831
-0.870787
-0.882214
-0.893106
-0.903455
-0.913256
-0.922502
-0.931189
-0.939309
-0.94686
-0.953836
-0.960233
-0.966047
-0.971274
-0.975912
-0.979957
-0.983408
-0.986261
-0.988516
-0.99017
-0.991223
-0.991675
-0.991524
-0.990772
-0.989418
-0.987463
-0.984909
-0.981757
-0.978009
-0.973667
-0.968734
-0.963213
-0.957108
-0.950421
-0.943157
-0.93532
-0.926916
-0.917949
-0.908425
-0.898349
-0.887728
-0.876568
-0.864876
-0.852658
-0.839923
-0.826678
-0.812932
-0.798691
-0.783966
-0.768765
-0.753097
-0.736972
-0.7204
-0.70339
-0.685953
-0.6681
-0.649841
-0.631188
-0.612151
-0.592743
-0.572975
-0.552859
-0.532407
-0.511633
-0.490547
-0.469164
-0.447496
-0.425556
-0.403358
-0.380915
-0.358241
-0.33535
-0.312254
-0.288969
-0.265509
-0.241888
-0.218119
-0.194219
-0.1702
-0.146078
-0.121868
-0.097583
-0.0732391
-0.0488508
-0.0244328
0
0
0.0243471
0.0486795
0.0729823
0.0972408
0.12144
0.145566
0.169603
0.193538
0.217355
0.24104
0.264578
0.287956
0.311159
0.334174
0.356985
0.37958
0.401944
0.424064
0.445927
0.467519
0.488827
0.509838
0.53054
0.55092
0.570966
0.590664
0.610004
0.628974
0.647562
0.665757
0.683548
0.700923
0.717874
0.734388
0.750456
0.766069
0.781217
0.795891
0.810081
0.82378
0.836978
0.849668
0.861843
0.873494
0.884615
0.895199
0.90524
0.91473
0.923666
0.932041
0.93985
0.947088
0.953752
0.959836
0.965338
0.970253
0.97458
0.978315
0.981456
0.984001
0.985949
0.987298
0.988048
0.988198
0.987748
0.986698
0.98505
0.982803
0.97996
0.976522
0.972491
0.967869
0.96266
0.956867
0.950492
0.943541
0.936017
0.927924
0.919268
0.910055
0.900288
0.889975
0.879122
0.867735
0.855821
0.843388
0.830443
0.816993
0.803048
0.788615
0.773703
0.758321
0.742479
0.726187
0.709453
0.692289
0.674705
0.656711
0.638318
0.619537
0.600381
0.58086
0.560987
0.540773
0.52023
0.499372
0.47821
0.456759
0.43503
0.413037
0.390793
0.368312
0.345607
0.322692
0.299582
0.27629
0.25283
0.229216
0.205463
0.181586
0.157598
0.133515
0.10935
0.0851197
0.0608372
0.0365178
0.0121763
-0.0121727
-0.0365143
-0.0608337
-0.0851161
-0.109347
-0.133511
-0.157595
-0.181582
-0.20546
-0.229212
-0.252826
-0.276286
-0.299578
-0.322689
-0.345603
-0.368308
-0.390789
-0.413033
-0.435026
-0.456755
-0.478207
-0.499368
-0.520227
-0.540769
-0.560983
-0.580857
-0.600378
-0.619534
-0.638314
-0.656707
-0.674701
-0.692286
-0.70945
-0.726184
-0.742476
-0.758318
-0.7737
-0.788611
-0.803044
-0.81699
-0.830439
-0.843385
-0.855818
-0.867732
-0.879119
-0.889972
-0.900285
-0.910052
-0.919266
-0.927921
-0.936014
-0.943538
-0.95049
-0.956864
-0.962657
-0.967867
-0.972488
-0.976519
-0.979957
-0.982801
-0.985047
-0.986696
-0.987746
-0.988195
-0.988045
-0.987296
-0.985946
-0.983999
-0.981454
-0.978313
-0.974578
-0.970251
-0.965336
-0.959834
-0.953749
-0.947086
-0.939848
-0.932039
-0.923664
-0.914728
-0.905238
-0.895197
-0.884613
-0.873492
-0.861841
-0.849667
-0.836976
-0.823778
-0.810079
-0.795889
-0.781216
-0.766068
-0.750455
-0.734386
-0.717872
-0.700922
-0.683546
-0.665756
-0.647561
-0.628973
-0.610003
-0.590663
-0.570965
-0.550919
-0.530539
-0.509838
-0.488826
-0.467518
-0.445926
-0.424063
-0.401943
-0.379579
-0.356984
-0.334173
-0.311159
-0.287956
-0.264578
-0.241039
-0.217354
-0.193537
-0.169603
-0.145566
-0.12144
-0.0972406
-0.0729821
-0.0486794
-0.0243471
0
0
0.0242466
0.0484785
0.072681
0.0968394
0.120939
0.144965
0.168903
0.192739
0.216457
0.240045
0.263486
0.286767
0.309875
0.332794
0.355511
0.378013
0.400285
0.422313
0.444086
0.465589
0.486809
0.507734
0.52835
0.548646
0.568609
0.588226
0.607486
0.626378
0.644889
0.663009
0.680726
0.69803
0.71491
0.731356
0.747359
0.762907
0.777992
0.792605
0.806737
0.820379
0.833523
0.846161
0.858285
0.869888
0.880963
0.891504
0.901503
0.910954
0.919853
0.928193
0.93597
0.943179
0.949815
0.955874
0.961353
0.966248
0.970557
0.974276
0.977405
0.979939
0.981879
0.983223
0.983969
0.984119
0.983671
0.982625
0.980984
0.978746
0.975915
0.972491
0.968476
0.963874
0.958686
0.952917
0.946569
0.939646
0.932153
0.924094
0.915474
0.906298
0.896572
0.886301
0.875493
0.864153
0.852288
0.839906
0.827015
0.813621
0.799733
0.785359
0.770509
0.755191
0.739414
0.723189
0.706525
0.689431
0.671919
0.654
0.635683
0.61698
0.597903
0.578462
0.558671
0.53854
0.518083
0.49731
0.476236
0.454873
0.433234
0.411332
0.38918
0.366791
0.34418
0.32136
0.298345
0.275149
0.251786
0.22827
0.204615
0.180836
0.156948
0.132964
0.108899
0.0847683
0.0605861
0.0363671
0.012126
-0.0121224
-0.0363635
-0.0605825
-0.0847647
-0.108896
-0.13296
-0.156944
-0.180833
-0.204612
-0.228266
-0.251782
-0.275146
-0.298342
-0.321357
-0.344177
-0.366788
-0.389176
-0.411328
-0.43323
-0.45487
-0.476233
-0.497307
-0.518079
-0.538537
-0.558667
-0.578459
-0.597899
-0.616977
-0.635679
-0.653996
-0.671916
-0.689428
-0.706521
-0.723186
-0.739411
-0.755188
-0.770506
-0.785356
-0.799729
-0.813617
-0.827011
-0.839903
-0.852285
-0.86415
-0.87549
-0.886298
-0.896569
-0.906295
-0.915471
-0.924091
-0.93215
-0.939643
-0.946566
-0.952914
-0.958684
-0.963871
-0.968474
-0.972488
-0.975912
-0.978744
-0.980981
-0.982623
-0.983668
-0.984116
-0.983967
-0.98322
-0.981876
-0.979937
-0.977402
-0.974274
-0.970555
-0.966246
-0.961351
-0.955872
-0.949812
-0.943177
-0.935968
-0.928191
-0.919851
-0.910952
-0.901501
-0.891502
-0.880962
-0.869887
-0.858283
-0.846159
-0.833521
-0.820377
-0.806735
-0.792604
-0.777991
-0.762905
-0.747357
-0.731355
-0.714909
-0.698029
-0.680725
-0.663008
-0.644888
-0.626377
-0.607485
-0.588225
-0.568608
-0.548645
-0.528349
-0.507733
-0.486808
-0.465588
-0.444085
-0.422313
-0.400284
-0.378012
-0.355511
-0.332793
-0.309874
-0.286767
-0.263485
-0.240044
-0.216457
-0.192738
-0.168903
-0.144965
-0.120939
-0.0968392
-0.0726809
-0.0484784
-0.0242466
0
0
0.0241314
0.0482482
0.0723356
0.0963792
0.120364
0.144276
0.168101
0.191823
0.215429
0.238904
0.262234
0.285405
0.308402
0.331213
0.353822
0.376216
0.398382
0.420307
0.441976
0.463376
0.484496
0.505321
0.525839
0.546039
0.565907
0.585431
0.604599
0.623401
0.641825
0.659858
0.677491
0.694713
0.711513
0.727881
0.743807
0.759282
0.774295
0.788839
0.802903
0.81648
0.829562
0.84214
0.854206
0.865755
0.876777
0.887267
0.897219
0.906625
0.915482
0.923782
0.931522
0.938696
0.945301
0.951331
0.956784
0.961656
0.965945
0.969647
0.97276
0.975282
0.977213
0.97855
0.979293
0.979442
0.978996
0.977956
0.976322
0.974095
0.971277
0.967869
0.963874
0.959293
0.954131
0.948388
0.942071
0.935181
0.927723
0.919702
0.911123
0.901991
0.892311
0.88209
0.871332
0.860046
0.848238
0.835915
0.823084
0.809754
0.795932
0.781627
0.766847
0.751602
0.735901
0.719752
0.703167
0.686155
0.668726
0.650892
0.632662
0.614048
0.595061
0.575713
0.556016
0.535981
0.515621
0.494947
0.473973
0.452712
0.431175
0.409377
0.38733
0.365048
0.342545
0.319833
0.296928
0.273842
0.250589
0.227185
0.203643
0.179977
0.156202
0.132332
0.108382
0.0843655
0.0602982
0.0361943
0.0120684
-0.0120648
-0.0361907
-0.0602946
-0.0843619
-0.108378
-0.132328
-0.156198
-0.179973
-0.203639
-0.227181
-0.250586
-0.273838
-0.296924
-0.31983
-0.342541
-0.365045
-0.387327
-0.409373
-0.431172
-0.452708
-0.47397
-0.494944
-0.515617
-0.535978
-0.556013
-0.57571
-0.595058
-0.614045
-0.632659
-0.650888
-0.668723
-0.686152
-0.703164
-0.719749
-0.735897
-0.751599
-0.766844
-0.781624
-0.795929
-0.809751
-0.823081
-0.835912
-0.848235
-0.860043
-0.871329
-0.882087
-0.892308
-0.901988
-0.91112
-0.919699
-0.92772
-0.935178
-0.942068
-0.948386
-0.954128
-0.959291
-0.963871
-0.967867
-0.971274
-0.974092
-0.976319
-0.977953
-0.978993
-0.979439
-0.979291
-0.978548
-0.97721
-0.97528
-0.972757
-0.969644
-0.965942
-0.961654
-0.956782
-0.951329
-0.945299
-0.938694
-0.93152
-0.92378
-0.91548
-0.906623
-0.897217
-0.887265
-0.876775
-0.865753
-0.854205
-0.842138
-0.82956
-0.816479
-0.802902
-0.788837
-0.774294
-0.75928
-0.743805
-0.727879
-0.711511
-0.694711
-0.67749
-0.659857
-0.641823
-0.6234
-0.604598
-0.58543
-0.565905
-0.546038
-0.525838
-0.50532
-0.484495
-0.463375
-0.441975
-0.420306
-0.398382
-0.376216
-0.353821
-0.331212
-0.308402
-0.285404
-0.262233
-0.238903
-0.215428
-0.191822
-0.1681
-0.144276
-0.120364
-0.096379
-0.0723355
-0.0482481
-0.0241314
0
0
0.0240015
0.0479885
0.0719463
0.0958604
0.119716
0.1435
0.167196
0.19079
0.214269
0.237618
0.260822
0.283869
0.306742
0.32943
0.351918
0.374192
0.396238
0.418045
0.439597
0.460882
0.481888
0.502601
0.523009
0.5431
0.562861
0.58228
0.601346
0.620046
0.63837
0.656307
0.673845
0.690974
0.707684
0.723963
0.739804
0.755195
0.770128
0.784593
0.798582
0.812086
0.825097
0.837608
0.849609
0.861095
0.872058
0.882492
0.89239
0.901746
0.910555
0.918811
0.926509
0.933644
0.940213
0.946211
0.951635
0.956481
0.960746
0.964428
0.967524
0.970033
0.971954
0.973284
0.974023
0.974171
0.973727
0.972692
0.971067
0.968853
0.96605
0.96266
0.958686
0.954131
0.948995
0.943284
0.937
0.930148
0.92273
0.914753
0.90622
0.897137
0.887509
0.877342
0.866643
0.855418
0.843673
0.831416
0.818655
0.805396
0.791648
0.77742
0.76272
0.747557
0.73194
0.715879
0.699383
0.682462
0.665127
0.647389
0.629257
0.610743
0.591859
0.572615
0.553024
0.533096
0.512846
0.492283
0.471422
0.450275
0.428855
0.407174
0.385246
0.363084
0.340701
0.318112
0.295329
0.272368
0.249241
0.225962
0.202547
0.179008
0.155361
0.13162
0.107798
0.0839115
0.0599737
0.0359995
0.0120035
-0.0119998
-0.0359959
-0.0599701
-0.0839078
-0.107795
-0.131616
-0.155358
-0.179005
-0.202543
-0.225959
-0.249237
-0.272364
-0.295326
-0.318108
-0.340698
-0.36308
-0.385242
-0.40717
-0.428851
-0.450272
-0.471419
-0.49228
-0.512842
-0.533093
-0.55302
-0.572612
-0.591855
-0.61074
-0.629254
-0.647385
-0.665124
-0.682459
-0.699379
-0.715875
-0.731937
-0.747554
-0.762717
-0.777417
-0.791645
-0.805393
-0.818651
-0.831413
-0.84367
-0.855415
-0.86664
-0.877339
-0.887506
-0.897133
-0.906217
-0.91475
-0.922727
-0.930145
-0.936997
-0.943281
-0.948993
-0.954128
-0.958684
-0.962657
-0.966047
-0.96885
-0.971065
-0.97269
-0.973725
-0.974168
-0.97402
-0.973281
-0.971951
-0.970031
-0.967522
-0.964426
-0.960744
-0.956478
-0.951633
-0.946209
-0.940211
-0.933642
-0.926507
-0.918809
-0.910553
-0.901744
-0.892388
-0.88249
-0.872056
-0.861093
-0.849607
-0.837606
-0.825096
-0.812084
-0.79858
-0.784592
-0.770126
-0.755194
-0.739802
-0.723962
-0.707682
-0.690973
-0.673844
-0.656305
-0.638369
-0.620045
-0.601344
-0.582279
-0.56286
-0.543099
-0.523008
-0.5026
-0.481887
-0.460882
-0.439596
-0.418044
-0.396238
-0.374191
-0.351917
-0.329429
-0.306742
-0.283868
-0.260822
-0.237618
-0.214269
-0.19079
-0.167196
-0.143499
-0.119716
-0.0958603
-0.0719462
-0.0479884
-0.0240015
0
0
0.0238571
0.0476997
0.0715133
0.0952835
0.118996
0.142636
0.16619
0.189642
0.21298
0.236188
0.259253
0.28216
0.304896
0.327447
0.3498
0.37194
0.393854
0.415529
0.436951
0.458109
0.478988
0.499577
0.519862
0.539832
0.559473
0.578776
0.597727
0.616315
0.634528
0.652357
0.66979
0.686816
0.703425
0.719606
0.735352
0.75065
0.765493
0.779871
0.793776
0.807199
0.820132
0.832567
0.844496
0.855913
0.86681
0.877181
0.887019
0.896319
0.905075
0.913281
0.920933
0.928026
0.934555
0.940517
0.945908
0.950725
0.954964
0.958624
0.961702
0.964196
0.966104
0.967426
0.968161
0.968308
0.967867
0.966839
0.965223
0.963022
0.960236
0.956867
0.952917
0.948388
0.943284
0.937607
0.931361
0.92455
0.917177
0.909247
0.900766
0.891737
0.882168
0.872062
0.861427
0.85027
0.838596
0.826413
0.813728
0.800549
0.786884
0.772742
0.75813
0.743058
0.727535
0.71157
0.695174
0.678355
0.661125
0.643493
0.62547
0.607068
0.588297
0.569169
0.549695
0.529888
0.509759
0.489321
0.468585
0.447565
0.426274
0.404723
0.382927
0.360898
0.338651
0.316197
0.293552
0.270729
0.247741
0.224603
0.201328
0.177931
0.154426
0.130828
0.10715
0.0834065
0.0596128
0.0357829
0.0119313
-0.0119276
-0.0357792
-0.0596091
-0.0834028
-0.107146
-0.130824
-0.154423
-0.177927
-0.201324
-0.224599
-0.247737
-0.270725
-0.293548
-0.316194
-0.338647
-0.360895
-0.382923
-0.40472
-0.42627
-0.447562
-0.468582
-0.489317
-0.509756
-0.529885
-0.549692
-0.569165
-0.588293
-0.607064
-0.625467
-0.643489
-0.661121
-0.678352
-0.69517
-0.711567
-0.727532
-0.743055
-0.758127
-0.772738
-0.786881
-0.800546
-0.813725
-0.826409
-0.838592
-0.850266
-0.861424
-0.872059
-0.882164
-0.891734
-0.900763
-0.909244
-0.917174
-0.924547
-0.931358
-0.937604
-0.943281
-0.948386
-0.952914
-0.956864
-0.960233
-0.963019
-0.965221
-0.966836
-0.967864
-0.968305
-0.968158
-0.967424
-0.966102
-0.964193
-0.961699
-0.958621
-0.954962
-0.950722
-0.945906
-0.940515
-0.934553
-0.928023
-0.920931
-0.913279
-0.905073
-0.896317
-0.887017
-0.877179
-0.866808
-0.855911
-0.844494
-0.832565
-0.82013
-0.807197
-0.793774
-0.77987
-0.765492
-0.750649
-0.73535
-0.719605
-0.703423
-0.686814
-0.669788
-0.652356
-0.634527
-0.616313
-0.597725
-0.578775
-0.559472
-0.53983
-0.519861
-0.499576
-0.478987
-0.458108
-0.43695
-0.415528
-0.393853
-0.371939
-0.349799
-0.327447
-0.304896
-0.28216
-0.259252
-0.236188
-0.212979
-0.189642
-0.166189
-0.142636
-0.118996
-0.0952834
-0.0715132
-0.0476996
-0.023857
0
0
0.0236982
0.0473819
0.0710369
0.0946488
0.118203
0.141686
0.165082
0.188379
0.211561
0.234615
0.257526
0.280281
0.302865
0.325266
0.347469
0.369462
0.39123
0.41276
0.43404
0.455057
0.475797
0.496249
0.516399
0.536235
0.555746
0.57492
0.593745
0.612209
0.630301
0.648011
0.665328
0.68224
0.698739
0.714813
0.730453
0.74565
0.760394
0.774676
0.788488
0.801822
0.814668
0.82702
0.83887
0.850211
0.861036
0.871337
0.88111
0.890348
0.899046
0.907197
0.914798
0.921843
0.928329
0.934251
0.939606
0.944391
0.948602
0.952238
0.955295
0.957772
0.959668
0.960982
0.961711
0.961857
0.961419
0.960398
0.958793
0.956606
0.953839
0.950492
0.946569
0.942071
0.937
0.931361
0.925157
0.918391
0.911067
0.90319
0.894765
0.885797
0.876291
0.866253
0.855689
0.844605
0.833009
0.820907
0.808307
0.795216
0.781642
0.767594
0.75308
0.738108
0.722689
0.70683
0.690543
0.673836
0.65672
0.639206
0.621303
0.603024
0.584378
0.565377
0.546034
0.526358
0.506363
0.486061
0.465464
0.444584
0.423434
0.402027
0.380376
0.358494
0.336395
0.314091
0.291597
0.268925
0.24609
0.223106
0.199987
0.176746
0.153398
0.129956
0.106436
0.0828509
0.0592157
0.0355446
0.0118518
-0.0118481
-0.0355408
-0.059212
-0.0828472
-0.106432
-0.129952
-0.153394
-0.176742
-0.199983
-0.223103
-0.246087
-0.268921
-0.291593
-0.314087
-0.336391
-0.358491
-0.380373
-0.402023
-0.42343
-0.44458
-0.46546
-0.486058
-0.50636
-0.526355
-0.54603
-0.565374
-0.584374
-0.60302
-0.6213
-0.639202
-0.656717
-0.673833
-0.690539
-0.706827
-0.722685
-0.738105
-0.753076
-0.767591
-0.781639
-0.795213
-0.808304
-0.820904
-0.833006
-0.844602
-0.855686
-0.86625
-0.876288
-0.885794
-0.894762
-0.903187
-0.911064
-0.918388
-0.925154
-0.931358
-0.936997
-0.942068
-0.946566
-0.95049
-0.953836
-0.956604
-0.95879
-0.960395
-0.961417
-0.961855
-0.961709
-0.960979
-0.959666
-0.95777
-0.955293
-0.952235
-0.9486
-0.944389
-0.939604
-0.934249
-0.928327
-0.921841
-0.914796
-0.907195
-0.899043
-0.890346
-0.881108
-0.871335
-0.861034
-0.850209
-0.838868
-0.827018
-0.814666
-0.80182
-0.788486
-0.774674
-0.760392
-0.745648
-0.730451
-0.714811
-0.698737
-0.682239
-0.665326
-0.64801
-0.6303
-0.612208
-0.593743
-0.574919
-0.555745
-0.536234
-0.516398
-0.496248
-0.475796
-0.455056
-0.43404
-0.41276
-0.391229
-0.369461
-0.347469
-0.325265
-0.302865
-0.28028
-0.257525
-0.234614
-0.211561
-0.188379
-0.165082
-0.141686
-0.118203
-0.0946486
-0.0710368
-0.0473818
-0.0236981
0
0
0.0235248
0.0470354
0.0705174
0.0939566
0.117339
0.14065
0.163875
0.187001
0.210014
0.232899
0.255642
0.278231
0.30065
0.322887
0.344928
0.36676
0.388369
0.409742
0.430866
0.451729
0.472317
0.492619
0.512622
0.532314
0.551682
0.570715
0.589402
0.607731
0.625692
0.643272
0.660462
0.677251
0.693628
0.709585
0.725111
0.740196
0.754833
0.76901
0.782722
0.795957
0.80871
0.820972
0.832735
0.843993
0.854738
0.864965
0.874666
0.883837
0.89247
0.900562
0.908108
0.915101
0.92154
0.927419
0.932735
0.937484
0.941665
0.945274
0.948309
0.950768
0.95265
0.953953
0.954678
0.954823
0.954388
0.953374
0.951781
0.94961
0.946863
0.943541
0.939646
0.935181
0.930148
0.92455
0.918391
0.911674
0.904404
0.896585
0.888221
0.879319
0.869882
0.859917
0.849431
0.838428
0.826917
0.814904
0.802395
0.7894
0.775926
0.76198
0.747572
0.73271
0.717403
0.701661
0.685492
0.668908
0.651917
0.634531
0.616759
0.598613
0.580104
0.561242
0.54204
0.522509
0.50266
0.482506
0.46206
0.441332
0.420337
0.399087
0.377594
0.355872
0.333935
0.311794
0.289464
0.266958
0.244291
0.221475
0.198524
0.175453
0.152276
0.129006
0.105657
0.082245
0.0587827
0.0352846
0.0117652
-0.0117614
-0.0352809
-0.0587789
-0.0822413
-0.105654
-0.129002
-0.152272
-0.175449
-0.19852
-0.221471
-0.244287
-0.266955
-0.28946
-0.31179
-0.333931
-0.355869
-0.377591
-0.399083
-0.420334
-0.441329
-0.462056
-0.482503
-0.502656
-0.522505
-0.542037
-0.561239
-0.5801
-0.59861
-0.616756
-0.634528
-0.651914
-0.668905
-0.685489
-0.701657
-0.7174
-0.732707
-0.747569
-0.761977
-0.775922
-0.789397
-0.802392
-0.8149
-0.826914
-0.838425
-0.849428
-0.859914
-0.869879
-0.879316
-0.888218
-0.896582
-0.904401
-0.911671
-0.918388
-0.924547
-0.930145
-0.935178
-0.939643
-0.943538
-0.94686
-0.949608
-0.951778
-0.953371
-0.954385
-0.95482
-0.954675
-0.953951
-0.952647
-0.950765
-0.948306
-0.945271
-0.941662
-0.937482
-0.932732
-0.927416
-0.921538
-0.915099
-0.908105
-0.90056
-0.892468
-0.883834
-0.874664
-0.864963
-0.854736
-0.843991
-0.832733
-0.82097
-0.808708
-0.795956
-0.78272
-0.769009
-0.754831
-0.740195
-0.725109
-0.709583
-0.693627
-0.677249
-0.66046
-0.643271
-0.62569
-0.60773
-0.589401
-0.570714
-0.551681
-0.532312
-0.512621
-0.492618
-0.472317
-0.451728
-0.430865
-0.409741
-0.388368
-0.366759
-0.344928
-0.322887
-0.30065
-0.27823
-0.255642
-0.232898
-0.210013
-0.187001
-0.163875
-0.140649
-0.117338
-0.0939564
-0.0705173
-0.0470353
-0.0235248
0
0
0.0233372
0.0466603
0.0699551
0.0932073
0.116403
0.139528
0.162568
0.18551
0.208339
0.231041
0.253604
0.276012
0.298253
0.320312
0.342178
0.363835
0.385272
0.406474
0.42743
0.448127
0.468551
0.488691
0.508534
0.528069
0.547283
0.566164
0.584702
0.602885
0.620702
0.638142
0.655195
0.67185
0.688097
0.703926
0.719328
0.734294
0.748813
0.762878
0.77648
0.78961
0.802261
0.814425
0.826095
0.837263
0.847922
0.858067
0.867691
0.876788
0.885353
0.893381
0.900866
0.907804
0.914191
0.920023
0.925297
0.930008
0.934156
0.937736
0.940746
0.943186
0.945053
0.946346
0.947065
0.947209
0.946777
0.945771
0.944191
0.942038
0.939312
0.936017
0.932153
0.927723
0.92273
0.917177
0.911067
0.904404
0.897192
0.889435
0.881138
0.872307
0.862945
0.85306
0.842657
0.831742
0.820323
0.808405
0.795997
0.783105
0.769738
0.755904
0.741611
0.726867
0.711682
0.696065
0.680026
0.663574
0.646719
0.629471
0.611841
0.59384
0.575478
0.556767
0.537718
0.518342
0.498652
0.478659
0.458375
0.437813
0.416985
0.395904
0.374583
0.353035
0.331272
0.309308
0.287156
0.26483
0.242343
0.219709
0.196941
0.174054
0.151061
0.127977
0.104815
0.0815892
0.0583139
0.0350033
0.0116714
-0.0116676
-0.0349995
-0.0583102
-0.0815854
-0.104811
-0.127973
-0.151058
-0.17405
-0.196937
-0.219705
-0.242339
-0.264826
-0.287152
-0.309304
-0.331268
-0.353031
-0.37458
-0.395901
-0.416982
-0.437809
-0.458371
-0.478655
-0.498648
-0.518338
-0.537714
-0.556763
-0.575474
-0.593836
-0.611838
-0.629467
-0.646715
-0.66357
-0.680023
-0.696062
-0.711679
-0.726864
-0.741607
-0.7559
-0.769735
-0.783102
-0.795993
-0.808402
-0.82032
-0.831739
-0.842654
-0.853057
-0.862942
-0.872303
-0.881135
-0.889432
-0.897189
-0.904401
-0.911064
-0.917174
-0.922727
-0.92772
-0.93215
-0.936014
-0.939309
-0.942035
-0.944188
-0.945769
-0.946775
-0.947206
-0.947062
-0.946344
-0.94505
-0.943183
-0.940744
-0.937733
-0.934153
-0.930006
-0.925294
-0.920021
-0.914189
-0.907802
-0.900864
-0.893379
-0.885351
-0.876786
-0.867689
-0.858065
-0.84792
-0.837261
-0.826093
-0.814423
-0.802259
-0.789608
-0.776478
-0.762876
-0.748811
-0.734292
-0.719327
-0.703925
-0.688095
-0.671848
-0.655194
-0.638141
-0.620701
-0.602884
-0.584701
-0.566163
-0.547281
-0.528068
-0.508533
-0.48869
-0.46855
-0.448126
-0.427429
-0.406473
-0.385271
-0.363834
-0.342177
-0.320312
-0.298252
-0.276011
-0.253603
-0.231041
-0.208339
-0.18551
-0.162568
-0.139528
-0.116403
-0.0932071
-0.0699549
-0.0466602
-0.0233372
0
0
0.0231355
0.0462569
0.0693502
0.0924015
0.115397
0.138322
0.161163
0.183906
0.206538
0.229044
0.251411
0.273626
0.295674
0.317543
0.339219
0.360689
0.381941
0.40296
0.423735
0.444252
0.4645
0.484466
0.504138
0.523503
0.542551
0.561269
0.579647
0.597673
0.615336
0.632625
0.64953
0.666041
0.682148
0.69784
0.713109
0.727945
0.742339
0.756282
0.769767
0.782783
0.795325
0.807384
0.818952
0.830024
0.840591
0.850649
0.860189
0.869208
0.877699
0.885657
0.893077
0.899955
0.906287
0.912069
0.917297
0.921968
0.926079
0.929628
0.932613
0.935031
0.936882
0.938164
0.938877
0.939019
0.938592
0.937595
0.936028
0.933893
0.931191
0.927924
0.924094
0.919702
0.914753
0.909247
0.90319
0.896585
0.889435
0.881745
0.87352
0.864765
0.855485
0.845685
0.835372
0.824551
0.813231
0.801416
0.789115
0.776335
0.763083
0.749369
0.735199
0.720583
0.705529
0.690048
0.674147
0.657837
0.641127
0.624029
0.606551
0.588706
0.570503
0.551953
0.533069
0.513861
0.494341
0.47452
0.454412
0.434028
0.41338
0.392482
0.371345
0.349982
0.328408
0.306633
0.284673
0.26254
0.240247
0.217809
0.195238
0.172549
0.149755
0.126871
0.103909
0.0808838
0.0578098
0.0347007
0.0115705
-0.0115667
-0.0346969
-0.057806
-0.08088
-0.103905
-0.126867
-0.149752
-0.172545
-0.195235
-0.217805
-0.240244
-0.262536
-0.284669
-0.30663
-0.328404
-0.349979
-0.371341
-0.392478
-0.413377
-0.434024
-0.454408
-0.474517
-0.494337
-0.513857
-0.533065
-0.55195
-0.570499
-0.588702
-0.606548
-0.624025
-0.641124
-0.657833
-0.674143
-0.690044
-0.705526
-0.720579
-0.735195
-0.749365
-0.76308
-0.776331
-0.789112
-0.801413
-0.813227
-0.824548
-0.835368
-0.845682
-0.855481
-0.864762
-0.873517
-0.881742
-0.889432
-0.896582
-0.903187
-0.909244
-0.91475
-0.919699
-0.924091
-0.927921
-0.931189
-0.93389
-0.936025
-0.937592
-0.938589
-0.939017
-0.938874
-0.938162
-0.93688
-0.935029
-0.93261
-0.929626
-0.926077
-0.921965
-0.917294
-0.912067
-0.906285
-0.899953
-0.893075
-0.885655
-0.877697
-0.869206
-0.860187
-0.850647
-0.840589
-0.830022
-0.818951
-0.807382
-0.795323
-0.782782
-0.769765
-0.756281
-0.742337
-0.727944
-0.713108
-0.697839
-0.682146
-0.66604
-0.649529
-0.632624
-0.615334
-0.597671
-0.579646
-0.561268
-0.54255
-0.523502
-0.504136
-0.484465
-0.464499
-0.444251
-0.423734
-0.402959
-0.38194
-0.360689
-0.339219
-0.317542
-0.295674
-0.273625
-0.251411
-0.229043
-0.206537
-0.183906
-0.161163
-0.138321
-0.115396
-0.0924013
-0.0693501
-0.0462568
-0.0231354
0
0
0.0229197
0.0458254
0.0687033
0.0915395
0.11432
0.137031
0.159659
0.182191
0.204611
0.226907
0.249066
0.271073
0.292916
0.314581
0.336055
0.357325
0.378378
0.399201
0.419782
0.440108
0.460167
0.479947
0.499435
0.51862
0.53749
0.556034
0.57424
0.592098
0.609596
0.626724
0.643471
0.659828
0.675785
0.691331
0.706457
0.721155
0.735414
0.749228
0.762586
0.775482
0.787906
0.799852
0.811313
0.822281
0.83275
0.842714
0.852165
0.8611
0.869512
0.877395
0.884747
0.891561
0.897833
0.903561
0.90874
0.913368
0.917441
0.920956
0.923913
0.926309
0.928143
0.929413
0.930119
0.93026
0.929837
0.928849
0.927297
0.925182
0.922505
0.919268
0.915474
0.911123
0.90622
0.900766
0.894765
0.888221
0.881138
0.87352
0.865372
0.856698
0.847504
0.837796
0.827579
0.81686
0.805645
0.79394
0.781754
0.769093
0.755965
0.742378
0.728341
0.713861
0.698948
0.683611
0.667858
0.6517
0.635147
0.618208
0.600893
0.583214
0.565181
0.546805
0.528096
0.509067
0.489729
0.470094
0.450173
0.429979
0.409524
0.388821
0.367881
0.346718
0.325344
0.303773
0.282018
0.260091
0.238006
0.215777
0.193417
0.17094
0.148358
0.125687
0.10294
0.0801294
0.0572706
0.034377
0.0114626
-0.0114588
-0.0343732
-0.0572667
-0.0801255
-0.102936
-0.125683
-0.148355
-0.170936
-0.193413
-0.215773
-0.238003
-0.260087
-0.282014
-0.303769
-0.32534
-0.346714
-0.367877
-0.388817
-0.40952
-0.429975
-0.450169
-0.47009
-0.489726
-0.509064
-0.528093
-0.546801
-0.565177
-0.583211
-0.60089
-0.618204
-0.635143
-0.651697
-0.667855
-0.683607
-0.698945
-0.713858
-0.728337
-0.742375
-0.755962
-0.76909
-0.781751
-0.793937
-0.805641
-0.816857
-0.827576
-0.837793
-0.847501
-0.856695
-0.865369
-0.873517
-0.881135
-0.888218
-0.894762
-0.900763
-0.906217
-0.91112
-0.915471
-0.919266
-0.922502
-0.925179
-0.927294
-0.928846
-0.929834
-0.930257
-0.930116
-0.92941
-0.92814
-0.926307
-0.923911
-0.920954
-0.917438
-0.913365
-0.908738
-0.903559
-0.897831
-0.891558
-0.884744
-0.877393
-0.869509
-0.861098
-0.852163
-0.842712
-0.832748
-0.822279
-0.811311
-0.799851
-0.787904
-0.77548
-0.762584
-0.749226
-0.735413
-0.721153
-0.706456
-0.691329
-0.675783
-0.659827
-0.64347
-0.626722
-0.609594
-0.592096
-0.574239
-0.556033
-0.537489
-0.518619
-0.499434
-0.479946
-0.460166
-0.440107
-0.419781
-0.3992
-0.378377
-0.357324
-0.336054
-0.31458
-0.292915
-0.271073
-0.249065
-0.226907
-0.204611
-0.18219
-0.159659
-0.137031
-0.11432
-0.0915394
-0.0687032
-0.0458253
-0.0229196
0
0
0.0226899
0.0453661
0.0680147
0.090622
0.113174
0.135658
0.158059
0.180364
0.20256
0.224633
0.24657
0.268356
0.28998
0.311428
0.332687
0.353743
0.374585
0.3952
0.415575
0.435697
0.455555
0.475136
0.494429
0.513422
0.532103
0.550461
0.568484
0.586163
0.603486
0.620442
0.637022
0.653215
0.669011
0.684402
0.699376
0.713927
0.728043
0.741718
0.754943
0.767709
0.780009
0.791835
0.803181
0.81404
0.824404
0.834267
0.843624
0.852469
0.860796
0.868601
0.875879
0.882624
0.888834
0.894505
0.899632
0.904213
0.908245
0.911726
0.914653
0.917025
0.91884
0.920097
0.920796
0.920936
0.920517
0.919539
0.918002
0.915908
0.913259
0.910055
0.906298
0.901991
0.897137
0.891737
0.885797
0.879319
0.872307
0.864765
0.856698
0.848112
0.83901
0.829399
0.819284
0.808672
0.79757
0.785983
0.773918
0.761384
0.748388
0.734937
0.721041
0.706706
0.691942
0.676759
0.661164
0.645168
0.628781
0.612011
0.594871
0.577369
0.559516
0.541324
0.522803
0.503965
0.484821
0.465382
0.445661
0.42567
0.40542
0.384923
0.364194
0.343243
0.322083
0.300728
0.279191
0.257484
0.235621
0.213615
0.191479
0.169226
0.146872
0.124427
0.101908
0.0793263
0.0566966
0.0340325
0.0113478
-0.0113439
-0.0340286
-0.0566927
-0.0793224
-0.101904
-0.124424
-0.146868
-0.169223
-0.191475
-0.213611
-0.235617
-0.25748
-0.279187
-0.300725
-0.322079
-0.343239
-0.36419
-0.38492
-0.405416
-0.425666
-0.445657
-0.465378
-0.484817
-0.503961
-0.522799
-0.54132
-0.559512
-0.577365
-0.594867
-0.612008
-0.628777
-0.645165
-0.661161
-0.676755
-0.691939
-0.706703
-0.721037
-0.734934
-0.748385
-0.761381
-0.773915
-0.785979
-0.797566
-0.808669
-0.819281
-0.829396
-0.839007
-0.848108
-0.856695
-0.864762
-0.872303
-0.879316
-0.885794
-0.891734
-0.897133
-0.901988
-0.906295
-0.910052
-0.913256
-0.915906
-0.917999
-0.919536
-0.920514
-0.920933
-0.920793
-0.920095
-0.918837
-0.917022
-0.91465
-0.911723
-0.908242
-0.90421
-0.899629
-0.894502
-0.888832
-0.882622
-0.875876
-0.868599
-0.860794
-0.852467
-0.843622
-0.834265
-0.824401
-0.814038
-0.803179
-0.791834
-0.780007
-0.767707
-0.754941
-0.741716
-0.728042
-0.713925
-0.699375
-0.6844
-0.66901
-0.653213
-0.63702
-0.620441
-0.603484
-0.586162
-0.568483
-0.550459
-0.532101
-0.513421
-0.494428
-0.475135
-0.455554
-0.435696
-0.415574
-0.395199
-0.374585
-0.353743
-0.332686
-0.311427
-0.28998
-0.268356
-0.246569
-0.224633
-0.20256
-0.180364
-0.158059
-0.135658
-0.113174
-0.0906218
-0.0680146
-0.045366
-0.0226899
0
0
0.0224464
0.0448792
0.0672848
0.0896495
0.11196
0.134202
0.156363
0.178429
0.200386
0.222222
0.243923
0.265476
0.286868
0.308086
0.329116
0.349947
0.370565
0.390959
0.411115
0.431021
0.450666
0.470037
0.489123
0.507912
0.526392
0.544553
0.562384
0.579872
0.597009
0.613784
0.630186
0.646205
0.661832
0.677057
0.691871
0.706265
0.72023
0.733758
0.746841
0.75947
0.771638
0.783338
0.794562
0.805304
0.815556
0.825314
0.834571
0.843321
0.851559
0.85928
0.866479
0.873152
0.879296
0.884905
0.889977
0.894509
0.898498
0.901941
0.904837
0.907184
0.908979
0.910223
0.910915
0.911053
0.910638
0.90967
0.908151
0.906079
0.903458
0.900288
0.896572
0.892311
0.887509
0.882168
0.876291
0.869882
0.862945
0.855485
0.847504
0.83901
0.830006
0.820498
0.810492
0.799994
0.78901
0.777548
0.765613
0.753213
0.740357
0.72705
0.713303
0.699122
0.684517
0.669496
0.654069
0.638245
0.622033
0.605444
0.588487
0.571173
0.553512
0.535515
0.517193
0.498557
0.479618
0.460388
0.440878
0.421101
0.401069
0.380793
0.360285
0.339559
0.318627
0.297501
0.276195
0.254721
0.233092
0.211322
0.189424
0.16741
0.145295
0.123092
0.100814
0.078475
0.0560882
0.0336673
0.011226
-0.0112221
-0.0336634
-0.0560843
-0.0784711
-0.10081
-0.123088
-0.145291
-0.167406
-0.18942
-0.211318
-0.233088
-0.254717
-0.276191
-0.297497
-0.318623
-0.339555
-0.360281
-0.380789
-0.401065
-0.421098
-0.440875
-0.460384
-0.479614
-0.498553
-0.517189
-0.535511
-0.553508
-0.571169
-0.588483
-0.60544
-0.622029
-0.638241
-0.654065
-0.669492
-0.684513
-0.699118
-0.713299
-0.727047
-0.740353
-0.75321
-0.765609
-0.777544
-0.789007
-0.799991
-0.810489
-0.820495
-0.830003
-0.839007
-0.847501
-0.855481
-0.862942
-0.869879
-0.876288
-0.882164
-0.887506
-0.892308
-0.896569
-0.900285
-0.903455
-0.906076
-0.908148
-0.909668
-0.910635
-0.91105
-0.910912
-0.910221
-0.908977
-0.907181
-0.904835
-0.901939
-0.898495
-0.894507
-0.889975
-0.884903
-0.879293
-0.87315
-0.866477
-0.859277
-0.851556
-0.843318
-0.834569
-0.825312
-0.815554
-0.805301
-0.79456
-0.783336
-0.771636
-0.759468
-0.746839
-0.733756
-0.720229
-0.706263
-0.691869
-0.677055
-0.66183
-0.646203
-0.630184
-0.613782
-0.597008
-0.579871
-0.562382
-0.544552
-0.526391
-0.507911
-0.489122
-0.470036
-0.450665
-0.43102
-0.411114
-0.390958
-0.370565
-0.349946
-0.329116
-0.308085
-0.286868
-0.265476
-0.243923
-0.222222
-0.200386
-0.178428
-0.156363
-0.134202
-0.11196
-0.0896493
-0.0672847
-0.0448791
-0.0224464
0
0
0.0221893
0.0443651
0.066514
0.0886226
0.110677
0.132665
0.154572
0.176385
0.198091
0.219677
0.241129
0.262435
0.283582
0.304557
0.325346
0.345938
0.366321
0.38648
0.406405
0.426084
0.445504
0.464653
0.48352
0.502094
0.520362
0.538315
0.555941
0.57323
0.59017
0.606753
0.622967
0.638802
0.65425
0.669301
0.683945
0.698175
0.71198
0.725353
0.738286
0.75077
0.762799
0.774364
0.78546
0.796079
0.806214
0.81586
0.825011
0.83366
0.841804
0.849436
0.856553
0.86315
0.869223
0.874768
0.879782
0.884262
0.888205
0.891609
0.894472
0.896792
0.898567
0.899796
0.90048
0.900617
0.900207
0.89925
0.897747
0.8957
0.893109
0.889975
0.886301
0.88209
0.877342
0.872062
0.866253
0.859917
0.85306
0.845685
0.837796
0.829399
0.820498
0.811099
0.801208
0.79083
0.779972
0.768641
0.756843
0.744585
0.731876
0.718722
0.705132
0.691113
0.676676
0.661827
0.646576
0.630933
0.614907
0.598508
0.581746
0.56463
0.547171
0.52938
0.511268
0.492845
0.474124
0.455114
0.435828
0.416278
0.396474
0.376431
0.356158
0.335669
0.314977
0.294093
0.273031
0.251803
0.230422
0.208901
0.187254
0.165493
0.143631
0.121682
0.0996593
0.0775761
0.0554457
0.0332817
0.0110975
-0.0110935
-0.0332777
-0.0554418
-0.0775721
-0.0996554
-0.121678
-0.143627
-0.165489
-0.18725
-0.208898
-0.230418
-0.251799
-0.273027
-0.294089
-0.314973
-0.335665
-0.356154
-0.376427
-0.396471
-0.416274
-0.435824
-0.45511
-0.47412
-0.492842
-0.511264
-0.529376
-0.547167
-0.564626
-0.581742
-0.598504
-0.614904
-0.63093
-0.646573
-0.661823
-0.676672
-0.69111
-0.705128
-0.718718
-0.731872
-0.744582
-0.756839
-0.768637
-0.779969
-0.790827
-0.801204
-0.811096
-0.820495
-0.829396
-0.837793
-0.845682
-0.853057
-0.859914
-0.86625
-0.872059
-0.877339
-0.882087
-0.886298
-0.889972
-0.893106
-0.895697
-0.897745
-0.899247
-0.900204
-0.900614
-0.900477
-0.899794
-0.898564
-0.896789
-0.894469
-0.891607
-0.888203
-0.88426
-0.87978
-0.874766
-0.869221
-0.863148
-0.856551
-0.849434
-0.841802
-0.833658
-0.825008
-0.815858
-0.806212
-0.796077
-0.785458
-0.774363
-0.762797
-0.750768
-0.738284
-0.725351
-0.711978
-0.698173
-0.683944
-0.669299
-0.654249
-0.638801
-0.622965
-0.606751
-0.590169
-0.573229
-0.55594
-0.538314
-0.520361
-0.502092
-0.483519
-0.464652
-0.445503
-0.426083
-0.406405
-0.386479
-0.36632
-0.345938
-0.325346
-0.304556
-0.283581
-0.262435
-0.241129
-0.219676
-0.198091
-0.176385
-0.154571
-0.132665
-0.110677
-0.0886224
-0.0665139
-0.044365
-0.0221893
0
0
0.0219187
0.0438241
0.0657029
0.0875418
0.109328
0.131047
0.152687
0.174234
0.195675
0.216998
0.238189
0.259235
0.280124
0.300843
0.321379
0.34172
0.361853
0.381767
0.401449
0.420888
0.440071
0.458986
0.477623
0.495971
0.514017
0.53175
0.549162
0.566239
0.582973
0.599353
0.61537
0.631012
0.646272
0.661139
0.675605
0.68966
0.703297
0.716507
0.729282
0.741614
0.753497
0.764921
0.775881
0.78637
0.796382
0.80591
0.814949
0.823494
0.831538
0.839078
0.846108
0.852624
0.858623
0.8641
0.869053
0.873479
0.877374
0.880736
0.883564
0.885855
0.887609
0.888823
0.889499
0.889634
0.889229
0.888284
0.886799
0.884777
0.882217
0.879122
0.875493
0.871332
0.866643
0.861427
0.855689
0.849431
0.842657
0.835372
0.827579
0.819284
0.810492
0.801208
0.791437
0.781186
0.77046
0.759267
0.747613
0.735505
0.72295
0.709957
0.696533
0.682685
0.668423
0.653756
0.638691
0.623239
0.607409
0.591209
0.574651
0.557744
0.540498
0.522924
0.505033
0.486835
0.468342
0.449564
0.430513
0.411201
0.391639
0.37184
0.351815
0.331576
0.311136
0.290507
0.269701
0.248732
0.227612
0.206354
0.18497
0.163475
0.141879
0.120198
0.098444
0.0766301
0.0547696
0.0328759
0.0109622
-0.0109582
-0.0328719
-0.0547656
-0.0766261
-0.0984401
-0.120194
-0.141875
-0.163471
-0.184966
-0.20635
-0.227608
-0.248728
-0.269698
-0.290503
-0.311132
-0.331572
-0.351811
-0.371836
-0.391636
-0.411197
-0.430509
-0.44956
-0.468338
-0.486831
-0.505029
-0.522921
-0.540495
-0.55774
-0.574647
-0.591206
-0.607405
-0.623236
-0.638688
-0.653752
-0.66842
-0.682682
-0.696529
-0.709953
-0.722947
-0.735501
-0.74761
-0.759264
-0.770457
-0.781182
-0.791434
-0.801204
-0.810489
-0.819281
-0.827576
-0.835368
-0.842654
-0.849428
-0.855686
-0.861424
-0.86664
-0.871329
-0.87549
-0.879119
-0.882214
-0.884774
-0.886797
-0.888281
-0.889226
-0.889631
-0.889496
-0.888821
-0.887606
-0.885853
-0.883561
-0.880734
-0.877371
-0.873476
-0.869051
-0.864098
-0.85862
-0.852622
-0.846105
-0.839075
-0.831536
-0.823492
-0.814947
-0.805908
-0.79638
-0.786368
-0.775879
-0.764919
-0.753495
-0.741613
-0.72928
-0.716505
-0.703296
-0.689659
-0.675603
-0.661137
-0.64627
-0.631011
-0.615368
-0.599352
-0.582972
-0.566238
-0.54916
-0.531749
-0.514015
-0.495969
-0.477622
-0.458985
-0.44007
-0.420887
-0.401448
-0.381766
-0.361852
-0.341719
-0.321378
-0.300842
-0.280123
-0.259234
-0.238188
-0.216997
-0.195675
-0.174234
-0.152686
-0.131047
-0.109327
-0.0875416
-0.0657028
-0.043824
-0.0219187
0
0
0.0216348
0.0432565
0.0648519
0.0864079
0.107911
0.12935
0.150709
0.171977
0.193141
0.214187
0.235103
0.255877
0.276495
0.296946
0.317216
0.337294
0.357166
0.376822
0.396249
0.415436
0.434371
0.453041
0.471437
0.489546
0.507359
0.524863
0.542049
0.558905
0.575422
0.59159
0.607399
0.622839
0.637901
0.652575
0.666854
0.680727
0.694188
0.707227
0.719836
0.732009
0.743737
0.755013
0.765832
0.776185
0.786067
0.795472
0.804394
0.812827
0.820767
0.828209
0.835148
0.84158
0.847501
0.852908
0.857797
0.862165
0.866009
0.869328
0.872119
0.874381
0.876112
0.877311
0.877977
0.87811
0.877711
0.876778
0.875313
0.873317
0.87079
0.867735
0.864153
0.860046
0.855418
0.85027
0.844605
0.838428
0.831742
0.824551
0.81686
0.808672
0.799994
0.79083
0.781186
0.771067
0.760481
0.749433
0.737929
0.725978
0.713586
0.700761
0.687511
0.673843
0.659766
0.645288
0.630419
0.615167
0.599541
0.583552
0.567208
0.55052
0.533497
0.516151
0.498492
0.480529
0.462276
0.443741
0.424937
0.405875
0.386567
0.367024
0.347258
0.327281
0.307106
0.286744
0.266208
0.245511
0.224664
0.203681
0.182575
0.161357
0.140042
0.118641
0.097169
0.0756376
0.0540602
0.0324501
0.0108202
-0.0108162
-0.0324461
-0.0540562
-0.0756335
-0.097165
-0.118637
-0.140038
-0.161353
-0.182571
-0.203677
-0.22466
-0.245507
-0.266204
-0.28674
-0.307102
-0.327277
-0.347254
-0.36702
-0.386563
-0.405871
-0.424933
-0.443737
-0.462272
-0.480526
-0.498488
-0.516147
-0.533494
-0.550516
-0.567204
-0.583548
-0.599537
-0.615163
-0.630415
-0.645284
-0.659762
-0.673839
-0.687507
-0.700758
-0.713583
-0.725975
-0.737926
-0.749429
-0.760477
-0.771064
-0.781182
-0.790827
-0.799991
-0.808669
-0.816857
-0.824548
-0.831739
-0.838425
-0.844602
-0.850266
-0.855415
-0.860043
-0.86415
-0.867732
-0.870787
-0.873314
-0.87531
-0.876775
-0.877708
-0.878108
-0.877974
-0.877308
-0.876109
-0.874378
-0.872117
-0.869326
-0.866007
-0.862162
-0.857794
-0.852906
-0.847499
-0.841578
-0.835146
-0.828207
-0.820765
-0.812825
-0.804392
-0.79547
-0.786065
-0.776183
-0.76583
-0.755011
-0.743735
-0.732007
-0.719834
-0.707225
-0.694186
-0.680726
-0.666852
-0.652574
-0.637899
-0.622837
-0.607397
-0.591589
-0.575421
-0.558904
-0.542047
-0.524862
-0.507357
-0.489545
-0.471436
-0.45304
-0.434369
-0.415435
-0.396249
-0.376821
-0.357165
-0.337293
-0.317215
-0.296945
-0.276495
-0.255877
-0.235103
-0.214187
-0.19314
-0.171977
-0.150709
-0.129349
-0.107911
-0.0864077
-0.0648517
-0.0432564
-0.0216348
0
0
0.0213378
0.0426626
0.0639615
0.0852216
0.10643
0.127574
0.14864
0.169616
0.190489
0.211246
0.231876
0.252364
0.272699
0.292869
0.312861
0.332663
0.352263
0.371649
0.390809
0.409732
0.428407
0.446821
0.464964
0.482825
0.500393
0.517657
0.534606
0.551231
0.567522
0.583468
0.599059
0.614287
0.629143
0.643616
0.657698
0.671381
0.684657
0.697517
0.709953
0.721958
0.733525
0.744647
0.755317
0.765528
0.775274
0.78455
0.79335
0.801667
0.809499
0.816838
0.823682
0.830026
0.835865
0.841198
0.84602
0.850328
0.854119
0.857393
0.860145
0.862376
0.864083
0.865266
0.865923
0.866054
0.86566
0.86474
0.863295
0.861326
0.858834
0.855821
0.852288
0.848238
0.843673
0.838596
0.833009
0.826917
0.820323
0.813231
0.805645
0.79757
0.78901
0.779972
0.77046
0.760481
0.75004
0.739143
0.727798
0.716011
0.703789
0.69114
0.678071
0.664591
0.650707
0.636428
0.621763
0.606721
0.59131
0.57554
0.55942
0.542961
0.526173
0.509065
0.491648
0.473932
0.455929
0.437649
0.419103
0.400303
0.381259
0.361985
0.34249
0.322788
0.302889
0.282807
0.262553
0.24214
0.22158
0.200885
0.180068
0.159142
0.138119
0.117013
0.0958349
0.0745991
0.053318
0.0320046
0.0106717
-0.0106677
-0.0320005
-0.053314
-0.0745951
-0.0958309
-0.117008
-0.138115
-0.159138
-0.180064
-0.200881
-0.221576
-0.242136
-0.262549
-0.282803
-0.302885
-0.322784
-0.342486
-0.361981
-0.381255
-0.400299
-0.419099
-0.437645
-0.455925
-0.473928
-0.491644
-0.509061
-0.526169
-0.542958
-0.559417
-0.575536
-0.591306
-0.606717
-0.62176
-0.636425
-0.650704
-0.664587
-0.678068
-0.691136
-0.703785
-0.716007
-0.727794
-0.73914
-0.750036
-0.760477
-0.770457
-0.779969
-0.789007
-0.797566
-0.805641
-0.813227
-0.82032
-0.826914
-0.833006
-0.838592
-0.84367
-0.848235
-0.852285
-0.855818
-0.858831
-0.861323
-0.863292
-0.864737
-0.865657
-0.866051
-0.86592
-0.865263
-0.86408
-0.862373
-0.860143
-0.85739
-0.854117
-0.850325
-0.846017
-0.841195
-0.835863
-0.830023
-0.82368
-0.816836
-0.809496
-0.801665
-0.793347
-0.784548
-0.775272
-0.765526
-0.755315
-0.744645
-0.733523
-0.721956
-0.709951
-0.697515
-0.684655
-0.671379
-0.657696
-0.643614
-0.629141
-0.614286
-0.599058
-0.583466
-0.56752
-0.55123
-0.534605
-0.517655
-0.500392
-0.482824
-0.464963
-0.44682
-0.428406
-0.409731
-0.390808
-0.371648
-0.352262
-0.332662
-0.31286
-0.292868
-0.272699
-0.252363
-0.231875
-0.211246
-0.190489
-0.169616
-0.14864
-0.127573
-0.10643
-0.0852214
-0.0639613
-0.0426625
-0.0213377
0
0
0.0210278
0.0420428
0.0630322
0.0839835
0.104884
0.12572
0.14648
0.167152
0.187722
0.208177
0.228507
0.248698
0.268737
0.288614
0.308315
0.32783
0.347145
0.366249
0.385131
0.40378
0.422183
0.44033
0.458209
0.475811
0.493123
0.510136
0.52684
0.543223
0.559277
0.574991
0.590356
0.605363
0.620002
0.634265
0.648143
0.661627
0.67471
0.687383
0.699639
0.71147
0.722869
0.733829
0.744344
0.754406
0.764011
0.773152
0.781824
0.790021
0.797738
0.804971
0.811716
0.817967
0.823722
0.828977
0.833729
0.837974
0.841711
0.844937
0.847649
0.849848
0.85153
0.852695
0.853343
0.853472
0.853084
0.852177
0.850753
0.848813
0.846357
0.843388
0.839906
0.835915
0.831416
0.826413
0.820907
0.814904
0.808405
0.801416
0.79394
0.785983
0.777548
0.768641
0.759267
0.749433
0.739143
0.728405
0.717225
0.705609
0.693564
0.681099
0.66822
0.654936
0.641254
0.627182
0.61273
0.597906
0.582719
0.567178
0.551293
0.535073
0.518529
0.501669
0.484505
0.467047
0.449305
0.43129
0.413014
0.394487
0.37572
0.356726
0.337514
0.318098
0.298489
0.278699
0.258739
0.238622
0.21836
0.197966
0.177452
0.15683
0.136113
0.115313
0.0944427
0.0735154
0.0525435
0.0315397
0.0105167
-0.0105126
-0.0315356
-0.0525394
-0.0735113
-0.0944386
-0.115309
-0.136108
-0.156826
-0.177448
-0.197962
-0.218356
-0.238618
-0.258735
-0.278695
-0.298485
-0.318094
-0.33751
-0.356722
-0.375716
-0.394483
-0.41301
-0.431287
-0.449301
-0.467043
-0.484501
-0.501665
-0.518525
-0.535069
-0.551289
-0.567174
-0.582715
-0.597902
-0.612727
-0.627179
-0.64125
-0.654932
-0.668217
-0.681095
-0.693561
-0.705605
-0.717221
-0.728401
-0.73914
-0.749429
-0.759264
-0.768637
-0.777544
-0.785979
-0.793937
-0.801413
-0.808402
-0.8149
-0.820904
-0.826409
-0.831413
-0.835912
-0.839903
-0.843385
-0.846354
-0.84881
-0.85075
-0.852174
-0.853081
-0.853469
-0.85334
-0.852692
-0.851527
-0.849845
-0.847647
-0.844934
-0.841708
-0.837971
-0.833726
-0.828974
-0.82372
-0.817965
-0.811713
-0.804969
-0.797736
-0.790019
-0.781822
-0.77315
-0.764009
-0.754404
-0.744342
-0.733827
-0.722867
-0.711468
-0.699637
-0.687381
-0.674708
-0.661626
-0.648141
-0.634264
-0.620001
-0.605362
-0.590355
-0.57499
-0.559276
-0.543222
-0.526838
-0.510135
-0.493122
-0.475809
-0.458208
-0.440329
-0.422182
-0.403779
-0.38513
-0.366248
-0.347144
-0.327829
-0.308315
-0.288613
-0.268737
-0.248697
-0.228506
-0.208177
-0.187721
-0.167151
-0.14648
-0.12572
-0.104883
-0.0839833
-0.0630321
-0.0420427
-0.0210277
0
0
0.020705
0.0413974
0.0620647
0.0826944
0.103274
0.123791
0.144232
0.164586
0.18484
0.204982
0.225
0.24488
0.264613
0.284184
0.303583
0.322798
0.341816
0.360628
0.37922
0.397582
0.415703
0.433571
0.451176
0.468507
0.485554
0.502306
0.518753
0.534885
0.550692
0.566166
0.581295
0.596071
0.610486
0.62453
0.638195
0.651472
0.664354
0.676832
0.6889
0.700549
0.711773
0.722565
0.732919
0.742827
0.752284
0.761285
0.769823
0.777895
0.785494
0.792616
0.799256
0.805412
0.811079
0.816253
0.820932
0.825112
0.828791
0.831967
0.834639
0.836803
0.838459
0.839607
0.840245
0.840372
0.839989
0.839097
0.837695
0.835784
0.833366
0.830443
0.827015
0.823084
0.818655
0.813728
0.808307
0.802395
0.795997
0.789115
0.781754
0.773918
0.765613
0.756843
0.747613
0.737929
0.727798
0.717225
0.706216
0.694778
0.682919
0.670645
0.657964
0.644883
0.631411
0.617556
0.603325
0.588729
0.573775
0.558473
0.542831
0.52686
0.51057
0.493969
0.477068
0.459878
0.442409
0.42467
0.406675
0.388432
0.369953
0.35125
0.332334
0.313216
0.293907
0.274421
0.254767
0.234959
0.215009
0.194928
0.174728
0.154423
0.134023
0.113543
0.0929931
0.072387
0.051737
0.0310556
0.0103553
-0.0103512
-0.0310515
-0.0517329
-0.0723829
-0.092989
-0.113539
-0.134019
-0.154419
-0.174724
-0.194924
-0.215005
-0.234955
-0.254763
-0.274417
-0.293903
-0.313212
-0.33233
-0.351246
-0.369949
-0.388428
-0.406671
-0.424667
-0.442405
-0.459874
-0.477064
-0.493965
-0.510566
-0.526856
-0.542827
-0.558469
-0.573771
-0.588725
-0.603322
-0.617552
-0.631407
-0.644879
-0.65796
-0.670641
-0.682915
-0.694775
-0.706212
-0.717221
-0.727794
-0.737926
-0.74761
-0.756839
-0.765609
-0.773915
-0.781751
-0.789112
-0.795993
-0.802392
-0.808304
-0.813725
-0.818651
-0.823081
-0.827011
-0.830439
-0.833363
-0.835781
-0.837692
-0.839094
-0.839987
-0.840369
-0.840242
-0.839604
-0.838457
-0.8368
-0.834636
-0.831965
-0.828789
-0.825109
-0.820929
-0.81625
-0.811076
-0.805409
-0.799254
-0.792613
-0.785491
-0.777892
-0.769821
-0.761283
-0.752282
-0.742825
-0.732917
-0.722563
-0.711771
-0.700547
-0.688898
-0.67683
-0.664352
-0.65147
-0.638193
-0.624528
-0.610484
-0.59607
-0.581293
-0.566164
-0.550691
-0.534884
-0.518752
-0.502305
-0.485553
-0.468506
-0.451175
-0.43357
-0.415702
-0.397581
-0.379219
-0.360627
-0.341816
-0.322797
-0.303582
-0.284183
-0.264612
-0.24488
-0.224999
-0.204982
-0.18484
-0.164586
-0.144232
-0.12379
-0.103274
-0.0826942
-0.0620646
-0.0413973
-0.020705
0
0
0.0203697
0.040727
0.0610596
0.0813551
0.101601
0.121786
0.141896
0.161921
0.181847
0.201662
0.221356
0.240914
0.260327
0.279582
0.298666
0.31757
0.336281
0.354787
0.373078
0.391143
0.40897
0.426549
0.443869
0.460919
0.47769
0.494171
0.510351
0.526222
0.541774
0.556996
0.57188
0.586418
0.600599
0.614415
0.627859
0.640921
0.653594
0.665871
0.677743
0.689203
0.700246
0.710863
0.721049
0.730796
0.740101
0.748956
0.757356
0.765296
0.772772
0.779779
0.786312
0.792368
0.797943
0.803033
0.807636
0.811749
0.815368
0.818493
0.821121
0.823251
0.82488
0.826009
0.826636
0.826762
0.826385
0.825507
0.824128
0.822248
0.81987
0.816993
0.813621
0.809754
0.805396
0.800549
0.795216
0.7894
0.783105
0.776335
0.769093
0.761384
0.753213
0.744585
0.735505
0.725978
0.716011
0.705609
0.694778
0.683526
0.671859
0.659783
0.647308
0.634439
0.621185
0.607554
0.593554
0.579194
0.564482
0.549428
0.53404
0.518328
0.502301
0.485969
0.469342
0.45243
0.435243
0.417793
0.400088
0.382141
0.363962
0.345562
0.326952
0.308143
0.289148
0.269976
0.250641
0.231154
0.211527
0.191771
0.171898
0.151922
0.131853
0.111704
0.091487
0.0712147
0.0508991
0.0305527
0.0101877
-0.0101835
-0.0305486
-0.050895
-0.0712106
-0.0914829
-0.1117
-0.131849
-0.151918
-0.171894
-0.191767
-0.211523
-0.23115
-0.250637
-0.269972
-0.289143
-0.308139
-0.326948
-0.345558
-0.363958
-0.382137
-0.400084
-0.417789
-0.435239
-0.452426
-0.469338
-0.485965
-0.502297
-0.518324
-0.534036
-0.549424
-0.564478
-0.57919
-0.59355
-0.60755
-0.621181
-0.634435
-0.647304
-0.65978
-0.671855
-0.683522
-0.694775
-0.705605
-0.716007
-0.725975
-0.735501
-0.744582
-0.75321
-0.761381
-0.76909
-0.776331
-0.783102
-0.789397
-0.795213
-0.800546
-0.805393
-0.809751
-0.813617
-0.81699
-0.819866
-0.822245
-0.824125
-0.825504
-0.826382
-0.826759
-0.826633
-0.826006
-0.824877
-0.823248
-0.821118
-0.818491
-0.815366
-0.811746
-0.807633
-0.803031
-0.79794
-0.792365
-0.786309
-0.779776
-0.77277
-0.765294
-0.757353
-0.748953
-0.740098
-0.730794
-0.721046
-0.710861
-0.700244
-0.689201
-0.677741
-0.665869
-0.653592
-0.640919
-0.627857
-0.614413
-0.600597
-0.586416
-0.571879
-0.556995
-0.541772
-0.526221
-0.51035
-0.49417
-0.477689
-0.460918
-0.443868
-0.426548
-0.408969
-0.391142
-0.373077
-0.354786
-0.33628
-0.317569
-0.298666
-0.279581
-0.260326
-0.240914
-0.221355
-0.201662
-0.181846
-0.16192
-0.141896
-0.121785
-0.101601
-0.0813549
-0.0610594
-0.0407269
-0.0203696
0
0
0.020022
0.0400318
0.0600173
0.0799664
0.099867
0.119707
0.139474
0.159157
0.178743
0.19822
0.217577
0.236802
0.255883
0.274809
0.293568
0.312149
0.33054
0.348731
0.36671
0.384466
0.401989
0.419268
0.436292
0.453052
0.469536
0.485736
0.50164
0.51724
0.532526
0.547489
0.562119
0.576408
0.590347
0.603928
0.617142
0.629981
0.642438
0.654505
0.666174
0.677439
0.688293
0.698729
0.708741
0.718322
0.727468
0.736171
0.744428
0.752233
0.759581
0.766468
0.77289
0.778843
0.784322
0.789326
0.79385
0.797893
0.801451
0.804522
0.807105
0.809198
0.8108
0.81191
0.812526
0.81265
0.81228
0.811416
0.810061
0.808213
0.805875
0.803048
0.799733
0.795932
0.791648
0.786884
0.781642
0.775926
0.769738
0.763083
0.755965
0.748388
0.740357
0.731876
0.72295
0.713586
0.703789
0.693564
0.682919
0.671859
0.66039
0.648521
0.636259
0.62361
0.610582
0.597184
0.583423
0.569308
0.554847
0.540049
0.524924
0.50948
0.493727
0.477674
0.46133
0.444707
0.427814
0.410661
0.393259
0.375618
0.357749
0.339663
0.321371
0.302883
0.284212
0.265368
0.246363
0.227209
0.207916
0.188497
0.168964
0.149329
0.129602
0.109797
0.0899255
0.0699992
0.0500304
0.0300312
0.0100138
-0.0100097
-0.0300271
-0.0500262
-0.069995
-0.0899213
-0.109793
-0.129598
-0.149324
-0.16896
-0.188493
-0.207912
-0.227205
-0.246359
-0.265364
-0.284208
-0.302879
-0.321367
-0.339659
-0.357745
-0.375614
-0.393255
-0.410657
-0.42781
-0.444703
-0.461327
-0.47767
-0.493723
-0.509476
-0.52492
-0.540046
-0.554843
-0.569304
-0.583419
-0.59718
-0.610578
-0.623606
-0.636255
-0.648518
-0.660387
-0.671855
-0.682915
-0.693561
-0.703785
-0.713583
-0.722947
-0.731872
-0.740353
-0.748385
-0.755962
-0.76308
-0.769735
-0.775922
-0.781639
-0.786881
-0.791645
-0.795929
-0.799729
-0.803044
-0.805872
-0.80821
-0.810058
-0.811413
-0.812277
-0.812647
-0.812523
-0.811907
-0.810797
-0.809195
-0.807102
-0.804519
-0.801448
-0.79789
-0.793848
-0.789323
-0.78432
-0.77884
-0.772888
-0.766466
-0.759579
-0.752231
-0.744426
-0.736169
-0.727465
-0.71832
-0.708739
-0.698727
-0.688291
-0.677437
-0.666172
-0.654503
-0.642436
-0.629979
-0.61714
-0.603926
-0.590345
-0.576406
-0.562117
-0.547487
-0.532525
-0.517239
-0.501639
-0.485734
-0.469535
-0.453051
-0.436291
-0.419267
-0.401988
-0.384465
-0.366709
-0.34873
-0.33054
-0.312148
-0.293568
-0.274809
-0.255883
-0.236802
-0.217577
-0.19822
-0.178742
-0.159156
-0.139474
-0.119707
-0.0998667
-0.0799662
-0.0600172
-0.0400317
-0.0200219
0
0
0.0196621
0.0393123
0.0589386
0.0785292
0.0980721
0.117555
0.136967
0.156296
0.17553
0.194657
0.213667
0.232546
0.251284
0.26987
0.288292
0.306539
0.3246
0.342463
0.360119
0.377556
0.394764
0.411733
0.428451
0.444909
0.461097
0.477006
0.492624
0.507944
0.522955
0.537649
0.552016
0.566048
0.579737
0.593073
0.60605
0.618658
0.630891
0.642741
0.654201
0.665264
0.675922
0.686171
0.696003
0.705412
0.714393
0.72294
0.731049
0.738713
0.745929
0.752693
0.758999
0.764845
0.770226
0.77514
0.779583
0.783552
0.787046
0.790063
0.792599
0.794655
0.796228
0.797317
0.797923
0.798044
0.797681
0.796833
0.795502
0.793687
0.791391
0.788615
0.785359
0.781627
0.77742
0.772742
0.767594
0.76198
0.755904
0.749369
0.742378
0.734937
0.72705
0.718722
0.709957
0.700761
0.69114
0.681099
0.670645
0.659783
0.648521
0.636866
0.624823
0.612402
0.599608
0.586451
0.572937
0.559076
0.544875
0.530343
0.51549
0.500323
0.484853
0.469088
0.453039
0.436715
0.420125
0.403281
0.386191
0.368867
0.35132
0.333558
0.315595
0.29744
0.279104
0.260599
0.241935
0.223125
0.204179
0.18511
0.165928
0.146645
0.127273
0.107824
0.0883093
0.0687411
0.0491312
0.0294915
0.00983389
-0.00982971
-0.0294873
-0.0491271
-0.068737
-0.0883051
-0.10782
-0.127269
-0.146641
-0.165923
-0.185106
-0.204175
-0.223121
-0.241931
-0.260595
-0.2791
-0.297436
-0.315591
-0.333554
-0.351315
-0.368863
-0.386187
-0.403277
-0.420121
-0.436711
-0.453035
-0.469085
-0.484849
-0.500319
-0.515486
-0.530339
-0.544871
-0.559072
-0.572933
-0.586447
-0.599604
-0.612398
-0.624819
-0.636862
-0.648518
-0.65978
-0.670641
-0.681095
-0.691136
-0.700758
-0.709953
-0.718718
-0.727047
-0.734934
-0.742375
-0.749365
-0.7559
-0.761977
-0.767591
-0.772738
-0.777417
-0.781624
-0.785356
-0.788611
-0.791388
-0.793684
-0.795499
-0.79683
-0.797678
-0.798041
-0.79792
-0.797314
-0.796225
-0.794652
-0.792596
-0.79006
-0.787044
-0.78355
-0.77958
-0.775137
-0.770223
-0.764842
-0.758997
-0.75269
-0.745927
-0.738711
-0.731046
-0.722938
-0.714391
-0.70541
-0.696001
-0.686169
-0.67592
-0.665262
-0.654199
-0.642739
-0.630889
-0.618657
-0.606048
-0.593072
-0.579735
-0.566047
-0.552014
-0.537647
-0.522954
-0.507942
-0.492623
-0.477004
-0.461096
-0.444908
-0.42845
-0.411732
-0.394763
-0.377555
-0.360118
-0.342463
-0.324599
-0.306538
-0.288291
-0.269869
-0.251284
-0.232545
-0.213666
-0.194657
-0.17553
-0.156296
-0.136967
-0.117555
-0.0980718
-0.078529
-0.0589385
-0.0393122
-0.0196621
0
0
0.0192903
0.038569
0.0578242
0.0770443
0.0962176
0.115333
0.134377
0.153341
0.172211
0.190977
0.209626
0.228149
0.246533
0.264767
0.282841
0.300743
0.318462
0.335988
0.35331
0.370417
0.3873
0.403947
0.42035
0.436497
0.452379
0.467986
0.483309
0.498339
0.513067
0.527482
0.541578
0.555345
0.568775
0.581859
0.59459
0.60696
0.618962
0.630588
0.641831
0.652684
0.663142
0.673196
0.682842
0.692073
0.700885
0.70927
0.717225
0.724745
0.731825
0.73846
0.744647
0.750382
0.755662
0.760483
0.764842
0.768736
0.772164
0.775123
0.777612
0.779629
0.781172
0.782241
0.782835
0.782954
0.782597
0.781766
0.78046
0.77868
0.776427
0.773703
0.770509
0.766847
0.76272
0.75813
0.75308
0.747572
0.741611
0.735199
0.728341
0.721041
0.713303
0.705132
0.696533
0.687511
0.678071
0.66822
0.657964
0.647308
0.636259
0.624823
0.613009
0.600822
0.58827
0.575361
0.562103
0.548504
0.534572
0.520315
0.505742
0.490863
0.475685
0.460219
0.444473
0.428457
0.412181
0.395655
0.378889
0.361893
0.344677
0.327251
0.309627
0.291816
0.273826
0.255671
0.237361
0.218906
0.200319
0.181609
0.16279
0.143872
0.124866
0.105785
0.0866395
0.0674414
0.0482023
0.0289339
0.00964799
-0.00964379
-0.0289297
-0.0481981
-0.0674372
-0.0866353
-0.105781
-0.124862
-0.143868
-0.162786
-0.181605
-0.200314
-0.218902
-0.237357
-0.255667
-0.273822
-0.291811
-0.309623
-0.327247
-0.344672
-0.361888
-0.378885
-0.395651
-0.412177
-0.428453
-0.444469
-0.460215
-0.475681
-0.490859
-0.505739
-0.520311
-0.534568
-0.5485
-0.5621
-0.575358
-0.588266
-0.600818
-0.613005
-0.624819
-0.636255
-0.647304
-0.65796
-0.668217
-0.678068
-0.687507
-0.696529
-0.705128
-0.713299
-0.721037
-0.728337
-0.735195
-0.741607
-0.747569
-0.753076
-0.758127
-0.762717
-0.766844
-0.770506
-0.7737
-0.776424
-0.778676
-0.780457
-0.781763
-0.782594
-0.782951
-0.782832
-0.782238
-0.781169
-0.779626
-0.777609
-0.775121
-0.772162
-0.768734
-0.764839
-0.76048
-0.755659
-0.75038
-0.744645
-0.738458
-0.731822
-0.724743
-0.717223
-0.709268
-0.700882
-0.692071
-0.68284
-0.673194
-0.66314
-0.652682
-0.641829
-0.630586
-0.61896
-0.606958
-0.594588
-0.581857
-0.568773
-0.555343
-0.541576
-0.527481
-0.513065
-0.498338
-0.483308
-0.467985
-0.452377
-0.436495
-0.420348
-0.403946
-0.387299
-0.370416
-0.353309
-0.335987
-0.318461
-0.300742
-0.28284
-0.264766
-0.246532
-0.228148
-0.209626
-0.190976
-0.172211
-0.15334
-0.134377
-0.115332
-0.0962174
-0.0770441
-0.057824
-0.0385689
-0.0192903
0
0
0.0189068
0.0378022
0.0566746
0.0755126
0.0943048
0.11304
0.131706
0.150292
0.168787
0.18718
0.205459
0.223613
0.241632
0.259504
0.277218
0.294764
0.312131
0.329308
0.346286
0.363053
0.3796
0.395917
0.411993
0.427819
0.443385
0.458682
0.473701
0.488432
0.502867
0.516996
0.530811
0.544304
0.557467
0.570291
0.582769
0.594894
0.606657
0.618051
0.629071
0.639709
0.649958
0.659813
0.669267
0.678315
0.686951
0.69517
0.702967
0.710337
0.717276
0.723779
0.729843
0.735464
0.740639
0.745364
0.749636
0.753453
0.756813
0.759714
0.762153
0.764129
0.765642
0.76669
0.767272
0.767388
0.767039
0.766224
0.764944
0.763199
0.760991
0.758321
0.755191
0.751602
0.747557
0.743058
0.738108
0.73271
0.726867
0.720583
0.713861
0.706706
0.699122
0.691113
0.682685
0.673843
0.664591
0.654936
0.644883
0.634439
0.62361
0.612402
0.600822
0.588877
0.576575
0.563923
0.550929
0.5376
0.523944
0.509971
0.495688
0.481104
0.466228
0.451069
0.435636
0.419939
0.403987
0.387789
0.371356
0.354698
0.337824
0.320745
0.303472
0.286014
0.268383
0.250588
0.232642
0.214554
0.196336
0.177999
0.159554
0.141012
0.122384
0.103682
0.0849171
0.0661007
0.047244
0.0283587
0.00945624
-0.00945201
-0.0283545
-0.0472398
-0.0660964
-0.0849129
-0.103678
-0.12238
-0.141008
-0.15955
-0.177995
-0.196332
-0.21455
-0.232638
-0.250584
-0.268379
-0.28601
-0.303468
-0.320741
-0.33782
-0.354694
-0.371352
-0.387785
-0.403983
-0.419935
-0.435632
-0.451065
-0.466224
-0.4811
-0.495684
-0.509967
-0.523941
-0.537596
-0.550925
-0.563919
-0.576571
-0.588873
-0.600818
-0.612398
-0.623606
-0.634435
-0.644879
-0.654932
-0.664587
-0.673839
-0.682682
-0.69111
-0.699118
-0.706703
-0.713858
-0.720579
-0.726864
-0.732707
-0.738105
-0.743055
-0.747554
-0.751599
-0.755188
-0.758318
-0.760988
-0.763196
-0.764941
-0.766221
-0.767036
-0.767385
-0.767269
-0.766687
-0.765639
-0.764126
-0.76215
-0.759711
-0.756811
-0.753451
-0.749634
-0.745361
-0.740636
-0.735462
-0.729841
-0.723777
-0.717273
-0.710335
-0.702964
-0.695167
-0.686949
-0.678313
-0.669265
-0.659811
-0.649956
-0.639707
-0.629069
-0.61805
-0.606655
-0.594892
-0.582768
-0.57029
-0.557465
-0.544303
-0.53081
-0.516994
-0.502865
-0.488431
-0.4737
-0.458681
-0.443384
-0.427818
-0.411992
-0.395916
-0.379599
-0.363052
-0.346285
-0.329307
-0.31213
-0.294763
-0.277217
-0.259503
-0.241631
-0.223613
-0.205458
-0.187179
-0.168787
-0.150292
-0.131706
-0.113039
-0.0943045
-0.0755124
-0.0566745
-0.0378021
-0.0189068
0
0
0.0185119
0.0370125
0.0554906
0.0739351
0.0923347
0.110678
0.128955
0.147153
0.165261
0.18327
0.201167
0.218942
0.236584
0.254082
0.271427
0.288606
0.30561
0.322429
0.339052
0.355469
0.37167
0.387646
0.403386
0.418881
0.434123
0.4491
0.463805
0.478228
0.492361
0.506195
0.519722
0.532933
0.545821
0.558378
0.570595
0.582466
0.593983
0.60514
0.615929
0.626345
0.63638
0.646029
0.655285
0.664144
0.6726
0.680647
0.688281
0.695497
0.702291
0.708659
0.714596
0.7201
0.725166
0.729793
0.733976
0.737713
0.741003
0.743843
0.746231
0.748166
0.749647
0.750673
0.751243
0.751357
0.751015
0.750217
0.748964
0.747255
0.745094
0.742479
0.739414
0.735901
0.73194
0.727535
0.722689
0.717403
0.711682
0.705529
0.698948
0.691942
0.684517
0.676676
0.668423
0.659766
0.650707
0.641254
0.631411
0.621185
0.610582
0.599608
0.58827
0.576575
0.56453
0.552142
0.539419
0.526369
0.512999
0.499317
0.485333
0.471054
0.456488
0.441646
0.426536
0.411166
0.395547
0.379688
0.363599
0.347288
0.330767
0.314045
0.297132
0.280039
0.262776
0.245353
0.227782
0.210072
0.192235
0.174281
0.156221
0.138066
0.119827
0.101516
0.0831432
0.0647198
0.0462571
0.0277664
0.00925875
-0.0092545
-0.0277621
-0.0462529
-0.0647156
-0.083139
-0.101512
-0.119823
-0.138062
-0.156216
-0.174276
-0.19223
-0.210068
-0.227778
-0.245349
-0.262772
-0.280035
-0.297128
-0.314041
-0.330763
-0.347284
-0.363594
-0.379684
-0.395543
-0.411162
-0.426532
-0.441642
-0.456484
-0.47105
-0.485329
-0.499314
-0.512995
-0.526365
-0.539415
-0.552138
-0.564526
-0.576571
-0.588266
-0.599604
-0.610578
-0.621181
-0.631407
-0.64125
-0.650704
-0.659762
-0.66842
-0.676672
-0.684513
-0.691939
-0.698945
-0.705526
-0.711679
-0.7174
-0.722685
-0.727532
-0.731937
-0.735897
-0.739411
-0.742476
-0.74509
-0.747252
-0.74896
-0.750214
-0.751012
-0.751354
-0.75124
-0.75067
-0.749644
-0.748163
-0.746228
-0.74384
-0.741
-0.737711
-0.733973
-0.72979
-0.725164
-0.720098
-0.714594
-0.708657
-0.702289
-0.695495
-0.688279
-0.680645
-0.672598
-0.664142
-0.655283
-0.646027
-0.636378
-0.626343
-0.615927
-0.605138
-0.593981
-0.582464
-0.570593
-0.558376
-0.545819
-0.532932
-0.519721
-0.506194
-0.49236
-0.478227
-0.463804
-0.449099
-0.434121
-0.41888
-0.403385
-0.387645
-0.371669
-0.355468
-0.339051
-0.322428
-0.305609
-0.288605
-0.271426
-0.254082
-0.236583
-0.218941
-0.201166
-0.183269
-0.165261
-0.147152
-0.128954
-0.110678
-0.0923344
-0.0739349
-0.0554905
-0.0370124
-0.0185118
0
0
0.0181056
0.0362003
0.054273
0.0723127
0.0903085
0.10825
0.126125
0.143924
0.161635
0.179248
0.196752
0.214137
0.231392
0.248507
0.26547
0.282273
0.298904
0.315354
0.331612
0.347669
0.363514
0.379139
0.394534
0.40969
0.424596
0.439245
0.453627
0.467734
0.481557
0.495088
0.508318
0.521239
0.533844
0.546125
0.558074
0.569684
0.580949
0.591861
0.602414
0.612601
0.622416
0.631853
0.640906
0.649571
0.657841
0.665711
0.673178
0.680236
0.686881
0.693109
0.698916
0.704299
0.709254
0.713778
0.71787
0.721525
0.724743
0.72752
0.729856
0.731749
0.733197
0.734201
0.734758
0.73487
0.734535
0.733755
0.732529
0.730858
0.728744
0.726187
0.723189
0.719752
0.715879
0.71157
0.70683
0.701661
0.696065
0.690048
0.683611
0.676759
0.669496
0.661827
0.653756
0.645288
0.636428
0.627182
0.617556
0.607554
0.597184
0.586451
0.575361
0.563923
0.552142
0.540026
0.527583
0.514819
0.501742
0.488361
0.474683
0.460717
0.446472
0.431955
0.417176
0.402144
0.386868
0.371357
0.35562
0.339667
0.323509
0.307154
0.290612
0.273894
0.25701
0.23997
0.222784
0.205462
0.188016
0.170456
0.152793
0.135036
0.117198
0.0992886
0.0813188
0.0632997
0.0452421
0.0271571
0.00905564
-0.00905136
-0.0271529
-0.0452379
-0.0632954
-0.0813145
-0.0992843
-0.117194
-0.135032
-0.152788
-0.170452
-0.188012
-0.205458
-0.222779
-0.239965
-0.257006
-0.27389
-0.290608
-0.30715
-0.323505
-0.339663
-0.355616
-0.371352
-0.386864
-0.40214
-0.417172
-0.431951
-0.446468
-0.460713
-0.474679
-0.488357
-0.501738
-0.514815
-0.527579
-0.540022
-0.552138
-0.563919
-0.575358
-0.586447
-0.59718
-0.60755
-0.617552
-0.627179
-0.636425
-0.645284
-0.653752
-0.661823
-0.669492
-0.676755
-0.683607
-0.690044
-0.696062
-0.701657
-0.706827
-0.711567
-0.715875
-0.719749
-0.723186
-0.726184
-0.72874
-0.730855
-0.732526
-0.733752
-0.734532
-0.734867
-0.734755
-0.734198
-0.733194
-0.731746
-0.729853
-0.727517
-0.72474
-0.721523
-0.717867
-0.713776
-0.709251
-0.704296
-0.698913
-0.693106
-0.686878
-0.680233
-0.673176
-0.665709
-0.657838
-0.649568
-0.640904
-0.631851
-0.622413
-0.612598
-0.602412
-0.591859
-0.580947
-0.569683
-0.558072
-0.546123
-0.533842
-0.521237
-0.508316
-0.495086
-0.481556
-0.467733
-0.453626
-0.439244
-0.424595
-0.409688
-0.394533
-0.379138
-0.363513
-0.347667
-0.331611
-0.315353
-0.298903
-0.282272
-0.26547
-0.248506
-0.231392
-0.214137
-0.196752
-0.179248
-0.161634
-0.143923
-0.126124
-0.108249
-0.0903083
-0.0723125
-0.0542728
-0.0362002
-0.0181056
0
0
0.0176884
0.0353661
0.0530224
0.0706464
0.0882276
0.105755
0.123219
0.140607
0.15791
0.175118
0.192219
0.209203
0.22606
0.242781
0.259353
0.275768
0.292016
0.308087
0.32397
0.339657
0.355138
0.370403
0.385443
0.400249
0.414812
0.429124
0.443175
0.456956
0.470461
0.483679
0.496604
0.509228
0.521543
0.53354
0.545214
0.556557
0.567562
0.578223
0.588532
0.598484
0.608073
0.617293
0.626138
0.634603
0.642682
0.650371
0.657666
0.664561
0.671053
0.677137
0.682811
0.688069
0.69291
0.697331
0.701328
0.704899
0.708042
0.710756
0.713038
0.714887
0.716302
0.717282
0.717827
0.717936
0.717609
0.716847
0.715649
0.714017
0.711951
0.709453
0.706525
0.703167
0.699383
0.695174
0.690543
0.685492
0.680026
0.674147
0.667858
0.661164
0.654069
0.646576
0.638691
0.630419
0.621763
0.61273
0.603325
0.593554
0.583423
0.572937
0.562103
0.550929
0.539419
0.527583
0.515426
0.502956
0.49018
0.477107
0.463745
0.450101
0.436184
0.422001
0.407563
0.392877
0.377953
0.362799
0.347425
0.331841
0.316054
0.300076
0.283916
0.267583
0.251088
0.23444
0.21765
0.200728
0.183684
0.166529
0.149272
0.131925
0.114498
0.0970007
0.079445
0.0618411
0.0441997
0.0265314
0.00884703
-0.00884273
-0.0265271
-0.0441954
-0.0618368
-0.0794408
-0.0969964
-0.114493
-0.131921
-0.149268
-0.166524
-0.18368
-0.200724
-0.217646
-0.234436
-0.251083
-0.267579
-0.283911
-0.300072
-0.31605
-0.331836
-0.347421
-0.362795
-0.377949
-0.392873
-0.407559
-0.421997
-0.436179
-0.450097
-0.463741
-0.477103
-0.490176
-0.502952
-0.515422
-0.527579
-0.539415
-0.550925
-0.5621
-0.572933
-0.583419
-0.59355
-0.603322
-0.612727
-0.62176
-0.630415
-0.638688
-0.646573
-0.654065
-0.661161
-0.667855
-0.674143
-0.680023
-0.685489
-0.690539
-0.69517
-0.699379
-0.703164
-0.706521
-0.70945
-0.711948
-0.714014
-0.715646
-0.716844
-0.717606
-0.717933
-0.717824
-0.717279
-0.716299
-0.714884
-0.713035
-0.710753
-0.70804
-0.704896
-0.701325
-0.697328
-0.692908
-0.688067
-0.682808
-0.677135
-0.67105
-0.664559
-0.657664
-0.650369
-0.64268
-0.6346
-0.626136
-0.617291
-0.608071
-0.598482
-0.58853
-0.578221
-0.56756
-0.556555
-0.545213
-0.533539
-0.521541
-0.509226
-0.496603
-0.483678
-0.470459
-0.456955
-0.443173
-0.429122
-0.414811
-0.400248
-0.385442
-0.370402
-0.355137
-0.339656
-0.323969
-0.308086
-0.292015
-0.275768
-0.259352
-0.24278
-0.22606
-0.209202
-0.192218
-0.175117
-0.15791
-0.140607
-0.123218
-0.105755
-0.0882273
-0.0706462
-0.0530222
-0.035366
-0.0176884
0
0
0.0172605
0.0345105
0.0517396
0.0689372
0.086093
0.103197
0.120237
0.137205
0.15409
0.170881
0.187568
0.204142
0.220591
0.236907
0.253079
0.269097
0.284951
0.300633
0.316132
0.33144
0.346546
0.361442
0.376118
0.390566
0.404777
0.418742
0.432453
0.445901
0.459079
0.471977
0.48459
0.496908
0.508925
0.520632
0.532024
0.543092
0.553831
0.564234
0.574294
0.584005
0.593362
0.602358
0.610989
0.619249
0.627133
0.634637
0.641755
0.648483
0.654818
0.660755
0.666291
0.671423
0.676146
0.68046
0.68436
0.687845
0.690912
0.69356
0.695787
0.697591
0.698972
0.699929
0.70046
0.700567
0.700248
0.699504
0.698335
0.696742
0.694727
0.692289
0.689431
0.686155
0.682462
0.678355
0.673836
0.668908
0.663574
0.657837
0.6517
0.645168
0.638245
0.630933
0.623239
0.615167
0.606721
0.597906
0.588729
0.579194
0.569308
0.559076
0.548504
0.5376
0.526369
0.514819
0.502956
0.490787
0.478321
0.465565
0.452525
0.439211
0.425631
0.411792
0.397703
0.383372
0.368809
0.354022
0.33902
0.323812
0.308408
0.292816
0.277047
0.261109
0.245013
0.228768
0.212384
0.195872
0.17924
0.1625
0.145661
0.128733
0.111727
0.094654
0.077523
0.060345
0.0431304
0.0258896
0.00863305
-0.00862873
-0.0258853
-0.0431261
-0.0603407
-0.0775187
-0.0946497
-0.111723
-0.128729
-0.145656
-0.162495
-0.179236
-0.195867
-0.21238
-0.228764
-0.245009
-0.261105
-0.277042
-0.292812
-0.308404
-0.323808
-0.339016
-0.354018
-0.368805
-0.383368
-0.397699
-0.411788
-0.425627
-0.439207
-0.452521
-0.465561
-0.478317
-0.490783
-0.502952
-0.514815
-0.526365
-0.537596
-0.5485
-0.559072
-0.569304
-0.57919
-0.588725
-0.597902
-0.606717
-0.615163
-0.623236
-0.63093
-0.638241
-0.645165
-0.651697
-0.657833
-0.66357
-0.668905
-0.673833
-0.678352
-0.682459
-0.686152
-0.689428
-0.692286
-0.694723
-0.696739
-0.698332
-0.699501
-0.700245
-0.700564
-0.700457
-0.699926
-0.698969
-0.697588
-0.695784
-0.693557
-0.69091
-0.687842
-0.684358
-0.680457
-0.676144
-0.67142
-0.666288
-0.660752
-0.654815
-0.648481
-0.641752
-0.634634
-0.627131
-0.619247
-0.610987
-0.602356
-0.59336
-0.584003
-0.574292
-0.564232
-0.553829
-0.54309
-0.532022
-0.52063
-0.508923
-0.496906
-0.484588
-0.471976
-0.459077
-0.445899
-0.432451
-0.41874
-0.404775
-0.390564
-0.376117
-0.36144
-0.346545
-0.331439
-0.316131
-0.300632
-0.28495
-0.269096
-0.253078
-0.236906
-0.220591
-0.204141
-0.187568
-0.17088
-0.154089
-0.137205
-0.120237
-0.103196
-0.0860928
-0.068937
-0.0517394
-0.0345104
-0.0172604
0
0
0.0168221
0.0336339
0.0504254
0.0671862
0.0839062
0.100575
0.117183
0.13372
0.150176
0.166541
0.182804
0.198956
0.214988
0.230889
0.24665
0.262261
0.277713
0.292997
0.308102
0.323021
0.337743
0.352261
0.366564
0.380645
0.394495
0.408105
0.421468
0.434575
0.447418
0.459989
0.472281
0.484286
0.495998
0.507408
0.51851
0.529297
0.539763
0.549902
0.559706
0.569171
0.57829
0.587058
0.59547
0.60352
0.611204
0.618517
0.625454
0.632011
0.638185
0.643971
0.649367
0.654368
0.658972
0.663176
0.666977
0.670374
0.673363
0.675943
0.678114
0.679872
0.681218
0.68215
0.682668
0.682772
0.682461
0.681736
0.680597
0.679045
0.67708
0.674705
0.671919
0.668726
0.665127
0.661125
0.65672
0.651917
0.646719
0.641127
0.635147
0.628781
0.622033
0.614907
0.607409
0.599541
0.59131
0.582719
0.573775
0.564482
0.554847
0.544875
0.534572
0.523944
0.512999
0.501742
0.49018
0.478321
0.466172
0.453739
0.441031
0.428055
0.41482
0.401332
0.387601
0.373635
0.359441
0.34503
0.330409
0.315587
0.300574
0.285379
0.27001
0.254477
0.23879
0.222957
0.20699
0.190897
0.174687
0.158372
0.141961
0.125463
0.10889
0.0922498
0.075554
0.0588123
0.0420349
0.025232
0.00841383
-0.00840949
-0.0252277
-0.0420306
-0.058808
-0.0755496
-0.0922455
-0.108885
-0.125459
-0.141956
-0.158368
-0.174683
-0.190892
-0.206985
-0.222953
-0.238785
-0.254473
-0.270005
-0.285374
-0.30057
-0.315583
-0.330405
-0.345026
-0.359437
-0.37363
-0.387597
-0.401328
-0.414815
-0.428051
-0.441027
-0.453735
-0.466168
-0.478317
-0.490176
-0.501738
-0.512995
-0.523941
-0.534568
-0.544871
-0.554843
-0.564478
-0.573771
-0.582715
-0.591306
-0.599537
-0.607405
-0.614904
-0.622029
-0.628777
-0.635143
-0.641124
-0.646715
-0.651914
-0.656717
-0.661121
-0.665124
-0.668723
-0.671916
-0.674701
-0.677077
-0.679041
-0.680594
-0.681733
-0.682458
-0.682769
-0.682665
-0.682147
-0.681215
-0.679869
-0.678111
-0.675941
-0.67336
-0.670371
-0.666974
-0.663173
-0.658969
-0.654365
-0.649364
-0.643969
-0.638183
-0.632009
-0.625451
-0.618514
-0.611201
-0.603518
-0.595468
-0.587056
-0.578288
-0.569169
-0.559704
-0.5499
-0.539761
-0.529295
-0.518508
-0.507406
-0.495996
-0.484285
-0.472279
-0.459987
-0.447416
-0.434573
-0.421467
-0.408104
-0.394494
-0.380644
-0.366563
-0.35226
-0.337742
-0.32302
-0.308101
-0.292996
-0.277713
-0.262261
-0.246649
-0.230888
-0.214987
-0.198956
-0.182803
-0.16654
-0.150175
-0.13372
-0.117183
-0.100575
-0.083906
-0.067186
-0.0504252
-0.0336338
-0.016822
0
0
0.0163734
0.0327369
0.0490805
0.0653944
0.0816685
0.097893
0.114058
0.130154
0.146171
0.162099
0.177929
0.19365
0.209254
0.224732
0.240072
0.255267
0.270307
0.285183
0.299885
0.314406
0.328736
0.342866
0.356788
0.370494
0.383974
0.397221
0.410228
0.422985
0.435485
0.447721
0.459685
0.471371
0.48277
0.493875
0.504682
0.515181
0.525368
0.535236
0.544779
0.553991
0.562867
0.571402
0.579589
0.587424
0.594903
0.602021
0.608773
0.615156
0.621165
0.626797
0.632049
0.636916
0.641398
0.645489
0.649189
0.652495
0.655405
0.657916
0.660029
0.66174
0.66305
0.663958
0.664462
0.664563
0.66426
0.663554
0.662446
0.660935
0.659023
0.656711
0.654
0.650892
0.647389
0.643493
0.639206
0.634531
0.629471
0.624029
0.618208
0.612011
0.605444
0.598508
0.591209
0.583552
0.57554
0.567178
0.558473
0.549428
0.540049
0.530343
0.520315
0.509971
0.499317
0.488361
0.477107
0.465565
0.453739
0.441638
0.429269
0.416639
0.403757
0.390629
0.377264
0.36367
0.349855
0.335828
0.321597
0.307171
0.292558
0.277768
0.262809
0.24769
0.232421
0.217011
0.201469
0.185805
0.170029
0.154148
0.138175
0.122117
0.105986
0.0897896
0.0735391
0.0572439
0.0409139
0.0245592
0.0081895
-0.00818514
-0.0245548
-0.0409096
-0.0572395
-0.0735347
-0.0897852
-0.105981
-0.122113
-0.13817
-0.154144
-0.170024
-0.185801
-0.201465
-0.217007
-0.232417
-0.247686
-0.262804
-0.277763
-0.292554
-0.307166
-0.321593
-0.335824
-0.349851
-0.363666
-0.37726
-0.390625
-0.403752
-0.416635
-0.429265
-0.441634
-0.453735
-0.465561
-0.477103
-0.488357
-0.499314
-0.509967
-0.520311
-0.530339
-0.540046
-0.549424
-0.558469
-0.567174
-0.575536
-0.583548
-0.591206
-0.598504
-0.60544
-0.612008
-0.618204
-0.624025
-0.629467
-0.634528
-0.639202
-0.643489
-0.647385
-0.650888
-0.653996
-0.656707
-0.659019
-0.660932
-0.662442
-0.663551
-0.664257
-0.66456
-0.664459
-0.663955
-0.663047
-0.661737
-0.660026
-0.657913
-0.655402
-0.652492
-0.649186
-0.645487
-0.641395
-0.636914
-0.632046
-0.626794
-0.621162
-0.615153
-0.608771
-0.602019
-0.594901
-0.587422
-0.579587
-0.571399
-0.562865
-0.553989
-0.544777
-0.535234
-0.525366
-0.515179
-0.50468
-0.493874
-0.482768
-0.471369
-0.459684
-0.44772
-0.435484
-0.422983
-0.410226
-0.39722
-0.383973
-0.370492
-0.356787
-0.342865
-0.328735
-0.314405
-0.299884
-0.285182
-0.270306
-0.255266
-0.240071
-0.224731
-0.209254
-0.19365
-0.177928
-0.162098
-0.14617
-0.130154
-0.114058
-0.0978927
-0.0816682
-0.0653941
-0.0490804
-0.0327368
-0.0163734
0
0
0.0159149
0.03182
0.0477059
0.0635628
0.0793811
0.0951513
0.110864
0.126509
0.142077
0.157559
0.172945
0.188227
0.203394
0.218437
0.233348
0.248118
0.262736
0.277196
0.291486
0.3056
0.319529
0.333263
0.346795
0.360117
0.37322
0.386096
0.398738
0.411138
0.423288
0.435182
0.446811
0.458169
0.469248
0.480043
0.490547
0.500752
0.510654
0.520245
0.529521
0.538475
0.547103
0.555398
0.563356
0.570972
0.578241
0.58516
0.591723
0.597927
0.603768
0.609242
0.614346
0.619078
0.623434
0.627411
0.631007
0.63422
0.637048
0.63949
0.641543
0.643207
0.64448
0.645362
0.645852
0.64595
0.645656
0.64497
0.643892
0.642424
0.640565
0.638318
0.635683
0.632662
0.629257
0.62547
0.621303
0.616759
0.611841
0.606551
0.600893
0.594871
0.588487
0.581746
0.574651
0.567208
0.55942
0.551293
0.542831
0.53404
0.524924
0.51549
0.505742
0.495688
0.485333
0.474683
0.463745
0.452525
0.441031
0.429269
0.417246
0.40497
0.392448
0.379688
0.366698
0.353484
0.340057
0.326422
0.31259
0.298568
0.284364
0.269988
0.255448
0.240753
0.225912
0.210933
0.195827
0.180602
0.165267
0.149831
0.134305
0.118697
0.103017
0.0872749
0.0714795
0.0556407
0.0397681
0.0238714
0.00796021
-0.00795583
-0.023867
-0.0397637
-0.0556363
-0.0714751
-0.0872705
-0.103013
-0.118693
-0.134301
-0.149827
-0.165262
-0.180597
-0.195823
-0.210929
-0.225907
-0.240749
-0.255444
-0.269984
-0.28436
-0.298563
-0.312586
-0.326418
-0.340052
-0.35348
-0.366693
-0.379684
-0.392444
-0.404966
-0.417242
-0.429265
-0.441027
-0.452521
-0.463741
-0.474679
-0.485329
-0.495684
-0.505739
-0.515486
-0.52492
-0.534036
-0.542827
-0.551289
-0.559417
-0.567204
-0.574647
-0.581742
-0.588483
-0.594867
-0.60089
-0.606548
-0.611838
-0.616756
-0.6213
-0.625467
-0.629254
-0.632659
-0.635679
-0.638314
-0.640562
-0.64242
-0.643889
-0.644967
-0.645653
-0.645947
-0.645849
-0.645359
-0.644477
-0.643204
-0.64154
-0.639487
-0.637046
-0.634217
-0.631004
-0.627408
-0.623431
-0.619075
-0.614344
-0.609239
-0.603765
-0.597924
-0.591721
-0.585157
-0.578239
-0.57097
-0.563354
-0.555396
-0.547101
-0.538473
-0.529519
-0.520243
-0.510652
-0.50075
-0.490545
-0.480041
-0.469247
-0.458167
-0.446809
-0.43518
-0.423287
-0.411137
-0.398737
-0.386095
-0.373219
-0.360116
-0.346794
-0.333262
-0.319528
-0.305599
-0.291485
-0.277195
-0.262735
-0.248117
-0.233348
-0.218437
-0.203393
-0.188226
-0.172945
-0.157558
-0.142076
-0.126508
-0.110863
-0.095151
-0.0793809
-0.0635626
-0.0477058
-0.0318199
-0.0159148
0
0
0.0154466
0.0308838
0.0463023
0.0616927
0.0770456
0.0923518
0.107602
0.122787
0.137897
0.152923
0.167857
0.182689
0.19741
0.212011
0.226483
0.240818
0.255006
0.26904
0.28291
0.296609
0.310128
0.323458
0.336592
0.349522
0.362239
0.374737
0.387007
0.399042
0.410835
0.422378
0.433665
0.444689
0.455442
0.46592
0.476114
0.486019
0.49563
0.504939
0.513942
0.522633
0.531006
0.539057
0.546781
0.554173
0.561229
0.567944
0.574314
0.580335
0.586004
0.591317
0.596271
0.600864
0.605091
0.608951
0.612442
0.61556
0.618305
0.620675
0.622668
0.624283
0.625518
0.626374
0.62685
0.626945
0.62666
0.625994
0.624948
0.623523
0.621719
0.619537
0.61698
0.614048
0.610743
0.607068
0.603024
0.598613
0.59384
0.588706
0.583214
0.577369
0.571173
0.56463
0.557744
0.55052
0.542961
0.535073
0.52686
0.518328
0.50948
0.500323
0.490863
0.481104
0.471054
0.460717
0.450101
0.439211
0.428055
0.416639
0.40497
0.393055
0.380902
0.368517
0.355909
0.343084
0.330052
0.316819
0.303393
0.289783
0.275998
0.262045
0.247932
0.23367
0.219265
0.204727
0.190065
0.175288
0.160404
0.145423
0.130354
0.115205
0.0999864
0.0847072
0.0693765
0.0540037
0.0385982
0.0231691
0.00772608
-0.00772168
-0.0231647
-0.0385938
-0.0539993
-0.0693721
-0.0847028
-0.099982
-0.115201
-0.130349
-0.145419
-0.1604
-0.175284
-0.190061
-0.204723
-0.219261
-0.233665
-0.247928
-0.26204
-0.275994
-0.289779
-0.303389
-0.316814
-0.330047
-0.34308
-0.355905
-0.368513
-0.380898
-0.393051
-0.404966
-0.416635
-0.428051
-0.439207
-0.450097
-0.460713
-0.47105
-0.4811
-0.490859
-0.500319
-0.509476
-0.518324
-0.526856
-0.535069
-0.542958
-0.550516
-0.55774
-0.564626
-0.571169
-0.577365
-0.583211
-0.588702
-0.593836
-0.59861
-0.60302
-0.607064
-0.61074
-0.614045
-0.616977
-0.619534
-0.621715
-0.623519
-0.624945
-0.625991
-0.626657
-0.626942
-0.626847
-0.626371
-0.625515
-0.62428
-0.622665
-0.620672
-0.618303
-0.615558
-0.612439
-0.608949
-0.605089
-0.600861
-0.596269
-0.591315
-0.586001
-0.580332
-0.574311
-0.567941
-0.561226
-0.554171
-0.546779
-0.539055
-0.531004
-0.522631
-0.51394
-0.504937
-0.495628
-0.486017
-0.476112
-0.465918
-0.455441
-0.444687
-0.433663
-0.422376
-0.410833
-0.39904
-0.387005
-0.374735
-0.362238
-0.34952
-0.336591
-0.323457
-0.310127
-0.296608
-0.282909
-0.269039
-0.255005
-0.240817
-0.226482
-0.21201
-0.197409
-0.182688
-0.167856
-0.152923
-0.137896
-0.122786
-0.107601
-0.0923515
-0.0770454
-0.0616925
-0.0463022
-0.0308837
-0.0154466
0
0
0.014969
0.0299289
0.0448706
0.0597851
0.0746633
0.0894962
0.104275
0.11899
0.133633
0.148195
0.162667
0.17704
0.191306
0.205455
0.21948
0.233371
0.247121
0.260721
0.274163
0.287438
0.300538
0.313457
0.326184
0.338714
0.351039
0.36315
0.37504
0.386703
0.398131
0.409318
0.420256
0.430939
0.44136
0.451513
0.461392
0.470991
0.480305
0.489326
0.49805
0.506473
0.514587
0.522389
0.529874
0.537038
0.543875
0.550382
0.556555
0.562391
0.567884
0.573033
0.577834
0.582285
0.586381
0.590122
0.593505
0.596527
0.599187
0.601483
0.603415
0.604979
0.606177
0.607006
0.607467
0.60756
0.607283
0.606638
0.605624
0.604243
0.602495
0.600381
0.597903
0.595061
0.591859
0.588297
0.584378
0.580104
0.575478
0.570503
0.565181
0.559516
0.553512
0.547171
0.540498
0.533497
0.526173
0.518529
0.51057
0.502301
0.493727
0.484853
0.475685
0.466228
0.456488
0.446472
0.436184
0.425631
0.41482
0.403757
0.392448
0.380902
0.369124
0.357123
0.344904
0.332476
0.319846
0.307022
0.294012
0.280823
0.267464
0.253942
0.240266
0.226445
0.212485
0.198397
0.184189
0.169868
0.155445
0.140927
0.126323
0.111643
0.0968949
0.0820881
0.0672314
0.052334
0.0374047
0.0224528
0.00748726
-0.00748284
-0.0224484
-0.0374003
-0.0523296
-0.067227
-0.0820836
-0.0968905
-0.111638
-0.126319
-0.140922
-0.15544
-0.169864
-0.184184
-0.198393
-0.212481
-0.22644
-0.240262
-0.253938
-0.26746
-0.280819
-0.294008
-0.307018
-0.319842
-0.332472
-0.3449
-0.357118
-0.36912
-0.380898
-0.392444
-0.403752
-0.414815
-0.425627
-0.436179
-0.446468
-0.456484
-0.466224
-0.475681
-0.484849
-0.493723
-0.502297
-0.510566
-0.518525
-0.526169
-0.533494
-0.540495
-0.547167
-0.553508
-0.559512
-0.565177
-0.570499
-0.575474
-0.5801
-0.584374
-0.588293
-0.591855
-0.595058
-0.597899
-0.600378
-0.602492
-0.60424
-0.605621
-0.606635
-0.60728
-0.607557
-0.607464
-0.607003
-0.606174
-0.604976
-0.603412
-0.601481
-0.599184
-0.596524
-0.593502
-0.59012
-0.586379
-0.582282
-0.577832
-0.573031
-0.567882
-0.562388
-0.556553
-0.55038
-0.543873
-0.537036
-0.529872
-0.522387
-0.514585
-0.50647
-0.498048
-0.489324
-0.480303
-0.470989
-0.46139
-0.451511
-0.441358
-0.430937
-0.420254
-0.409316
-0.39813
-0.386702
-0.375039
-0.363148
-0.351037
-0.338713
-0.326183
-0.313455
-0.300537
-0.287437
-0.274162
-0.26072
-0.24712
-0.233371
-0.219479
-0.205454
-0.191305
-0.177039
-0.162666
-0.148194
-0.133632
-0.11899
-0.104274
-0.0894959
-0.0746631
-0.0597849
-0.0448705
-0.0299288
-0.0149689
0
0
0.0144823
0.0289558
0.0434117
0.0578413
0.0722357
0.0865863
0.100884
0.115121
0.129288
0.143376
0.157378
0.171284
0.185085
0.198775
0.212344
0.225784
0.239086
0.252244
0.265249
0.278092
0.290767
0.303265
0.315579
0.327701
0.339625
0.351342
0.362846
0.37413
0.385186
0.396009
0.406592
0.416927
0.427009
0.436833
0.446391
0.455677
0.464688
0.473416
0.481857
0.490005
0.497856
0.505404
0.512646
0.519577
0.526192
0.532487
0.538459
0.544105
0.54942
0.554402
0.559047
0.563352
0.567316
0.570935
0.574207
0.577131
0.579705
0.581927
0.583795
0.585309
0.586468
0.58727
0.587716
0.587805
0.587538
0.586913
0.585933
0.584597
0.582905
0.58086
0.578462
0.575713
0.572615
0.569169
0.565377
0.561242
0.556767
0.551953
0.546805
0.541324
0.535515
0.52938
0.522924
0.516151
0.509065
0.501669
0.493969
0.485969
0.477674
0.469088
0.460219
0.451069
0.441646
0.431955
0.422001
0.411792
0.401332
0.390629
0.379688
0.368517
0.357123
0.345511
0.33369
0.321666
0.309447
0.29704
0.284453
0.271693
0.258768
0.245686
0.232454
0.219082
0.205577
0.191947
0.1782
0.164345
0.15039
0.136345
0.122216
0.108013
0.0937445
0.0794191
0.0650455
0.0506325
0.0361886
0.0217229
0.0072439
-0.00723946
-0.0217184
-0.0361842
-0.050628
-0.0650411
-0.0794147
-0.09374
-0.108009
-0.122211
-0.13634
-0.150386
-0.164341
-0.178195
-0.191942
-0.205572
-0.219078
-0.23245
-0.245681
-0.258763
-0.271688
-0.284448
-0.297036
-0.309443
-0.321662
-0.333686
-0.345507
-0.357118
-0.368513
-0.379684
-0.390625
-0.401328
-0.411788
-0.421997
-0.431951
-0.441642
-0.451065
-0.460215
-0.469085
-0.47767
-0.485965
-0.493965
-0.501665
-0.509061
-0.516147
-0.522921
-0.529376
-0.535511
-0.54132
-0.546801
-0.55195
-0.556763
-0.561239
-0.565374
-0.569165
-0.572612
-0.57571
-0.578459
-0.580857
-0.582902
-0.584593
-0.58593
-0.58691
-0.587535
-0.587802
-0.587713
-0.587267
-0.586465
-0.585306
-0.583792
-0.581924
-0.579702
-0.577129
-0.574205
-0.570932
-0.567313
-0.56335
-0.559044
-0.554399
-0.549418
-0.544102
-0.538457
-0.532485
-0.526189
-0.519574
-0.512644
-0.505402
-0.497854
-0.490003
-0.481855
-0.473414
-0.464686
-0.455676
-0.446389
-0.436831
-0.427008
-0.416925
-0.40659
-0.396008
-0.385185
-0.374128
-0.362845
-0.351341
-0.339623
-0.3277
-0.315578
-0.303264
-0.290766
-0.278091
-0.265248
-0.252243
-0.239085
-0.225783
-0.212343
-0.198774
-0.185085
-0.171283
-0.157377
-0.143376
-0.129288
-0.115121
-0.100884
-0.086586
-0.0722354
-0.057841
-0.0434115
-0.0289557
-0.0144822
0
0
0.0139868
0.0279651
0.0419264
0.0558623
0.0697642
0.0836238
0.0974327
0.111182
0.124865
0.138471
0.151993
0.165423
0.178753
0.191974
0.205079
0.218059
0.230906
0.243614
0.256173
0.268577
0.280818
0.292889
0.304782
0.316489
0.328005
0.339321
0.350432
0.361329
0.372008
0.38246
0.39268
0.402662
0.4124
0.421887
0.431118
0.440087
0.448789
0.457219
0.465371
0.47324
0.480822
0.488112
0.495106
0.5018
0.508188
0.514269
0.520037
0.525489
0.530622
0.535433
0.539919
0.544078
0.547906
0.551401
0.554562
0.557385
0.559871
0.562017
0.563821
0.565283
0.566402
0.567177
0.567608
0.567694
0.567436
0.566833
0.565886
0.564595
0.562962
0.560987
0.558671
0.556016
0.553024
0.549695
0.546034
0.54204
0.537718
0.533069
0.528096
0.522803
0.517193
0.511268
0.505033
0.498492
0.491648
0.484505
0.477068
0.469342
0.46133
0.453039
0.444473
0.435636
0.426536
0.417176
0.407563
0.397703
0.387601
0.377264
0.366698
0.355909
0.344904
0.33369
0.322273
0.310661
0.298859
0.286877
0.27472
0.262397
0.249914
0.23728
0.224501
0.211586
0.198543
0.185379
0.172103
0.158722
0.145245
0.13168
0.118034
0.104317
0.0905372
0.0767019
0.0628201
0.0489002
0.0349506
0.0209797
0.00699614
-0.00699168
-0.0209753
-0.0349461
-0.0488957
-0.0628157
-0.0766975
-0.0905327
-0.104313
-0.11803
-0.131675
-0.145241
-0.158718
-0.172099
-0.185375
-0.198539
-0.211582
-0.224497
-0.237275
-0.24991
-0.262393
-0.274716
-0.286873
-0.298855
-0.310656
-0.322269
-0.333686
-0.3449
-0.355905
-0.366693
-0.37726
-0.387597
-0.397699
-0.407559
-0.417172
-0.426532
-0.435632
-0.444469
-0.453035
-0.461327
-0.469338
-0.477064
-0.484501
-0.491644
-0.498488
-0.505029
-0.511264
-0.517189
-0.522799
-0.528093
-0.533065
-0.537714
-0.542037
-0.54603
-0.549692
-0.55302
-0.556013
-0.558667
-0.560983
-0.562958
-0.564592
-0.565882
-0.56683
-0.567433
-0.567691
-0.567605
-0.567174
-0.566399
-0.56528
-0.563818
-0.562014
-0.559868
-0.557383
-0.554559
-0.551398
-0.547903
-0.544075
-0.539917
-0.535431
-0.53062
-0.525486
-0.520034
-0.514266
-0.508186
-0.501797
-0.495104
-0.48811
-0.48082
-0.473238
-0.465368
-0.457217
-0.448787
-0.440085
-0.431116
-0.421885
-0.412398
-0.402661
-0.392679
-0.382459
-0.372006
-0.361328
-0.35043
-0.33932
-0.328004
-0.316488
-0.30478
-0.292888
-0.280817
-0.268576
-0.256172
-0.243613
-0.230905
-0.218058
-0.205078
-0.191973
-0.178752
-0.165423
-0.151993
-0.13847
-0.124864
-0.111182
-0.0974323
-0.0836235
-0.069764
-0.0558621
-0.0419263
-0.027965
-0.0139867
0
0
0.0134828
0.0269574
0.0404157
0.0538494
0.0672504
0.0806106
0.0939219
0.107176
0.120365
0.133481
0.146516
0.159463
0.172312
0.185057
0.197689
0.210201
0.222586
0.234836
0.246943
0.2589
0.2707
0.282335
0.293799
0.305085
0.316186
0.327094
0.337805
0.34831
0.358603
0.368679
0.378531
0.388153
0.39754
0.406685
0.415583
0.424229
0.432618
0.440743
0.448602
0.456188
0.463497
0.470524
0.477266
0.483718
0.489877
0.495738
0.501298
0.506554
0.511502
0.51614
0.520464
0.524473
0.528163
0.531532
0.534579
0.537301
0.539697
0.541765
0.543505
0.544914
0.545993
0.54674
0.547155
0.547238
0.546989
0.546408
0.545495
0.544251
0.542676
0.540773
0.53854
0.535981
0.533096
0.529888
0.526358
0.522509
0.518342
0.513861
0.509067
0.503965
0.498557
0.492845
0.486835
0.480529
0.473932
0.467047
0.459878
0.45243
0.444707
0.436715
0.428457
0.419939
0.411166
0.402144
0.392877
0.383372
0.373635
0.36367
0.353484
0.343084
0.332476
0.321666
0.310661
0.299467
0.288091
0.27654
0.264821
0.252942
0.240909
0.22873
0.216412
0.203962
0.191389
0.1787
0.165902
0.153003
0.140011
0.126935
0.113781
0.100559
0.0872749
0.0739382
0.0605566
0.0471382
0.0336913
0.0202238
0.00674414
-0.00673966
-0.0202194
-0.0336868
-0.0471338
-0.0605521
-0.0739337
-0.0872705
-0.100554
-0.113777
-0.12693
-0.140007
-0.152999
-0.165897
-0.178695
-0.191385
-0.203958
-0.216407
-0.228725
-0.240905
-0.252938
-0.264817
-0.276536
-0.288086
-0.299462
-0.310656
-0.321662
-0.332472
-0.34308
-0.35348
-0.363666
-0.37363
-0.383368
-0.392873
-0.40214
-0.411162
-0.419935
-0.428453
-0.436711
-0.444703
-0.452426
-0.459874
-0.467043
-0.473928
-0.480526
-0.486831
-0.492842
-0.498553
-0.503961
-0.509064
-0.513857
-0.518338
-0.522505
-0.526355
-0.529885
-0.533093
-0.535978
-0.538537
-0.540769
-0.542673
-0.544248
-0.545492
-0.546405
-0.546986
-0.547235
-0.547152
-0.546737
-0.54599
-0.544911
-0.543502
-0.541762
-0.539694
-0.537298
-0.534576
-0.531529
-0.52816
-0.52447
-0.520462
-0.516137
-0.5115
-0.506551
-0.501296
-0.495736
-0.489874
-0.483716
-0.477264
-0.470522
-0.463494
-0.456186
-0.4486
-0.440741
-0.432616
-0.424227
-0.415581
-0.406683
-0.397538
-0.388151
-0.378529
-0.368677
-0.358601
-0.348308
-0.337803
-0.327093
-0.316184
-0.305084
-0.293798
-0.282334
-0.270698
-0.258899
-0.246942
-0.234835
-0.222585
-0.2102
-0.197688
-0.185056
-0.172311
-0.159462
-0.146516
-0.133481
-0.120365
-0.107176
-0.0939215
-0.0806103
-0.0672501
-0.0538492
-0.0404155
-0.0269573
-0.0134827
0
0
0.0129706
0.0259334
0.0388804
0.0518038
0.0646958
0.0775484
0.090354
0.103105
0.115793
0.128411
0.140951
0.153405
0.165766
0.178027
0.190179
0.202216
0.214131
0.225915
0.237562
0.249065
0.260416
0.27161
0.282639
0.293496
0.304175
0.314669
0.324972
0.335078
0.344981
0.354674
0.364152
0.373408
0.382438
0.391236
0.399796
0.408114
0.416184
0.424001
0.431561
0.438858
0.44589
0.45265
0.459136
0.465343
0.471268
0.476906
0.482255
0.487311
0.492072
0.496533
0.500693
0.50455
0.508099
0.511341
0.514272
0.516891
0.519196
0.521185
0.522859
0.524215
0.525252
0.525971
0.52637
0.52645
0.526211
0.525652
0.524773
0.523576
0.522062
0.52023
0.518083
0.515621
0.512846
0.509759
0.506363
0.50266
0.498652
0.494341
0.489729
0.484821
0.479618
0.474124
0.468342
0.462276
0.455929
0.449305
0.442409
0.435243
0.427814
0.420125
0.412181
0.403987
0.395547
0.386868
0.377953
0.368809
0.359441
0.349855
0.340057
0.330052
0.319846
0.309447
0.298859
0.288091
0.277147
0.266035
0.254762
0.243333
0.231758
0.220041
0.208191
0.196214
0.184119
0.171911
0.1596
0.147191
0.134693
0.122113
0.109459
0.0967388
0.0839597
0.0711296
0.0582563
0.0453477
0.0324115
0.0194557
0.00648804
-0.00648355
-0.0194512
-0.032407
-0.0453432
-0.0582518
-0.0711251
-0.0839552
-0.0967343
-0.109455
-0.122109
-0.134688
-0.147186
-0.159595
-0.171907
-0.184114
-0.19621
-0.208187
-0.220037
-0.231753
-0.243329
-0.254757
-0.266031
-0.277143
-0.288086
-0.298855
-0.309443
-0.319842
-0.330047
-0.340052
-0.349851
-0.359437
-0.368805
-0.377949
-0.386864
-0.395543
-0.403983
-0.412177
-0.420121
-0.42781
-0.435239
-0.442405
-0.449301
-0.455925
-0.462272
-0.468338
-0.47412
-0.479614
-0.484817
-0.489726
-0.494337
-0.498648
-0.502656
-0.50636
-0.509756
-0.512842
-0.515617
-0.518079
-0.520227
-0.522058
-0.523573
-0.52477
-0.525648
-0.526207
-0.526447
-0.526367
-0.525968
-0.525249
-0.524212
-0.522856
-0.521182
-0.519193
-0.516888
-0.514269
-0.511338
-0.508097
-0.504547
-0.500691
-0.496531
-0.492069
-0.487309
-0.482253
-0.476904
-0.471265
-0.465341
-0.459134
-0.452648
-0.445888
-0.438856
-0.431559
-0.423999
-0.416182
-0.408112
-0.399794
-0.391234
-0.382436
-0.373407
-0.36415
-0.354672
-0.344979
-0.335077
-0.324971
-0.314668
-0.304173
-0.293495
-0.282638
-0.271609
-0.260415
-0.249064
-0.237561
-0.225914
-0.21413
-0.202215
-0.190178
-0.178026
-0.165766
-0.153404
-0.14095
-0.12841
-0.115792
-0.103104
-0.0903537
-0.0775481
-0.0646955
-0.0518036
-0.0388802
-0.0259333
-0.0129706
0
0
0.0124506
0.0248936
0.0373215
0.0497268
0.0621018
0.0744392
0.0867314
0.0989709
0.11115
0.123262
0.135299
0.147254
0.15912
0.170889
0.182554
0.194109
0.205545
0.216857
0.228037
0.239079
0.249975
0.26072
0.271307
0.281728
0.291979
0.302053
0.311943
0.321643
0.331149
0.340453
0.349551
0.358437
0.367105
0.37555
0.383767
0.391751
0.399497
0.407001
0.414258
0.421263
0.428012
0.434502
0.440727
0.446686
0.452373
0.457785
0.46292
0.467773
0.472342
0.476625
0.480618
0.48432
0.487728
0.490839
0.493652
0.496166
0.498379
0.500289
0.501895
0.503197
0.504193
0.504883
0.505266
0.505343
0.505113
0.504576
0.503733
0.502584
0.50113
0.499372
0.49731
0.494947
0.492283
0.489321
0.486061
0.482506
0.478659
0.47452
0.470094
0.465382
0.460388
0.455114
0.449564
0.443741
0.437649
0.43129
0.42467
0.417793
0.410661
0.403281
0.395655
0.387789
0.379688
0.371357
0.362799
0.354022
0.34503
0.335828
0.326422
0.316819
0.307022
0.29704
0.286877
0.27654
0.266035
0.255369
0.244547
0.233577
0.222466
0.211219
0.199844
0.188347
0.176737
0.165019
0.153201
0.14129
0.129293
0.117217
0.105071
0.0928602
0.0805935
0.0682778
0.0559207
0.0435296
0.0311121
0.0186757
0.006228
-0.0062235
-0.0186712
-0.0311076
-0.0435251
-0.0559162
-0.0682733
-0.080589
-0.0928557
-0.105066
-0.117213
-0.129288
-0.141285
-0.153196
-0.165014
-0.176732
-0.188343
-0.199839
-0.211214
-0.222461
-0.233573
-0.244543
-0.255364
-0.266031
-0.276536
-0.286873
-0.297036
-0.307018
-0.316814
-0.326418
-0.335824
-0.345026
-0.354018
-0.362795
-0.371352
-0.379684
-0.387785
-0.395651
-0.403277
-0.410657
-0.417789
-0.424667
-0.431287
-0.437645
-0.443737
-0.44956
-0.45511
-0.460384
-0.465378
-0.47009
-0.474517
-0.478655
-0.482503
-0.486058
-0.489317
-0.49228
-0.494944
-0.497307
-0.499368
-0.501127
-0.502581
-0.50373
-0.504573
-0.505109
-0.50534
-0.505263
-0.504879
-0.50419
-0.503193
-0.501892
-0.500286
-0.498376
-0.496163
-0.49365
-0.490836
-0.487725
-0.484317
-0.480616
-0.476623
-0.47234
-0.46777
-0.462917
-0.457783
-0.45237
-0.446683
-0.440725
-0.434499
-0.42801
-0.421261
-0.414255
-0.406999
-0.399495
-0.391749
-0.383765
-0.375548
-0.367103
-0.358435
-0.349549
-0.340452
-0.331147
-0.321642
-0.311941
-0.302051
-0.291978
-0.281727
-0.271305
-0.260719
-0.249974
-0.239078
-0.228036
-0.216856
-0.205544
-0.194108
-0.182553
-0.170888
-0.159119
-0.147254
-0.135299
-0.123262
-0.11115
-0.0989704
-0.086731
-0.0744389
-0.0621016
-0.0497265
-0.0373213
-0.0248935
-0.0124505
0
0
0.011923
0.0238387
0.03574
0.0476195
0.0594702
0.0712847
0.083056
0.0947769
0.10644
0.118039
0.129566
0.141014
0.152377
0.163647
0.174818
0.185883
0.196835
0.207667
0.218374
0.228948
0.239382
0.249672
0.25981
0.26979
0.279606
0.289253
0.298724
0.308014
0.317116
0.326026
0.334739
0.343248
0.351548
0.359635
0.367504
0.37515
0.382568
0.389754
0.396703
0.403411
0.409875
0.416089
0.422051
0.427757
0.433203
0.438386
0.443303
0.447951
0.452326
0.456428
0.460252
0.463796
0.46706
0.470039
0.472733
0.475141
0.477259
0.479088
0.480627
0.481873
0.482827
0.483488
0.483855
0.483928
0.483708
0.483194
0.482387
0.481287
0.479894
0.47821
0.476236
0.473973
0.471422
0.468585
0.465464
0.46206
0.458375
0.454412
0.450173
0.445661
0.440878
0.435828
0.430513
0.424937
0.419103
0.413014
0.406675
0.400088
0.393259
0.386191
0.378889
0.371356
0.363599
0.35562
0.347425
0.33902
0.330409
0.321597
0.31259
0.303393
0.294012
0.284453
0.27472
0.264821
0.254762
0.244547
0.234184
0.223679
0.213038
0.202268
0.191375
0.180366
0.169247
0.158026
0.146709
0.135302
0.123814
0.11225
0.100618
0.0889252
0.0771783
0.0653845
0.0535511
0.0416851
0.0297938
0.0178844
0.00596419
-0.00595967
-0.0178799
-0.0297893
-0.0416806
-0.0535465
-0.06538
-0.0771738
-0.0889207
-0.100614
-0.112246
-0.123809
-0.135298
-0.146704
-0.158022
-0.169243
-0.180362
-0.191371
-0.202264
-0.213034
-0.223675
-0.23418
-0.244543
-0.254757
-0.264817
-0.274716
-0.284448
-0.294008
-0.303389
-0.312586
-0.321593
-0.330405
-0.339016
-0.347421
-0.355616
-0.363594
-0.371352
-0.378885
-0.386187
-0.393255
-0.400084
-0.406671
-0.41301
-0.419099
-0.424933
-0.430509
-0.435824
-0.440875
-0.445657
-0.450169
-0.454408
-0.458371
-0.462056
-0.46546
-0.468582
-0.471419
-0.47397
-0.476233
-0.478207
-0.479891
-0.481283
-0.482383
-0.483191
-0.483705
-0.483925
-0.483852
-0.483485
-0.482824
-0.48187
-0.480624
-0.479085
-0.477256
-0.475138
-0.472731
-0.470036
-0.467057
-0.463794
-0.460249
-0.456425
-0.452324
-0.447948
-0.4433
-0.438383
-0.4332
-0.427754
-0.422049
-0.416087
-0.409872
-0.403409
-0.396701
-0.389752
-0.382566
-0.375148
-0.367502
-0.359634
-0.351546
-0.343246
-0.334737
-0.326025
-0.317115
-0.308012
-0.298722
-0.289251
-0.279605
-0.269788
-0.259808
-0.249671
-0.239381
-0.228946
-0.218373
-0.207666
-0.196834
-0.185882
-0.174817
-0.163647
-0.152376
-0.141014
-0.129565
-0.118038
-0.10644
-0.0947764
-0.0830556
-0.0712844
-0.0594699
-0.0476193
-0.0357398
-0.0238386
-0.0119229
0
0
0.0113881
0.0227693
0.0341367
0.0454834
0.0568025
0.068087
0.0793303
0.0905253
0.101665
0.112744
0.123754
0.134689
0.145542
0.156306
0.166976
0.177545
0.188005
0.198352
0.208578
0.218677
0.228644
0.238472
0.248155
0.257687
0.267064
0.276277
0.285324
0.294197
0.302891
0.311401
0.319723
0.32785
0.335778
0.343503
0.351019
0.358321
0.365407
0.37227
0.378907
0.385315
0.391488
0.397424
0.403119
0.408568
0.41377
0.418721
0.423417
0.427856
0.432036
0.435953
0.439606
0.442991
0.446108
0.448954
0.451527
0.453827
0.45585
0.457597
0.459067
0.460257
0.461168
0.461799
0.46215
0.46222
0.46201
0.461519
0.460748
0.459697
0.458367
0.456759
0.454873
0.452712
0.450275
0.447565
0.444584
0.441332
0.437813
0.434028
0.429979
0.42567
0.421101
0.416278
0.411201
0.405875
0.400303
0.394487
0.388432
0.382141
0.375618
0.368867
0.361893
0.354698
0.347288
0.339667
0.331841
0.323812
0.315587
0.307171
0.298568
0.289783
0.280823
0.271693
0.262397
0.252942
0.243333
0.233577
0.223679
0.213645
0.203482
0.193195
0.182791
0.172275
0.161655
0.150937
0.140128
0.129233
0.11826
0.107215
0.0961047
0.0849363
0.0737163
0.0624516
0.051149
0.0398153
0.0284574
0.0170823
0.00569675
-0.00569222
-0.0170777
-0.0284529
-0.0398107
-0.0511444
-0.0624471
-0.0737118
-0.0849318
-0.0961002
-0.10721
-0.118255
-0.129228
-0.140123
-0.150933
-0.161651
-0.172271
-0.182786
-0.19319
-0.203478
-0.213641
-0.223675
-0.233573
-0.243329
-0.252938
-0.262393
-0.271688
-0.280819
-0.289779
-0.298563
-0.307166
-0.315583
-0.323808
-0.331836
-0.339663
-0.347284
-0.354694
-0.361888
-0.368863
-0.375614
-0.382137
-0.388428
-0.394483
-0.400299
-0.405871
-0.411197
-0.416274
-0.421098
-0.425666
-0.429975
-0.434024
-0.437809
-0.441329
-0.44458
-0.447562
-0.450272
-0.452708
-0.45487
-0.456755
-0.458364
-0.459693
-0.460744
-0.461515
-0.462006
-0.462217
-0.462147
-0.461796
-0.461165
-0.460254
-0.459064
-0.457594
-0.455847
-0.453824
-0.451525
-0.448951
-0.446105
-0.442989
-0.439603
-0.43595
-0.432033
-0.427854
-0.423414
-0.418718
-0.413768
-0.408566
-0.403116
-0.397422
-0.391486
-0.385313
-0.378905
-0.372268
-0.365405
-0.358319
-0.351017
-0.343501
-0.335777
-0.327848
-0.319721
-0.3114
-0.302889
-0.294195
-0.285322
-0.276276
-0.267062
-0.257686
-0.248154
-0.238471
-0.228643
-0.218676
-0.208577
-0.198351
-0.188004
-0.177544
-0.166975
-0.156306
-0.145541
-0.134688
-0.123753
-0.112743
-0.101665
-0.0905249
-0.0793299
-0.0680867
-0.0568022
-0.0454832
-0.0341366
-0.0227692
-0.0113881
0
0
0.0108464
0.0216862
0.0325128
0.0433197
0.0541002
0.064848
0.0755563
0.0862188
0.096829
0.10738
0.117867
0.128281
0.138618
0.148871
0.159033
0.169098
0.179061
0.188916
0.198655
0.208274
0.217767
0.227127
0.23635
0.245429
0.254359
0.263134
0.27175
0.280201
0.288482
0.296587
0.304513
0.312253
0.319805
0.327162
0.33432
0.341275
0.348023
0.35456
0.360882
0.366985
0.372864
0.378518
0.383941
0.389132
0.394086
0.398801
0.403274
0.407502
0.411483
0.415214
0.418693
0.421917
0.424886
0.427596
0.430047
0.432237
0.434165
0.435828
0.437228
0.438362
0.439229
0.43983
0.440164
0.440231
0.440031
0.439563
0.438829
0.437828
0.436561
0.43503
0.433234
0.431175
0.428855
0.426274
0.423434
0.420337
0.416985
0.41338
0.409524
0.40542
0.401069
0.396474
0.391639
0.386567
0.381259
0.37572
0.369953
0.363962
0.357749
0.35132
0.344677
0.337824
0.330767
0.323509
0.316054
0.308408
0.300574
0.292558
0.284364
0.275998
0.267464
0.258768
0.249914
0.240909
0.231758
0.222466
0.213038
0.203482
0.193802
0.184004
0.174095
0.16408
0.153965
0.143757
0.133462
0.123085
0.112634
0.102114
0.0915329
0.0808958
0.0702096
0.0594807
0.0487158
0.0379213
0.0271037
0.0162697
0.00542586
-0.00542131
-0.0162652
-0.0270992
-0.0379167
-0.0487112
-0.0594762
-0.070205
-0.0808913
-0.0915284
-0.10211
-0.112629
-0.123081
-0.133457
-0.143753
-0.153961
-0.164075
-0.17409
-0.184
-0.193797
-0.203478
-0.213034
-0.222461
-0.231753
-0.240905
-0.24991
-0.258763
-0.26746
-0.275994
-0.28436
-0.292554
-0.30057
-0.308404
-0.31605
-0.323505
-0.330763
-0.33782
-0.344672
-0.351315
-0.357745
-0.363958
-0.369949
-0.375716
-0.381255
-0.386563
-0.391636
-0.396471
-0.401065
-0.405416
-0.40952
-0.413377
-0.416982
-0.420334
-0.42343
-0.42627
-0.428851
-0.431172
-0.43323
-0.435026
-0.436558
-0.437825
-0.438826
-0.43956
-0.440028
-0.440228
-0.440161
-0.439827
-0.439226
-0.438359
-0.437225
-0.435825
-0.434162
-0.432234
-0.430044
-0.427593
-0.424883
-0.421914
-0.41869
-0.415211
-0.41148
-0.4075
-0.403272
-0.398799
-0.394084
-0.389129
-0.383939
-0.378515
-0.372862
-0.366982
-0.36088
-0.354558
-0.348021
-0.341273
-0.334318
-0.32716
-0.319803
-0.312252
-0.304511
-0.296586
-0.28848
-0.280199
-0.271749
-0.263133
-0.254357
-0.245427
-0.236348
-0.227126
-0.217766
-0.208273
-0.198654
-0.188915
-0.17906
-0.169098
-0.159032
-0.14887
-0.138617
-0.128281
-0.117866
-0.10738
-0.0968285
-0.0862184
-0.075556
-0.0648476
-0.0541
-0.0433194
-0.0325126
-0.021686
-0.0108463
0
0
0.010298
0.0205898
0.0308691
0.0411296
0.0513652
0.0615696
0.0717366
0.08186
0.0919338
0.101952
0.111908
0.121796
0.13161
0.141344
0.150993
0.16055
0.170009
0.179365
0.188612
0.197745
0.206758
0.215645
0.224401
0.233021
0.241499
0.249831
0.258012
0.266035
0.273897
0.281593
0.289118
0.296467
0.303637
0.310622
0.317418
0.324022
0.330429
0.336635
0.342637
0.348431
0.354014
0.359382
0.364531
0.369459
0.374163
0.37864
0.382886
0.386901
0.39068
0.394222
0.397525
0.400587
0.403405
0.405979
0.408306
0.410385
0.412215
0.413795
0.415123
0.4162
0.417024
0.417595
0.417912
0.417975
0.417785
0.417341
0.416644
0.415693
0.414491
0.413037
0.411332
0.409377
0.407174
0.404723
0.402027
0.399087
0.395904
0.392482
0.388821
0.384923
0.380793
0.376431
0.37184
0.367024
0.361985
0.356726
0.35125
0.345562
0.339663
0.333558
0.327251
0.320745
0.314045
0.307154
0.300076
0.292816
0.285379
0.277768
0.269988
0.262045
0.253942
0.245686
0.23728
0.22873
0.220041
0.211219
0.202268
0.193195
0.184004
0.174702
0.165294
0.155785
0.146181
0.136489
0.126714
0.116863
0.10694
0.0969521
0.0869055
0.0768062
0.0666602
0.0564738
0.046253
0.0360043
0.0257336
0.0154473
0.00515167
-0.00514711
-0.0154428
-0.025729
-0.0359997
-0.0462485
-0.0564692
-0.0666557
-0.0768016
-0.086901
-0.0969476
-0.106935
-0.116858
-0.12671
-0.136485
-0.146177
-0.15578
-0.165289
-0.174697
-0.184
-0.19319
-0.202264
-0.211214
-0.220037
-0.228725
-0.237275
-0.245681
-0.253938
-0.26204
-0.269984
-0.277763
-0.285374
-0.292812
-0.300072
-0.30715
-0.314041
-0.320741
-0.327247
-0.333554
-0.339659
-0.345558
-0.351246
-0.356722
-0.361981
-0.36702
-0.371836
-0.376427
-0.380789
-0.38492
-0.388817
-0.392478
-0.395901
-0.399083
-0.402023
-0.40472
-0.40717
-0.409373
-0.411328
-0.413033
-0.414487
-0.41569
-0.41664
-0.417338
-0.417782
-0.417972
-0.417909
-0.417591
-0.417021
-0.416197
-0.41512
-0.413792
-0.412212
-0.410382
-0.408303
-0.405976
-0.403403
-0.400584
-0.397523
-0.39422
-0.390678
-0.386898
-0.382884
-0.378637
-0.37416
-0.369457
-0.364529
-0.359379
-0.354012
-0.348429
-0.342635
-0.336633
-0.330427
-0.32402
-0.317416
-0.31062
-0.303635
-0.296466
-0.289116
-0.281591
-0.273896
-0.266034
-0.25801
-0.24983
-0.241498
-0.23302
-0.2244
-0.215643
-0.206756
-0.197744
-0.188611
-0.179364
-0.170008
-0.160549
-0.150992
-0.141344
-0.131609
-0.121795
-0.111907
-0.101951
-0.0919333
-0.0818596
-0.0717362
-0.0615692
-0.0513649
-0.0411294
-0.0308689
-0.0205897
-0.010298
0
0
0.00974343
0.0194809
0.0292066
0.0389146
0.0485989
0.0582538
0.0678732
0.0774515
0.0869827
0.0964611
0.105881
0.115237
0.124522
0.133732
0.142861
0.151903
0.160853
0.169705
0.178455
0.187095
0.195623
0.204031
0.212316
0.220472
0.228494
0.236377
0.244117
0.251708
0.259147
0.266428
0.273548
0.280501
0.287284
0.293893
0.300324
0.306572
0.312634
0.318506
0.324185
0.329667
0.334949
0.340027
0.344899
0.349562
0.354013
0.358248
0.362266
0.366064
0.36964
0.372992
0.376117
0.379014
0.38168
0.384115
0.386317
0.388284
0.390015
0.39151
0.392767
0.393786
0.394565
0.395105
0.395405
0.395465
0.395285
0.394865
0.394206
0.393306
0.392169
0.390793
0.38918
0.38733
0.385246
0.382927
0.380376
0.377594
0.374583
0.371345
0.367881
0.364194
0.360285
0.356158
0.351815
0.347258
0.34249
0.337514
0.332334
0.326952
0.321371
0.315595
0.309627
0.303472
0.297132
0.290612
0.283916
0.277047
0.27001
0.262809
0.255448
0.247932
0.240266
0.232454
0.224501
0.216412
0.208191
0.199844
0.191375
0.182791
0.174095
0.165294
0.156392
0.147395
0.138309
0.129139
0.11989
0.110569
0.101181
0.0917309
0.0822254
0.0726699
0.0630704
0.0534325
0.0437622
0.0340654
0.0243479
0.0146155
0.00487436
-0.00486979
-0.014611
-0.0243433
-0.0340608
-0.0437577
-0.053428
-0.0630658
-0.0726654
-0.0822208
-0.0917263
-0.101176
-0.110565
-0.119886
-0.129134
-0.138305
-0.147391
-0.156387
-0.165289
-0.17409
-0.182786
-0.191371
-0.199839
-0.208187
-0.216407
-0.224497
-0.23245
-0.240262
-0.247928
-0.255444
-0.262804
-0.270005
-0.277042
-0.283911
-0.290608
-0.297128
-0.303468
-0.309623
-0.315591
-0.321367
-0.326948
-0.33233
-0.33751
-0.342486
-0.347254
-0.351811
-0.356154
-0.360281
-0.36419
-0.367877
-0.371341
-0.37458
-0.377591
-0.380373
-0.382923
-0.385242
-0.387327
-0.389176
-0.390789
-0.392165
-0.393303
-0.394202
-0.394862
-0.395282
-0.395462
-0.395402
-0.395102
-0.394562
-0.393783
-0.392764
-0.391507
-0.390013
-0.388281
-0.386314
-0.384112
-0.381677
-0.379011
-0.376114
-0.372989
-0.369638
-0.366062
-0.362264
-0.358246
-0.35401
-0.34956
-0.344897
-0.340025
-0.334946
-0.329665
-0.324183
-0.318504
-0.312632
-0.30657
-0.300322
-0.293891
-0.287283
-0.280499
-0.273546
-0.266426
-0.259145
-0.251706
-0.244115
-0.236375
-0.228492
-0.22047
-0.212315
-0.20403
-0.195622
-0.187094
-0.178454
-0.169704
-0.160852
-0.151902
-0.14286
-0.133731
-0.124521
-0.115236
-0.10588
-0.0964606
-0.0869822
-0.077451
-0.0678728
-0.0582534
-0.0485986
-0.0389144
-0.0292065
-0.0194808
-0.00974337
0
0
0.00918292
0.0183603
0.0275265
0.0366759
0.0458032
0.0549026
0.0639687
0.0729959
0.0819788
0.090912
0.09979
0.108607
0.117359
0.126039
0.134643
0.143165
0.1516
0.159943
0.168189
0.176332
0.184369
0.192294
0.200102
0.207789
0.215349
0.222779
0.230073
0.237228
0.244239
0.251101
0.257811
0.264365
0.270758
0.276987
0.283047
0.288936
0.294649
0.300183
0.305535
0.310702
0.31568
0.320466
0.325058
0.329453
0.333647
0.337639
0.341426
0.345006
0.348376
0.351535
0.35448
0.35721
0.359723
0.362018
0.364093
0.365947
0.367579
0.368988
0.370172
0.371132
0.371867
0.372376
0.372659
0.372715
0.372546
0.37215
0.371528
0.370681
0.369608
0.368312
0.366791
0.365048
0.363084
0.360898
0.358494
0.355872
0.353035
0.349982
0.346718
0.343243
0.339559
0.335669
0.331576
0.327281
0.322788
0.318098
0.313216
0.308143
0.302883
0.29744
0.291816
0.286014
0.280039
0.273894
0.267583
0.261109
0.254477
0.24769
0.240753
0.23367
0.226445
0.219082
0.211586
0.203962
0.196214
0.188347
0.180366
0.172275
0.16408
0.155785
0.147395
0.138916
0.130353
0.12171
0.112994
0.104209
0.0953602
0.086454
0.0774953
0.0684896
0.0594422
0.0503588
0.0412448
0.0321058
0.0229473
0.0137749
0.00459409
-0.0045895
-0.0137703
-0.0229427
-0.0321013
-0.0412403
-0.0503543
-0.0594377
-0.068485
-0.0774907
-0.0864494
-0.0953557
-0.104204
-0.112989
-0.121706
-0.130348
-0.138912
-0.147391
-0.15578
-0.164075
-0.172271
-0.180362
-0.188343
-0.19621
-0.203958
-0.211582
-0.219078
-0.22644
-0.233665
-0.240749
-0.247686
-0.254473
-0.261105
-0.267579
-0.27389
-0.280035
-0.28601
-0.291811
-0.297436
-0.302879
-0.308139
-0.313212
-0.318094
-0.322784
-0.327277
-0.331572
-0.335665
-0.339555
-0.343239
-0.346714
-0.349979
-0.353031
-0.355869
-0.358491
-0.360895
-0.36308
-0.365045
-0.366788
-0.368308
-0.369605
-0.370677
-0.371525
-0.372147
-0.372542
-0.372712
-0.372656
-0.372373
-0.371864
-0.371129
-0.370169
-0.368985
-0.367576
-0.365944
-0.36409
-0.362015
-0.35972
-0.357207
-0.354477
-0.351532
-0.348373
-0.345003
-0.341424
-0.337637
-0.333645
-0.32945
-0.325056
-0.320464
-0.315678
-0.3107
-0.305533
-0.300181
-0.294647
-0.288934
-0.283045
-0.276985
-0.270756
-0.264363
-0.25781
-0.2511
-0.244237
-0.237226
-0.230072
-0.222777
-0.215348
-0.207787
-0.200101
-0.192293
-0.184368
-0.176331
-0.168188
-0.159942
-0.151599
-0.143164
-0.134642
-0.126038
-0.117358
-0.108607
-0.0997894
-0.0909114
-0.0819783
-0.0729955
-0.0639683
-0.0549022
-0.0458029
-0.0366757
-0.0275263
-0.0183602
-0.00918286
0
0
0.00861683
0.0172284
0.0258296
0.034415
0.0429796
0.0515181
0.0600253
0.068496
0.0769252
0.0853077
0.0936384
0.101912
0.110124
0.118269
0.126343
0.134339
0.142254
0.150083
0.157821
0.165462
0.173004
0.18044
0.187767
0.194979
0.202074
0.209045
0.21589
0.222604
0.229183
0.235622
0.241918
0.248068
0.254067
0.259912
0.265598
0.271124
0.276485
0.281678
0.286701
0.291549
0.29622
0.300711
0.30502
0.309143
0.313079
0.316825
0.320379
0.323738
0.3269
0.329864
0.332628
0.33519
0.337548
0.339701
0.341648
0.343388
0.344919
0.346241
0.347353
0.348254
0.348943
0.349421
0.349686
0.349739
0.34958
0.349209
0.348625
0.34783
0.346824
0.345607
0.34418
0.342545
0.340701
0.338651
0.336395
0.333935
0.331272
0.328408
0.325344
0.322083
0.318627
0.314977
0.311136
0.307106
0.302889
0.298489
0.293907
0.289148
0.284212
0.279104
0.273826
0.268383
0.262776
0.25701
0.251088
0.245013
0.23879
0.232421
0.225912
0.219265
0.212485
0.205577
0.198543
0.191389
0.184119
0.176737
0.169247
0.161655
0.153965
0.146181
0.138309
0.130353
0.122317
0.114207
0.106028
0.0977847
0.0894818
0.0811246
0.0727182
0.0642676
0.055778
0.0472546
0.0387024
0.0301268
0.0215329
0.0129259
0.00431103
-0.00430643
-0.0129213
-0.0215283
-0.0301222
-0.0386978
-0.04725
-0.0557734
-0.064263
-0.0727136
-0.0811201
-0.0894773
-0.0977801
-0.106024
-0.114203
-0.122313
-0.130348
-0.138305
-0.146177
-0.153961
-0.161651
-0.169243
-0.176732
-0.184114
-0.191385
-0.198539
-0.205572
-0.212481
-0.219261
-0.225907
-0.232417
-0.238785
-0.245009
-0.251083
-0.257006
-0.262772
-0.268379
-0.273822
-0.2791
-0.284208
-0.289143
-0.293903
-0.298485
-0.302885
-0.307102
-0.311132
-0.314973
-0.318623
-0.322079
-0.32534
-0.328404
-0.331268
-0.333931
-0.336391
-0.338647
-0.340698
-0.342541
-0.344177
-0.345603
-0.34682
-0.347827
-0.348622
-0.349205
-0.349577
-0.349736
-0.349683
-0.349418
-0.34894
-0.348251
-0.34735
-0.346238
-0.344917
-0.343385
-0.341646
-0.339698
-0.337545
-0.335187
-0.332625
-0.329861
-0.326898
-0.323735
-0.320376
-0.316823
-0.313077
-0.309141
-0.305018
-0.300709
-0.296218
-0.291547
-0.286698
-0.281676
-0.276483
-0.271122
-0.265597
-0.25991
-0.254065
-0.248066
-0.241917
-0.23562
-0.229181
-0.222602
-0.215889
-0.209044
-0.202072
-0.194978
-0.187765
-0.180439
-0.173002
-0.165461
-0.157819
-0.150082
-0.142253
-0.134338
-0.126342
-0.118269
-0.110123
-0.101912
-0.0936378
-0.0853071
-0.0769247
-0.0684956
-0.0600249
-0.0515177
-0.0429793
-0.0344148
-0.0258294
-0.0172283
-0.00861678
0
0
0.00804552
0.0160861
0.024117
0.0321332
0.04013
0.0481023
0.0560455
0.0639546
0.0718249
0.0796516
0.0874299
0.0951552
0.102823
0.110428
0.117966
0.125432
0.132822
0.140132
0.147357
0.154492
0.161533
0.168476
0.175317
0.182052
0.188676
0.195185
0.201576
0.207845
0.213987
0.22
0.225879
0.23162
0.237222
0.242679
0.247989
0.253148
0.258154
0.263002
0.267692
0.272218
0.27658
0.280773
0.284796
0.288647
0.292321
0.295819
0.299137
0.302273
0.305226
0.307993
0.310574
0.312966
0.315168
0.317178
0.318996
0.320621
0.322051
0.323285
0.324323
0.325164
0.325807
0.326253
0.326501
0.326551
0.326402
0.326055
0.32551
0.324768
0.323828
0.322692
0.32136
0.319833
0.318112
0.316197
0.314091
0.311794
0.309308
0.306633
0.303773
0.300728
0.297501
0.294093
0.290507
0.286744
0.282807
0.278699
0.274421
0.269976
0.265368
0.260599
0.255671
0.250588
0.245353
0.23997
0.23444
0.228768
0.222957
0.217011
0.210933
0.204727
0.198397
0.191947
0.185379
0.1787
0.171911
0.165019
0.158026
0.150937
0.143757
0.136489
0.129139
0.12171
0.114207
0.106635
0.0989984
0.0913014
0.0835491
0.075746
0.0678969
0.0600067
0.0520799
0.0441216
0.0361365
0.0281295
0.0201053
0.012069
0.00402535
-0.00402075
-0.0120644
-0.0201007
-0.0281249
-0.0361319
-0.044117
-0.0520754
-0.0600021
-0.0678924
-0.0757414
-0.0835445
-0.0912969
-0.0989938
-0.106631
-0.114203
-0.121706
-0.129134
-0.136485
-0.143753
-0.150933
-0.158022
-0.165014
-0.171907
-0.178695
-0.185375
-0.191942
-0.198393
-0.204723
-0.210929
-0.217007
-0.222953
-0.228764
-0.234436
-0.239965
-0.245349
-0.250584
-0.255667
-0.260595
-0.265364
-0.269972
-0.274417
-0.278695
-0.282803
-0.28674
-0.290503
-0.294089
-0.297497
-0.300725
-0.303769
-0.30663
-0.309304
-0.31179
-0.314087
-0.316194
-0.318108
-0.31983
-0.321357
-0.322689
-0.323825
-0.324765
-0.325507
-0.326052
-0.326399
-0.326547
-0.326498
-0.32625
-0.325804
-0.325161
-0.32432
-0.323282
-0.322048
-0.320618
-0.318993
-0.317175
-0.315165
-0.312963
-0.310571
-0.307991
-0.305223
-0.302271
-0.299134
-0.295816
-0.292319
-0.288644
-0.284794
-0.280771
-0.276578
-0.272216
-0.267689
-0.263
-0.258151
-0.253146
-0.247987
-0.242677
-0.23722
-0.231619
-0.225877
-0.219998
-0.213986
-0.207843
-0.201575
-0.195184
-0.188674
-0.18205
-0.175316
-0.168475
-0.161532
-0.154491
-0.147356
-0.140131
-0.132822
-0.125431
-0.117965
-0.110427
-0.102822
-0.0951545
-0.0874293
-0.079651
-0.0718244
-0.0639541
-0.0560451
-0.048102
-0.0401297
-0.032133
-0.0241168
-0.016086
-0.00804546
0
0
0.00746931
0.0149341
0.0223898
0.0298319
0.0372559
0.0446573
0.0520316
0.0593743
0.066681
0.0739471
0.0811684
0.0883404
0.0954588
0.102519
0.109517
0.116449
0.12331
0.130096
0.136803
0.143427
0.149964
0.15641
0.162761
0.169014
0.175163
0.181207
0.18714
0.192959
0.198662
0.204244
0.209702
0.215032
0.220232
0.225299
0.230228
0.235018
0.239665
0.244167
0.24852
0.252723
0.256772
0.260665
0.2644
0.267974
0.271386
0.274633
0.277713
0.280625
0.283366
0.285936
0.288331
0.290552
0.292596
0.294463
0.296151
0.297659
0.298986
0.300132
0.301095
0.301876
0.302474
0.302888
0.303118
0.303164
0.303026
0.302704
0.302198
0.301509
0.300637
0.299582
0.298345
0.296928
0.295329
0.293552
0.291597
0.289464
0.287156
0.284673
0.282018
0.279191
0.276195
0.273031
0.269701
0.266208
0.262553
0.258739
0.254767
0.250641
0.246363
0.241935
0.237361
0.232642
0.227782
0.222784
0.21765
0.212384
0.20699
0.201469
0.195827
0.190065
0.184189
0.1782
0.172103
0.165902
0.1596
0.153201
0.146709
0.140128
0.133462
0.126714
0.11989
0.112994
0.106028
0.0989984
0.0919085
0.0847628
0.0775656
0.0703214
0.0630345
0.0557093
0.0483503
0.0409619
0.0335487
0.0261151
0.0186656
0.0112048
0.00373723
-0.00373262
-0.0112002
-0.018661
-0.0261104
-0.0335441
-0.0409573
-0.0483457
-0.0557047
-0.0630299
-0.0703168
-0.0775611
-0.0847582
-0.0919039
-0.0989938
-0.106024
-0.112989
-0.119886
-0.12671
-0.133457
-0.140123
-0.146704
-0.153196
-0.159595
-0.165897
-0.172099
-0.178195
-0.184184
-0.190061
-0.195823
-0.201465
-0.206985
-0.21238
-0.217646
-0.222779
-0.227778
-0.232638
-0.237357
-0.241931
-0.246359
-0.250637
-0.254763
-0.258735
-0.262549
-0.266204
-0.269698
-0.273027
-0.276191
-0.279187
-0.282014
-0.284669
-0.287152
-0.28946
-0.291593
-0.293548
-0.295326
-0.296924
-0.298342
-0.299578
-0.300633
-0.301506
-0.302195
-0.302701
-0.303023
-0.303161
-0.303115
-0.302885
-0.302471
-0.301873
-0.301092
-0.300129
-0.298983
-0.297656
-0.296148
-0.29446
-0.292593
-0.290549
-0.288329
-0.285933
-0.283364
-0.280622
-0.277711
-0.274631
-0.271384
-0.267972
-0.264398
-0.260663
-0.25677
-0.25272
-0.248518
-0.244165
-0.239663
-0.235016
-0.230226
-0.225297
-0.220231
-0.215031
-0.2097
-0.204242
-0.19866
-0.192958
-0.187138
-0.181205
-0.175162
-0.169012
-0.16276
-0.156409
-0.149963
-0.143426
-0.136802
-0.130095
-0.123309
-0.116448
-0.109516
-0.102518
-0.095458
-0.0883397
-0.0811678
-0.0739466
-0.0666804
-0.0593739
-0.0520312
-0.044657
-0.0372557
-0.0298317
-0.0223896
-0.014934
-0.00746926
0
0
0.00688858
0.013773
0.020649
0.0275125
0.0343593
0.0411852
0.0479862
0.054758
0.0614965
0.0681978
0.0748576
0.081472
0.0880369
0.0945483
0.101002
0.107395
0.113723
0.119981
0.126167
0.132276
0.138305
0.14425
0.150107
0.155873
0.161544
0.167118
0.17259
0.177957
0.183216
0.188364
0.193397
0.198314
0.203109
0.207782
0.212328
0.216745
0.221031
0.225183
0.229198
0.233074
0.236808
0.240398
0.243843
0.247139
0.250286
0.25328
0.256121
0.258807
0.261335
0.263704
0.265914
0.267962
0.269847
0.271568
0.273125
0.274516
0.27574
0.276797
0.277685
0.278406
0.278957
0.279338
0.279551
0.279593
0.279466
0.279169
0.278702
0.278067
0.277262
0.27629
0.275149
0.273842
0.272368
0.270729
0.268925
0.266958
0.26483
0.26254
0.260091
0.257484
0.254721
0.251803
0.248732
0.245511
0.24214
0.238622
0.234959
0.231154
0.227209
0.223125
0.218906
0.214554
0.210072
0.205462
0.200728
0.195872
0.190897
0.185805
0.180602
0.175288
0.169868
0.164345
0.158722
0.153003
0.147191
0.14129
0.135302
0.129233
0.123085
0.116863
0.110569
0.104209
0.0977847
0.0913014
0.0847628
0.0781727
0.0715351
0.0648541
0.0581337
0.0513781
0.0445912
0.0377773
0.0309404
0.0240848
0.0172145
0.0103338
0.00344685
-0.00344223
-0.0103292
-0.0172099
-0.0240802
-0.0309358
-0.0377727
-0.0445866
-0.0513735
-0.0581291
-0.0648495
-0.0715305
-0.0781681
-0.0847582
-0.0912969
-0.0977801
-0.104204
-0.110565
-0.116858
-0.123081
-0.129228
-0.135298
-0.141285
-0.147186
-0.152999
-0.158718
-0.164341
-0.169864
-0.175284
-0.180597
-0.185801
-0.190892
-0.195867
-0.200724
-0.205458
-0.210068
-0.21455
-0.218902
-0.223121
-0.227205
-0.23115
-0.234955
-0.238618
-0.242136
-0.245507
-0.248728
-0.251799
-0.254717
-0.25748
-0.260087
-0.262536
-0.264826
-0.266955
-0.268921
-0.270725
-0.272364
-0.273838
-0.275146
-0.276286
-0.277259
-0.278063
-0.278699
-0.279165
-0.279462
-0.27959
-0.279547
-0.279335
-0.278954
-0.278402
-0.277682
-0.276794
-0.275737
-0.274513
-0.273122
-0.271566
-0.269844
-0.267959
-0.265911
-0.263702
-0.261332
-0.258804
-0.256119
-0.253278
-0.250284
-0.247137
-0.243841
-0.240396
-0.236806
-0.233071
-0.229196
-0.225181
-0.221029
-0.216744
-0.212326
-0.20778
-0.203108
-0.198312
-0.193396
-0.188362
-0.183214
-0.177955
-0.172588
-0.167116
-0.161543
-0.155872
-0.150106
-0.144248
-0.138304
-0.132275
-0.126166
-0.11998
-0.113722
-0.107394
-0.101002
-0.0945476
-0.0880361
-0.0814713
-0.074857
-0.0681972
-0.061496
-0.0547575
-0.0479858
-0.0411849
-0.034359
-0.0275123
-0.0206488
-0.0137729
-0.00688852
0
0
0.00630366
0.0126035
0.0188957
0.0251764
0.0314418
0.0376882
0.0439116
0.0501084
0.0562748
0.062407
0.0685013
0.0745541
0.0805616
0.0865201
0.0924262
0.0982761
0.104066
0.109793
0.115454
0.121044
0.126561
0.132001
0.137361
0.142638
0.147827
0.152928
0.157935
0.162846
0.167659
0.17237
0.176976
0.181475
0.185863
0.190139
0.194299
0.198341
0.202263
0.206062
0.209736
0.213283
0.2167
0.219986
0.223138
0.226155
0.229034
0.231774
0.234374
0.236831
0.239144
0.241313
0.243335
0.245209
0.246934
0.248509
0.249934
0.251206
0.252327
0.253294
0.254107
0.254766
0.25527
0.25562
0.255814
0.255853
0.255736
0.255464
0.255037
0.254456
0.25372
0.25283
0.251786
0.250589
0.249241
0.247741
0.24609
0.244291
0.242343
0.240247
0.238006
0.235621
0.233092
0.230422
0.227612
0.224664
0.22158
0.21836
0.215009
0.211527
0.207916
0.204179
0.200319
0.196336
0.192235
0.188016
0.183684
0.17924
0.174687
0.170029
0.165267
0.160404
0.155445
0.15039
0.145245
0.140011
0.134693
0.129293
0.123814
0.11826
0.112634
0.10694
0.101181
0.0953602
0.0894818
0.0835491
0.0775656
0.0715351
0.0654611
0.0593474
0.0531977
0.0470157
0.0408051
0.0345698
0.0283134
0.0220399
0.015753
0.00945657
0.00315437
-0.00314974
-0.00945194
-0.0157484
-0.0220353
-0.0283088
-0.0345651
-0.0408005
-0.0470111
-0.0531931
-0.0593428
-0.0654565
-0.0715305
-0.0775611
-0.0835445
-0.0894773
-0.0953557
-0.101176
-0.106935
-0.112629
-0.118255
-0.123809
-0.129288
-0.134688
-0.140007
-0.145241
-0.150386
-0.15544
-0.1604
-0.165262
-0.170024
-0.174683
-0.179236
-0.18368
-0.188012
-0.19223
-0.196332
-0.200314
-0.204175
-0.207912
-0.211523
-0.215005
-0.218356
-0.221576
-0.22466
-0.227608
-0.230418
-0.233088
-0.235617
-0.238003
-0.240244
-0.242339
-0.244287
-0.246087
-0.247737
-0.249237
-0.250586
-0.251782
-0.252826
-0.253716
-0.254452
-0.255034
-0.255461
-0.255733
-0.255849
-0.25581
-0.255616
-0.255267
-0.254763
-0.254104
-0.253291
-0.252324
-0.251203
-0.249931
-0.248506
-0.246931
-0.245206
-0.243332
-0.24131
-0.239142
-0.236828
-0.234371
-0.231772
-0.229031
-0.226152
-0.223136
-0.219984
-0.216698
-0.213281
-0.209734
-0.20606
-0.202261
-0.198339
-0.194297
-0.190137
-0.185861
-0.181473
-0.176974
-0.172368
-0.167657
-0.162845
-0.157933
-0.152926
-0.147826
-0.142636
-0.13736
-0.132
-0.12656
-0.121043
-0.115453
-0.109792
-0.104065
-0.0982752
-0.0924253
-0.0865193
-0.0805608
-0.0745534
-0.0685007
-0.0624064
-0.0562743
-0.050108
-0.0439112
-0.0376878
-0.0314415
-0.0251762
-0.0188955
-0.0126034
-0.0063036
0
0
0.00571492
0.0114264
0.0171309
0.022825
0.0285052
0.0341682
0.0398104
0.0454284
0.0510189
0.0565784
0.0621035
0.0675909
0.0730373
0.0784394
0.0837938
0.0890974
0.0943469
0.0995391
0.104671
0.109739
0.114741
0.119673
0.124532
0.129316
0.134021
0.138645
0.143184
0.147637
0.152
0.156271
0.160447
0.164525
0.168504
0.17238
0.176152
0.179817
0.183372
0.186817
0.190148
0.193363
0.196461
0.19944
0.202297
0.205032
0.207643
0.210127
0.212484
0.214712
0.216809
0.218775
0.220608
0.222307
0.223871
0.225299
0.226591
0.227744
0.22876
0.229637
0.230374
0.230971
0.231429
0.231745
0.231921
0.231957
0.231851
0.231605
0.231218
0.23069
0.230023
0.229216
0.22827
0.227185
0.225962
0.224603
0.223106
0.221475
0.219709
0.217809
0.215777
0.213615
0.211322
0.208901
0.206354
0.203681
0.200885
0.197966
0.194928
0.191771
0.188497
0.18511
0.181609
0.177999
0.174281
0.170456
0.166529
0.1625
0.158372
0.154148
0.149831
0.145423
0.140927
0.136345
0.13168
0.126935
0.122113
0.117217
0.11225
0.107215
0.102114
0.0969521
0.0917309
0.086454
0.0811246
0.075746
0.0703214
0.0648541
0.0593474
0.0538047
0.0482294
0.0426247
0.0369942
0.0313412
0.0256692
0.0199817
0.0142819
0.00857356
0.00285998
-0.00285534
-0.00856893
-0.0142773
-0.019977
-0.0256646
-0.0313366
-0.0369896
-0.0426201
-0.0482248
-0.0538001
-0.0593428
-0.0648495
-0.0703168
-0.0757414
-0.0811201
-0.0864494
-0.0917263
-0.0969476
-0.10211
-0.10721
-0.112246
-0.117213
-0.122109
-0.12693
-0.131675
-0.13634
-0.140922
-0.145419
-0.149827
-0.154144
-0.158368
-0.162495
-0.166524
-0.170452
-0.174276
-0.177995
-0.181605
-0.185106
-0.188493
-0.191767
-0.194924
-0.197962
-0.200881
-0.203677
-0.20635
-0.208898
-0.211318
-0.213611
-0.215773
-0.217805
-0.219705
-0.221471
-0.223103
-0.224599
-0.225959
-0.227181
-0.228266
-0.229212
-0.23002
-0.230687
-0.231214
-0.231601
-0.231848
-0.231953
-0.231918
-0.231742
-0.231425
-0.230968
-0.230371
-0.229634
-0.228757
-0.227741
-0.226588
-0.225296
-0.223868
-0.222304
-0.220605
-0.218772
-0.216806
-0.214709
-0.212481
-0.210125
-0.20764
-0.20503
-0.202295
-0.199437
-0.196459
-0.193361
-0.190145
-0.186815
-0.18337
-0.179815
-0.17615
-0.172378
-0.168502
-0.164524
-0.160445
-0.156269
-0.151998
-0.147635
-0.143183
-0.138643
-0.134019
-0.129314
-0.124531
-0.119671
-0.114739
-0.109738
-0.10467
-0.099538
-0.0943459
-0.0890965
-0.083793
-0.0784386
-0.0730366
-0.0675902
-0.0621029
-0.0565778
-0.0510184
-0.045428
-0.03981
-0.0341678
-0.0285049
-0.0228248
-0.0171307
-0.0114262
-0.00571486
0
0
0.0051227
0.0102423
0.0153557
0.0204597
0.0255513
0.0306275
0.035685
0.0407209
0.045732
0.0507154
0.055668
0.0605867
0.0654688
0.070311
0.0751106
0.0798646
0.0845701
0.0892242
0.0938242
0.0983672
0.102851
0.107271
0.111627
0.115915
0.120133
0.124277
0.128347
0.132338
0.136249
0.140077
0.14382
0.147476
0.151043
0.154517
0.157898
0.161183
0.16437
0.167458
0.170443
0.173326
0.176103
0.178773
0.181334
0.183786
0.186126
0.188352
0.190465
0.192462
0.194342
0.196104
0.197747
0.19927
0.200672
0.201952
0.20311
0.204144
0.205055
0.20584
0.206501
0.207037
0.207447
0.207731
0.207888
0.20792
0.207825
0.207604
0.207258
0.206785
0.206187
0.205463
0.204615
0.203643
0.202547
0.201328
0.199987
0.198524
0.196941
0.195238
0.193417
0.191479
0.189424
0.187254
0.18497
0.182575
0.180068
0.177452
0.174728
0.171898
0.168964
0.165928
0.16279
0.159554
0.156221
0.152793
0.149272
0.145661
0.141961
0.138175
0.134305
0.130354
0.126323
0.122216
0.118034
0.113781
0.109459
0.105071
0.100618
0.0961047
0.0915329
0.0869055
0.0822254
0.0774953
0.0727182
0.0678969
0.0630345
0.0581337
0.0531977
0.0482294
0.0432318
0.0382079
0.0331609
0.0280937
0.0230095
0.0179113
0.0128022
0.00768536
0.00256385
-0.00255921
-0.00768072
-0.0127976
-0.0179066
-0.0230048
-0.0280891
-0.0331562
-0.0382033
-0.0432272
-0.0482248
-0.0531931
-0.0581291
-0.0630299
-0.0678924
-0.0727136
-0.0774907
-0.0822208
-0.086901
-0.0915284
-0.0961002
-0.100614
-0.105066
-0.109455
-0.113777
-0.11803
-0.122211
-0.126319
-0.130349
-0.134301
-0.13817
-0.141956
-0.145656
-0.149268
-0.152788
-0.156216
-0.15955
-0.162786
-0.165923
-0.16896
-0.171894
-0.174724
-0.177448
-0.180064
-0.182571
-0.184966
-0.18725
-0.18942
-0.191475
-0.193413
-0.195235
-0.196937
-0.19852
-0.199983
-0.201324
-0.202543
-0.203639
-0.204612
-0.20546
-0.206183
-0.206781
-0.207254
-0.207601
-0.207822
-0.207917
-0.207885
-0.207727
-0.207443
-0.207034
-0.206498
-0.205837
-0.205052
-0.204141
-0.203107
-0.201949
-0.200669
-0.199267
-0.197744
-0.196101
-0.194339
-0.192459
-0.190462
-0.18835
-0.186123
-0.183783
-0.181332
-0.17877
-0.1761
-0.173323
-0.170441
-0.167456
-0.164368
-0.161181
-0.157896
-0.154515
-0.151041
-0.147474
-0.143819
-0.140075
-0.136247
-0.132336
-0.128345
-0.124276
-0.120131
-0.115914
-0.111626
-0.10727
-0.102849
-0.0983661
-0.0938231
-0.0892232
-0.0845691
-0.0798637
-0.0751097
-0.0703102
-0.065468
-0.0605861
-0.0556673
-0.0507148
-0.0457315
-0.0407204
-0.0356846
-0.0306271
-0.0255511
-0.0204595
-0.0153555
-0.0102422
-0.00512264
0
0
0.00452738
0.00905201
0.0135711
0.018082
0.0225819
0.0270682
0.0315379
0.0359886
0.0404173
0.0448216
0.0491986
0.0535458
0.0578604
0.06214
0.0663818
0.0705833
0.0747419
0.0788552
0.0829206
0.0869357
0.090898
0.0948051
0.0986546
0.102444
0.106172
0.109835
0.113431
0.116959
0.120415
0.123798
0.127107
0.130338
0.133489
0.13656
0.139548
0.142452
0.145268
0.147997
0.150636
0.153183
0.155637
0.157997
0.160261
0.162427
0.164495
0.166463
0.168331
0.170095
0.171757
0.173314
0.174766
0.176112
0.177351
0.178483
0.179506
0.18042
0.181225
0.181919
0.182503
0.182976
0.183339
0.18359
0.183729
0.183757
0.183673
0.183478
0.183172
0.182754
0.182225
0.181586
0.180836
0.179977
0.179008
0.177931
0.176746
0.175453
0.174054
0.172549
0.17094
0.169226
0.16741
0.165493
0.163475
0.161357
0.159142
0.15683
0.154423
0.151922
0.149329
0.146645
0.143872
0.141012
0.138066
0.135036
0.131925
0.128733
0.125463
0.122117
0.118697
0.115205
0.111643
0.108013
0.104317
0.100559
0.0967388
0.0928602
0.0889252
0.0849363
0.0808958
0.0768062
0.0726699
0.0684896
0.0642676
0.0600067
0.0557093
0.0513781
0.0470157
0.0426247
0.0382079
0.0337679
0.0293074
0.0248291
0.0203357
0.01583
0.0113147
0.00679249
0.00226617
-0.00226152
-0.00678784
-0.01131
-0.0158254
-0.0203311
-0.0248245
-0.0293028
-0.0337633
-0.0382033
-0.0426201
-0.0470111
-0.0513735
-0.0557047
-0.0600021
-0.064263
-0.068485
-0.0726654
-0.0768016
-0.0808913
-0.0849318
-0.0889207
-0.0928557
-0.0967343
-0.100554
-0.104313
-0.108009
-0.111638
-0.115201
-0.118693
-0.122113
-0.125459
-0.128729
-0.131921
-0.135032
-0.138062
-0.141008
-0.143868
-0.146641
-0.149324
-0.151918
-0.154419
-0.156826
-0.159138
-0.161353
-0.163471
-0.165489
-0.167406
-0.169223
-0.170936
-0.172545
-0.17405
-0.175449
-0.176742
-0.177927
-0.179005
-0.179973
-0.180833
-0.181582
-0.182222
-0.18275
-0.183168
-0.183475
-0.18367
-0.183754
-0.183726
-0.183586
-0.183336
-0.182973
-0.1825
-0.181916
-0.181222
-0.180417
-0.179503
-0.17848
-0.177349
-0.17611
-0.174764
-0.173312
-0.171754
-0.170093
-0.168328
-0.166461
-0.164493
-0.162425
-0.160258
-0.157995
-0.155635
-0.153181
-0.150633
-0.147995
-0.145266
-0.14245
-0.139546
-0.136558
-0.133488
-0.130336
-0.127105
-0.123797
-0.120413
-0.116957
-0.11343
-0.109833
-0.10617
-0.102443
-0.0986533
-0.0948038
-0.0908968
-0.0869345
-0.0829195
-0.0788542
-0.074741
-0.0705824
-0.0663809
-0.0621392
-0.0578597
-0.0535451
-0.049198
-0.044821
-0.0404168
-0.0359881
-0.0315375
-0.0270678
-0.0225817
-0.0180818
-0.013571
-0.00905189
-0.00452732
0
0
0.0039293
0.00785622
0.0117784
0.0156934
0.0195988
0.0234924
0.0273717
0.0312344
0.0350782
0.0389006
0.0426994
0.0464723
0.050217
0.0539312
0.0576126
0.0612591
0.0648684
0.0684383
0.0719667
0.0754514
0.0788902
0.0822812
0.0856222
0.0889112
0.0921463
0.0953254
0.0984467
0.101508
0.104508
0.107444
0.110316
0.11312
0.115855
0.118521
0.121114
0.123634
0.126078
0.128446
0.130736
0.132947
0.135077
0.137125
0.13909
0.140971
0.142765
0.144473
0.146094
0.147626
0.149068
0.150419
0.15168
0.152848
0.153923
0.154905
0.155793
0.156586
0.157285
0.157887
0.158394
0.158805
0.159119
0.159337
0.159458
0.159482
0.15941
0.159241
0.158974
0.158612
0.158153
0.157598
0.156948
0.156202
0.155361
0.154426
0.153398
0.152276
0.151061
0.149755
0.148358
0.146872
0.145295
0.143631
0.141879
0.140042
0.138119
0.136113
0.134023
0.131853
0.129602
0.127273
0.124866
0.122384
0.119827
0.117198
0.114498
0.111727
0.10889
0.105986
0.103017
0.0999864
0.0968949
0.0937445
0.0905372
0.0872749
0.0839597
0.0805935
0.0771783
0.0737163
0.0702096
0.0666602
0.0630704
0.0594422
0.055778
0.0520799
0.0483503
0.0445912
0.0408051
0.0369942
0.0331609
0.0293074
0.0254361
0.0215494
0.0176496
0.0137391
0.0098203
0.00589549
0.00196711
-0.00196246
-0.00589084
-0.00981565
-0.0137345
-0.017645
-0.0215448
-0.0254315
-0.0293028
-0.0331562
-0.0369896
-0.0408005
-0.0445866
-0.0483457
-0.0520754
-0.0557734
-0.0594377
-0.0630658
-0.0666557
-0.070205
-0.0737118
-0.0771738
-0.080589
-0.0839552
-0.0872705
-0.0905327
-0.09374
-0.0968905
-0.099982
-0.103013
-0.105981
-0.108885
-0.111723
-0.114493
-0.117194
-0.119823
-0.12238
-0.124862
-0.127269
-0.129598
-0.131849
-0.134019
-0.136108
-0.138115
-0.140038
-0.141875
-0.143627
-0.145291
-0.146868
-0.148355
-0.149752
-0.151058
-0.152272
-0.153394
-0.154423
-0.155358
-0.156198
-0.156944
-0.157595
-0.15815
-0.158608
-0.158971
-0.159237
-0.159407
-0.159479
-0.159455
-0.159334
-0.159116
-0.158802
-0.158391
-0.157884
-0.157282
-0.156583
-0.15579
-0.154902
-0.15392
-0.152845
-0.151677
-0.150417
-0.149065
-0.147623
-0.146091
-0.144471
-0.142763
-0.140968
-0.139088
-0.137123
-0.135075
-0.132945
-0.130734
-0.128444
-0.126076
-0.123632
-0.121112
-0.118519
-0.115854
-0.113118
-0.110314
-0.107443
-0.104506
-0.101507
-0.0984452
-0.095324
-0.0921449
-0.0889099
-0.0856209
-0.0822799
-0.078889
-0.0754502
-0.0719656
-0.0684373
-0.0648674
-0.0612582
-0.0576118
-0.0539304
-0.0502162
-0.0464716
-0.0426988
-0.0389
-0.0350776
-0.031234
-0.0273713
-0.0234921
-0.0195986
-0.0156931
-0.0117782
-0.00785611
-0.00392925
0
0
0.00332885
0.00665567
0.00997845
0.0132952
0.0166038
0.0199024
0.0231889
0.0264613
0.0297177
0.032956
0.0361743
0.0393706
0.0425431
0.0456897
0.0488085
0.0518978
0.0549555
0.0579799
0.0609691
0.0639212
0.0668346
0.0697074
0.0725378
0.0753242
0.0780649
0.0807582
0.0834025
0.0859961
0.0885376
0.0910253
0.0934577
0.0958334
0.0981509
0.100409
0.102606
0.10474
0.106812
0.108818
0.110758
0.112631
0.114435
0.116171
0.117835
0.119428
0.120949
0.122396
0.123768
0.125066
0.126288
0.127433
0.128501
0.12949
0.130401
0.131233
0.131985
0.132658
0.133249
0.13376
0.134189
0.134537
0.134804
0.134988
0.135091
0.135111
0.13505
0.134906
0.134681
0.134374
0.133985
0.133515
0.132964
0.132332
0.13162
0.130828
0.129956
0.129006
0.127977
0.126871
0.125687
0.124427
0.123092
0.121682
0.120198
0.118641
0.117013
0.115313
0.113543
0.111704
0.109797
0.107824
0.105785
0.103682
0.101516
0.0992886
0.0970007
0.094654
0.0922498
0.0897896
0.0872749
0.0847072
0.0820881
0.0794191
0.0767019
0.0739382
0.0711296
0.0682778
0.0653845
0.0624516
0.0594807
0.0564738
0.0534325
0.0503588
0.0472546
0.0441216
0.0409619
0.0377773
0.0345698
0.0313412
0.0280937
0.0248291
0.0215494
0.0182567
0.0149528
0.0116399
0.00831995
0.00499492
0.00166686
-0.00166221
-0.00499027
-0.0083153
-0.0116353
-0.0149482
-0.018252
-0.0215448
-0.0248245
-0.0280891
-0.0313366
-0.0345651
-0.0377727
-0.0409573
-0.044117
-0.04725
-0.0503543
-0.053428
-0.0564692
-0.0594762
-0.0624471
-0.06538
-0.0682733
-0.0711251
-0.0739337
-0.0766975
-0.0794147
-0.0820836
-0.0847028
-0.0872705
-0.0897852
-0.0922455
-0.0946497
-0.0969964
-0.0992843
-0.101512
-0.103678
-0.105781
-0.10782
-0.109793
-0.1117
-0.113539
-0.115309
-0.117008
-0.118637
-0.120194
-0.121678
-0.123088
-0.124424
-0.125683
-0.126867
-0.127973
-0.129002
-0.129952
-0.130824
-0.131616
-0.132328
-0.13296
-0.133511
-0.133981
-0.13437
-0.134677
-0.134903
-0.135046
-0.135108
-0.135087
-0.134985
-0.1348
-0.134534
-0.134186
-0.133757
-0.133246
-0.132655
-0.131983
-0.13123
-0.130399
-0.129487
-0.128498
-0.12743
-0.126285
-0.125064
-0.123766
-0.122393
-0.120946
-0.119426
-0.117833
-0.116168
-0.114433
-0.112629
-0.110756
-0.108816
-0.106809
-0.104738
-0.102604
-0.100407
-0.098149
-0.0958316
-0.0934559
-0.0910236
-0.088536
-0.0859946
-0.083401
-0.0807568
-0.0780635
-0.0753229
-0.0725365
-0.0697061
-0.0668334
-0.0639201
-0.060968
-0.0579789
-0.0549546
-0.0518969
-0.0488077
-0.0456889
-0.0425423
-0.0393699
-0.0361736
-0.0329554
-0.0297172
-0.0264609
-0.0231885
-0.0199021
-0.0166035
-0.013295
-0.00997828
-0.00665556
-0.00332879
0
0
0.00272637
0.00545108
0.00817248
0.0108889
0.0135988
0.0163003
0.018992
0.0216722
0.0243391
0.0269914
0.0296272
0.032245
0.0348433
0.0374204
0.0399748
0.0425049
0.0450093
0.0474863
0.0499344
0.0523523
0.0547384
0.0570912
0.0594094
0.0616915
0.0639362
0.066142
0.0683077
0.0704319
0.0725134
0.0745508
0.076543
0.0784887
0.0803868
0.0822361
0.0840354
0.0857837
0.08748
0.0891231
0.0907121
0.0922461
0.0937241
0.0951451
0.0965084
0.0978131
0.0990585
0.100244
0.101368
0.102431
0.103431
0.104369
0.105244
0.106054
0.1068
0.107482
0.108098
0.108648
0.109133
0.109551
0.109903
0.110188
0.110406
0.110557
0.110641
0.110658
0.110607
0.11049
0.110305
0.110054
0.109735
0.10935
0.108899
0.108382
0.107798
0.10715
0.106436
0.105657
0.104815
0.103909
0.10294
0.101908
0.100814
0.0996593
0.098444
0.097169
0.0958349
0.0944427
0.0929931
0.091487
0.0899255
0.0883093
0.0866395
0.0849171
0.0831432
0.0813188
0.079445
0.077523
0.075554
0.0735391
0.0714795
0.0693765
0.0672314
0.0650455
0.0628201
0.0605566
0.0582563
0.0559207
0.0535511
0.051149
0.0487158
0.046253
0.0437622
0.0412448
0.0387024
0.0361365
0.0335487
0.0309404
0.0283134
0.0256692
0.0230095
0.0203357
0.0176496
0.0149528
0.012247
0.00953365
0.00681455
0.00409132
0.0013656
-0.00136094
-0.00408666
-0.0068099
-0.009529
-0.0122423
-0.0149482
-0.017645
-0.0203311
-0.0230048
-0.0256646
-0.0283088
-0.0309358
-0.0335441
-0.0361319
-0.0386978
-0.0412403
-0.0437577
-0.0462485
-0.0487112
-0.0511444
-0.0535465
-0.0559162
-0.0582518
-0.0605521
-0.0628157
-0.0650411
-0.067227
-0.0693721
-0.0714751
-0.0735347
-0.0755496
-0.0775187
-0.0794408
-0.0813145
-0.083139
-0.0849129
-0.0866353
-0.0883051
-0.0899213
-0.0914829
-0.092989
-0.0944386
-0.0958309
-0.097165
-0.0984401
-0.0996554
-0.10081
-0.101904
-0.102936
-0.103905
-0.104811
-0.105654
-0.106432
-0.107146
-0.107795
-0.108378
-0.108896
-0.109347
-0.109732
-0.11005
-0.110302
-0.110487
-0.110604
-0.110655
-0.110638
-0.110554
-0.110403
-0.110185
-0.1099
-0.109548
-0.10913
-0.108645
-0.108095
-0.107479
-0.106798
-0.106051
-0.105241
-0.104367
-0.103429
-0.102428
-0.101365
-0.100241
-0.099056
-0.0978107
-0.0965061
-0.0951428
-0.0937218
-0.0922439
-0.09071
-0.089121
-0.0874779
-0.0857817
-0.0840335
-0.0822342
-0.080385
-0.078487
-0.0765413
-0.0745492
-0.0725118
-0.0704304
-0.0683062
-0.0661405
-0.0639348
-0.0616901
-0.0594081
-0.05709
-0.0547372
-0.0523512
-0.0499334
-0.0474852
-0.0450083
-0.042504
-0.039974
-0.0374196
-0.0348426
-0.0322443
-0.0296266
-0.0269908
-0.0243386
-0.0216717
-0.0189916
-0.0163
-0.0135985
-0.0108887
-0.00817231
-0.00545096
-0.00272631
0
0
0.00212223
0.00424318
0.00636154
0.00847605
0.0105854
0.0126883
0.0147836
0.0168698
0.0189458
0.0210104
0.0230621
0.0250999
0.0271224
0.0291284
0.0311168
0.0330863
0.0350357
0.0369638
0.0388695
0.0407516
0.0426089
0.0444404
0.0462449
0.0480213
0.0497686
0.0514856
0.0531714
0.054825
0.0564452
0.0580312
0.0595819
0.0610965
0.0625739
0.0640134
0.0654141
0.066775
0.0680954
0.0693744
0.0706113
0.0718054
0.0729558
0.074062
0.0751232
0.0761388
0.0771082
0.0780307
0.0789059
0.0797332
0.0805121
0.0812421
0.0819228
0.0825538
0.0831346
0.083665
0.0841445
0.084573
0.0849502
0.0852757
0.0855496
0.0857714
0.0859412
0.0860588
0.0861242
0.0861373
0.0860981
0.0860067
0.085863
0.0856672
0.0854193
0.0851197
0.0847683
0.0843655
0.0839115
0.0834065
0.0828509
0.082245
0.0815892
0.0808838
0.0801294
0.0793263
0.078475
0.0775761
0.0766301
0.0756376
0.0745991
0.0735154
0.072387
0.0712147
0.0699992
0.0687411
0.0674414
0.0661007
0.0647198
0.0632997
0.0618411
0.060345
0.0588123
0.0572439
0.0556407
0.0540037
0.052334
0.0506325
0.0489002
0.0471382
0.0453477
0.0435296
0.0416851
0.0398153
0.0379213
0.0360043
0.0340654
0.0321058
0.0301268
0.0281295
0.0261151
0.0240848
0.0220399
0.0199817
0.0179113
0.01583
0.0137391
0.0116399
0.00953365
0.00742159
0.00530502
0.00318523
0.00106351
-0.00105885
-0.00318057
-0.00530036
-0.00741693
-0.009529
-0.0116353
-0.0137345
-0.0158254
-0.0179066
-0.019977
-0.0220353
-0.0240802
-0.0261104
-0.0281249
-0.0301222
-0.0321013
-0.0340608
-0.0359997
-0.0379167
-0.0398107
-0.0416806
-0.0435251
-0.0453432
-0.0471338
-0.0488957
-0.050628
-0.0523296
-0.0539993
-0.0556363
-0.0572395
-0.058808
-0.0603407
-0.0618368
-0.0632954
-0.0647156
-0.0660964
-0.0674372
-0.068737
-0.069995
-0.0712106
-0.0723829
-0.0735113
-0.0745951
-0.0756335
-0.0766261
-0.0775721
-0.0784711
-0.0793224
-0.0801255
-0.08088
-0.0815854
-0.0822413
-0.0828472
-0.0834028
-0.0839078
-0.0843619
-0.0847647
-0.0851161
-0.0854158
-0.0856637
-0.0858595
-0.0860033
-0.0860948
-0.086134
-0.086121
-0.0860556
-0.085938
-0.0857683
-0.0855465
-0.0852727
-0.0849472
-0.0845701
-0.0841416
-0.0836621
-0.0831318
-0.082551
-0.0819201
-0.0812394
-0.0805095
-0.0797306
-0.0789034
-0.0780282
-0.0771057
-0.0761364
-0.0751208
-0.0740597
-0.0729536
-0.0718032
-0.0706092
-0.0693723
-0.0680933
-0.066773
-0.0654121
-0.0640115
-0.0625721
-0.0610947
-0.0595802
-0.0580295
-0.0564436
-0.0548234
-0.0531699
-0.0514842
-0.0497672
-0.04802
-0.0462436
-0.0444391
-0.0426077
-0.0407504
-0.0388684
-0.0369628
-0.0350347
-0.0330854
-0.031116
-0.0291276
-0.0271216
-0.0250992
-0.0230615
-0.0210098
-0.0189453
-0.0168694
-0.0147832
-0.012688
-0.0105851
-0.00847582
-0.00636137
-0.00424306
-0.00212217
0
0
0.00151681
0.0030327
0.00454674
0.00605803
0.00756564
0.00906866
0.0105662
0.0120573
0.013541
0.0150166
0.016483
0.0179395
0.019385
0.0208188
0.0222399
0.0236476
0.0250408
0.0264189
0.0277809
0.0291261
0.0304536
0.0317626
0.0330523
0.034322
0.0355708
0.036798
0.0380029
0.0391847
0.0403427
0.0414763
0.0425846
0.0436671
0.0447231
0.0457519
0.046753
0.0477257
0.0486694
0.0495835
0.0504676
0.051321
0.0521433
0.0529339
0.0536924
0.0544182
0.0551111
0.0557705
0.056396
0.0569873
0.057544
0.0580657
0.0585522
0.0590032
0.0594183
0.0597974
0.0601402
0.0604464
0.060716
0.0609487
0.0611444
0.061303
0.0614243
0.0615084
0.0615551
0.0615645
0.0615365
0.0614711
0.0613684
0.0612285
0.0610514
0.0608372
0.0605861
0.0602982
0.0599737
0.0596128
0.0592157
0.0587827
0.0583139
0.0578098
0.0572706
0.0566966
0.0560882
0.0554457
0.0547696
0.0540602
0.053318
0.0525435
0.051737
0.0508991
0.0500304
0.0491312
0.0482023
0.047244
0.0462571
0.0452421
0.0441997
0.0431304
0.0420349
0.0409139
0.0397681
0.0385982
0.0374047
0.0361886
0.0349506
0.0336913
0.0324115
0.0311121
0.0297938
0.0284574
0.0271037
0.0257336
0.0243479
0.0229473
0.0215329
0.0201053
0.0186656
0.0172145
0.015753
0.0142819
0.0128022
0.0113147
0.0098203
0.00831995
0.00681455
0.00530502
0.00379227
0.00227722
0.00076078
-0.000756115
-0.00227255
-0.00378761
-0.00530036
-0.0068099
-0.0083153
-0.00981565
-0.01131
-0.0127976
-0.0142773
-0.0157484
-0.0172099
-0.018661
-0.0201007
-0.0215283
-0.0229427
-0.0243433
-0.025729
-0.0270992
-0.0284529
-0.0297893
-0.0311076
-0.032407
-0.0336868
-0.0349461
-0.0361842
-0.0374003
-0.0385938
-0.0397637
-0.0409096
-0.0420306
-0.0431261
-0.0441954
-0.0452379
-0.0462529
-0.0472398
-0.0481981
-0.0491271
-0.0500262
-0.050895
-0.0517329
-0.0525394
-0.053314
-0.0540562
-0.0547656
-0.0554418
-0.0560843
-0.0566927
-0.0572667
-0.057806
-0.0583102
-0.0587789
-0.059212
-0.0596091
-0.0599701
-0.0602946
-0.0605825
-0.0608337
-0.0610479
-0.061225
-0.061365
-0.0614677
-0.0615331
-0.0615612
-0.0615519
-0.0615052
-0.0614211
-0.0612998
-0.0611413
-0.0609456
-0.060713
-0.0604435
-0.0601372
-0.0597945
-0.0594155
-0.0590004
-0.0585495
-0.058063
-0.0575413
-0.0569847
-0.0563934
-0.055768
-0.0551086
-0.0544158
-0.05369
-0.0529316
-0.052141
-0.0513188
-0.0504654
-0.0495814
-0.0486673
-0.0477237
-0.046751
-0.04575
-0.0447212
-0.0436653
-0.0425829
-0.0414746
-0.0403411
-0.0391831
-0.0380014
-0.0367965
-0.0355694
-0.0343206
-0.033051
-0.0317614
-0.0304524
-0.029125
-0.0277799
-0.0264179
-0.0250399
-0.0236466
-0.0222391
-0.020818
-0.0193843
-0.0179388
-0.0164824
-0.015016
-0.0135405
-0.0120568
-0.0105658
-0.00906831
-0.00756535
-0.0060578
-0.00454657
-0.00303258
-0.00151675
0
0
0.000910465
0.00182038
0.00272919
0.00363634
0.00454128
0.00544347
0.00634235
0.00723738
0.00812802
0.00901372
0.00989395
0.0107682
0.0116359
0.0124965
0.0133495
0.0141945
0.0150308
0.015858
0.0166755
0.017483
0.0182798
0.0190655
0.0198397
0.0206018
0.0213514
0.022088
0.0228113
0.0235207
0.0242158
0.0248962
0.0255615
0.0262112
0.0268451
0.0274627
0.0280635
0.0286474
0.0292139
0.0297626
0.0302933
0.0308055
0.0312991
0.0317737
0.0322289
0.0326646
0.0330805
0.0334763
0.0338518
0.0342067
0.0345409
0.0348541
0.0351461
0.0354168
0.035666
0.0358935
0.0360993
0.0362831
0.0364449
0.0365846
0.0367021
0.0367973
0.0368702
0.0369206
0.0369487
0.0369543
0.0369375
0.0368983
0.0368367
0.0367527
0.0366464
0.0365178
0.0363671
0.0361943
0.0359995
0.0357829
0.0355446
0.0352846
0.0350033
0.0347007
0.034377
0.0340325
0.0336673
0.0332817
0.0328759
0.0324501
0.0320046
0.0315397
0.0310556
0.0305527
0.0300312
0.0294915
0.0289339
0.0283587
0.0277664
0.0271571
0.0265314
0.0258896
0.025232
0.0245592
0.0238714
0.0231691
0.0224528
0.0217229
0.0209797
0.0202238
0.0194557
0.0186757
0.0178844
0.0170823
0.0162697
0.0154473
0.0146155
0.0137749
0.0129259
0.012069
0.0112048
0.0103338
0.00945657
0.00857356
0.00768536
0.00679249
0.00589549
0.00499492
0.00409132
0.00318523
0.00227722
0.00136782
0.000457586
-0.00045292
-0.00136315
-0.00227255
-0.00318057
-0.00408666
-0.00499027
-0.00589084
-0.00678784
-0.00768072
-0.00856893
-0.00945194
-0.0103292
-0.0112002
-0.0120644
-0.0129213
-0.0137703
-0.014611
-0.0154428
-0.0162652
-0.0170777
-0.0178799
-0.0186712
-0.0194512
-0.0202194
-0.0209753
-0.0217184
-0.0224484
-0.0231647
-0.023867
-0.0245548
-0.0252277
-0.0258853
-0.0265271
-0.0271529
-0.0277621
-0.0283545
-0.0289297
-0.0294873
-0.0300271
-0.0305486
-0.0310515
-0.0315356
-0.0320005
-0.0324461
-0.0328719
-0.0332777
-0.0336634
-0.0340286
-0.0343732
-0.0346969
-0.0349995
-0.0352809
-0.0355408
-0.0357792
-0.0359959
-0.0361907
-0.0363635
-0.0365143
-0.0366429
-0.0367492
-0.0368332
-0.0368949
-0.0369342
-0.036951
-0.0369454
-0.0369174
-0.036867
-0.0367942
-0.036699
-0.0365816
-0.0364419
-0.0362802
-0.0360964
-0.0358907
-0.0356632
-0.035414
-0.0351434
-0.0348514
-0.0345382
-0.0342041
-0.0338493
-0.0334738
-0.0330781
-0.0326622
-0.0322266
-0.0317713
-0.0312968
-0.0308033
-0.0302911
-0.0297605
-0.0292118
-0.0286454
-0.0280616
-0.0274608
-0.0268432
-0.0262094
-0.0255597
-0.0248945
-0.0242141
-0.0235191
-0.0228097
-0.0220866
-0.02135
-0.0206004
-0.0198384
-0.0190643
-0.0182786
-0.0174818
-0.0166744
-0.0158569
-0.0150298
-0.0141935
-0.0133487
-0.0124957
-0.0116351
-0.0107675
-0.00989332
-0.00901315
-0.0081275
-0.00723692
-0.00634195
-0.00544312
-0.00454099
-0.00363611
-0.00272901
-0.00182026
-0.000910408
0
0
0.000303569
0.000606954
0.00090997
0.00121243
0.00151416
0.00181497
0.00211468
0.0024131
0.00271006
0.00300537
0.00329886
0.00359035
0.00387965
0.00416661
0.00445103
0.00473275
0.0050116
0.0052874
0.00556
0.00582922
0.0060949
0.00635688
0.006615
0.00686911
0.00711904
0.00736466
0.0076058
0.00784233
0.0080741
0.00830096
0.00852279
0.00873944
0.00895079
0.0091567
0.00935706
0.00955173
0.00974061
0.00992357
0.0101005
0.0102713
0.0104359
0.0105941
0.0107459
0.0108912
0.0110299
0.0111619
0.0112871
0.0114054
0.0115168
0.0116213
0.0117187
0.0118089
0.011892
0.0119679
0.0120365
0.0120978
0.0121518
0.0121984
0.0122375
0.0122693
0.0122936
0.0123104
0.0123198
0.0123217
0.0123161
0.012303
0.0122825
0.0122545
0.0122191
0.0121763
0.012126
0.0120684
0.0120035
0.0119313
0.0118518
0.0117652
0.0116714
0.0115705
0.0114626
0.0113478
0.011226
0.0110975
0.0109622
0.0108202
0.0106717
0.0105167
0.0103553
0.0101877
0.0100138
0.00983389
0.00964799
0.00945624
0.00925875
0.00905564
0.00884703
0.00863305
0.00841383
0.0081895
0.00796021
0.00772608
0.00748726
0.0072439
0.00699614
0.00674414
0.00648804
0.006228
0.00596419
0.00569675
0.00542586
0.00515167
0.00487436
0.00459409
0.00431103
0.00402535
0.00373723
0.00344685
0.00315437
0.00285998
0.00256385
0.00226617
0.00196711
0.00166686
0.0013656
0.00106351
0.00076078
0.000457586
0.000154115
-0.000149448
-0.00045292
-0.000756115
-0.00105885
-0.00136094
-0.00166221
-0.00196246
-0.00226152
-0.00255921
-0.00285534
-0.00314974
-0.00344223
-0.00373262
-0.00402075
-0.00430643
-0.0045895
-0.00486979
-0.00514711
-0.00542131
-0.00569222
-0.00595967
-0.0062235
-0.00648355
-0.00673966
-0.00699168
-0.00723946
-0.00748284
-0.00772168
-0.00795583
-0.00818514
-0.00840949
-0.00862873
-0.00884273
-0.00905136
-0.0092545
-0.00945201
-0.00964379
-0.00982971
-0.0100097
-0.0101835
-0.0103512
-0.0105126
-0.0106677
-0.0108162
-0.0109582
-0.0110935
-0.0112221
-0.0113439
-0.0114588
-0.0115667
-0.0116676
-0.0117614
-0.0118481
-0.0119276
-0.0119998
-0.0120648
-0.0121224
-0.0121727
-0.0122156
-0.0122511
-0.0122791
-0.0122997
-0.0123128
-0.0123184
-0.0123165
-0.0123072
-0.0122904
-0.0122662
-0.0122344
-0.0121953
-0.0121488
-0.0120948
-0.0120336
-0.011965
-0.0118892
-0.0118061
-0.0117159
-0.0116186
-0.0115142
-0.0114028
-0.0112845
-0.0111594
-0.0110274
-0.0108888
-0.0107436
-0.0105918
-0.0104336
-0.0102691
-0.0100984
-0.00992147
-0.00973856
-0.00954973
-0.00935511
-0.00915481
-0.00894894
-0.00873765
-0.00852105
-0.00829928
-0.00807247
-0.00784075
-0.00760428
-0.00736319
-0.00711763
-0.00686775
-0.0066137
-0.00635563
-0.0060937
-0.00582808
-0.00555891
-0.00528637
-0.00501063
-0.00473183
-0.00445017
-0.00416581
-0.00387891
-0.00358966
-0.00329823
-0.0030048
-0.00270954
-0.00241264
-0.00211428
-0.00181463
-0.00151387
-0.0012122
-0.000909798
-0.000606839
-0.000303512
0
0
-0.000303512
-0.000606839
-0.000909798
-0.0012122
-0.00151387
-0.00181463
-0.00211428
-0.00241264
-0.00270954
-0.0030048
-0.00329823
-0.00358966
-0.00387891
-0.00416581
-0.00445017
-0.00473183
-0.00501063
-0.00528637
-0.00555891
-0.00582808
-0.0060937
-0.00635563
-0.0066137
-0.00686775
-0.00711763
-0.00736319
-0.00760428
-0.00784075
-0.00807247
-0.00829928
-0.00852105
-0.00873765
-0.00894894
-0.00915481
-0.00935511
-0.00954973
-0.00973856
-0.00992147
-0.0100984
-0.0102691
-0.0104336
-0.0105918
-0.0107436
-0.0108888
-0.0110274
-0.0111594
-0.0112845
-0.0114028
-0.0115142
-0.0116186
-0.0117159
-0.0118061
-0.0118892
-0.011965
-0.0120336
-0.0120948
-0.0121488
-0.0121953
-0.0122344
-0.0122662
-0.0122904
-0.0123072
-0.0123165
-0.0123184
-0.0123128
-0.0122997
-0.0122791
-0.0122511
-0.0122156
-0.0121727
-0.0121224
-0.0120648
-0.0119998
-0.0119276
-0.0118481
-0.0117614
-0.0116676
-0.0115667
-0.0114588
-0.0113439
-0.0112221
-0.0110935
-0.0109582
-0.0108162
-0.0106677
-0.0105126
-0.0103512
-0.0101835
-0.0100097
-0.00982971
-0.00964379
-0.00945201
-0.0092545
-0.00905136
-0.00884273
-0.00862873
-0.00840949
-0.00818514
-0.00795583
-0.00772168
-0.00748284
-0.00723946
-0.00699168
-0.00673966
-0.00648355
-0.0062235
-0.00595967
-0.00569222
-0.00542131
-0.00514711
-0.00486979
-0.0045895
-0.00430643
-0.00402075
-0.00373262
-0.00344223
-0.00314974
-0.00285534
-0.00255921
-0.00226152
-0.00196246
-0.00166221
-0.00136094
-0.00105885
-0.000756115
-0.00045292
-0.000149448
0.000154115
0.000457586
0.00076078
0.00106351
0.0013656
0.00166686
0.00196711
0.00226617
0.00256385
0.00285998
0.00315437
0.00344685
0.00373723
0.00402535
0.00431103
0.00459409
0.00487436
0.00515167
0.00542586
0.00569675
0.00596419
0.006228
0.00648804
0.00674414
0.00699614
0.0072439
0.00748726
0.00772608
0.00796021
0.0081895
0.00841383
0.00863305
0.00884703
0.00905564
0.00925875
0.00945624
0.00964799
0.00983389
0.0100138
0.0101877
0.0103553
0.0105167
0.0106717
0.0108202
0.0109622
0.0110975
0.011226
0.0113478
0.0114626
0.0115705
0.0116714
0.0117652
0.0118518
0.0119313
0.0120035
0.0120684
0.012126
0.0121763
0.0122191
0.0122545
0.0122825
0.012303
0.0123161
0.0123217
0.0123198
0.0123104
0.0122936
0.0122693
0.0122375
0.0121984
0.0121518
0.0120978
0.0120365
0.0119679
0.011892
0.0118089
0.0117187
0.0116213
0.0115168
0.0114054
0.0112871
0.0111619
0.0110299
0.0108912
0.0107459
0.0105941
0.0104359
0.0102713
0.0101005
0.00992357
0.00974061
0.00955173
0.00935706
0.0091567
0.00895079
0.00873944
0.00852279
0.00830096
0.0080741
0.00784233
0.0076058
0.00736466
0.00711904
0.00686911
0.006615
0.00635688
0.0060949
0.00582922
0.00556
0.0052874
0.0050116
0.00473275
0.00445103
0.00416661
0.00387965
0.00359035
0.00329886
0.00300537
0.00271006
0.0024131
0.00211468
0.00181497
0.00151416
0.00121243
0.00090997
0.000606954
0.000303569
0
0
-0.000910408
-0.00182026
-0.00272901
-0.00363611
-0.00454099
-0.00544312
-0.00634195
-0.00723692
-0.0081275
-0.00901315
-0.00989332
-0.0107675
-0.0116351
-0.0124957
-0.0133487
-0.0141935
-0.0150298
-0.0158569
-0.0166744
-0.0174818
-0.0182786
-0.0190643
-0.0198384
-0.0206004
-0.02135
-0.0220866
-0.0228097
-0.0235191
-0.0242141
-0.0248945
-0.0255597
-0.0262094
-0.0268432
-0.0274608
-0.0280616
-0.0286454
-0.0292118
-0.0297605
-0.0302911
-0.0308033
-0.0312968
-0.0317713
-0.0322266
-0.0326622
-0.0330781
-0.0334738
-0.0338493
-0.0342041
-0.0345382
-0.0348514
-0.0351434
-0.035414
-0.0356632
-0.0358907
-0.0360964
-0.0362802
-0.0364419
-0.0365816
-0.036699
-0.0367942
-0.036867
-0.0369174
-0.0369454
-0.036951
-0.0369342
-0.0368949
-0.0368332
-0.0367492
-0.0366429
-0.0365143
-0.0363635
-0.0361907
-0.0359959
-0.0357792
-0.0355408
-0.0352809
-0.0349995
-0.0346969
-0.0343732
-0.0340286
-0.0336634
-0.0332777
-0.0328719
-0.0324461
-0.0320005
-0.0315356
-0.0310515
-0.0305486
-0.0300271
-0.0294873
-0.0289297
-0.0283545
-0.0277621
-0.0271529
-0.0265271
-0.0258853
-0.0252277
-0.0245548
-0.023867
-0.0231647
-0.0224484
-0.0217184
-0.0209753
-0.0202194
-0.0194512
-0.0186712
-0.0178799
-0.0170777
-0.0162652
-0.0154428
-0.014611
-0.0137703
-0.0129213
-0.0120644
-0.0112002
-0.0103292
-0.00945194
-0.00856893
-0.00768072
-0.00678784
-0.00589084
-0.00499027
-0.00408666
-0.00318057
-0.00227255
-0.00136315
-0.00045292
0.000457586
0.00136782
0.00227722
0.00318523
0.00409132
0.00499492
0.00589549
0.00679249
0.00768536
0.00857356
0.00945657
0.0103338
0.0112048
0.012069
0.0129259
0.0137749
0.0146155
0.0154473
0.0162697
0.0170823
0.0178844
0.0186757
0.0194557
0.0202238
0.0209797
0.0217229
0.0224528
0.0231691
0.0238714
0.0245592
0.025232
0.0258896
0.0265314
0.0271571
0.0277664
0.0283587
0.0289339
0.0294915
0.0300312
0.0305527
0.0310556
0.0315397
0.0320046
0.0324501
0.0328759
0.0332817
0.0336673
0.0340325
0.034377
0.0347007
0.0350033
0.0352846
0.0355446
0.0357829
0.0359995
0.0361943
0.0363671
0.0365178
0.0366464
0.0367527
0.0368367
0.0368983
0.0369375
0.0369543
0.0369487
0.0369206
0.0368702
0.0367973
0.0367021
0.0365846
0.0364449
0.0362831
0.0360993
0.0358935
0.035666
0.0354168
0.0351461
0.0348541
0.0345409
0.0342067
0.0338518
0.0334763
0.0330805
0.0326646
0.0322289
0.0317737
0.0312991
0.0308055
0.0302933
0.0297626
0.0292139
0.0286474
0.0280635
0.0274627
0.0268451
0.0262112
0.0255615
0.0248962
0.0242158
0.0235207
0.0228113
0.022088
0.0213514
0.0206018
0.0198397
0.0190655
0.0182798
0.017483
0.0166755
0.015858
0.0150308
0.0141945
0.0133495
0.0124965
0.0116359
0.0107682
0.00989395
0.00901372
0.00812802
0.00723738
0.00634235
0.00544347
0.00454128
0.00363634
0.00272919
0.00182038
0.000910465
0
0
-0.00151675
-0.00303258
-0.00454657
-0.0060578
-0.00756535
-0.00906831
-0.0105658
-0.0120568
-0.0135405
-0.015016
-0.0164824
-0.0179388
-0.0193843
-0.020818
-0.0222391
-0.0236466
-0.0250399
-0.0264179
-0.0277799
-0.029125
-0.0304524
-0.0317614
-0.033051
-0.0343206
-0.0355694
-0.0367965
-0.0380014
-0.0391831
-0.0403411
-0.0414746
-0.0425829
-0.0436653
-0.0447212
-0.04575
-0.046751
-0.0477237
-0.0486673
-0.0495814
-0.0504654
-0.0513188
-0.052141
-0.0529316
-0.05369
-0.0544158
-0.0551086
-0.055768
-0.0563934
-0.0569847
-0.0575413
-0.058063
-0.0585495
-0.0590004
-0.0594155
-0.0597945
-0.0601372
-0.0604435
-0.060713
-0.0609456
-0.0611413
-0.0612998
-0.0614211
-0.0615052
-0.0615519
-0.0615612
-0.0615331
-0.0614677
-0.061365
-0.061225
-0.0610479
-0.0608337
-0.0605825
-0.0602946
-0.0599701
-0.0596091
-0.059212
-0.0587789
-0.0583102
-0.057806
-0.0572667
-0.0566927
-0.0560843
-0.0554418
-0.0547656
-0.0540562
-0.053314
-0.0525394
-0.0517329
-0.050895
-0.0500262
-0.0491271
-0.0481981
-0.0472398
-0.0462529
-0.0452379
-0.0441954
-0.0431261
-0.0420306
-0.0409096
-0.0397637
-0.0385938
-0.0374003
-0.0361842
-0.0349461
-0.0336868
-0.032407
-0.0311076
-0.0297893
-0.0284529
-0.0270992
-0.025729
-0.0243433
-0.0229427
-0.0215283
-0.0201007
-0.018661
-0.0172099
-0.0157484
-0.0142773
-0.0127976
-0.01131
-0.00981565
-0.0083153
-0.0068099
-0.00530036
-0.00378761
-0.00227255
-0.000756115
0.00076078
0.00227722
0.00379227
0.00530502
0.00681455
0.00831995
0.0098203
0.0113147
0.0128022
0.0142819
0.015753
0.0172145
0.0186656
0.0201053
0.0215329
0.0229473
0.0243479
0.0257336
0.0271037
0.0284574
0.0297938
0.0311121
0.0324115
0.0336913
0.0349506
0.0361886
0.0374047
0.0385982
0.0397681
0.0409139
0.0420349
0.0431304
0.0441997
0.0452421
0.0462571
0.047244
0.0482023
0.0491312
0.0500304
0.0508991
0.051737
0.0525435
0.053318
0.0540602
0.0547696
0.0554457
0.0560882
0.0566966
0.0572706
0.0578098
0.0583139
0.0587827
0.0592157
0.0596128
0.0599737
0.0602982
0.0605861
0.0608372
0.0610514
0.0612285
0.0613684
0.0614711
0.0615365
0.0615645
0.0615551
0.0615084
0.0614243
0.061303
0.0611444
0.0609487
0.060716
0.0604464
0.0601402
0.0597974
0.0594183
0.0590032
0.0585522
0.0580657
0.057544
0.0569873
0.056396
0.0557705
0.0551111
0.0544182
0.0536924
0.0529339
0.0521433
0.051321
0.0504676
0.0495835
0.0486694
0.0477257
0.046753
0.0457519
0.0447231
0.0436671
0.0425846
0.0414763
0.0403427
0.0391847
0.0380029
0.036798
0.0355708
0.034322
0.0330523
0.0317626
0.0304536
0.0291261
0.0277809
0.0264189
0.0250408
0.0236476
0.0222399
0.0208188
0.019385
0.0179395
0.016483
0.0150166
0.013541
0.0120573
0.0105662
0.00906866
0.00756564
0.00605803
0.00454674
0.0030327
0.00151681
0
0
-0.00212217
-0.00424306
-0.00636137
-0.00847582
-0.0105851
-0.012688
-0.0147832
-0.0168694
-0.0189453
-0.0210098
-0.0230615
-0.0250992
-0.0271216
-0.0291276
-0.031116
-0.0330854
-0.0350347
-0.0369628
-0.0388684
-0.0407504
-0.0426077
-0.0444391
-0.0462436
-0.04802
-0.0497672
-0.0514842
-0.0531699
-0.0548234
-0.0564436
-0.0580295
-0.0595802
-0.0610947
-0.0625721
-0.0640115
-0.0654121
-0.066773
-0.0680933
-0.0693723
-0.0706092
-0.0718032
-0.0729536
-0.0740597
-0.0751208
-0.0761364
-0.0771057
-0.0780282
-0.0789034
-0.0797306
-0.0805095
-0.0812394
-0.0819201
-0.082551
-0.0831318
-0.0836621
-0.0841416
-0.0845701
-0.0849472
-0.0852727
-0.0855465
-0.0857683
-0.085938
-0.0860556
-0.086121
-0.086134
-0.0860948
-0.0860033
-0.0858595
-0.0856637
-0.0854158
-0.0851161
-0.0847647
-0.0843619
-0.0839078
-0.0834028
-0.0828472
-0.0822413
-0.0815854
-0.08088
-0.0801255
-0.0793224
-0.0784711
-0.0775721
-0.0766261
-0.0756335
-0.0745951
-0.0735113
-0.0723829
-0.0712106
-0.069995
-0.068737
-0.0674372
-0.0660964
-0.0647156
-0.0632954
-0.0618368
-0.0603407
-0.058808
-0.0572395
-0.0556363
-0.0539993
-0.0523296
-0.050628
-0.0488957
-0.0471338
-0.0453432
-0.0435251
-0.0416806
-0.0398107
-0.0379167
-0.0359997
-0.0340608
-0.0321013
-0.0301222
-0.0281249
-0.0261104
-0.0240802
-0.0220353
-0.019977
-0.0179066
-0.0158254
-0.0137345
-0.0116353
-0.009529
-0.00741693
-0.00530036
-0.00318057
-0.00105885
0.00106351
0.00318523
0.00530502
0.00742159
0.00953365
0.0116399
0.0137391
0.01583
0.0179113
0.0199817
0.0220399
0.0240848
0.0261151
0.0281295
0.0301268
0.0321058
0.0340654
0.0360043
0.0379213
0.0398153
0.0416851
0.0435296
0.0453477
0.0471382
0.0489002
0.0506325
0.052334
0.0540037
0.0556407
0.0572439
0.0588123
0.060345
0.0618411
0.0632997
0.0647198
0.0661007
0.0674414
0.0687411
0.0699992
0.0712147
0.072387
0.0735154
0.0745991
0.0756376
0.0766301
0.0775761
0.078475
0.0793263
0.0801294
0.0808838
0.0815892
0.082245
0.0828509
0.0834065
0.0839115
0.0843655
0.0847683
0.0851197
0.0854193
0.0856672
0.085863
0.0860067
0.0860981
0.0861373
0.0861242
0.0860588
0.0859412
0.0857714
0.0855496
0.0852757
0.0849502
0.084573
0.0841445
0.083665
0.0831346
0.0825538
0.0819228
0.0812421
0.0805121
0.0797332
0.0789059
0.0780307
0.0771082
0.0761388
0.0751232
0.074062
0.0729558
0.0718054
0.0706113
0.0693744
0.0680954
0.066775
0.0654141
0.0640134
0.0625739
0.0610965
0.0595819
0.0580312
0.0564452
0.054825
0.0531714
0.0514856
0.0497686
0.0480213
0.0462449
0.0444404
0.0426089
0.0407516
0.0388695
0.0369638
0.0350357
0.0330863
0.0311168
0.0291284
0.0271224
0.0250999
0.0230621
0.0210104
0.0189458
0.0168698
0.0147836
0.0126883
0.0105854
0.00847605
0.00636154
0.00424318
0.00212223
0
0
-0.00272631
-0.00545096
-0.00817231
-0.0108887
-0.0135985
-0.0163
-0.0189916
-0.0216717
-0.0243386
-0.0269908
-0.0296266
-0.0322443
-0.0348426
-0.0374196
-0.039974
-0.042504
-0.0450083
-0.0474852
-0.0499334
-0.0523512
-0.0547372
-0.05709
-0.0594081
-0.0616901
-0.0639348
-0.0661405
-0.0683062
-0.0704304
-0.0725118
-0.0745492
-0.0765413
-0.078487
-0.080385
-0.0822342
-0.0840335
-0.0857817
-0.0874779
-0.089121
-0.09071
-0.0922439
-0.0937218
-0.0951428
-0.0965061
-0.0978107
-0.099056
-0.100241
-0.101365
-0.102428
-0.103429
-0.104367
-0.105241
-0.106051
-0.106798
-0.107479
-0.108095
-0.108645
-0.10913
-0.109548
-0.1099
-0.110185
-0.110403
-0.110554
-0.110638
-0.110655
-0.110604
-0.110487
-0.110302
-0.11005
-0.109732
-0.109347
-0.108896
-0.108378
-0.107795
-0.107146
-0.106432
-0.105654
-0.104811
-0.103905
-0.102936
-0.101904
-0.10081
-0.0996554
-0.0984401
-0.097165
-0.0958309
-0.0944386
-0.092989
-0.0914829
-0.0899213
-0.0883051
-0.0866353
-0.0849129
-0.083139
-0.0813145
-0.0794408
-0.0775187
-0.0755496
-0.0735347
-0.0714751
-0.0693721
-0.067227
-0.0650411
-0.0628157
-0.0605521
-0.0582518
-0.0559162
-0.0535465
-0.0511444
-0.0487112
-0.0462485
-0.0437577
-0.0412403
-0.0386978
-0.0361319
-0.0335441
-0.0309358
-0.0283088
-0.0256646
-0.0230048
-0.0203311
-0.017645
-0.0149482
-0.0122423
-0.009529
-0.0068099
-0.00408666
-0.00136094
0.0013656
0.00409132
0.00681455
0.00953365
0.012247
0.0149528
0.0176496
0.0203357
0.0230095
0.0256692
0.0283134
0.0309404
0.0335487
0.0361365
0.0387024
0.0412448
0.0437622
0.046253
0.0487158
0.051149
0.0535511
0.0559207
0.0582563
0.0605566
0.0628201
0.0650455
0.0672314
0.0693765
0.0714795
0.0735391
0.075554
0.077523
0.079445
0.0813188
0.0831432
0.0849171
0.0866395
0.0883093
0.0899255
0.091487
0.0929931
0.0944427
0.0958349
0.097169
0.098444
0.0996593
0.100814
0.101908
0.10294
0.103909
0.104815
0.105657
0.106436
0.10715
0.107798
0.108382
0.108899
0.10935
0.109735
0.110054
0.110305
0.11049
0.110607
0.110658
0.110641
0.110557
0.110406
0.110188
0.109903
0.109551
0.109133
0.108648
0.108098
0.107482
0.1068
0.106054
0.105244
0.104369
0.103431
0.102431
0.101368
0.100244
0.0990585
0.0978131
0.0965084
0.0951451
0.0937241
0.0922461
0.0907121
0.0891231
0.08748
0.0857837
0.0840354
0.0822361
0.0803868
0.0784887
0.076543
0.0745508
0.0725134
0.0704319
0.0683077
0.066142
0.0639362
0.0616915
0.0594094
0.0570912
0.0547384
0.0523523
0.0499344
0.0474863
0.0450093
0.0425049
0.0399748
0.0374204
0.0348433
0.032245
0.0296272
0.0269914
0.0243391
0.0216722
0.018992
0.0163003
0.0135988
0.0108889
0.00817248
0.00545108
0.00272637
0
0
-0.00332879
-0.00665556
-0.00997828
-0.013295
-0.0166035
-0.0199021
-0.0231885
-0.0264609
-0.0297172
-0.0329554
-0.0361736
-0.0393699
-0.0425423
-0.0456889
-0.0488077
-0.0518969
-0.0549546
-0.0579789
-0.060968
-0.0639201
-0.0668334
-0.0697061
-0.0725365
-0.0753229
-0.0780635
-0.0807568
-0.083401
-0.0859946
-0.088536
-0.0910236
-0.0934559
-0.0958316
-0.098149
-0.100407
-0.102604
-0.104738
-0.106809
-0.108816
-0.110756
-0.112629
-0.114433
-0.116168
-0.117833
-0.119426
-0.120946
-0.122393
-0.123766
-0.125064
-0.126285
-0.12743
-0.128498
-0.129487
-0.130399
-0.13123
-0.131983
-0.132655
-0.133246
-0.133757
-0.134186
-0.134534
-0.1348
-0.134985
-0.135087
-0.135108
-0.135046
-0.134903
-0.134677
-0.13437
-0.133981
-0.133511
-0.13296
-0.132328
-0.131616
-0.130824
-0.129952
-0.129002
-0.127973
-0.126867
-0.125683
-0.124424
-0.123088
-0.121678
-0.120194
-0.118637
-0.117008
-0.115309
-0.113539
-0.1117
-0.109793
-0.10782
-0.105781
-0.103678
-0.101512
-0.0992843
-0.0969964
-0.0946497
-0.0922455
-0.0897852
-0.0872705
-0.0847028
-0.0820836
-0.0794147
-0.0766975
-0.0739337
-0.0711251
-0.0682733
-0.06538
-0.0624471
-0.0594762
-0.0564692
-0.053428
-0.0503543
-0.04725
-0.044117
-0.0409573
-0.0377727
-0.0345651
-0.0313366
-0.0280891
-0.0248245
-0.0215448
-0.018252
-0.0149482
-0.0116353
-0.0083153
-0.00499027
-0.00166221
0.00166686
0.00499492
0.00831995
0.0116399
0.0149528
0.0182567
0.0215494
0.0248291
0.0280937
0.0313412
0.0345698
0.0377773
0.0409619
0.0441216
0.0472546
0.0503588
0.0534325
0.0564738
0.0594807
0.0624516
0.0653845
0.0682778
0.0711296
0.0739382
0.0767019
0.0794191
0.0820881
0.0847072
0.0872749
0.0897896
0.0922498
0.094654
0.0970007
0.0992886
0.101516
0.103682
0.105785
0.107824
0.109797
0.111704
0.113543
0.115313
0.117013
0.118641
0.120198
0.121682
0.123092
0.124427
0.125687
0.126871
0.127977
0.129006
0.129956
0.130828
0.13162
0.132332
0.132964
0.133515
0.133985
0.134374
0.134681
0.134906
0.13505
0.135111
0.135091
0.134988
0.134804
0.134537
0.134189
0.13376
0.133249
0.132658
0.131985
0.131233
0.130401
0.12949
0.128501
0.127433
0.126288
0.125066
0.123768
0.122396
0.120949
0.119428
0.117835
0.116171
0.114435
0.112631
0.110758
0.108818
0.106812
0.10474
0.102606
0.100409
0.0981509
0.0958334
0.0934577
0.0910253
0.0885376
0.0859961
0.0834025
0.0807582
0.0780649
0.0753242
0.0725378
0.0697074
0.0668346
0.0639212
0.0609691
0.0579799
0.0549555
0.0518978
0.0488085
0.0456897
0.0425431
0.0393706
0.0361743
0.032956
0.0297177
0.0264613
0.0231889
0.0199024
0.0166038
0.0132952
0.00997845
0.00665567
0.00332885
0
0
-0.00392925
-0.00785611
-0.0117782
-0.0156931
-0.0195986
-0.0234921
-0.0273713
-0.031234
-0.0350776
-0.0389
-0.0426988
-0.0464716
-0.0502162
-0.0539304
-0.0576118
-0.0612582
-0.0648674
-0.0684373
-0.0719656
-0.0754502
-0.078889
-0.0822799
-0.0856209
-0.0889099
-0.0921449
-0.095324
-0.0984452
-0.101507
-0.104506
-0.107443
-0.110314
-0.113118
-0.115854
-0.118519
-0.121112
-0.123632
-0.126076
-0.128444
-0.130734
-0.132945
-0.135075
-0.137123
-0.139088
-0.140968
-0.142763
-0.144471
-0.146091
-0.147623
-0.149065
-0.150417
-0.151677
-0.152845
-0.15392
-0.154902
-0.15579
-0.156583
-0.157282
-0.157884
-0.158391
-0.158802
-0.159116
-0.159334
-0.159455
-0.159479
-0.159407
-0.159237
-0.158971
-0.158608
-0.15815
-0.157595
-0.156944
-0.156198
-0.155358
-0.154423
-0.153394
-0.152272
-0.151058
-0.149752
-0.148355
-0.146868
-0.145291
-0.143627
-0.141875
-0.140038
-0.138115
-0.136108
-0.134019
-0.131849
-0.129598
-0.127269
-0.124862
-0.12238
-0.119823
-0.117194
-0.114493
-0.111723
-0.108885
-0.105981
-0.103013
-0.099982
-0.0968905
-0.09374
-0.0905327
-0.0872705
-0.0839552
-0.080589
-0.0771738
-0.0737118
-0.070205
-0.0666557
-0.0630658
-0.0594377
-0.0557734
-0.0520754
-0.0483457
-0.0445866
-0.0408005
-0.0369896
-0.0331562
-0.0293028
-0.0254315
-0.0215448
-0.017645
-0.0137345
-0.00981565
-0.00589084
-0.00196246
0.00196711
0.00589549
0.0098203
0.0137391
0.0176496
0.0215494
0.0254361
0.0293074
0.0331609
0.0369942
0.0408051
0.0445912
0.0483503
0.0520799
0.055778
0.0594422
0.0630704
0.0666602
0.0702096
0.0737163
0.0771783
0.0805935
0.0839597
0.0872749
0.0905372
0.0937445
0.0968949
0.0999864
0.103017
0.105986
0.10889
0.111727
0.114498
0.117198
0.119827
0.122384
0.124866
0.127273
0.129602
0.131853
0.134023
0.136113
0.138119
0.140042
0.141879
0.143631
0.145295
0.146872
0.148358
0.149755
0.151061
0.152276
0.153398
0.154426
0.155361
0.156202
0.156948
0.157598
0.158153
0.158612
0.158974
0.159241
0.15941
0.159482
0.159458
0.159337
0.159119
0.158805
0.158394
0.157887
0.157285
0.156586
0.155793
0.154905
0.153923
0.152848
0.15168
0.150419
0.149068
0.147626
0.146094
0.144473
0.142765
0.140971
0.13909
0.137125
0.135077
0.132947
0.130736
0.128446
0.126078
0.123634
0.121114
0.118521
0.115855
0.11312
0.110316
0.107444
0.104508
0.101508
0.0984467
0.0953254
0.0921463
0.0889112
0.0856222
0.0822812
0.0788902
0.0754514
0.0719667
0.0684383
0.0648684
0.0612591
0.0576126
0.0539312
0.050217
0.0464723
0.0426994
0.0389006
0.0350782
0.0312344
0.0273717
0.0234924
0.0195988
0.0156934
0.0117784
0.00785622
0.0039293
0
0
-0.00452732
-0.00905189
-0.013571
-0.0180818
-0.0225817
-0.0270678
-0.0315375
-0.0359881
-0.0404168
-0.044821
-0.049198
-0.0535451
-0.0578597
-0.0621392
-0.0663809
-0.0705824
-0.074741
-0.0788542
-0.0829195
-0.0869345
-0.0908968
-0.0948038
-0.0986533
-0.102443
-0.10617
-0.109833
-0.11343
-0.116957
-0.120413
-0.123797
-0.127105
-0.130336
-0.133488
-0.136558
-0.139546
-0.14245
-0.145266
-0.147995
-0.150633
-0.153181
-0.155635
-0.157995
-0.160258
-0.162425
-0.164493
-0.166461
-0.168328
-0.170093
-0.171754
-0.173312
-0.174764
-0.17611
-0.177349
-0.17848
-0.179503
-0.180417
-0.181222
-0.181916
-0.1825
-0.182973
-0.183336
-0.183586
-0.183726
-0.183754
-0.18367
-0.183475
-0.183168
-0.18275
-0.182222
-0.181582
-0.180833
-0.179973
-0.179005
-0.177927
-0.176742
-0.175449
-0.17405
-0.172545
-0.170936
-0.169223
-0.167406
-0.165489
-0.163471
-0.161353
-0.159138
-0.156826
-0.154419
-0.151918
-0.149324
-0.146641
-0.143868
-0.141008
-0.138062
-0.135032
-0.131921
-0.128729
-0.125459
-0.122113
-0.118693
-0.115201
-0.111638
-0.108009
-0.104313
-0.100554
-0.0967343
-0.0928557
-0.0889207
-0.0849318
-0.0808913
-0.0768016
-0.0726654
-0.068485
-0.064263
-0.0600021
-0.0557047
-0.0513735
-0.0470111
-0.0426201
-0.0382033
-0.0337633
-0.0293028
-0.0248245
-0.0203311
-0.0158254
-0.01131
-0.00678784
-0.00226152
0.00226617
0.00679249
0.0113147
0.01583
0.0203357
0.0248291
0.0293074
0.0337679
0.0382079
0.0426247
0.0470157
0.0513781
0.0557093
0.0600067
0.0642676
0.0684896
0.0726699
0.0768062
0.0808958
0.0849363
0.0889252
0.0928602
0.0967388
0.100559
0.104317
0.108013
0.111643
0.115205
0.118697
0.122117
0.125463
0.128733
0.131925
0.135036
0.138066
0.141012
0.143872
0.146645
0.149329
0.151922
0.154423
0.15683
0.159142
0.161357
0.163475
0.165493
0.16741
0.169226
0.17094
0.172549
0.174054
0.175453
0.176746
0.177931
0.179008
0.179977
0.180836
0.181586
0.182225
0.182754
0.183172
0.183478
0.183673
0.183757
0.183729
0.18359
0.183339
0.182976
0.182503
0.181919
0.181225
0.18042
0.179506
0.178483
0.177351
0.176112
0.174766
0.173314
0.171757
0.170095
0.168331
0.166463
0.164495
0.162427
0.160261
0.157997
0.155637
0.153183
0.150636
0.147997
0.145268
0.142452
0.139548
0.13656
0.133489
0.130338
0.127107
0.123798
0.120415
0.116959
0.113431
0.109835
0.106172
0.102444
0.0986546
0.0948051
0.090898
0.0869357
0.0829206
0.0788552
0.0747419
0.0705833
0.0663818
0.06214
0.0578604
0.0535458
0.0491986
0.0448216
0.0404173
0.0359886
0.0315379
0.0270682
0.0225819
0.018082
0.0135711
0.00905201
0.00452738
0
0
-0.00512264
-0.0102422
-0.0153555
-0.0204595
-0.0255511
-0.0306271
-0.0356846
-0.0407204
-0.0457315
-0.0507148
-0.0556673
-0.0605861
-0.065468
-0.0703102
-0.0751097
-0.0798637
-0.0845691
-0.0892232
-0.0938231
-0.0983661
-0.102849
-0.10727
-0.111626
-0.115914
-0.120131
-0.124276
-0.128345
-0.132336
-0.136247
-0.140075
-0.143819
-0.147474
-0.151041
-0.154515
-0.157896
-0.161181
-0.164368
-0.167456
-0.170441
-0.173323
-0.1761
-0.17877
-0.181332
-0.183783
-0.186123
-0.18835
-0.190462
-0.192459
-0.194339
-0.196101
-0.197744
-0.199267
-0.200669
-0.201949
-0.203107
-0.204141
-0.205052
-0.205837
-0.206498
-0.207034
-0.207443
-0.207727
-0.207885
-0.207917
-0.207822
-0.207601
-0.207254
-0.206781
-0.206183
-0.20546
-0.204612
-0.203639
-0.202543
-0.201324
-0.199983
-0.19852
-0.196937
-0.195235
-0.193413
-0.191475
-0.18942
-0.18725
-0.184966
-0.182571
-0.180064
-0.177448
-0.174724
-0.171894
-0.16896
-0.165923
-0.162786
-0.15955
-0.156216
-0.152788
-0.149268
-0.145656
-0.141956
-0.13817
-0.134301
-0.130349
-0.126319
-0.122211
-0.11803
-0.113777
-0.109455
-0.105066
-0.100614
-0.0961002
-0.0915284
-0.086901
-0.0822208
-0.0774907
-0.0727136
-0.0678924
-0.0630299
-0.0581291
-0.0531931
-0.0482248
-0.0432272
-0.0382033
-0.0331562
-0.0280891
-0.0230048
-0.0179066
-0.0127976
-0.00768072
-0.00255921
0.00256385
0.00768536
0.0128022
0.0179113
0.0230095
0.0280937
0.0331609
0.0382079
0.0432318
0.0482294
0.0531977
0.0581337
0.0630345
0.0678969
0.0727182
0.0774953
0.0822254
0.0869055
0.0915329
0.0961047
0.100618
0.105071
0.109459
0.113781
0.118034
0.122216
0.126323
0.130354
0.134305
0.138175
0.141961
0.145661
0.149272
0.152793
0.156221
0.159554
0.16279
0.165928
0.168964
0.171898
0.174728
0.177452
0.180068
0.182575
0.18497
0.187254
0.189424
0.191479
0.193417
0.195238
0.196941
0.198524
0.199987
0.201328
0.202547
0.203643
0.204615
0.205463
0.206187
0.206785
0.207258
0.207604
0.207825
0.20792
0.207888
0.207731
0.207447
0.207037
0.206501
0.20584
0.205055
0.204144
0.20311
0.201952
0.200672
0.19927
0.197747
0.196104
0.194342
0.192462
0.190465
0.188352
0.186126
0.183786
0.181334
0.178773
0.176103
0.173326
0.170443
0.167458
0.16437
0.161183
0.157898
0.154517
0.151043
0.147476
0.14382
0.140077
0.136249
0.132338
0.128347
0.124277
0.120133
0.115915
0.111627
0.107271
0.102851
0.0983672
0.0938242
0.0892242
0.0845701
0.0798646
0.0751106
0.070311
0.0654688
0.0605867
0.055668
0.0507154
0.045732
0.0407209
0.035685
0.0306275
0.0255513
0.0204597
0.0153557
0.0102423
0.0051227
0
0
-0.00571486
-0.0114262
-0.0171307
-0.0228248
-0.0285049
-0.0341678
-0.03981
-0.045428
-0.0510184
-0.0565778
-0.0621029
-0.0675902
-0.0730366
-0.0784386
-0.083793
-0.0890965
-0.0943459
-0.099538
-0.10467
-0.109738
-0.114739
-0.119671
-0.124531
-0.129314
-0.134019
-0.138643
-0.143183
-0.147635
-0.151998
-0.156269
-0.160445
-0.164524
-0.168502
-0.172378
-0.17615
-0.179815
-0.18337
-0.186815
-0.190145
-0.193361
-0.196459
-0.199437
-0.202295
-0.20503
-0.20764
-0.210125
-0.212481
-0.214709
-0.216806
-0.218772
-0.220605
-0.222304
-0.223868
-0.225296
-0.226588
-0.227741
-0.228757
-0.229634
-0.230371
-0.230968
-0.231425
-0.231742
-0.231918
-0.231953
-0.231848
-0.231601
-0.231214
-0.230687
-0.23002
-0.229212
-0.228266
-0.227181
-0.225959
-0.224599
-0.223103
-0.221471
-0.219705
-0.217805
-0.215773
-0.213611
-0.211318
-0.208898
-0.20635
-0.203677
-0.200881
-0.197962
-0.194924
-0.191767
-0.188493
-0.185106
-0.181605
-0.177995
-0.174276
-0.170452
-0.166524
-0.162495
-0.158368
-0.154144
-0.149827
-0.145419
-0.140922
-0.13634
-0.131675
-0.12693
-0.122109
-0.117213
-0.112246
-0.10721
-0.10211
-0.0969476
-0.0917263
-0.0864494
-0.0811201
-0.0757414
-0.0703168
-0.0648495
-0.0593428
-0.0538001
-0.0482248
-0.0426201
-0.0369896
-0.0313366
-0.0256646
-0.019977
-0.0142773
-0.00856893
-0.00285534
0.00285998
0.00857356
0.0142819
0.0199817
0.0256692
0.0313412
0.0369942
0.0426247
0.0482294
0.0538047
0.0593474
0.0648541
0.0703214
0.075746
0.0811246
0.086454
0.0917309
0.0969521
0.102114
0.107215
0.11225
0.117217
0.122113
0.126935
0.13168
0.136345
0.140927
0.145423
0.149831
0.154148
0.158372
0.1625
0.166529
0.170456
0.174281
0.177999
0.181609
0.18511
0.188497
0.191771
0.194928
0.197966
0.200885
0.203681
0.206354
0.208901
0.211322
0.213615
0.215777
0.217809
0.219709
0.221475
0.223106
0.224603
0.225962
0.227185
0.22827
0.229216
0.230023
0.23069
0.231218
0.231605
0.231851
0.231957
0.231921
0.231745
0.231429
0.230971
0.230374
0.229637
0.22876
0.227744
0.226591
0.225299
0.223871
0.222307
0.220608
0.218775
0.216809
0.214712
0.212484
0.210127
0.207643
0.205032
0.202297
0.19944
0.196461
0.193363
0.190148
0.186817
0.183372
0.179817
0.176152
0.17238
0.168504
0.164525
0.160447
0.156271
0.152
0.147637
0.143184
0.138645
0.134021
0.129316
0.124532
0.119673
0.114741
0.109739
0.104671
0.0995391
0.0943469
0.0890974
0.0837938
0.0784394
0.0730373
0.0675909
0.0621035
0.0565784
0.0510189
0.0454284
0.0398104
0.0341682
0.0285052
0.022825
0.0171309
0.0114264
0.00571492
0
0
-0.0063036
-0.0126034
-0.0188955
-0.0251762
-0.0314415
-0.0376878
-0.0439112
-0.050108
-0.0562743
-0.0624064
-0.0685007
-0.0745534
-0.0805608
-0.0865193
-0.0924253
-0.0982752
-0.104065
-0.109792
-0.115453
-0.121043
-0.12656
-0.132
-0.13736
-0.142636
-0.147826
-0.152926
-0.157933
-0.162845
-0.167657
-0.172368
-0.176974
-0.181473
-0.185861
-0.190137
-0.194297
-0.198339
-0.202261
-0.20606
-0.209734
-0.213281
-0.216698
-0.219984
-0.223136
-0.226152
-0.229031
-0.231772
-0.234371
-0.236828
-0.239142
-0.24131
-0.243332
-0.245206
-0.246931
-0.248506
-0.249931
-0.251203
-0.252324
-0.253291
-0.254104
-0.254763
-0.255267
-0.255616
-0.25581
-0.255849
-0.255733
-0.255461
-0.255034
-0.254452
-0.253716
-0.252826
-0.251782
-0.250586
-0.249237
-0.247737
-0.246087
-0.244287
-0.242339
-0.240244
-0.238003
-0.235617
-0.233088
-0.230418
-0.227608
-0.22466
-0.221576
-0.218356
-0.215005
-0.211523
-0.207912
-0.204175
-0.200314
-0.196332
-0.19223
-0.188012
-0.18368
-0.179236
-0.174683
-0.170024
-0.165262
-0.1604
-0.15544
-0.150386
-0.145241
-0.140007
-0.134688
-0.129288
-0.123809
-0.118255
-0.112629
-0.106935
-0.101176
-0.0953557
-0.0894773
-0.0835445
-0.0775611
-0.0715305
-0.0654565
-0.0593428
-0.0531931
-0.0470111
-0.0408005
-0.0345651
-0.0283088
-0.0220353
-0.0157484
-0.00945194
-0.00314974
0.00315437
0.00945657
0.015753
0.0220399
0.0283134
0.0345698
0.0408051
0.0470157
0.0531977
0.0593474
0.0654611
0.0715351
0.0775656
0.0835491
0.0894818
0.0953602
0.101181
0.10694
0.112634
0.11826
0.123814
0.129293
0.134693
0.140011
0.145245
0.15039
0.155445
0.160404
0.165267
0.170029
0.174687
0.17924
0.183684
0.188016
0.192235
0.196336
0.200319
0.204179
0.207916
0.211527
0.215009
0.21836
0.22158
0.224664
0.227612
0.230422
0.233092
0.235621
0.238006
0.240247
0.242343
0.244291
0.24609
0.247741
0.249241
0.250589
0.251786
0.25283
0.25372
0.254456
0.255037
0.255464
0.255736
0.255853
0.255814
0.25562
0.25527
0.254766
0.254107
0.253294
0.252327
0.251206
0.249934
0.248509
0.246934
0.245209
0.243335
0.241313
0.239144
0.236831
0.234374
0.231774
0.229034
0.226155
0.223138
0.219986
0.2167
0.213283
0.209736
0.206062
0.202263
0.198341
0.194299
0.190139
0.185863
0.181475
0.176976
0.17237
0.167659
0.162846
0.157935
0.152928
0.147827
0.142638
0.137361
0.132001
0.126561
0.121044
0.115454
0.109793
0.104066
0.0982761
0.0924262
0.0865201
0.0805616
0.0745541
0.0685013
0.062407
0.0562748
0.0501084
0.0439116
0.0376882
0.0314418
0.0251764
0.0188957
0.0126035
0.00630366
0
0
-0.00688852
-0.0137729
-0.0206488
-0.0275123
-0.034359
-0.0411849
-0.0479858
-0.0547575
-0.061496
-0.0681972
-0.074857
-0.0814713
-0.0880361
-0.0945476
-0.101002
-0.107394
-0.113722
-0.11998
-0.126166
-0.132275
-0.138304
-0.144248
-0.150106
-0.155872
-0.161543
-0.167116
-0.172588
-0.177955
-0.183214
-0.188362
-0.193396
-0.198312
-0.203108
-0.20778
-0.212326
-0.216744
-0.221029
-0.225181
-0.229196
-0.233071
-0.236806
-0.240396
-0.243841
-0.247137
-0.250284
-0.253278
-0.256119
-0.258804
-0.261332
-0.263702
-0.265911
-0.267959
-0.269844
-0.271566
-0.273122
-0.274513
-0.275737
-0.276794
-0.277682
-0.278402
-0.278954
-0.279335
-0.279547
-0.27959
-0.279462
-0.279165
-0.278699
-0.278063
-0.277259
-0.276286
-0.275146
-0.273838
-0.272364
-0.270725
-0.268921
-0.266955
-0.264826
-0.262536
-0.260087
-0.25748
-0.254717
-0.251799
-0.248728
-0.245507
-0.242136
-0.238618
-0.234955
-0.23115
-0.227205
-0.223121
-0.218902
-0.21455
-0.210068
-0.205458
-0.200724
-0.195867
-0.190892
-0.185801
-0.180597
-0.175284
-0.169864
-0.164341
-0.158718
-0.152999
-0.147186
-0.141285
-0.135298
-0.129228
-0.123081
-0.116858
-0.110565
-0.104204
-0.0977801
-0.0912969
-0.0847582
-0.0781681
-0.0715305
-0.0648495
-0.0581291
-0.0513735
-0.0445866
-0.0377727
-0.0309358
-0.0240802
-0.0172099
-0.0103292
-0.00344223
0.00344685
0.0103338
0.0172145
0.0240848
0.0309404
0.0377773
0.0445912
0.0513781
0.0581337
0.0648541
0.0715351
0.0781727
0.0847628
0.0913014
0.0977847
0.104209
0.110569
0.116863
0.123085
0.129233
0.135302
0.14129
0.147191
0.153003
0.158722
0.164345
0.169868
0.175288
0.180602
0.185805
0.190897
0.195872
0.200728
0.205462
0.210072
0.214554
0.218906
0.223125
0.227209
0.231154
0.234959
0.238622
0.24214
0.245511
0.248732
0.251803
0.254721
0.257484
0.260091
0.26254
0.26483
0.266958
0.268925
0.270729
0.272368
0.273842
0.275149
0.27629
0.277262
0.278067
0.278702
0.279169
0.279466
0.279593
0.279551
0.279338
0.278957
0.278406
0.277685
0.276797
0.27574
0.274516
0.273125
0.271568
0.269847
0.267962
0.265914
0.263704
0.261335
0.258807
0.256121
0.25328
0.250286
0.247139
0.243843
0.240398
0.236808
0.233074
0.229198
0.225183
0.221031
0.216745
0.212328
0.207782
0.203109
0.198314
0.193397
0.188364
0.183216
0.177957
0.17259
0.167118
0.161544
0.155873
0.150107
0.14425
0.138305
0.132276
0.126167
0.119981
0.113723
0.107395
0.101002
0.0945483
0.0880369
0.081472
0.0748576
0.0681978
0.0614965
0.054758
0.0479862
0.0411852
0.0343593
0.0275125
0.020649
0.013773
0.00688858
0
0
-0.00746926
-0.014934
-0.0223896
-0.0298317
-0.0372557
-0.044657
-0.0520312
-0.0593739
-0.0666804
-0.0739466
-0.0811678
-0.0883397
-0.095458
-0.102518
-0.109516
-0.116448
-0.123309
-0.130095
-0.136802
-0.143426
-0.149963
-0.156409
-0.16276
-0.169012
-0.175162
-0.181205
-0.187138
-0.192958
-0.19866
-0.204242
-0.2097
-0.215031
-0.220231
-0.225297
-0.230226
-0.235016
-0.239663
-0.244165
-0.248518
-0.25272
-0.25677
-0.260663
-0.264398
-0.267972
-0.271384
-0.274631
-0.277711
-0.280622
-0.283364
-0.285933
-0.288329
-0.290549
-0.292593
-0.29446
-0.296148
-0.297656
-0.298983
-0.300129
-0.301092
-0.301873
-0.302471
-0.302885
-0.303115
-0.303161
-0.303023
-0.302701
-0.302195
-0.301506
-0.300633
-0.299578
-0.298342
-0.296924
-0.295326
-0.293548
-0.291593
-0.28946
-0.287152
-0.284669
-0.282014
-0.279187
-0.276191
-0.273027
-0.269698
-0.266204
-0.262549
-0.258735
-0.254763
-0.250637
-0.246359
-0.241931
-0.237357
-0.232638
-0.227778
-0.222779
-0.217646
-0.21238
-0.206985
-0.201465
-0.195823
-0.190061
-0.184184
-0.178195
-0.172099
-0.165897
-0.159595
-0.153196
-0.146704
-0.140123
-0.133457
-0.12671
-0.119886
-0.112989
-0.106024
-0.0989938
-0.0919039
-0.0847582
-0.0775611
-0.0703168
-0.0630299
-0.0557047
-0.0483457
-0.0409573
-0.0335441
-0.0261104
-0.018661
-0.0112002
-0.00373262
0.00373723
0.0112048
0.0186656
0.0261151
0.0335487
0.0409619
0.0483503
0.0557093
0.0630345
0.0703214
0.0775656
0.0847628
0.0919085
0.0989984
0.106028
0.112994
0.11989
0.126714
0.133462
0.140128
0.146709
0.153201
0.1596
0.165902
0.172103
0.1782
0.184189
0.190065
0.195827
0.201469
0.20699
0.212384
0.21765
0.222784
0.227782
0.232642
0.237361
0.241935
0.246363
0.250641
0.254767
0.258739
0.262553
0.266208
0.269701
0.273031
0.276195
0.279191
0.282018
0.284673
0.287156
0.289464
0.291597
0.293552
0.295329
0.296928
0.298345
0.299582
0.300637
0.301509
0.302198
0.302704
0.303026
0.303164
0.303118
0.302888
0.302474
0.301876
0.301095
0.300132
0.298986
0.297659
0.296151
0.294463
0.292596
0.290552
0.288331
0.285936
0.283366
0.280625
0.277713
0.274633
0.271386
0.267974
0.2644
0.260665
0.256772
0.252723
0.24852
0.244167
0.239665
0.235018
0.230228
0.225299
0.220232
0.215032
0.209702
0.204244
0.198662
0.192959
0.18714
0.181207
0.175163
0.169014
0.162761
0.15641
0.149964
0.143427
0.136803
0.130096
0.12331
0.116449
0.109517
0.102519
0.0954588
0.0883404
0.0811684
0.0739471
0.066681
0.0593743
0.0520316
0.0446573
0.0372559
0.0298319
0.0223898
0.0149341
0.00746931
0
0
-0.00804546
-0.016086
-0.0241168
-0.032133
-0.0401297
-0.048102
-0.0560451
-0.0639541
-0.0718244
-0.079651
-0.0874293
-0.0951545
-0.102822
-0.110427
-0.117965
-0.125431
-0.132822
-0.140131
-0.147356
-0.154491
-0.161532
-0.168475
-0.175316
-0.18205
-0.188674
-0.195184
-0.201575
-0.207843
-0.213986
-0.219998
-0.225877
-0.231619
-0.23722
-0.242677
-0.247987
-0.253146
-0.258151
-0.263
-0.267689
-0.272216
-0.276578
-0.280771
-0.284794
-0.288644
-0.292319
-0.295816
-0.299134
-0.302271
-0.305223
-0.307991
-0.310571
-0.312963
-0.315165
-0.317175
-0.318993
-0.320618
-0.322048
-0.323282
-0.32432
-0.325161
-0.325804
-0.32625
-0.326498
-0.326547
-0.326399
-0.326052
-0.325507
-0.324765
-0.323825
-0.322689
-0.321357
-0.31983
-0.318108
-0.316194
-0.314087
-0.31179
-0.309304
-0.30663
-0.303769
-0.300725
-0.297497
-0.294089
-0.290503
-0.28674
-0.282803
-0.278695
-0.274417
-0.269972
-0.265364
-0.260595
-0.255667
-0.250584
-0.245349
-0.239965
-0.234436
-0.228764
-0.222953
-0.217007
-0.210929
-0.204723
-0.198393
-0.191942
-0.185375
-0.178695
-0.171907
-0.165014
-0.158022
-0.150933
-0.143753
-0.136485
-0.129134
-0.121706
-0.114203
-0.106631
-0.0989938
-0.0912969
-0.0835445
-0.0757414
-0.0678924
-0.0600021
-0.0520754
-0.044117
-0.0361319
-0.0281249
-0.0201007
-0.0120644
-0.00402075
0.00402535
0.012069
0.0201053
0.0281295
0.0361365
0.0441216
0.0520799
0.0600067
0.0678969
0.075746
0.0835491
0.0913014
0.0989984
0.106635
0.114207
0.12171
0.129139
0.136489
0.143757
0.150937
0.158026
0.165019
0.171911
0.1787
0.185379
0.191947
0.198397
0.204727
0.210933
0.217011
0.222957
0.228768
0.23444
0.23997
0.245353
0.250588
0.255671
0.260599
0.265368
0.269976
0.274421
0.278699
0.282807
0.286744
0.290507
0.294093
0.297501
0.300728
0.303773
0.306633
0.309308
0.311794
0.314091
0.316197
0.318112
0.319833
0.32136
0.322692
0.323828
0.324768
0.32551
0.326055
0.326402
0.326551
0.326501
0.326253
0.325807
0.325164
0.324323
0.323285
0.322051
0.320621
0.318996
0.317178
0.315168
0.312966
0.310574
0.307993
0.305226
0.302273
0.299137
0.295819
0.292321
0.288647
0.284796
0.280773
0.27658
0.272218
0.267692
0.263002
0.258154
0.253148
0.247989
0.242679
0.237222
0.23162
0.225879
0.22
0.213987
0.207845
0.201576
0.195185
0.188676
0.182052
0.175317
0.168476
0.161533
0.154492
0.147357
0.140132
0.132822
0.125432
0.117966
0.110428
0.102823
0.0951552
0.0874299
0.0796516
0.0718249
0.0639546
0.0560455
0.0481023
0.04013
0.0321332
0.024117
0.0160861
0.00804552
0
0
-0.00861678
-0.0172283
-0.0258294
-0.0344148
-0.0429793
-0.0515177
-0.0600249
-0.0684956
-0.0769247
-0.0853071
-0.0936378
-0.101912
-0.110123
-0.118269
-0.126342
-0.134338
-0.142253
-0.150082
-0.157819
-0.165461
-0.173002
-0.180439
-0.187765
-0.194978
-0.202072
-0.209044
-0.215889
-0.222602
-0.229181
-0.23562
-0.241917
-0.248066
-0.254065
-0.25991
-0.265597
-0.271122
-0.276483
-0.281676
-0.286698
-0.291547
-0.296218
-0.300709
-0.305018
-0.309141
-0.313077
-0.316823
-0.320376
-0.323735
-0.326898
-0.329861
-0.332625
-0.335187
-0.337545
-0.339698
-0.341646
-0.343385
-0.344917
-0.346238
-0.34735
-0.348251
-0.34894
-0.349418
-0.349683
-0.349736
-0.349577
-0.349205
-0.348622
-0.347827
-0.34682
-0.345603
-0.344177
-0.342541
-0.340698
-0.338647
-0.336391
-0.333931
-0.331268
-0.328404
-0.32534
-0.322079
-0.318623
-0.314973
-0.311132
-0.307102
-0.302885
-0.298485
-0.293903
-0.289143
-0.284208
-0.2791
-0.273822
-0.268379
-0.262772
-0.257006
-0.251083
-0.245009
-0.238785
-0.232417
-0.225907
-0.219261
-0.212481
-0.205572
-0.198539
-0.191385
-0.184114
-0.176732
-0.169243
-0.161651
-0.153961
-0.146177
-0.138305
-0.130348
-0.122313
-0.114203
-0.106024
-0.0977801
-0.0894773
-0.0811201
-0.0727136
-0.064263
-0.0557734
-0.04725
-0.0386978
-0.0301222
-0.0215283
-0.0129213
-0.00430643
0.00431103
0.0129259
0.0215329
0.0301268
0.0387024
0.0472546
0.055778
0.0642676
0.0727182
0.0811246
0.0894818
0.0977847
0.106028
0.114207
0.122317
0.130353
0.138309
0.146181
0.153965
0.161655
0.169247
0.176737
0.184119
0.191389
0.198543
0.205577
0.212485
0.219265
0.225912
0.232421
0.23879
0.245013
0.251088
0.25701
0.262776
0.268383
0.273826
0.279104
0.284212
0.289148
0.293907
0.298489
0.302889
0.307106
0.311136
0.314977
0.318627
0.322083
0.325344
0.328408
0.331272
0.333935
0.336395
0.338651
0.340701
0.342545
0.34418
0.345607
0.346824
0.34783
0.348625
0.349209
0.34958
0.349739
0.349686
0.349421
0.348943
0.348254
0.347353
0.346241
0.344919
0.343388
0.341648
0.339701
0.337548
0.33519
0.332628
0.329864
0.3269
0.323738
0.320379
0.316825
0.313079
0.309143
0.30502
0.300711
0.29622
0.291549
0.286701
0.281678
0.276485
0.271124
0.265598
0.259912
0.254067
0.248068
0.241918
0.235622
0.229183
0.222604
0.21589
0.209045
0.202074
0.194979
0.187767
0.18044
0.173004
0.165462
0.157821
0.150083
0.142254
0.134339
0.126343
0.118269
0.110124
0.101912
0.0936384
0.0853077
0.0769252
0.068496
0.0600253
0.0515181
0.0429796
0.034415
0.0258296
0.0172284
0.00861683
0
0
-0.00918286
-0.0183602
-0.0275263
-0.0366757
-0.0458029
-0.0549022
-0.0639683
-0.0729955
-0.0819783
-0.0909114
-0.0997894
-0.108607
-0.117358
-0.126038
-0.134642
-0.143164
-0.151599
-0.159942
-0.168188
-0.176331
-0.184368
-0.192293
-0.200101
-0.207787
-0.215348
-0.222777
-0.230072
-0.237226
-0.244237
-0.2511
-0.25781
-0.264363
-0.270756
-0.276985
-0.283045
-0.288934
-0.294647
-0.300181
-0.305533
-0.3107
-0.315678
-0.320464
-0.325056
-0.32945
-0.333645
-0.337637
-0.341424
-0.345003
-0.348373
-0.351532
-0.354477
-0.357207
-0.35972
-0.362015
-0.36409
-0.365944
-0.367576
-0.368985
-0.370169
-0.371129
-0.371864
-0.372373
-0.372656
-0.372712
-0.372542
-0.372147
-0.371525
-0.370677
-0.369605
-0.368308
-0.366788
-0.365045
-0.36308
-0.360895
-0.358491
-0.355869
-0.353031
-0.349979
-0.346714
-0.343239
-0.339555
-0.335665
-0.331572
-0.327277
-0.322784
-0.318094
-0.313212
-0.308139
-0.302879
-0.297436
-0.291811
-0.28601
-0.280035
-0.27389
-0.267579
-0.261105
-0.254473
-0.247686
-0.240749
-0.233665
-0.22644
-0.219078
-0.211582
-0.203958
-0.19621
-0.188343
-0.180362
-0.172271
-0.164075
-0.15578
-0.147391
-0.138912
-0.130348
-0.121706
-0.112989
-0.104204
-0.0953557
-0.0864494
-0.0774907
-0.068485
-0.0594377
-0.0503543
-0.0412403
-0.0321013
-0.0229427
-0.0137703
-0.0045895
0.00459409
0.0137749
0.0229473
0.0321058
0.0412448
0.0503588
0.0594422
0.0684896
0.0774953
0.086454
0.0953602
0.104209
0.112994
0.12171
0.130353
0.138916
0.147395
0.155785
0.16408
0.172275
0.180366
0.188347
0.196214
0.203962
0.211586
0.219082
0.226445
0.23367
0.240753
0.24769
0.254477
0.261109
0.267583
0.273894
0.280039
0.286014
0.291816
0.29744
0.302883
0.308143
0.313216
0.318098
0.322788
0.327281
0.331576
0.335669
0.339559
0.343243
0.346718
0.349982
0.353035
0.355872
0.358494
0.360898
0.363084
0.365048
0.366791
0.368312
0.369608
0.370681
0.371528
0.37215
0.372546
0.372715
0.372659
0.372376
0.371867
0.371132
0.370172
0.368988
0.367579
0.365947
0.364093
0.362018
0.359723
0.35721
0.35448
0.351535
0.348376
0.345006
0.341426
0.337639
0.333647
0.329453
0.325058
0.320466
0.31568
0.310702
0.305535
0.300183
0.294649
0.288936
0.283047
0.276987
0.270758
0.264365
0.257811
0.251101
0.244239
0.237228
0.230073
0.222779
0.215349
0.207789
0.200102
0.192294
0.184369
0.176332
0.168189
0.159943
0.1516
0.143165
0.134643
0.126039
0.117359
0.108607
0.09979
0.090912
0.0819788
0.0729959
0.0639687
0.0549026
0.0458032
0.0366759
0.0275265
0.0183603
0.00918292
0
0
-0.00974337
-0.0194808
-0.0292065
-0.0389144
-0.0485986
-0.0582534
-0.0678728
-0.077451
-0.0869822
-0.0964606
-0.10588
-0.115236
-0.124521
-0.133731
-0.14286
-0.151902
-0.160852
-0.169704
-0.178454
-0.187094
-0.195622
-0.20403
-0.212315
-0.22047
-0.228492
-0.236375
-0.244115
-0.251706
-0.259145
-0.266426
-0.273546
-0.280499
-0.287283
-0.293891
-0.300322
-0.30657
-0.312632
-0.318504
-0.324183
-0.329665
-0.334946
-0.340025
-0.344897
-0.34956
-0.35401
-0.358246
-0.362264
-0.366062
-0.369638
-0.372989
-0.376114
-0.379011
-0.381677
-0.384112
-0.386314
-0.388281
-0.390013
-0.391507
-0.392764
-0.393783
-0.394562
-0.395102
-0.395402
-0.395462
-0.395282
-0.394862
-0.394202
-0.393303
-0.392165
-0.390789
-0.389176
-0.387327
-0.385242
-0.382923
-0.380373
-0.377591
-0.37458
-0.371341
-0.367877
-0.36419
-0.360281
-0.356154
-0.351811
-0.347254
-0.342486
-0.33751
-0.33233
-0.326948
-0.321367
-0.315591
-0.309623
-0.303468
-0.297128
-0.290608
-0.283911
-0.277042
-0.270005
-0.262804
-0.255444
-0.247928
-0.240262
-0.23245
-0.224497
-0.216407
-0.208187
-0.199839
-0.191371
-0.182786
-0.17409
-0.165289
-0.156387
-0.147391
-0.138305
-0.129134
-0.119886
-0.110565
-0.101176
-0.0917263
-0.0822208
-0.0726654
-0.0630658
-0.053428
-0.0437577
-0.0340608
-0.0243433
-0.014611
-0.00486979
0.00487436
0.0146155
0.0243479
0.0340654
0.0437622
0.0534325
0.0630704
0.0726699
0.0822254
0.0917309
0.101181
0.110569
0.11989
0.129139
0.138309
0.147395
0.156392
0.165294
0.174095
0.182791
0.191375
0.199844
0.208191
0.216412
0.224501
0.232454
0.240266
0.247932
0.255448
0.262809
0.27001
0.277047
0.283916
0.290612
0.297132
0.303472
0.309627
0.315595
0.321371
0.326952
0.332334
0.337514
0.34249
0.347258
0.351815
0.356158
0.360285
0.364194
0.367881
0.371345
0.374583
0.377594
0.380376
0.382927
0.385246
0.38733
0.38918
0.390793
0.392169
0.393306
0.394206
0.394865
0.395285
0.395465
0.395405
0.395105
0.394565
0.393786
0.392767
0.39151
0.390015
0.388284
0.386317
0.384115
0.38168
0.379014
0.376117
0.372992
0.36964
0.366064
0.362266
0.358248
0.354013
0.349562
0.344899
0.340027
0.334949
0.329667
0.324185
0.318506
0.312634
0.306572
0.300324
0.293893
0.287284
0.280501
0.273548
0.266428
0.259147
0.251708
0.244117
0.236377
0.228494
0.220472
0.212316
0.204031
0.195623
0.187095
0.178455
0.169705
0.160853
0.151903
0.142861
0.133732
0.124522
0.115237
0.105881
0.0964611
0.0869827
0.0774515
0.0678732
0.0582538
0.0485989
0.0389146
0.0292066
0.0194809
0.00974343
0
0
-0.010298
-0.0205897
-0.0308689
-0.0411294
-0.0513649
-0.0615692
-0.0717362
-0.0818596
-0.0919333
-0.101951
-0.111907
-0.121795
-0.131609
-0.141344
-0.150992
-0.160549
-0.170008
-0.179364
-0.188611
-0.197744
-0.206756
-0.215643
-0.2244
-0.23302
-0.241498
-0.24983
-0.25801
-0.266034
-0.273896
-0.281591
-0.289116
-0.296466
-0.303635
-0.31062
-0.317416
-0.32402
-0.330427
-0.336633
-0.342635
-0.348429
-0.354012
-0.359379
-0.364529
-0.369457
-0.37416
-0.378637
-0.382884
-0.386898
-0.390678
-0.39422
-0.397523
-0.400584
-0.403403
-0.405976
-0.408303
-0.410382
-0.412212
-0.413792
-0.41512
-0.416197
-0.417021
-0.417591
-0.417909
-0.417972
-0.417782
-0.417338
-0.41664
-0.41569
-0.414487
-0.413033
-0.411328
-0.409373
-0.40717
-0.40472
-0.402023
-0.399083
-0.395901
-0.392478
-0.388817
-0.38492
-0.380789
-0.376427
-0.371836
-0.36702
-0.361981
-0.356722
-0.351246
-0.345558
-0.339659
-0.333554
-0.327247
-0.320741
-0.314041
-0.30715
-0.300072
-0.292812
-0.285374
-0.277763
-0.269984
-0.26204
-0.253938
-0.245681
-0.237275
-0.228725
-0.220037
-0.211214
-0.202264
-0.19319
-0.184
-0.174697
-0.165289
-0.15578
-0.146177
-0.136485
-0.12671
-0.116858
-0.106935
-0.0969476
-0.086901
-0.0768016
-0.0666557
-0.0564692
-0.0462485
-0.0359997
-0.025729
-0.0154428
-0.00514711
0.00515167
0.0154473
0.0257336
0.0360043
0.046253
0.0564738
0.0666602
0.0768062
0.0869055
0.0969521
0.10694
0.116863
0.126714
0.136489
0.146181
0.155785
0.165294
0.174702
0.184004
0.193195
0.202268
0.211219
0.220041
0.22873
0.23728
0.245686
0.253942
0.262045
0.269988
0.277768
0.285379
0.292816
0.300076
0.307154
0.314045
0.320745
0.327251
0.333558
0.339663
0.345562
0.35125
0.356726
0.361985
0.367024
0.37184
0.376431
0.380793
0.384923
0.388821
0.392482
0.395904
0.399087
0.402027
0.404723
0.407174
0.409377
0.411332
0.413037
0.414491
0.415693
0.416644
0.417341
0.417785
0.417975
0.417912
0.417595
0.417024
0.4162
0.415123
0.413795
0.412215
0.410385
0.408306
0.405979
0.403405
0.400587
0.397525
0.394222
0.39068
0.386901
0.382886
0.37864
0.374163
0.369459
0.364531
0.359382
0.354014
0.348431
0.342637
0.336635
0.330429
0.324022
0.317418
0.310622
0.303637
0.296467
0.289118
0.281593
0.273897
0.266035
0.258012
0.249831
0.241499
0.233021
0.224401
0.215645
0.206758
0.197745
0.188612
0.179365
0.170009
0.16055
0.150993
0.141344
0.13161
0.121796
0.111908
0.101952
0.0919338
0.08186
0.0717366
0.0615696
0.0513652
0.0411296
0.0308691
0.0205898
0.010298
0
0
-0.0108463
-0.021686
-0.0325126
-0.0433194
-0.0541
-0.0648476
-0.075556
-0.0862184
-0.0968285
-0.10738
-0.117866
-0.128281
-0.138617
-0.14887
-0.159032
-0.169098
-0.17906
-0.188915
-0.198654
-0.208273
-0.217766
-0.227126
-0.236348
-0.245427
-0.254357
-0.263133
-0.271749
-0.280199
-0.28848
-0.296586
-0.304511
-0.312252
-0.319803
-0.32716
-0.334318
-0.341273
-0.348021
-0.354558
-0.36088
-0.366982
-0.372862
-0.378515
-0.383939
-0.389129
-0.394084
-0.398799
-0.403272
-0.4075
-0.41148
-0.415211
-0.41869
-0.421914
-0.424883
-0.427593
-0.430044
-0.432234
-0.434162
-0.435825
-0.437225
-0.438359
-0.439226
-0.439827
-0.440161
-0.440228
-0.440028
-0.43956
-0.438826
-0.437825
-0.436558
-0.435026
-0.43323
-0.431172
-0.428851
-0.42627
-0.42343
-0.420334
-0.416982
-0.413377
-0.40952
-0.405416
-0.401065
-0.396471
-0.391636
-0.386563
-0.381255
-0.375716
-0.369949
-0.363958
-0.357745
-0.351315
-0.344672
-0.33782
-0.330763
-0.323505
-0.31605
-0.308404
-0.30057
-0.292554
-0.28436
-0.275994
-0.26746
-0.258763
-0.24991
-0.240905
-0.231753
-0.222461
-0.213034
-0.203478
-0.193797
-0.184
-0.17409
-0.164075
-0.153961
-0.143753
-0.133457
-0.123081
-0.112629
-0.10211
-0.0915284
-0.0808913
-0.070205
-0.0594762
-0.0487112
-0.0379167
-0.0270992
-0.0162652
-0.00542131
0.00542586
0.0162697
0.0271037
0.0379213
0.0487158
0.0594807
0.0702096
0.0808958
0.0915329
0.102114
0.112634
0.123085
0.133462
0.143757
0.153965
0.16408
0.174095
0.184004
0.193802
0.203482
0.213038
0.222466
0.231758
0.240909
0.249914
0.258768
0.267464
0.275998
0.284364
0.292558
0.300574
0.308408
0.316054
0.323509
0.330767
0.337824
0.344677
0.35132
0.357749
0.363962
0.369953
0.37572
0.381259
0.386567
0.391639
0.396474
0.401069
0.40542
0.409524
0.41338
0.416985
0.420337
0.423434
0.426274
0.428855
0.431175
0.433234
0.43503
0.436561
0.437828
0.438829
0.439563
0.440031
0.440231
0.440164
0.43983
0.439229
0.438362
0.437228
0.435828
0.434165
0.432237
0.430047
0.427596
0.424886
0.421917
0.418693
0.415214
0.411483
0.407502
0.403274
0.398801
0.394086
0.389132
0.383941
0.378518
0.372864
0.366985
0.360882
0.35456
0.348023
0.341275
0.33432
0.327162
0.319805
0.312253
0.304513
0.296587
0.288482
0.280201
0.27175
0.263134
0.254359
0.245429
0.23635
0.227127
0.217767
0.208274
0.198655
0.188916
0.179061
0.169098
0.159033
0.148871
0.138618
0.128281
0.117867
0.10738
0.096829
0.0862188
0.0755563
0.064848
0.0541002
0.0433197
0.0325128
0.0216862
0.0108464
0
0
-0.0113881
-0.0227692
-0.0341366
-0.0454832
-0.0568022
-0.0680867
-0.0793299
-0.0905249
-0.101665
-0.112743
-0.123753
-0.134688
-0.145541
-0.156306
-0.166975
-0.177544
-0.188004
-0.198351
-0.208577
-0.218676
-0.228643
-0.238471
-0.248154
-0.257686
-0.267062
-0.276276
-0.285322
-0.294195
-0.302889
-0.3114
-0.319721
-0.327848
-0.335777
-0.343501
-0.351017
-0.358319
-0.365405
-0.372268
-0.378905
-0.385313
-0.391486
-0.397422
-0.403116
-0.408566
-0.413768
-0.418718
-0.423414
-0.427854
-0.432033
-0.43595
-0.439603
-0.442989
-0.446105
-0.448951
-0.451525
-0.453824
-0.455847
-0.457594
-0.459064
-0.460254
-0.461165
-0.461796
-0.462147
-0.462217
-0.462006
-0.461515
-0.460744
-0.459693
-0.458364
-0.456755
-0.45487
-0.452708
-0.450272
-0.447562
-0.44458
-0.441329
-0.437809
-0.434024
-0.429975
-0.425666
-0.421098
-0.416274
-0.411197
-0.405871
-0.400299
-0.394483
-0.388428
-0.382137
-0.375614
-0.368863
-0.361888
-0.354694
-0.347284
-0.339663
-0.331836
-0.323808
-0.315583
-0.307166
-0.298563
-0.289779
-0.280819
-0.271688
-0.262393
-0.252938
-0.243329
-0.233573
-0.223675
-0.213641
-0.203478
-0.19319
-0.182786
-0.172271
-0.161651
-0.150933
-0.140123
-0.129228
-0.118255
-0.10721
-0.0961002
-0.0849318
-0.0737118
-0.0624471
-0.0511444
-0.0398107
-0.0284529
-0.0170777
-0.00569222
0.00569675
0.0170823
0.0284574
0.0398153
0.051149
0.0624516
0.0737163
0.0849363
0.0961047
0.107215
0.11826
0.129233
0.140128
0.150937
0.161655
0.172275
0.182791
0.193195
0.203482
0.213645
0.223679
0.233577
0.243333
0.252942
0.262397
0.271693
0.280823
0.289783
0.298568
0.307171
0.315587
0.323812
0.331841
0.339667
0.347288
0.354698
0.361893
0.368867
0.375618
0.382141
0.388432
0.394487
0.400303
0.405875
0.411201
0.416278
0.421101
0.42567
0.429979
0.434028
0.437813
0.441332
0.444584
0.447565
0.450275
0.452712
0.454873
0.456759
0.458367
0.459697
0.460748
0.461519
0.46201
0.46222
0.46215
0.461799
0.461168
0.460257
0.459067
0.457597
0.45585
0.453827
0.451527
0.448954
0.446108
0.442991
0.439606
0.435953
0.432036
0.427856
0.423417
0.418721
0.41377
0.408568
0.403119
0.397424
0.391488
0.385315
0.378907
0.37227
0.365407
0.358321
0.351019
0.343503
0.335778
0.32785
0.319723
0.311401
0.302891
0.294197
0.285324
0.276277
0.267064
0.257687
0.248155
0.238472
0.228644
0.218677
0.208578
0.198352
0.188005
0.177545
0.166976
0.156306
0.145542
0.134689
0.123754
0.112744
0.101665
0.0905253
0.0793303
0.068087
0.0568025
0.0454834
0.0341367
0.0227693
0.0113881
0
0
-0.0119229
-0.0238386
-0.0357398
-0.0476193
-0.0594699
-0.0712844
-0.0830556
-0.0947764
-0.10644
-0.118038
-0.129565
-0.141014
-0.152376
-0.163647
-0.174817
-0.185882
-0.196834
-0.207666
-0.218373
-0.228946
-0.239381
-0.249671
-0.259808
-0.269788
-0.279605
-0.289251
-0.298722
-0.308012
-0.317115
-0.326025
-0.334737
-0.343246
-0.351546
-0.359634
-0.367502
-0.375148
-0.382566
-0.389752
-0.396701
-0.403409
-0.409872
-0.416087
-0.422049
-0.427754
-0.4332
-0.438383
-0.4433
-0.447948
-0.452324
-0.456425
-0.460249
-0.463794
-0.467057
-0.470036
-0.472731
-0.475138
-0.477256
-0.479085
-0.480624
-0.48187
-0.482824
-0.483485
-0.483852
-0.483925
-0.483705
-0.483191
-0.482383
-0.481283
-0.479891
-0.478207
-0.476233
-0.47397
-0.471419
-0.468582
-0.46546
-0.462056
-0.458371
-0.454408
-0.450169
-0.445657
-0.440875
-0.435824
-0.430509
-0.424933
-0.419099
-0.41301
-0.406671
-0.400084
-0.393255
-0.386187
-0.378885
-0.371352
-0.363594
-0.355616
-0.347421
-0.339016
-0.330405
-0.321593
-0.312586
-0.303389
-0.294008
-0.284448
-0.274716
-0.264817
-0.254757
-0.244543
-0.23418
-0.223675
-0.213034
-0.202264
-0.191371
-0.180362
-0.169243
-0.158022
-0.146704
-0.135298
-0.123809
-0.112246
-0.100614
-0.0889207
-0.0771738
-0.06538
-0.0535465
-0.0416806
-0.0297893
-0.0178799
-0.00595967
0.00596419
0.0178844
0.0297938
0.0416851
0.0535511
0.0653845
0.0771783
0.0889252
0.100618
0.11225
0.123814
0.135302
0.146709
0.158026
0.169247
0.180366
0.191375
0.202268
0.213038
0.223679
0.234184
0.244547
0.254762
0.264821
0.27472
0.284453
0.294012
0.303393
0.31259
0.321597
0.330409
0.33902
0.347425
0.35562
0.363599
0.371356
0.378889
0.386191
0.393259
0.400088
0.406675
0.413014
0.419103
0.424937
0.430513
0.435828
0.440878
0.445661
0.450173
0.454412
0.458375
0.46206
0.465464
0.468585
0.471422
0.473973
0.476236
0.47821
0.479894
0.481287
0.482387
0.483194
0.483708
0.483928
0.483855
0.483488
0.482827
0.481873
0.480627
0.479088
0.477259
0.475141
0.472733
0.470039
0.46706
0.463796
0.460252
0.456428
0.452326
0.447951
0.443303
0.438386
0.433203
0.427757
0.422051
0.416089
0.409875
0.403411
0.396703
0.389754
0.382568
0.37515
0.367504
0.359635
0.351548
0.343248
0.334739
0.326026
0.317116
0.308014
0.298724
0.289253
0.279606
0.26979
0.25981
0.249672
0.239382
0.228948
0.218374
0.207667
0.196835
0.185883
0.174818
0.163647
0.152377
0.141014
0.129566
0.118039
0.10644
0.0947769
0.083056
0.0712847
0.0594702
0.0476195
0.03574
0.0238387
0.011923
0
0
-0.0124505
-0.0248935
-0.0373213
-0.0497265
-0.0621016
-0.0744389
-0.086731
-0.0989704
-0.11115
-0.123262
-0.135299
-0.147254
-0.159119
-0.170888
-0.182553
-0.194108
-0.205544
-0.216856
-0.228036
-0.239078
-0.249974
-0.260719
-0.271305
-0.281727
-0.291978
-0.302051
-0.311941
-0.321642
-0.331147
-0.340452
-0.349549
-0.358435
-0.367103
-0.375548
-0.383765
-0.391749
-0.399495
-0.406999
-0.414255
-0.421261
-0.42801
-0.434499
-0.440725
-0.446683
-0.45237
-0.457783
-0.462917
-0.46777
-0.47234
-0.476623
-0.480616
-0.484317
-0.487725
-0.490836
-0.49365
-0.496163
-0.498376
-0.500286
-0.501892
-0.503193
-0.50419
-0.504879
-0.505263
-0.50534
-0.505109
-0.504573
-0.50373
-0.502581
-0.501127
-0.499368
-0.497307
-0.494944
-0.49228
-0.489317
-0.486058
-0.482503
-0.478655
-0.474517
-0.47009
-0.465378
-0.460384
-0.45511
-0.44956
-0.443737
-0.437645
-0.431287
-0.424667
-0.417789
-0.410657
-0.403277
-0.395651
-0.387785
-0.379684
-0.371352
-0.362795
-0.354018
-0.345026
-0.335824
-0.326418
-0.316814
-0.307018
-0.297036
-0.286873
-0.276536
-0.266031
-0.255364
-0.244543
-0.233573
-0.222461
-0.211214
-0.199839
-0.188343
-0.176732
-0.165014
-0.153196
-0.141285
-0.129288
-0.117213
-0.105066
-0.0928557
-0.080589
-0.0682733
-0.0559162
-0.0435251
-0.0311076
-0.0186712
-0.0062235
0.006228
0.0186757
0.0311121
0.0435296
0.0559207
0.0682778
0.0805935
0.0928602
0.105071
0.117217
0.129293
0.14129
0.153201
0.165019
0.176737
0.188347
0.199844
0.211219
0.222466
0.233577
0.244547
0.255369
0.266035
0.27654
0.286877
0.29704
0.307022
0.316819
0.326422
0.335828
0.34503
0.354022
0.362799
0.371357
0.379688
0.387789
0.395655
0.403281
0.410661
0.417793
0.42467
0.43129
0.437649
0.443741
0.449564
0.455114
0.460388
0.465382
0.470094
0.47452
0.478659
0.482506
0.486061
0.489321
0.492283
0.494947
0.49731
0.499372
0.50113
0.502584
0.503733
0.504576
0.505113
0.505343
0.505266
0.504883
0.504193
0.503197
0.501895
0.500289
0.498379
0.496166
0.493652
0.490839
0.487728
0.48432
0.480618
0.476625
0.472342
0.467773
0.46292
0.457785
0.452373
0.446686
0.440727
0.434502
0.428012
0.421263
0.414258
0.407001
0.399497
0.391751
0.383767
0.37555
0.367105
0.358437
0.349551
0.340453
0.331149
0.321643
0.311943
0.302053
0.291979
0.281728
0.271307
0.26072
0.249975
0.239079
0.228037
0.216857
0.205545
0.194109
0.182554
0.170889
0.15912
0.147254
0.135299
0.123262
0.11115
0.0989709
0.0867314
0.0744392
0.0621018
0.0497268
0.0373215
0.0248936
0.0124506
0
0
-0.0129706
-0.0259333
-0.0388802
-0.0518036
-0.0646955
-0.0775481
-0.0903537
-0.103104
-0.115792
-0.12841
-0.14095
-0.153404
-0.165766
-0.178026
-0.190178
-0.202215
-0.21413
-0.225914
-0.237561
-0.249064
-0.260415
-0.271609
-0.282638
-0.293495
-0.304173
-0.314668
-0.324971
-0.335077
-0.344979
-0.354672
-0.36415
-0.373407
-0.382436
-0.391234
-0.399794
-0.408112
-0.416182
-0.423999
-0.431559
-0.438856
-0.445888
-0.452648
-0.459134
-0.465341
-0.471265
-0.476904
-0.482253
-0.487309
-0.492069
-0.496531
-0.500691
-0.504547
-0.508097
-0.511338
-0.514269
-0.516888
-0.519193
-0.521182
-0.522856
-0.524212
-0.525249
-0.525968
-0.526367
-0.526447
-0.526207
-0.525648
-0.52477
-0.523573
-0.522058
-0.520227
-0.518079
-0.515617
-0.512842
-0.509756
-0.50636
-0.502656
-0.498648
-0.494337
-0.489726
-0.484817
-0.479614
-0.47412
-0.468338
-0.462272
-0.455925
-0.449301
-0.442405
-0.435239
-0.42781
-0.420121
-0.412177
-0.403983
-0.395543
-0.386864
-0.377949
-0.368805
-0.359437
-0.349851
-0.340052
-0.330047
-0.319842
-0.309443
-0.298855
-0.288086
-0.277143
-0.266031
-0.254757
-0.243329
-0.231753
-0.220037
-0.208187
-0.19621
-0.184114
-0.171907
-0.159595
-0.147186
-0.134688
-0.122109
-0.109455
-0.0967343
-0.0839552
-0.0711251
-0.0582518
-0.0453432
-0.032407
-0.0194512
-0.00648355
0.00648804
0.0194557
0.0324115
0.0453477
0.0582563
0.0711296
0.0839597
0.0967388
0.109459
0.122113
0.134693
0.147191
0.1596
0.171911
0.184119
0.196214
0.208191
0.220041
0.231758
0.243333
0.254762
0.266035
0.277147
0.288091
0.298859
0.309447
0.319846
0.330052
0.340057
0.349855
0.359441
0.368809
0.377953
0.386868
0.395547
0.403987
0.412181
0.420125
0.427814
0.435243
0.442409
0.449305
0.455929
0.462276
0.468342
0.474124
0.479618
0.484821
0.489729
0.494341
0.498652
0.50266
0.506363
0.509759
0.512846
0.515621
0.518083
0.52023
0.522062
0.523576
0.524773
0.525652
0.526211
0.52645
0.52637
0.525971
0.525252
0.524215
0.522859
0.521185
0.519196
0.516891
0.514272
0.511341
0.508099
0.50455
0.500693
0.496533
0.492072
0.487311
0.482255
0.476906
0.471268
0.465343
0.459136
0.45265
0.44589
0.438858
0.431561
0.424001
0.416184
0.408114
0.399796
0.391236
0.382438
0.373408
0.364152
0.354674
0.344981
0.335078
0.324972
0.314669
0.304175
0.293496
0.282639
0.27161
0.260416
0.249065
0.237562
0.225915
0.214131
0.202216
0.190179
0.178027
0.165766
0.153405
0.140951
0.128411
0.115793
0.103105
0.090354
0.0775484
0.0646958
0.0518038
0.0388804
0.0259334
0.0129706
0
0
-0.0134827
-0.0269573
-0.0404155
-0.0538492
-0.0672501
-0.0806103
-0.0939215
-0.107176
-0.120365
-0.133481
-0.146516
-0.159462
-0.172311
-0.185056
-0.197688
-0.2102
-0.222585
-0.234835
-0.246942
-0.258899
-0.270698
-0.282334
-0.293798
-0.305084
-0.316184
-0.327093
-0.337803
-0.348308
-0.358601
-0.368677
-0.378529
-0.388151
-0.397538
-0.406683
-0.415581
-0.424227
-0.432616
-0.440741
-0.4486
-0.456186
-0.463494
-0.470522
-0.477264
-0.483716
-0.489874
-0.495736
-0.501296
-0.506551
-0.5115
-0.516137
-0.520462
-0.52447
-0.52816
-0.531529
-0.534576
-0.537298
-0.539694
-0.541762
-0.543502
-0.544911
-0.54599
-0.546737
-0.547152
-0.547235
-0.546986
-0.546405
-0.545492
-0.544248
-0.542673
-0.540769
-0.538537
-0.535978
-0.533093
-0.529885
-0.526355
-0.522505
-0.518338
-0.513857
-0.509064
-0.503961
-0.498553
-0.492842
-0.486831
-0.480526
-0.473928
-0.467043
-0.459874
-0.452426
-0.444703
-0.436711
-0.428453
-0.419935
-0.411162
-0.40214
-0.392873
-0.383368
-0.37363
-0.363666
-0.35348
-0.34308
-0.332472
-0.321662
-0.310656
-0.299462
-0.288086
-0.276536
-0.264817
-0.252938
-0.240905
-0.228725
-0.216407
-0.203958
-0.191385
-0.178695
-0.165897
-0.152999
-0.140007
-0.12693
-0.113777
-0.100554
-0.0872705
-0.0739337
-0.0605521
-0.0471338
-0.0336868
-0.0202194
-0.00673966
0.00674414
0.0202238
0.0336913
0.0471382
0.0605566
0.0739382
0.0872749
0.100559
0.113781
0.126935
0.140011
0.153003
0.165902
0.1787
0.191389
0.203962
0.216412
0.22873
0.240909
0.252942
0.264821
0.27654
0.288091
0.299467
0.310661
0.321666
0.332476
0.343084
0.353484
0.36367
0.373635
0.383372
0.392877
0.402144
0.411166
0.419939
0.428457
0.436715
0.444707
0.45243
0.459878
0.467047
0.473932
0.480529
0.486835
0.492845
0.498557
0.503965
0.509067
0.513861
0.518342
0.522509
0.526358
0.529888
0.533096
0.535981
0.53854
0.540773
0.542676
0.544251
0.545495
0.546408
0.546989
0.547238
0.547155
0.54674
0.545993
0.544914
0.543505
0.541765
0.539697
0.537301
0.534579
0.531532
0.528163
0.524473
0.520464
0.51614
0.511502
0.506554
0.501298
0.495738
0.489877
0.483718
0.477266
0.470524
0.463497
0.456188
0.448602
0.440743
0.432618
0.424229
0.415583
0.406685
0.39754
0.388153
0.378531
0.368679
0.358603
0.34831
0.337805
0.327094
0.316186
0.305085
0.293799
0.282335
0.2707
0.2589
0.246943
0.234836
0.222586
0.210201
0.197689
0.185057
0.172312
0.159463
0.146516
0.133481
0.120365
0.107176
0.0939219
0.0806106
0.0672504
0.0538494
0.0404157
0.0269574
0.0134828
0
0
-0.0139867
-0.027965
-0.0419263
-0.0558621
-0.069764
-0.0836235
-0.0974323
-0.111182
-0.124864
-0.13847
-0.151993
-0.165423
-0.178752
-0.191973
-0.205078
-0.218058
-0.230905
-0.243613
-0.256172
-0.268576
-0.280817
-0.292888
-0.30478
-0.316488
-0.328004
-0.33932
-0.35043
-0.361328
-0.372006
-0.382459
-0.392679
-0.402661
-0.412398
-0.421885
-0.431116
-0.440085
-0.448787
-0.457217
-0.465368
-0.473238
-0.48082
-0.48811
-0.495104
-0.501797
-0.508186
-0.514266
-0.520034
-0.525486
-0.53062
-0.535431
-0.539917
-0.544075
-0.547903
-0.551398
-0.554559
-0.557383
-0.559868
-0.562014
-0.563818
-0.56528
-0.566399
-0.567174
-0.567605
-0.567691
-0.567433
-0.56683
-0.565882
-0.564592
-0.562958
-0.560983
-0.558667
-0.556013
-0.55302
-0.549692
-0.54603
-0.542037
-0.537714
-0.533065
-0.528093
-0.522799
-0.517189
-0.511264
-0.505029
-0.498488
-0.491644
-0.484501
-0.477064
-0.469338
-0.461327
-0.453035
-0.444469
-0.435632
-0.426532
-0.417172
-0.407559
-0.397699
-0.387597
-0.37726
-0.366693
-0.355905
-0.3449
-0.333686
-0.322269
-0.310656
-0.298855
-0.286873
-0.274716
-0.262393
-0.24991
-0.237275
-0.224497
-0.211582
-0.198539
-0.185375
-0.172099
-0.158718
-0.145241
-0.131675
-0.11803
-0.104313
-0.0905327
-0.0766975
-0.0628157
-0.0488957
-0.0349461
-0.0209753
-0.00699168
0.00699614
0.0209797
0.0349506
0.0489002
0.0628201
0.0767019
0.0905372
0.104317
0.118034
0.13168
0.145245
0.158722
0.172103
0.185379
0.198543
0.211586
0.224501
0.23728
0.249914
0.262397
0.27472
0.286877
0.298859
0.310661
0.322273
0.33369
0.344904
0.355909
0.366698
0.377264
0.387601
0.397703
0.407563
0.417176
0.426536
0.435636
0.444473
0.453039
0.46133
0.469342
0.477068
0.484505
0.491648
0.498492
0.505033
0.511268
0.517193
0.522803
0.528096
0.533069
0.537718
0.54204
0.546034
0.549695
0.553024
0.556016
0.558671
0.560987
0.562962
0.564595
0.565886
0.566833
0.567436
0.567694
0.567608
0.567177
0.566402
0.565283
0.563821
0.562017
0.559871
0.557385
0.554562
0.551401
0.547906
0.544078
0.539919
0.535433
0.530622
0.525489
0.520037
0.514269
0.508188
0.5018
0.495106
0.488112
0.480822
0.47324
0.465371
0.457219
0.448789
0.440087
0.431118
0.421887
0.4124
0.402662
0.39268
0.38246
0.372008
0.361329
0.350432
0.339321
0.328005
0.316489
0.304782
0.292889
0.280818
0.268577
0.256173
0.243614
0.230906
0.218059
0.205079
0.191974
0.178753
0.165423
0.151993
0.138471
0.124865
0.111182
0.0974327
0.0836238
0.0697642
0.0558623
0.0419264
0.0279651
0.0139868
0
0
-0.0144822
-0.0289557
-0.0434115
-0.057841
-0.0722354
-0.086586
-0.100884
-0.115121
-0.129288
-0.143376
-0.157377
-0.171283
-0.185085
-0.198774
-0.212343
-0.225783
-0.239085
-0.252243
-0.265248
-0.278091
-0.290766
-0.303264
-0.315578
-0.3277
-0.339623
-0.351341
-0.362845
-0.374128
-0.385185
-0.396008
-0.40659
-0.416925
-0.427008
-0.436831
-0.446389
-0.455676
-0.464686
-0.473414
-0.481855
-0.490003
-0.497854
-0.505402
-0.512644
-0.519574
-0.526189
-0.532485
-0.538457
-0.544102
-0.549418
-0.554399
-0.559044
-0.56335
-0.567313
-0.570932
-0.574205
-0.577129
-0.579702
-0.581924
-0.583792
-0.585306
-0.586465
-0.587267
-0.587713
-0.587802
-0.587535
-0.58691
-0.58593
-0.584593
-0.582902
-0.580857
-0.578459
-0.57571
-0.572612
-0.569165
-0.565374
-0.561239
-0.556763
-0.55195
-0.546801
-0.54132
-0.535511
-0.529376
-0.522921
-0.516147
-0.509061
-0.501665
-0.493965
-0.485965
-0.47767
-0.469085
-0.460215
-0.451065
-0.441642
-0.431951
-0.421997
-0.411788
-0.401328
-0.390625
-0.379684
-0.368513
-0.357118
-0.345507
-0.333686
-0.321662
-0.309443
-0.297036
-0.284448
-0.271688
-0.258763
-0.245681
-0.23245
-0.219078
-0.205572
-0.191942
-0.178195
-0.164341
-0.150386
-0.13634
-0.122211
-0.108009
-0.09374
-0.0794147
-0.0650411
-0.050628
-0.0361842
-0.0217184
-0.00723946
0.0072439
0.0217229
0.0361886
0.0506325
0.0650455
0.0794191
0.0937445
0.108013
0.122216
0.136345
0.15039
0.164345
0.1782
0.191947
0.205577
0.219082
0.232454
0.245686
0.258768
0.271693
0.284453
0.29704
0.309447
0.321666
0.33369
0.345511
0.357123
0.368517
0.379688
0.390629
0.401332
0.411792
0.422001
0.431955
0.441646
0.451069
0.460219
0.469088
0.477674
0.485969
0.493969
0.501669
0.509065
0.516151
0.522924
0.52938
0.535515
0.541324
0.546805
0.551953
0.556767
0.561242
0.565377
0.569169
0.572615
0.575713
0.578462
0.58086
0.582905
0.584597
0.585933
0.586913
0.587538
0.587805
0.587716
0.58727
0.586468
0.585309
0.583795
0.581927
0.579705
0.577131
0.574207
0.570935
0.567316
0.563352
0.559047
0.554402
0.54942
0.544105
0.538459
0.532487
0.526192
0.519577
0.512646
0.505404
0.497856
0.490005
0.481857
0.473416
0.464688
0.455677
0.446391
0.436833
0.427009
0.416927
0.406592
0.396009
0.385186
0.37413
0.362846
0.351342
0.339625
0.327701
0.315579
0.303265
0.290767
0.278092
0.265249
0.252244
0.239086
0.225784
0.212344
0.198775
0.185085
0.171284
0.157378
0.143376
0.129288
0.115121
0.100884
0.0865863
0.0722357
0.0578413
0.0434117
0.0289558
0.0144823
0
0
-0.0149689
-0.0299288
-0.0448705
-0.0597849
-0.0746631
-0.0894959
-0.104274
-0.11899
-0.133632
-0.148194
-0.162666
-0.177039
-0.191305
-0.205454
-0.219479
-0.233371
-0.24712
-0.26072
-0.274162
-0.287437
-0.300537
-0.313455
-0.326183
-0.338713
-0.351037
-0.363148
-0.375039
-0.386702
-0.39813
-0.409316
-0.420254
-0.430937
-0.441358
-0.451511
-0.46139
-0.470989
-0.480303
-0.489324
-0.498048
-0.50647
-0.514585
-0.522387
-0.529872
-0.537036
-0.543873
-0.55038
-0.556553
-0.562388
-0.567882
-0.573031
-0.577832
-0.582282
-0.586379
-0.59012
-0.593502
-0.596524
-0.599184
-0.601481
-0.603412
-0.604976
-0.606174
-0.607003
-0.607464
-0.607557
-0.60728
-0.606635
-0.605621
-0.60424
-0.602492
-0.600378
-0.597899
-0.595058
-0.591855
-0.588293
-0.584374
-0.5801
-0.575474
-0.570499
-0.565177
-0.559512
-0.553508
-0.547167
-0.540495
-0.533494
-0.526169
-0.518525
-0.510566
-0.502297
-0.493723
-0.484849
-0.475681
-0.466224
-0.456484
-0.446468
-0.436179
-0.425627
-0.414815
-0.403752
-0.392444
-0.380898
-0.36912
-0.357118
-0.3449
-0.332472
-0.319842
-0.307018
-0.294008
-0.280819
-0.26746
-0.253938
-0.240262
-0.22644
-0.212481
-0.198393
-0.184184
-0.169864
-0.15544
-0.140922
-0.126319
-0.111638
-0.0968905
-0.0820836
-0.067227
-0.0523296
-0.0374003
-0.0224484
-0.00748284
0.00748726
0.0224528
0.0374047
0.052334
0.0672314
0.0820881
0.0968949
0.111643
0.126323
0.140927
0.155445
0.169868
0.184189
0.198397
0.212485
0.226445
0.240266
0.253942
0.267464
0.280823
0.294012
0.307022
0.319846
0.332476
0.344904
0.357123
0.369124
0.380902
0.392448
0.403757
0.41482
0.425631
0.436184
0.446472
0.456488
0.466228
0.475685
0.484853
0.493727
0.502301
0.51057
0.518529
0.526173
0.533497
0.540498
0.547171
0.553512
0.559516
0.565181
0.570503
0.575478
0.580104
0.584378
0.588297
0.591859
0.595061
0.597903
0.600381
0.602495
0.604243
0.605624
0.606638
0.607283
0.60756
0.607467
0.607006
0.606177
0.604979
0.603415
0.601483
0.599187
0.596527
0.593505
0.590122
0.586381
0.582285
0.577834
0.573033
0.567884
0.562391
0.556555
0.550382
0.543875
0.537038
0.529874
0.522389
0.514587
0.506473
0.49805
0.489326
0.480305
0.470991
0.461392
0.451513
0.44136
0.430939
0.420256
0.409318
0.398131
0.386703
0.37504
0.36315
0.351039
0.338714
0.326184
0.313457
0.300538
0.287438
0.274163
0.260721
0.247121
0.233371
0.21948
0.205455
0.191306
0.17704
0.162667
0.148195
0.133633
0.11899
0.104275
0.0894962
0.0746633
0.0597851
0.0448706
0.0299289
0.014969
0
0
-0.0154466
-0.0308837
-0.0463022
-0.0616925
-0.0770454
-0.0923515
-0.107601
-0.122786
-0.137896
-0.152923
-0.167856
-0.182688
-0.197409
-0.21201
-0.226482
-0.240817
-0.255005
-0.269039
-0.282909
-0.296608
-0.310127
-0.323457
-0.336591
-0.34952
-0.362238
-0.374735
-0.387005
-0.39904
-0.410833
-0.422376
-0.433663
-0.444687
-0.455441
-0.465918
-0.476112
-0.486017
-0.495628
-0.504937
-0.51394
-0.522631
-0.531004
-0.539055
-0.546779
-0.554171
-0.561226
-0.567941
-0.574311
-0.580332
-0.586001
-0.591315
-0.596269
-0.600861
-0.605089
-0.608949
-0.612439
-0.615558
-0.618303
-0.620672
-0.622665
-0.62428
-0.625515
-0.626371
-0.626847
-0.626942
-0.626657
-0.625991
-0.624945
-0.623519
-0.621715
-0.619534
-0.616977
-0.614045
-0.61074
-0.607064
-0.60302
-0.59861
-0.593836
-0.588702
-0.583211
-0.577365
-0.571169
-0.564626
-0.55774
-0.550516
-0.542958
-0.535069
-0.526856
-0.518324
-0.509476
-0.500319
-0.490859
-0.4811
-0.47105
-0.460713
-0.450097
-0.439207
-0.428051
-0.416635
-0.404966
-0.393051
-0.380898
-0.368513
-0.355905
-0.34308
-0.330047
-0.316814
-0.303389
-0.289779
-0.275994
-0.26204
-0.247928
-0.233665
-0.219261
-0.204723
-0.190061
-0.175284
-0.1604
-0.145419
-0.130349
-0.115201
-0.099982
-0.0847028
-0.0693721
-0.0539993
-0.0385938
-0.0231647
-0.00772168
0.00772608
0.0231691
0.0385982
0.0540037
0.0693765
0.0847072
0.0999864
0.115205
0.130354
0.145423
0.160404
0.175288
0.190065
0.204727
0.219265
0.23367
0.247932
0.262045
0.275998
0.289783
0.303393
0.316819
0.330052
0.343084
0.355909
0.368517
0.380902
0.393055
0.40497
0.416639
0.428055
0.439211
0.450101
0.460717
0.471054
0.481104
0.490863
0.500323
0.50948
0.518328
0.52686
0.535073
0.542961
0.55052
0.557744
0.56463
0.571173
0.577369
0.583214
0.588706
0.59384
0.598613
0.603024
0.607068
0.610743
0.614048
0.61698
0.619537
0.621719
0.623523
0.624948
0.625994
0.62666
0.626945
0.62685
0.626374
0.625518
0.624283
0.622668
0.620675
0.618305
0.61556
0.612442
0.608951
0.605091
0.600864
0.596271
0.591317
0.586004
0.580335
0.574314
0.567944
0.561229
0.554173
0.546781
0.539057
0.531006
0.522633
0.513942
0.504939
0.49563
0.486019
0.476114
0.46592
0.455442
0.444689
0.433665
0.422378
0.410835
0.399042
0.387007
0.374737
0.362239
0.349522
0.336592
0.323458
0.310128
0.296609
0.28291
0.26904
0.255006
0.240818
0.226483
0.212011
0.19741
0.182689
0.167857
0.152923
0.137897
0.122787
0.107602
0.0923518
0.0770456
0.0616927
0.0463023
0.0308838
0.0154466
0
0
-0.0159148
-0.0318199
-0.0477058
-0.0635626
-0.0793809
-0.095151
-0.110863
-0.126508
-0.142076
-0.157558
-0.172945
-0.188226
-0.203393
-0.218437
-0.233348
-0.248117
-0.262735
-0.277195
-0.291485
-0.305599
-0.319528
-0.333262
-0.346794
-0.360116
-0.373219
-0.386095
-0.398737
-0.411137
-0.423287
-0.43518
-0.446809
-0.458167
-0.469247
-0.480041
-0.490545
-0.50075
-0.510652
-0.520243
-0.529519
-0.538473
-0.547101
-0.555396
-0.563354
-0.57097
-0.578239
-0.585157
-0.591721
-0.597924
-0.603765
-0.609239
-0.614344
-0.619075
-0.623431
-0.627408
-0.631004
-0.634217
-0.637046
-0.639487
-0.64154
-0.643204
-0.644477
-0.645359
-0.645849
-0.645947
-0.645653
-0.644967
-0.643889
-0.64242
-0.640562
-0.638314
-0.635679
-0.632659
-0.629254
-0.625467
-0.6213
-0.616756
-0.611838
-0.606548
-0.60089
-0.594867
-0.588483
-0.581742
-0.574647
-0.567204
-0.559417
-0.551289
-0.542827
-0.534036
-0.52492
-0.515486
-0.505739
-0.495684
-0.485329
-0.474679
-0.463741
-0.452521
-0.441027
-0.429265
-0.417242
-0.404966
-0.392444
-0.379684
-0.366693
-0.35348
-0.340052
-0.326418
-0.312586
-0.298563
-0.28436
-0.269984
-0.255444
-0.240749
-0.225907
-0.210929
-0.195823
-0.180597
-0.165262
-0.149827
-0.134301
-0.118693
-0.103013
-0.0872705
-0.0714751
-0.0556363
-0.0397637
-0.023867
-0.00795583
0.00796021
0.0238714
0.0397681
0.0556407
0.0714795
0.0872749
0.103017
0.118697
0.134305
0.149831
0.165267
0.180602
0.195827
0.210933
0.225912
0.240753
0.255448
0.269988
0.284364
0.298568
0.31259
0.326422
0.340057
0.353484
0.366698
0.379688
0.392448
0.40497
0.417246
0.429269
0.441031
0.452525
0.463745
0.474683
0.485333
0.495688
0.505742
0.51549
0.524924
0.53404
0.542831
0.551293
0.55942
0.567208
0.574651
0.581746
0.588487
0.594871
0.600893
0.606551
0.611841
0.616759
0.621303
0.62547
0.629257
0.632662
0.635683
0.638318
0.640565
0.642424
0.643892
0.64497
0.645656
0.64595
0.645852
0.645362
0.64448
0.643207
0.641543
0.63949
0.637048
0.63422
0.631007
0.627411
0.623434
0.619078
0.614346
0.609242
0.603768
0.597927
0.591723
0.58516
0.578241
0.570972
0.563356
0.555398
0.547103
0.538475
0.529521
0.520245
0.510654
0.500752
0.490547
0.480043
0.469248
0.458169
0.446811
0.435182
0.423288
0.411138
0.398738
0.386096
0.37322
0.360117
0.346795
0.333263
0.319529
0.3056
0.291486
0.277196
0.262736
0.248118
0.233348
0.218437
0.203394
0.188227
0.172945
0.157559
0.142077
0.126509
0.110864
0.0951513
0.0793811
0.0635628
0.0477059
0.03182
0.0159149
0
0
-0.0163734
-0.0327368
-0.0490804
-0.0653941
-0.0816682
-0.0978927
-0.114058
-0.130154
-0.14617
-0.162098
-0.177928
-0.19365
-0.209254
-0.224731
-0.240071
-0.255266
-0.270306
-0.285182
-0.299884
-0.314405
-0.328735
-0.342865
-0.356787
-0.370492
-0.383973
-0.39722
-0.410226
-0.422983
-0.435484
-0.44772
-0.459684
-0.471369
-0.482768
-0.493874
-0.50468
-0.515179
-0.525366
-0.535234
-0.544777
-0.553989
-0.562865
-0.571399
-0.579587
-0.587422
-0.594901
-0.602019
-0.608771
-0.615153
-0.621162
-0.626794
-0.632046
-0.636914
-0.641395
-0.645487
-0.649186
-0.652492
-0.655402
-0.657913
-0.660026
-0.661737
-0.663047
-0.663955
-0.664459
-0.66456
-0.664257
-0.663551
-0.662442
-0.660932
-0.659019
-0.656707
-0.653996
-0.650888
-0.647385
-0.643489
-0.639202
-0.634528
-0.629467
-0.624025
-0.618204
-0.612008
-0.60544
-0.598504
-0.591206
-0.583548
-0.575536
-0.567174
-0.558469
-0.549424
-0.540046
-0.530339
-0.520311
-0.509967
-0.499314
-0.488357
-0.477103
-0.465561
-0.453735
-0.441634
-0.429265
-0.416635
-0.403752
-0.390625
-0.37726
-0.363666
-0.349851
-0.335824
-0.321593
-0.307166
-0.292554
-0.277763
-0.262804
-0.247686
-0.232417
-0.217007
-0.201465
-0.185801
-0.170024
-0.154144
-0.13817
-0.122113
-0.105981
-0.0897852
-0.0735347
-0.0572395
-0.0409096
-0.0245548
-0.00818514
0.0081895
0.0245592
0.0409139
0.0572439
0.0735391
0.0897896
0.105986
0.122117
0.138175
0.154148
0.170029
0.185805
0.201469
0.217011
0.232421
0.24769
0.262809
0.277768
0.292558
0.307171
0.321597
0.335828
0.349855
0.36367
0.377264
0.390629
0.403757
0.416639
0.429269
0.441638
0.453739
0.465565
0.477107
0.488361
0.499317
0.509971
0.520315
0.530343
0.540049
0.549428
0.558473
0.567178
0.57554
0.583552
0.591209
0.598508
0.605444
0.612011
0.618208
0.624029
0.629471
0.634531
0.639206
0.643493
0.647389
0.650892
0.654
0.656711
0.659023
0.660935
0.662446
0.663554
0.66426
0.664563
0.664462
0.663958
0.66305
0.66174
0.660029
0.657916
0.655405
0.652495
0.649189
0.645489
0.641398
0.636916
0.632049
0.626797
0.621165
0.615156
0.608773
0.602021
0.594903
0.587424
0.579589
0.571402
0.562867
0.553991
0.544779
0.535236
0.525368
0.515181
0.504682
0.493875
0.48277
0.471371
0.459685
0.447721
0.435485
0.422985
0.410228
0.397221
0.383974
0.370494
0.356788
0.342866
0.328736
0.314406
0.299885
0.285183
0.270307
0.255267
0.240072
0.224732
0.209254
0.19365
0.177929
0.162099
0.146171
0.130154
0.114058
0.097893
0.0816685
0.0653944
0.0490805
0.0327369
0.0163734
0
0
-0.016822
-0.0336338
-0.0504252
-0.067186
-0.083906
-0.100575
-0.117183
-0.13372
-0.150175
-0.16654
-0.182803
-0.198956
-0.214987
-0.230888
-0.246649
-0.262261
-0.277713
-0.292996
-0.308101
-0.32302
-0.337742
-0.35226
-0.366563
-0.380644
-0.394494
-0.408104
-0.421467
-0.434573
-0.447416
-0.459987
-0.472279
-0.484285
-0.495996
-0.507406
-0.518508
-0.529295
-0.539761
-0.5499
-0.559704
-0.569169
-0.578288
-0.587056
-0.595468
-0.603518
-0.611201
-0.618514
-0.625451
-0.632009
-0.638183
-0.643969
-0.649364
-0.654365
-0.658969
-0.663173
-0.666974
-0.670371
-0.67336
-0.675941
-0.678111
-0.679869
-0.681215
-0.682147
-0.682665
-0.682769
-0.682458
-0.681733
-0.680594
-0.679041
-0.677077
-0.674701
-0.671916
-0.668723
-0.665124
-0.661121
-0.656717
-0.651914
-0.646715
-0.641124
-0.635143
-0.628777
-0.622029
-0.614904
-0.607405
-0.599537
-0.591306
-0.582715
-0.573771
-0.564478
-0.554843
-0.544871
-0.534568
-0.523941
-0.512995
-0.501738
-0.490176
-0.478317
-0.466168
-0.453735
-0.441027
-0.428051
-0.414815
-0.401328
-0.387597
-0.37363
-0.359437
-0.345026
-0.330405
-0.315583
-0.30057
-0.285374
-0.270005
-0.254473
-0.238785
-0.222953
-0.206985
-0.190892
-0.174683
-0.158368
-0.141956
-0.125459
-0.108885
-0.0922455
-0.0755496
-0.058808
-0.0420306
-0.0252277
-0.00840949
0.00841383
0.025232
0.0420349
0.0588123
0.075554
0.0922498
0.10889
0.125463
0.141961
0.158372
0.174687
0.190897
0.20699
0.222957
0.23879
0.254477
0.27001
0.285379
0.300574
0.315587
0.330409
0.34503
0.359441
0.373635
0.387601
0.401332
0.41482
0.428055
0.441031
0.453739
0.466172
0.478321
0.49018
0.501742
0.512999
0.523944
0.534572
0.544875
0.554847
0.564482
0.573775
0.582719
0.59131
0.599541
0.607409
0.614907
0.622033
0.628781
0.635147
0.641127
0.646719
0.651917
0.65672
0.661125
0.665127
0.668726
0.671919
0.674705
0.67708
0.679045
0.680597
0.681736
0.682461
0.682772
0.682668
0.68215
0.681218
0.679872
0.678114
0.675943
0.673363
0.670374
0.666977
0.663176
0.658972
0.654368
0.649367
0.643971
0.638185
0.632011
0.625454
0.618517
0.611204
0.60352
0.59547
0.587058
0.57829
0.569171
0.559706
0.549902
0.539763
0.529297
0.51851
0.507408
0.495998
0.484286
0.472281
0.459989
0.447418
0.434575
0.421468
0.408105
0.394495
0.380645
0.366564
0.352261
0.337743
0.323021
0.308102
0.292997
0.277713
0.262261
0.24665
0.230889
0.214988
0.198956
0.182804
0.166541
0.150176
0.13372
0.117183
0.100575
0.0839062
0.0671862
0.0504254
0.0336339
0.0168221
0
0
-0.0172604
-0.0345104
-0.0517394
-0.068937
-0.0860928
-0.103196
-0.120237
-0.137205
-0.154089
-0.17088
-0.187568
-0.204141
-0.220591
-0.236906
-0.253078
-0.269096
-0.28495
-0.300632
-0.316131
-0.331439
-0.346545
-0.36144
-0.376117
-0.390564
-0.404775
-0.41874
-0.432451
-0.445899
-0.459077
-0.471976
-0.484588
-0.496906
-0.508923
-0.52063
-0.532022
-0.54309
-0.553829
-0.564232
-0.574292
-0.584003
-0.59336
-0.602356
-0.610987
-0.619247
-0.627131
-0.634634
-0.641752
-0.648481
-0.654815
-0.660752
-0.666288
-0.67142
-0.676144
-0.680457
-0.684358
-0.687842
-0.69091
-0.693557
-0.695784
-0.697588
-0.698969
-0.699926
-0.700457
-0.700564
-0.700245
-0.699501
-0.698332
-0.696739
-0.694723
-0.692286
-0.689428
-0.686152
-0.682459
-0.678352
-0.673833
-0.668905
-0.66357
-0.657833
-0.651697
-0.645165
-0.638241
-0.63093
-0.623236
-0.615163
-0.606717
-0.597902
-0.588725
-0.57919
-0.569304
-0.559072
-0.5485
-0.537596
-0.526365
-0.514815
-0.502952
-0.490783
-0.478317
-0.465561
-0.452521
-0.439207
-0.425627
-0.411788
-0.397699
-0.383368
-0.368805
-0.354018
-0.339016
-0.323808
-0.308404
-0.292812
-0.277042
-0.261105
-0.245009
-0.228764
-0.21238
-0.195867
-0.179236
-0.162495
-0.145656
-0.128729
-0.111723
-0.0946497
-0.0775187
-0.0603407
-0.0431261
-0.0258853
-0.00862873
0.00863305
0.0258896
0.0431304
0.060345
0.077523
0.094654
0.111727
0.128733
0.145661
0.1625
0.17924
0.195872
0.212384
0.228768
0.245013
0.261109
0.277047
0.292816
0.308408
0.323812
0.33902
0.354022
0.368809
0.383372
0.397703
0.411792
0.425631
0.439211
0.452525
0.465565
0.478321
0.490787
0.502956
0.514819
0.526369
0.5376
0.548504
0.559076
0.569308
0.579194
0.588729
0.597906
0.606721
0.615167
0.623239
0.630933
0.638245
0.645168
0.6517
0.657837
0.663574
0.668908
0.673836
0.678355
0.682462
0.686155
0.689431
0.692289
0.694727
0.696742
0.698335
0.699504
0.700248
0.700567
0.70046
0.699929
0.698972
0.697591
0.695787
0.69356
0.690912
0.687845
0.68436
0.68046
0.676146
0.671423
0.666291
0.660755
0.654818
0.648483
0.641755
0.634637
0.627133
0.619249
0.610989
0.602358
0.593362
0.584005
0.574294
0.564234
0.553831
0.543092
0.532024
0.520632
0.508925
0.496908
0.48459
0.471977
0.459079
0.445901
0.432453
0.418742
0.404777
0.390566
0.376118
0.361442
0.346546
0.33144
0.316132
0.300633
0.284951
0.269097
0.253079
0.236907
0.220591
0.204142
0.187568
0.170881
0.15409
0.137205
0.120237
0.103197
0.086093
0.0689372
0.0517396
0.0345105
0.0172605
0
0
-0.0176884
-0.035366
-0.0530222
-0.0706462
-0.0882273
-0.105755
-0.123218
-0.140607
-0.15791
-0.175117
-0.192218
-0.209202
-0.22606
-0.24278
-0.259352
-0.275768
-0.292015
-0.308086
-0.323969
-0.339656
-0.355137
-0.370402
-0.385442
-0.400248
-0.414811
-0.429122
-0.443173
-0.456955
-0.470459
-0.483678
-0.496603
-0.509226
-0.521541
-0.533539
-0.545213
-0.556555
-0.56756
-0.578221
-0.58853
-0.598482
-0.608071
-0.617291
-0.626136
-0.6346
-0.64268
-0.650369
-0.657664
-0.664559
-0.67105
-0.677135
-0.682808
-0.688067
-0.692908
-0.697328
-0.701325
-0.704896
-0.70804
-0.710753
-0.713035
-0.714884
-0.716299
-0.717279
-0.717824
-0.717933
-0.717606
-0.716844
-0.715646
-0.714014
-0.711948
-0.70945
-0.706521
-0.703164
-0.699379
-0.69517
-0.690539
-0.685489
-0.680023
-0.674143
-0.667855
-0.661161
-0.654065
-0.646573
-0.638688
-0.630415
-0.62176
-0.612727
-0.603322
-0.59355
-0.583419
-0.572933
-0.5621
-0.550925
-0.539415
-0.527579
-0.515422
-0.502952
-0.490176
-0.477103
-0.463741
-0.450097
-0.436179
-0.421997
-0.407559
-0.392873
-0.377949
-0.362795
-0.347421
-0.331836
-0.31605
-0.300072
-0.283911
-0.267579
-0.251083
-0.234436
-0.217646
-0.200724
-0.18368
-0.166524
-0.149268
-0.131921
-0.114493
-0.0969964
-0.0794408
-0.0618368
-0.0441954
-0.0265271
-0.00884273
0.00884703
0.0265314
0.0441997
0.0618411
0.079445
0.0970007
0.114498
0.131925
0.149272
0.166529
0.183684
0.200728
0.21765
0.23444
0.251088
0.267583
0.283916
0.300076
0.316054
0.331841
0.347425
0.362799
0.377953
0.392877
0.407563
0.422001
0.436184
0.450101
0.463745
0.477107
0.49018
0.502956
0.515426
0.527583
0.539419
0.550929
0.562103
0.572937
0.583423
0.593554
0.603325
0.61273
0.621763
0.630419
0.638691
0.646576
0.654069
0.661164
0.667858
0.674147
0.680026
0.685492
0.690543
0.695174
0.699383
0.703167
0.706525
0.709453
0.711951
0.714017
0.715649
0.716847
0.717609
0.717936
0.717827
0.717282
0.716302
0.714887
0.713038
0.710756
0.708042
0.704899
0.701328
0.697331
0.69291
0.688069
0.682811
0.677137
0.671053
0.664561
0.657666
0.650371
0.642682
0.634603
0.626138
0.617293
0.608073
0.598484
0.588532
0.578223
0.567562
0.556557
0.545214
0.53354
0.521543
0.509228
0.496604
0.483679
0.470461
0.456956
0.443175
0.429124
0.414812
0.400249
0.385443
0.370403
0.355138
0.339657
0.32397
0.308087
0.292016
0.275768
0.259353
0.242781
0.22606
0.209203
0.192219
0.175118
0.15791
0.140607
0.123219
0.105755
0.0882276
0.0706464
0.0530224
0.0353661
0.0176884
0
0
-0.0181056
-0.0362002
-0.0542728
-0.0723125
-0.0903083
-0.108249
-0.126124
-0.143923
-0.161634
-0.179248
-0.196752
-0.214137
-0.231392
-0.248506
-0.26547
-0.282272
-0.298903
-0.315353
-0.331611
-0.347667
-0.363513
-0.379138
-0.394533
-0.409688
-0.424595
-0.439244
-0.453626
-0.467733
-0.481556
-0.495086
-0.508316
-0.521237
-0.533842
-0.546123
-0.558072
-0.569683
-0.580947
-0.591859
-0.602412
-0.612598
-0.622413
-0.631851
-0.640904
-0.649568
-0.657838
-0.665709
-0.673176
-0.680233
-0.686878
-0.693106
-0.698913
-0.704296
-0.709251
-0.713776
-0.717867
-0.721523
-0.72474
-0.727517
-0.729853
-0.731746
-0.733194
-0.734198
-0.734755
-0.734867
-0.734532
-0.733752
-0.732526
-0.730855
-0.72874
-0.726184
-0.723186
-0.719749
-0.715875
-0.711567
-0.706827
-0.701657
-0.696062
-0.690044
-0.683607
-0.676755
-0.669492
-0.661823
-0.653752
-0.645284
-0.636425
-0.627179
-0.617552
-0.60755
-0.59718
-0.586447
-0.575358
-0.563919
-0.552138
-0.540022
-0.527579
-0.514815
-0.501738
-0.488357
-0.474679
-0.460713
-0.446468
-0.431951
-0.417172
-0.40214
-0.386864
-0.371352
-0.355616
-0.339663
-0.323505
-0.30715
-0.290608
-0.27389
-0.257006
-0.239965
-0.222779
-0.205458
-0.188012
-0.170452
-0.152788
-0.135032
-0.117194
-0.0992843
-0.0813145
-0.0632954
-0.0452379
-0.0271529
-0.00905136
0.00905564
0.0271571
0.0452421
0.0632997
0.0813188
0.0992886
0.117198
0.135036
0.152793
0.170456
0.188016
0.205462
0.222784
0.23997
0.25701
0.273894
0.290612
0.307154
0.323509
0.339667
0.35562
0.371357
0.386868
0.402144
0.417176
0.431955
0.446472
0.460717
0.474683
0.488361
0.501742
0.514819
0.527583
0.540026
0.552142
0.563923
0.575361
0.586451
0.597184
0.607554
0.617556
0.627182
0.636428
0.645288
0.653756
0.661827
0.669496
0.676759
0.683611
0.690048
0.696065
0.701661
0.70683
0.71157
0.715879
0.719752
0.723189
0.726187
0.728744
0.730858
0.732529
0.733755
0.734535
0.73487
0.734758
0.734201
0.733197
0.731749
0.729856
0.72752
0.724743
0.721525
0.71787
0.713778
0.709254
0.704299
0.698916
0.693109
0.686881
0.680236
0.673178
0.665711
0.657841
0.649571
0.640906
0.631853
0.622416
0.612601
0.602414
0.591861
0.580949
0.569684
0.558074
0.546125
0.533844
0.521239
0.508318
0.495088
0.481557
0.467734
0.453627
0.439245
0.424596
0.40969
0.394534
0.379139
0.363514
0.347669
0.331612
0.315354
0.298904
0.282273
0.26547
0.248507
0.231392
0.214137
0.196752
0.179248
0.161635
0.143924
0.126125
0.10825
0.0903085
0.0723127
0.054273
0.0362003
0.0181056
0
0
-0.0185118
-0.0370124
-0.0554905
-0.0739349
-0.0923344
-0.110678
-0.128954
-0.147152
-0.165261
-0.183269
-0.201166
-0.218941
-0.236583
-0.254082
-0.271426
-0.288605
-0.305609
-0.322428
-0.339051
-0.355468
-0.371669
-0.387645
-0.403385
-0.41888
-0.434121
-0.449099
-0.463804
-0.478227
-0.49236
-0.506194
-0.519721
-0.532932
-0.545819
-0.558376
-0.570593
-0.582464
-0.593981
-0.605138
-0.615927
-0.626343
-0.636378
-0.646027
-0.655283
-0.664142
-0.672598
-0.680645
-0.688279
-0.695495
-0.702289
-0.708657
-0.714594
-0.720098
-0.725164
-0.72979
-0.733973
-0.737711
-0.741
-0.74384
-0.746228
-0.748163
-0.749644
-0.75067
-0.75124
-0.751354
-0.751012
-0.750214
-0.74896
-0.747252
-0.74509
-0.742476
-0.739411
-0.735897
-0.731937
-0.727532
-0.722685
-0.7174
-0.711679
-0.705526
-0.698945
-0.691939
-0.684513
-0.676672
-0.66842
-0.659762
-0.650704
-0.64125
-0.631407
-0.621181
-0.610578
-0.599604
-0.588266
-0.576571
-0.564526
-0.552138
-0.539415
-0.526365
-0.512995
-0.499314
-0.485329
-0.47105
-0.456484
-0.441642
-0.426532
-0.411162
-0.395543
-0.379684
-0.363594
-0.347284
-0.330763
-0.314041
-0.297128
-0.280035
-0.262772
-0.245349
-0.227778
-0.210068
-0.19223
-0.174276
-0.156216
-0.138062
-0.119823
-0.101512
-0.083139
-0.0647156
-0.0462529
-0.0277621
-0.0092545
0.00925875
0.0277664
0.0462571
0.0647198
0.0831432
0.101516
0.119827
0.138066
0.156221
0.174281
0.192235
0.210072
0.227782
0.245353
0.262776
0.280039
0.297132
0.314045
0.330767
0.347288
0.363599
0.379688
0.395547
0.411166
0.426536
0.441646
0.456488
0.471054
0.485333
0.499317
0.512999
0.526369
0.539419
0.552142
0.56453
0.576575
0.58827
0.599608
0.610582
0.621185
0.631411
0.641254
0.650707
0.659766
0.668423
0.676676
0.684517
0.691942
0.698948
0.705529
0.711682
0.717403
0.722689
0.727535
0.73194
0.735901
0.739414
0.742479
0.745094
0.747255
0.748964
0.750217
0.751015
0.751357
0.751243
0.750673
0.749647
0.748166
0.746231
0.743843
0.741003
0.737713
0.733976
0.729793
0.725166
0.7201
0.714596
0.708659
0.702291
0.695497
0.688281
0.680647
0.6726
0.664144
0.655285
0.646029
0.63638
0.626345
0.615929
0.60514
0.593983
0.582466
0.570595
0.558378
0.545821
0.532933
0.519722
0.506195
0.492361
0.478228
0.463805
0.4491
0.434123
0.418881
0.403386
0.387646
0.37167
0.355469
0.339052
0.322429
0.30561
0.288606
0.271427
0.254082
0.236584
0.218942
0.201167
0.18327
0.165261
0.147153
0.128955
0.110678
0.0923347
0.0739351
0.0554906
0.0370125
0.0185119
0
0
-0.0189068
-0.0378021
-0.0566745
-0.0755124
-0.0943045
-0.113039
-0.131706
-0.150292
-0.168787
-0.187179
-0.205458
-0.223613
-0.241631
-0.259503
-0.277217
-0.294763
-0.31213
-0.329307
-0.346285
-0.363052
-0.379599
-0.395916
-0.411992
-0.427818
-0.443384
-0.458681
-0.4737
-0.488431
-0.502865
-0.516994
-0.53081
-0.544303
-0.557465
-0.57029
-0.582768
-0.594892
-0.606655
-0.61805
-0.629069
-0.639707
-0.649956
-0.659811
-0.669265
-0.678313
-0.686949
-0.695167
-0.702964
-0.710335
-0.717273
-0.723777
-0.729841
-0.735462
-0.740636
-0.745361
-0.749634
-0.753451
-0.756811
-0.759711
-0.76215
-0.764126
-0.765639
-0.766687
-0.767269
-0.767385
-0.767036
-0.766221
-0.764941
-0.763196
-0.760988
-0.758318
-0.755188
-0.751599
-0.747554
-0.743055
-0.738105
-0.732707
-0.726864
-0.720579
-0.713858
-0.706703
-0.699118
-0.69111
-0.682682
-0.673839
-0.664587
-0.654932
-0.644879
-0.634435
-0.623606
-0.612398
-0.600818
-0.588873
-0.576571
-0.563919
-0.550925
-0.537596
-0.523941
-0.509967
-0.495684
-0.4811
-0.466224
-0.451065
-0.435632
-0.419935
-0.403983
-0.387785
-0.371352
-0.354694
-0.33782
-0.320741
-0.303468
-0.28601
-0.268379
-0.250584
-0.232638
-0.21455
-0.196332
-0.177995
-0.15955
-0.141008
-0.12238
-0.103678
-0.0849129
-0.0660964
-0.0472398
-0.0283545
-0.00945201
0.00945624
0.0283587
0.047244
0.0661007
0.0849171
0.103682
0.122384
0.141012
0.159554
0.177999
0.196336
0.214554
0.232642
0.250588
0.268383
0.286014
0.303472
0.320745
0.337824
0.354698
0.371356
0.387789
0.403987
0.419939
0.435636
0.451069
0.466228
0.481104
0.495688
0.509971
0.523944
0.5376
0.550929
0.563923
0.576575
0.588877
0.600822
0.612402
0.62361
0.634439
0.644883
0.654936
0.664591
0.673843
0.682685
0.691113
0.699122
0.706706
0.713861
0.720583
0.726867
0.73271
0.738108
0.743058
0.747557
0.751602
0.755191
0.758321
0.760991
0.763199
0.764944
0.766224
0.767039
0.767388
0.767272
0.76669
0.765642
0.764129
0.762153
0.759714
0.756813
0.753453
0.749636
0.745364
0.740639
0.735464
0.729843
0.723779
0.717276
0.710337
0.702967
0.69517
0.686951
0.678315
0.669267
0.659813
0.649958
0.639709
0.629071
0.618051
0.606657
0.594894
0.582769
0.570291
0.557467
0.544304
0.530811
0.516996
0.502867
0.488432
0.473701
0.458682
0.443385
0.427819
0.411993
0.395917
0.3796
0.363053
0.346286
0.329308
0.312131
0.294764
0.277218
0.259504
0.241632
0.223613
0.205459
0.18718
0.168787
0.150292
0.131706
0.11304
0.0943048
0.0755126
0.0566746
0.0378022
0.0189068
0
0
-0.0192903
-0.0385689
-0.057824
-0.0770441
-0.0962174
-0.115332
-0.134377
-0.15334
-0.172211
-0.190976
-0.209626
-0.228148
-0.246532
-0.264766
-0.28284
-0.300742
-0.318461
-0.335987
-0.353309
-0.370416
-0.387299
-0.403946
-0.420348
-0.436495
-0.452377
-0.467985
-0.483308
-0.498338
-0.513065
-0.527481
-0.541576
-0.555343
-0.568773
-0.581857
-0.594588
-0.606958
-0.61896
-0.630586
-0.641829
-0.652682
-0.66314
-0.673194
-0.68284
-0.692071
-0.700882
-0.709268
-0.717223
-0.724743
-0.731822
-0.738458
-0.744645
-0.75038
-0.755659
-0.76048
-0.764839
-0.768734
-0.772162
-0.775121
-0.777609
-0.779626
-0.781169
-0.782238
-0.782832
-0.782951
-0.782594
-0.781763
-0.780457
-0.778676
-0.776424
-0.7737
-0.770506
-0.766844
-0.762717
-0.758127
-0.753076
-0.747569
-0.741607
-0.735195
-0.728337
-0.721037
-0.713299
-0.705128
-0.696529
-0.687507
-0.678068
-0.668217
-0.65796
-0.647304
-0.636255
-0.624819
-0.613005
-0.600818
-0.588266
-0.575358
-0.5621
-0.5485
-0.534568
-0.520311
-0.505739
-0.490859
-0.475681
-0.460215
-0.444469
-0.428453
-0.412177
-0.395651
-0.378885
-0.361888
-0.344672
-0.327247
-0.309623
-0.291811
-0.273822
-0.255667
-0.237357
-0.218902
-0.200314
-0.181605
-0.162786
-0.143868
-0.124862
-0.105781
-0.0866353
-0.0674372
-0.0481981
-0.0289297
-0.00964379
0.00964799
0.0289339
0.0482023
0.0674414
0.0866395
0.105785
0.124866
0.143872
0.16279
0.181609
0.200319
0.218906
0.237361
0.255671
0.273826
0.291816
0.309627
0.327251
0.344677
0.361893
0.378889
0.395655
0.412181
0.428457
0.444473
0.460219
0.475685
0.490863
0.505742
0.520315
0.534572
0.548504
0.562103
0.575361
0.58827
0.600822
0.613009
0.624823
0.636259
0.647308
0.657964
0.66822
0.678071
0.687511
0.696533
0.705132
0.713303
0.721041
0.728341
0.735199
0.741611
0.747572
0.75308
0.75813
0.76272
0.766847
0.770509
0.773703
0.776427
0.77868
0.78046
0.781766
0.782597
0.782954
0.782835
0.782241
0.781172
0.779629
0.777612
0.775123
0.772164
0.768736
0.764842
0.760483
0.755662
0.750382
0.744647
0.73846
0.731825
0.724745
0.717225
0.70927
0.700885
0.692073
0.682842
0.673196
0.663142
0.652684
0.641831
0.630588
0.618962
0.60696
0.59459
0.581859
0.568775
0.555345
0.541578
0.527482
0.513067
0.498339
0.483309
0.467986
0.452379
0.436497
0.42035
0.403947
0.3873
0.370417
0.35331
0.335988
0.318462
0.300743
0.282841
0.264767
0.246533
0.228149
0.209626
0.190977
0.172211
0.153341
0.134377
0.115333
0.0962176
0.0770443
0.0578242
0.038569
0.0192903
0
0
-0.0196621
-0.0393122
-0.0589385
-0.078529
-0.0980718
-0.117555
-0.136967
-0.156296
-0.17553
-0.194657
-0.213666
-0.232545
-0.251284
-0.269869
-0.288291
-0.306538
-0.324599
-0.342463
-0.360118
-0.377555
-0.394763
-0.411732
-0.42845
-0.444908
-0.461096
-0.477004
-0.492623
-0.507942
-0.522954
-0.537647
-0.552014
-0.566047
-0.579735
-0.593072
-0.606048
-0.618657
-0.630889
-0.642739
-0.654199
-0.665262
-0.67592
-0.686169
-0.696001
-0.70541
-0.714391
-0.722938
-0.731046
-0.738711
-0.745927
-0.75269
-0.758997
-0.764842
-0.770223
-0.775137
-0.77958
-0.78355
-0.787044
-0.79006
-0.792596
-0.794652
-0.796225
-0.797314
-0.79792
-0.798041
-0.797678
-0.79683
-0.795499
-0.793684
-0.791388
-0.788611
-0.785356
-0.781624
-0.777417
-0.772738
-0.767591
-0.761977
-0.7559
-0.749365
-0.742375
-0.734934
-0.727047
-0.718718
-0.709953
-0.700758
-0.691136
-0.681095
-0.670641
-0.65978
-0.648518
-0.636862
-0.624819
-0.612398
-0.599604
-0.586447
-0.572933
-0.559072
-0.544871
-0.530339
-0.515486
-0.500319
-0.484849
-0.469085
-0.453035
-0.436711
-0.420121
-0.403277
-0.386187
-0.368863
-0.351315
-0.333554
-0.315591
-0.297436
-0.2791
-0.260595
-0.241931
-0.223121
-0.204175
-0.185106
-0.165923
-0.146641
-0.127269
-0.10782
-0.0883051
-0.068737
-0.0491271
-0.0294873
-0.00982971
0.00983389
0.0294915
0.0491312
0.0687411
0.0883093
0.107824
0.127273
0.146645
0.165928
0.18511
0.204179
0.223125
0.241935
0.260599
0.279104
0.29744
0.315595
0.333558
0.35132
0.368867
0.386191
0.403281
0.420125
0.436715
0.453039
0.469088
0.484853
0.500323
0.51549
0.530343
0.544875
0.559076
0.572937
0.586451
0.599608
0.612402
0.624823
0.636866
0.648521
0.659783
0.670645
0.681099
0.69114
0.700761
0.709957
0.718722
0.72705
0.734937
0.742378
0.749369
0.755904
0.76198
0.767594
0.772742
0.77742
0.781627
0.785359
0.788615
0.791391
0.793687
0.795502
0.796833
0.797681
0.798044
0.797923
0.797317
0.796228
0.794655
0.792599
0.790063
0.787046
0.783552
0.779583
0.77514
0.770226
0.764845
0.758999
0.752693
0.745929
0.738713
0.731049
0.72294
0.714393
0.705412
0.696003
0.686171
0.675922
0.665264
0.654201
0.642741
0.630891
0.618658
0.60605
0.593073
0.579737
0.566048
0.552016
0.537649
0.522955
0.507944
0.492624
0.477006
0.461097
0.444909
0.428451
0.411733
0.394764
0.377556
0.360119
0.342463
0.3246
0.306539
0.288292
0.26987
0.251284
0.232546
0.213667
0.194657
0.17553
0.156296
0.136967
0.117555
0.0980721
0.0785292
0.0589386
0.0393123
0.0196621
0
0
-0.0200219
-0.0400317
-0.0600172
-0.0799662
-0.0998667
-0.119707
-0.139474
-0.159156
-0.178742
-0.19822
-0.217577
-0.236802
-0.255883
-0.274809
-0.293568
-0.312148
-0.33054
-0.34873
-0.366709
-0.384465
-0.401988
-0.419267
-0.436291
-0.453051
-0.469535
-0.485734
-0.501639
-0.517239
-0.532525
-0.547487
-0.562117
-0.576406
-0.590345
-0.603926
-0.61714
-0.629979
-0.642436
-0.654503
-0.666172
-0.677437
-0.688291
-0.698727
-0.708739
-0.71832
-0.727465
-0.736169
-0.744426
-0.752231
-0.759579
-0.766466
-0.772888
-0.77884
-0.78432
-0.789323
-0.793848
-0.79789
-0.801448
-0.804519
-0.807102
-0.809195
-0.810797
-0.811907
-0.812523
-0.812647
-0.812277
-0.811413
-0.810058
-0.80821
-0.805872
-0.803044
-0.799729
-0.795929
-0.791645
-0.786881
-0.781639
-0.775922
-0.769735
-0.76308
-0.755962
-0.748385
-0.740353
-0.731872
-0.722947
-0.713583
-0.703785
-0.693561
-0.682915
-0.671855
-0.660387
-0.648518
-0.636255
-0.623606
-0.610578
-0.59718
-0.583419
-0.569304
-0.554843
-0.540046
-0.52492
-0.509476
-0.493723
-0.47767
-0.461327
-0.444703
-0.42781
-0.410657
-0.393255
-0.375614
-0.357745
-0.339659
-0.321367
-0.302879
-0.284208
-0.265364
-0.246359
-0.227205
-0.207912
-0.188493
-0.16896
-0.149324
-0.129598
-0.109793
-0.0899213
-0.069995
-0.0500262
-0.0300271
-0.0100097
0.0100138
0.0300312
0.0500304
0.0699992
0.0899255
0.109797
0.129602
0.149329
0.168964
0.188497
0.207916
0.227209
0.246363
0.265368
0.284212
0.302883
0.321371
0.339663
0.357749
0.375618
0.393259
0.410661
0.427814
0.444707
0.46133
0.477674
0.493727
0.50948
0.524924
0.540049
0.554847
0.569308
0.583423
0.597184
0.610582
0.62361
0.636259
0.648521
0.66039
0.671859
0.682919
0.693564
0.703789
0.713586
0.72295
0.731876
0.740357
0.748388
0.755965
0.763083
0.769738
0.775926
0.781642
0.786884
0.791648
0.795932
0.799733
0.803048
0.805875
0.808213
0.810061
0.811416
0.81228
0.81265
0.812526
0.81191
0.8108
0.809198
0.807105
0.804522
0.801451
0.797893
0.79385
0.789326
0.784322
0.778843
0.77289
0.766468
0.759581
0.752233
0.744428
0.736171
0.727468
0.718322
0.708741
0.698729
0.688293
0.677439
0.666174
0.654505
0.642438
0.629981
0.617142
0.603928
0.590347
0.576408
0.562119
0.547489
0.532526
0.51724
0.50164
0.485736
0.469536
0.453052
0.436292
0.419268
0.401989
0.384466
0.36671
0.348731
0.33054
0.312149
0.293568
0.274809
0.255883
0.236802
0.217577
0.19822
0.178743
0.159157
0.139474
0.119707
0.099867
0.0799664
0.0600173
0.0400318
0.020022
0
0
-0.0203696
-0.0407269
-0.0610594
-0.0813549
-0.101601
-0.121785
-0.141896
-0.16192
-0.181846
-0.201662
-0.221355
-0.240914
-0.260326
-0.279581
-0.298666
-0.317569
-0.33628
-0.354786
-0.373077
-0.391142
-0.408969
-0.426548
-0.443868
-0.460918
-0.477689
-0.49417
-0.51035
-0.526221
-0.541772
-0.556995
-0.571879
-0.586416
-0.600597
-0.614413
-0.627857
-0.640919
-0.653592
-0.665869
-0.677741
-0.689201
-0.700244
-0.710861
-0.721046
-0.730794
-0.740098
-0.748953
-0.757353
-0.765294
-0.77277
-0.779776
-0.786309
-0.792365
-0.79794
-0.803031
-0.807633
-0.811746
-0.815366
-0.818491
-0.821118
-0.823248
-0.824877
-0.826006
-0.826633
-0.826759
-0.826382
-0.825504
-0.824125
-0.822245
-0.819866
-0.81699
-0.813617
-0.809751
-0.805393
-0.800546
-0.795213
-0.789397
-0.783102
-0.776331
-0.76909
-0.761381
-0.75321
-0.744582
-0.735501
-0.725975
-0.716007
-0.705605
-0.694775
-0.683522
-0.671855
-0.65978
-0.647304
-0.634435
-0.621181
-0.60755
-0.59355
-0.57919
-0.564478
-0.549424
-0.534036
-0.518324
-0.502297
-0.485965
-0.469338
-0.452426
-0.435239
-0.417789
-0.400084
-0.382137
-0.363958
-0.345558
-0.326948
-0.308139
-0.289143
-0.269972
-0.250637
-0.23115
-0.211523
-0.191767
-0.171894
-0.151918
-0.131849
-0.1117
-0.0914829
-0.0712106
-0.050895
-0.0305486
-0.0101835
0.0101877
0.0305527
0.0508991
0.0712147
0.091487
0.111704
0.131853
0.151922
0.171898
0.191771
0.211527
0.231154
0.250641
0.269976
0.289148
0.308143
0.326952
0.345562
0.363962
0.382141
0.400088
0.417793
0.435243
0.45243
0.469342
0.485969
0.502301
0.518328
0.53404
0.549428
0.564482
0.579194
0.593554
0.607554
0.621185
0.634439
0.647308
0.659783
0.671859
0.683526
0.694778
0.705609
0.716011
0.725978
0.735505
0.744585
0.753213
0.761384
0.769093
0.776335
0.783105
0.7894
0.795216
0.800549
0.805396
0.809754
0.813621
0.816993
0.81987
0.822248
0.824128
0.825507
0.826385
0.826762
0.826636
0.826009
0.82488
0.823251
0.821121
0.818493
0.815368
0.811749
0.807636
0.803033
0.797943
0.792368
0.786312
0.779779
0.772772
0.765296
0.757356
0.748956
0.740101
0.730796
0.721049
0.710863
0.700246
0.689203
0.677743
0.665871
0.653594
0.640921
0.627859
0.614415
0.600599
0.586418
0.57188
0.556996
0.541774
0.526222
0.510351
0.494171
0.47769
0.460919
0.443869
0.426549
0.40897
0.391143
0.373078
0.354787
0.336281
0.31757
0.298666
0.279582
0.260327
0.240914
0.221356
0.201662
0.181847
0.161921
0.141896
0.121786
0.101601
0.0813551
0.0610596
0.040727
0.0203697
0
0
-0.020705
-0.0413973
-0.0620646
-0.0826942
-0.103274
-0.12379
-0.144232
-0.164586
-0.18484
-0.204982
-0.224999
-0.24488
-0.264612
-0.284183
-0.303582
-0.322797
-0.341816
-0.360627
-0.379219
-0.397581
-0.415702
-0.43357
-0.451175
-0.468506
-0.485553
-0.502305
-0.518752
-0.534884
-0.550691
-0.566164
-0.581293
-0.59607
-0.610484
-0.624528
-0.638193
-0.65147
-0.664352
-0.67683
-0.688898
-0.700547
-0.711771
-0.722563
-0.732917
-0.742825
-0.752282
-0.761283
-0.769821
-0.777892
-0.785491
-0.792613
-0.799254
-0.805409
-0.811076
-0.81625
-0.820929
-0.825109
-0.828789
-0.831965
-0.834636
-0.8368
-0.838457
-0.839604
-0.840242
-0.840369
-0.839987
-0.839094
-0.837692
-0.835781
-0.833363
-0.830439
-0.827011
-0.823081
-0.818651
-0.813725
-0.808304
-0.802392
-0.795993
-0.789112
-0.781751
-0.773915
-0.765609
-0.756839
-0.74761
-0.737926
-0.727794
-0.717221
-0.706212
-0.694775
-0.682915
-0.670641
-0.65796
-0.644879
-0.631407
-0.617552
-0.603322
-0.588725
-0.573771
-0.558469
-0.542827
-0.526856
-0.510566
-0.493965
-0.477064
-0.459874
-0.442405
-0.424667
-0.406671
-0.388428
-0.369949
-0.351246
-0.33233
-0.313212
-0.293903
-0.274417
-0.254763
-0.234955
-0.215005
-0.194924
-0.174724
-0.154419
-0.134019
-0.113539
-0.092989
-0.0723829
-0.0517329
-0.0310515
-0.0103512
0.0103553
0.0310556
0.051737
0.072387
0.0929931
0.113543
0.134023
0.154423
0.174728
0.194928
0.215009
0.234959
0.254767
0.274421
0.293907
0.313216
0.332334
0.35125
0.369953
0.388432
0.406675
0.42467
0.442409
0.459878
0.477068
0.493969
0.51057
0.52686
0.542831
0.558473
0.573775
0.588729
0.603325
0.617556
0.631411
0.644883
0.657964
0.670645
0.682919
0.694778
0.706216
0.717225
0.727798
0.737929
0.747613
0.756843
0.765613
0.773918
0.781754
0.789115
0.795997
0.802395
0.808307
0.813728
0.818655
0.823084
0.827015
0.830443
0.833366
0.835784
0.837695
0.839097
0.839989
0.840372
0.840245
0.839607
0.838459
0.836803
0.834639
0.831967
0.828791
0.825112
0.820932
0.816253
0.811079
0.805412
0.799256
0.792616
0.785494
0.777895
0.769823
0.761285
0.752284
0.742827
0.732919
0.722565
0.711773
0.700549
0.6889
0.676832
0.664354
0.651472
0.638195
0.62453
0.610486
0.596071
0.581295
0.566166
0.550692
0.534885
0.518753
0.502306
0.485554
0.468507
0.451176
0.433571
0.415703
0.397582
0.37922
0.360628
0.341816
0.322798
0.303583
0.284184
0.264613
0.24488
0.225
0.204982
0.18484
0.164586
0.144232
0.123791
0.103274
0.0826944
0.0620647
0.0413974
0.020705
0
0
-0.0210277
-0.0420427
-0.0630321
-0.0839833
-0.104883
-0.12572
-0.14648
-0.167151
-0.187721
-0.208177
-0.228506
-0.248697
-0.268737
-0.288613
-0.308315
-0.327829
-0.347144
-0.366248
-0.38513
-0.403779
-0.422182
-0.440329
-0.458208
-0.475809
-0.493122
-0.510135
-0.526838
-0.543222
-0.559276
-0.57499
-0.590355
-0.605362
-0.620001
-0.634264
-0.648141
-0.661626
-0.674708
-0.687381
-0.699637
-0.711468
-0.722867
-0.733827
-0.744342
-0.754404
-0.764009
-0.77315
-0.781822
-0.790019
-0.797736
-0.804969
-0.811713
-0.817965
-0.82372
-0.828974
-0.833726
-0.837971
-0.841708
-0.844934
-0.847647
-0.849845
-0.851527
-0.852692
-0.85334
-0.853469
-0.853081
-0.852174
-0.85075
-0.84881
-0.846354
-0.843385
-0.839903
-0.835912
-0.831413
-0.826409
-0.820904
-0.8149
-0.808402
-0.801413
-0.793937
-0.785979
-0.777544
-0.768637
-0.759264
-0.749429
-0.73914
-0.728401
-0.717221
-0.705605
-0.693561
-0.681095
-0.668217
-0.654932
-0.64125
-0.627179
-0.612727
-0.597902
-0.582715
-0.567174
-0.551289
-0.535069
-0.518525
-0.501665
-0.484501
-0.467043
-0.449301
-0.431287
-0.41301
-0.394483
-0.375716
-0.356722
-0.33751
-0.318094
-0.298485
-0.278695
-0.258735
-0.238618
-0.218356
-0.197962
-0.177448
-0.156826
-0.136108
-0.115309
-0.0944386
-0.0735113
-0.0525394
-0.0315356
-0.0105126
0.0105167
0.0315397
0.0525435
0.0735154
0.0944427
0.115313
0.136113
0.15683
0.177452
0.197966
0.21836
0.238622
0.258739
0.278699
0.298489
0.318098
0.337514
0.356726
0.37572
0.394487
0.413014
0.43129
0.449305
0.467047
0.484505
0.501669
0.518529
0.535073
0.551293
0.567178
0.582719
0.597906
0.61273
0.627182
0.641254
0.654936
0.66822
0.681099
0.693564
0.705609
0.717225
0.728405
0.739143
0.749433
0.759267
0.768641
0.777548
0.785983
0.79394
0.801416
0.808405
0.814904
0.820907
0.826413
0.831416
0.835915
0.839906
0.843388
0.846357
0.848813
0.850753
0.852177
0.853084
0.853472
0.853343
0.852695
0.85153
0.849848
0.847649
0.844937
0.841711
0.837974
0.833729
0.828977
0.823722
0.817967
0.811716
0.804971
0.797738
0.790021
0.781824
0.773152
0.764011
0.754406
0.744344
0.733829
0.722869
0.71147
0.699639
0.687383
0.67471
0.661627
0.648143
0.634265
0.620002
0.605363
0.590356
0.574991
0.559277
0.543223
0.52684
0.510136
0.493123
0.475811
0.458209
0.44033
0.422183
0.40378
0.385131
0.366249
0.347145
0.32783
0.308315
0.288614
0.268737
0.248698
0.228507
0.208177
0.187722
0.167152
0.14648
0.12572
0.104884
0.0839835
0.0630322
0.0420428
0.0210278
0
0
-0.0213377
-0.0426625
-0.0639613
-0.0852214
-0.10643
-0.127573
-0.14864
-0.169616
-0.190489
-0.211246
-0.231875
-0.252363
-0.272699
-0.292868
-0.31286
-0.332662
-0.352262
-0.371648
-0.390808
-0.409731
-0.428406
-0.44682
-0.464963
-0.482824
-0.500392
-0.517655
-0.534605
-0.55123
-0.56752
-0.583466
-0.599058
-0.614286
-0.629141
-0.643614
-0.657696
-0.671379
-0.684655
-0.697515
-0.709951
-0.721956
-0.733523
-0.744645
-0.755315
-0.765526
-0.775272
-0.784548
-0.793347
-0.801665
-0.809496
-0.816836
-0.82368
-0.830023
-0.835863
-0.841195
-0.846017
-0.850325
-0.854117
-0.85739
-0.860143
-0.862373
-0.86408
-0.865263
-0.86592
-0.866051
-0.865657
-0.864737
-0.863292
-0.861323
-0.858831
-0.855818
-0.852285
-0.848235
-0.84367
-0.838592
-0.833006
-0.826914
-0.82032
-0.813227
-0.805641
-0.797566
-0.789007
-0.779969
-0.770457
-0.760477
-0.750036
-0.73914
-0.727794
-0.716007
-0.703785
-0.691136
-0.678068
-0.664587
-0.650704
-0.636425
-0.62176
-0.606717
-0.591306
-0.575536
-0.559417
-0.542958
-0.526169
-0.509061
-0.491644
-0.473928
-0.455925
-0.437645
-0.419099
-0.400299
-0.381255
-0.361981
-0.342486
-0.322784
-0.302885
-0.282803
-0.262549
-0.242136
-0.221576
-0.200881
-0.180064
-0.159138
-0.138115
-0.117008
-0.0958309
-0.0745951
-0.053314
-0.0320005
-0.0106677
0.0106717
0.0320046
0.053318
0.0745991
0.0958349
0.117013
0.138119
0.159142
0.180068
0.200885
0.22158
0.24214
0.262553
0.282807
0.302889
0.322788
0.34249
0.361985
0.381259
0.400303
0.419103
0.437649
0.455929
0.473932
0.491648
0.509065
0.526173
0.542961
0.55942
0.57554
0.59131
0.606721
0.621763
0.636428
0.650707
0.664591
0.678071
0.69114
0.703789
0.716011
0.727798
0.739143
0.75004
0.760481
0.77046
0.779972
0.78901
0.79757
0.805645
0.813231
0.820323
0.826917
0.833009
0.838596
0.843673
0.848238
0.852288
0.855821
0.858834
0.861326
0.863295
0.86474
0.86566
0.866054
0.865923
0.865266
0.864083
0.862376
0.860145
0.857393
0.854119
0.850328
0.84602
0.841198
0.835865
0.830026
0.823682
0.816838
0.809499
0.801667
0.79335
0.78455
0.775274
0.765528
0.755317
0.744647
0.733525
0.721958
0.709953
0.697517
0.684657
0.671381
0.657698
0.643616
0.629143
0.614287
0.599059
0.583468
0.567522
0.551231
0.534606
0.517657
0.500393
0.482825
0.464964
0.446821
0.428407
0.409732
0.390809
0.371649
0.352263
0.332663
0.312861
0.292869
0.272699
0.252364
0.231876
0.211246
0.190489
0.169616
0.14864
0.127574
0.10643
0.0852216
0.0639615
0.0426626
0.0213378
0
0
-0.0216348
-0.0432564
-0.0648517
-0.0864077
-0.107911
-0.129349
-0.150709
-0.171977
-0.19314
-0.214187
-0.235103
-0.255877
-0.276495
-0.296945
-0.317215
-0.337293
-0.357165
-0.376821
-0.396249
-0.415435
-0.434369
-0.45304
-0.471436
-0.489545
-0.507357
-0.524862
-0.542047
-0.558904
-0.575421
-0.591589
-0.607397
-0.622837
-0.637899
-0.652574
-0.666852
-0.680726
-0.694186
-0.707225
-0.719834
-0.732007
-0.743735
-0.755011
-0.76583
-0.776183
-0.786065
-0.79547
-0.804392
-0.812825
-0.820765
-0.828207
-0.835146
-0.841578
-0.847499
-0.852906
-0.857794
-0.862162
-0.866007
-0.869326
-0.872117
-0.874378
-0.876109
-0.877308
-0.877974
-0.878108
-0.877708
-0.876775
-0.87531
-0.873314
-0.870787
-0.867732
-0.86415
-0.860043
-0.855415
-0.850266
-0.844602
-0.838425
-0.831739
-0.824548
-0.816857
-0.808669
-0.799991
-0.790827
-0.781182
-0.771064
-0.760477
-0.749429
-0.737926
-0.725975
-0.713583
-0.700758
-0.687507
-0.673839
-0.659762
-0.645284
-0.630415
-0.615163
-0.599537
-0.583548
-0.567204
-0.550516
-0.533494
-0.516147
-0.498488
-0.480526
-0.462272
-0.443737
-0.424933
-0.405871
-0.386563
-0.36702
-0.347254
-0.327277
-0.307102
-0.28674
-0.266204
-0.245507
-0.22466
-0.203677
-0.182571
-0.161353
-0.140038
-0.118637
-0.097165
-0.0756335
-0.0540562
-0.0324461
-0.0108162
0.0108202
0.0324501
0.0540602
0.0756376
0.097169
0.118641
0.140042
0.161357
0.182575
0.203681
0.224664
0.245511
0.266208
0.286744
0.307106
0.327281
0.347258
0.367024
0.386567
0.405875
0.424937
0.443741
0.462276
0.480529
0.498492
0.516151
0.533497
0.55052
0.567208
0.583552
0.599541
0.615167
0.630419
0.645288
0.659766
0.673843
0.687511
0.700761
0.713586
0.725978
0.737929
0.749433
0.760481
0.771067
0.781186
0.79083
0.799994
0.808672
0.81686
0.824551
0.831742
0.838428
0.844605
0.85027
0.855418
0.860046
0.864153
0.867735
0.87079
0.873317
0.875313
0.876778
0.877711
0.87811
0.877977
0.877311
0.876112
0.874381
0.872119
0.869328
0.866009
0.862165
0.857797
0.852908
0.847501
0.84158
0.835148
0.828209
0.820767
0.812827
0.804394
0.795472
0.786067
0.776185
0.765832
0.755013
0.743737
0.732009
0.719836
0.707227
0.694188
0.680727
0.666854
0.652575
0.637901
0.622839
0.607399
0.59159
0.575422
0.558905
0.542049
0.524863
0.507359
0.489546
0.471437
0.453041
0.434371
0.415436
0.396249
0.376822
0.357166
0.337294
0.317216
0.296946
0.276495
0.255877
0.235103
0.214187
0.193141
0.171977
0.150709
0.12935
0.107911
0.0864079
0.0648519
0.0432565
0.0216348
0
0
-0.0219187
-0.043824
-0.0657028
-0.0875416
-0.109327
-0.131047
-0.152686
-0.174234
-0.195675
-0.216997
-0.238188
-0.259234
-0.280123
-0.300842
-0.321378
-0.341719
-0.361852
-0.381766
-0.401448
-0.420887
-0.44007
-0.458985
-0.477622
-0.495969
-0.514015
-0.531749
-0.54916
-0.566238
-0.582972
-0.599352
-0.615368
-0.631011
-0.64627
-0.661137
-0.675603
-0.689659
-0.703296
-0.716505
-0.72928
-0.741613
-0.753495
-0.764919
-0.775879
-0.786368
-0.79638
-0.805908
-0.814947
-0.823492
-0.831536
-0.839075
-0.846105
-0.852622
-0.85862
-0.864098
-0.869051
-0.873476
-0.877371
-0.880734
-0.883561
-0.885853
-0.887606
-0.888821
-0.889496
-0.889631
-0.889226
-0.888281
-0.886797
-0.884774
-0.882214
-0.879119
-0.87549
-0.871329
-0.86664
-0.861424
-0.855686
-0.849428
-0.842654
-0.835368
-0.827576
-0.819281
-0.810489
-0.801204
-0.791434
-0.781182
-0.770457
-0.759264
-0.74761
-0.735501
-0.722947
-0.709953
-0.696529
-0.682682
-0.66842
-0.653752
-0.638688
-0.623236
-0.607405
-0.591206
-0.574647
-0.55774
-0.540495
-0.522921
-0.505029
-0.486831
-0.468338
-0.44956
-0.430509
-0.411197
-0.391636
-0.371836
-0.351811
-0.331572
-0.311132
-0.290503
-0.269698
-0.248728
-0.227608
-0.20635
-0.184966
-0.163471
-0.141875
-0.120194
-0.0984401
-0.0766261
-0.0547656
-0.0328719
-0.0109582
0.0109622
0.0328759
0.0547696
0.0766301
0.098444
0.120198
0.141879
0.163475
0.18497
0.206354
0.227612
0.248732
0.269701
0.290507
0.311136
0.331576
0.351815
0.37184
0.391639
0.411201
0.430513
0.449564
0.468342
0.486835
0.505033
0.522924
0.540498
0.557744
0.574651
0.591209
0.607409
0.623239
0.638691
0.653756
0.668423
0.682685
0.696533
0.709957
0.72295
0.735505
0.747613
0.759267
0.77046
0.781186
0.791437
0.801208
0.810492
0.819284
0.827579
0.835372
0.842657
0.849431
0.855689
0.861427
0.866643
0.871332
0.875493
0.879122
0.882217
0.884777
0.886799
0.888284
0.889229
0.889634
0.889499
0.888823
0.887609
0.885855
0.883564
0.880736
0.877374
0.873479
0.869053
0.8641
0.858623
0.852624
0.846108
0.839078
0.831538
0.823494
0.814949
0.80591
0.796382
0.78637
0.775881
0.764921
0.753497
0.741614
0.729282
0.716507
0.703297
0.68966
0.675605
0.661139
0.646272
0.631012
0.61537
0.599353
0.582973
0.566239
0.549162
0.53175
0.514017
0.495971
0.477623
0.458986
0.440071
0.420888
0.401449
0.381767
0.361853
0.34172
0.321379
0.300843
0.280124
0.259235
0.238189
0.216998
0.195675
0.174234
0.152687
0.131047
0.109328
0.0875418
0.0657029
0.0438241
0.0219187
0
0
-0.0221893
-0.044365
-0.0665139
-0.0886224
-0.110677
-0.132665
-0.154571
-0.176385
-0.198091
-0.219676
-0.241129
-0.262435
-0.283581
-0.304556
-0.325346
-0.345938
-0.36632
-0.386479
-0.406405
-0.426083
-0.445503
-0.464652
-0.483519
-0.502092
-0.520361
-0.538314
-0.55594
-0.573229
-0.590169
-0.606751
-0.622965
-0.638801
-0.654249
-0.669299
-0.683944
-0.698173
-0.711978
-0.725351
-0.738284
-0.750768
-0.762797
-0.774363
-0.785458
-0.796077
-0.806212
-0.815858
-0.825008
-0.833658
-0.841802
-0.849434
-0.856551
-0.863148
-0.869221
-0.874766
-0.87978
-0.88426
-0.888203
-0.891607
-0.894469
-0.896789
-0.898564
-0.899794
-0.900477
-0.900614
-0.900204
-0.899247
-0.897745
-0.895697
-0.893106
-0.889972
-0.886298
-0.882087
-0.877339
-0.872059
-0.86625
-0.859914
-0.853057
-0.845682
-0.837793
-0.829396
-0.820495
-0.811096
-0.801204
-0.790827
-0.779969
-0.768637
-0.756839
-0.744582
-0.731872
-0.718718
-0.705128
-0.69111
-0.676672
-0.661823
-0.646573
-0.63093
-0.614904
-0.598504
-0.581742
-0.564626
-0.547167
-0.529376
-0.511264
-0.492842
-0.47412
-0.45511
-0.435824
-0.416274
-0.396471
-0.376427
-0.356154
-0.335665
-0.314973
-0.294089
-0.273027
-0.251799
-0.230418
-0.208898
-0.18725
-0.165489
-0.143627
-0.121678
-0.0996554
-0.0775721
-0.0554418
-0.0332777
-0.0110935
0.0110975
0.0332817
0.0554457
0.0775761
0.0996593
0.121682
0.143631
0.165493
0.187254
0.208901
0.230422
0.251803
0.273031
0.294093
0.314977
0.335669
0.356158
0.376431
0.396474
0.416278
0.435828
0.455114
0.474124
0.492845
0.511268
0.52938
0.547171
0.56463
0.581746
0.598508
0.614907
0.630933
0.646576
0.661827
0.676676
0.691113
0.705132
0.718722
0.731876
0.744585
0.756843
0.768641
0.779972
0.79083
0.801208
0.811099
0.820498
0.829399
0.837796
0.845685
0.85306
0.859917
0.866253
0.872062
0.877342
0.88209
0.886301
0.889975
0.893109
0.8957
0.897747
0.89925
0.900207
0.900617
0.90048
0.899796
0.898567
0.896792
0.894472
0.891609
0.888205
0.884262
0.879782
0.874768
0.869223
0.86315
0.856553
0.849436
0.841804
0.83366
0.825011
0.81586
0.806214
0.796079
0.78546
0.774364
0.762799
0.75077
0.738286
0.725353
0.71198
0.698175
0.683945
0.669301
0.65425
0.638802
0.622967
0.606753
0.59017
0.57323
0.555941
0.538315
0.520362
0.502094
0.48352
0.464653
0.445504
0.426084
0.406405
0.38648
0.366321
0.345938
0.325346
0.304557
0.283582
0.262435
0.241129
0.219677
0.198091
0.176385
0.154572
0.132665
0.110677
0.0886226
0.066514
0.0443651
0.0221893
0
0
-0.0224464
-0.0448791
-0.0672847
-0.0896493
-0.11196
-0.134202
-0.156363
-0.178428
-0.200386
-0.222222
-0.243923
-0.265476
-0.286868
-0.308085
-0.329116
-0.349946
-0.370565
-0.390958
-0.411114
-0.43102
-0.450665
-0.470036
-0.489122
-0.507911
-0.526391
-0.544552
-0.562382
-0.579871
-0.597008
-0.613782
-0.630184
-0.646203
-0.66183
-0.677055
-0.691869
-0.706263
-0.720229
-0.733756
-0.746839
-0.759468
-0.771636
-0.783336
-0.79456
-0.805301
-0.815554
-0.825312
-0.834569
-0.843318
-0.851556
-0.859277
-0.866477
-0.87315
-0.879293
-0.884903
-0.889975
-0.894507
-0.898495
-0.901939
-0.904835
-0.907181
-0.908977
-0.910221
-0.910912
-0.91105
-0.910635
-0.909668
-0.908148
-0.906076
-0.903455
-0.900285
-0.896569
-0.892308
-0.887506
-0.882164
-0.876288
-0.869879
-0.862942
-0.855481
-0.847501
-0.839007
-0.830003
-0.820495
-0.810489
-0.799991
-0.789007
-0.777544
-0.765609
-0.75321
-0.740353
-0.727047
-0.713299
-0.699118
-0.684513
-0.669492
-0.654065
-0.638241
-0.622029
-0.60544
-0.588483
-0.571169
-0.553508
-0.535511
-0.517189
-0.498553
-0.479614
-0.460384
-0.440875
-0.421098
-0.401065
-0.380789
-0.360281
-0.339555
-0.318623
-0.297497
-0.276191
-0.254717
-0.233088
-0.211318
-0.18942
-0.167406
-0.145291
-0.123088
-0.10081
-0.0784711
-0.0560843
-0.0336634
-0.0112221
0.011226
0.0336673
0.0560882
0.078475
0.100814
0.123092
0.145295
0.16741
0.189424
0.211322
0.233092
0.254721
0.276195
0.297501
0.318627
0.339559
0.360285
0.380793
0.401069
0.421101
0.440878
0.460388
0.479618
0.498557
0.517193
0.535515
0.553512
0.571173
0.588487
0.605444
0.622033
0.638245
0.654069
0.669496
0.684517
0.699122
0.713303
0.72705
0.740357
0.753213
0.765613
0.777548
0.78901
0.799994
0.810492
0.820498
0.830006
0.83901
0.847504
0.855485
0.862945
0.869882
0.876291
0.882168
0.887509
0.892311
0.896572
0.900288
0.903458
0.906079
0.908151
0.90967
0.910638
0.911053
0.910915
0.910223
0.908979
0.907184
0.904837
0.901941
0.898498
0.894509
0.889977
0.884905
0.879296
0.873152
0.866479
0.85928
0.851559
0.843321
0.834571
0.825314
0.815556
0.805304
0.794562
0.783338
0.771638
0.75947
0.746841
0.733758
0.72023
0.706265
0.691871
0.677057
0.661832
0.646205
0.630186
0.613784
0.597009
0.579872
0.562384
0.544553
0.526392
0.507912
0.489123
0.470037
0.450666
0.431021
0.411115
0.390959
0.370565
0.349947
0.329116
0.308086
0.286868
0.265476
0.243923
0.222222
0.200386
0.178429
0.156363
0.134202
0.11196
0.0896495
0.0672848
0.0448792
0.0224464
0
0
-0.0226899
-0.045366
-0.0680146
-0.0906218
-0.113174
-0.135658
-0.158059
-0.180364
-0.20256
-0.224633
-0.246569
-0.268356
-0.28998
-0.311427
-0.332686
-0.353743
-0.374585
-0.395199
-0.415574
-0.435696
-0.455554
-0.475135
-0.494428
-0.513421
-0.532101
-0.550459
-0.568483
-0.586162
-0.603484
-0.620441
-0.63702
-0.653213
-0.66901
-0.6844
-0.699375
-0.713925
-0.728042
-0.741716
-0.754941
-0.767707
-0.780007
-0.791834
-0.803179
-0.814038
-0.824401
-0.834265
-0.843622
-0.852467
-0.860794
-0.868599
-0.875876
-0.882622
-0.888832
-0.894502
-0.899629
-0.90421
-0.908242
-0.911723
-0.91465
-0.917022
-0.918837
-0.920095
-0.920793
-0.920933
-0.920514
-0.919536
-0.917999
-0.915906
-0.913256
-0.910052
-0.906295
-0.901988
-0.897133
-0.891734
-0.885794
-0.879316
-0.872303
-0.864762
-0.856695
-0.848108
-0.839007
-0.829396
-0.819281
-0.808669
-0.797566
-0.785979
-0.773915
-0.761381
-0.748385
-0.734934
-0.721037
-0.706703
-0.691939
-0.676755
-0.661161
-0.645165
-0.628777
-0.612008
-0.594867
-0.577365
-0.559512
-0.54132
-0.522799
-0.503961
-0.484817
-0.465378
-0.445657
-0.425666
-0.405416
-0.38492
-0.36419
-0.343239
-0.322079
-0.300725
-0.279187
-0.25748
-0.235617
-0.213611
-0.191475
-0.169223
-0.146868
-0.124424
-0.101904
-0.0793224
-0.0566927
-0.0340286
-0.0113439
0.0113478
0.0340325
0.0566966
0.0793263
0.101908
0.124427
0.146872
0.169226
0.191479
0.213615
0.235621
0.257484
0.279191
0.300728
0.322083
0.343243
0.364194
0.384923
0.40542
0.42567
0.445661
0.465382
0.484821
0.503965
0.522803
0.541324
0.559516
0.577369
0.594871
0.612011
0.628781
0.645168
0.661164
0.676759
0.691942
0.706706
0.721041
0.734937
0.748388
0.761384
0.773918
0.785983
0.79757
0.808672
0.819284
0.829399
0.83901
0.848112
0.856698
0.864765
0.872307
0.879319
0.885797
0.891737
0.897137
0.901991
0.906298
0.910055
0.913259
0.915908
0.918002
0.919539
0.920517
0.920936
0.920796
0.920097
0.91884
0.917025
0.914653
0.911726
0.908245
0.904213
0.899632
0.894505
0.888834
0.882624
0.875879
0.868601
0.860796
0.852469
0.843624
0.834267
0.824404
0.81404
0.803181
0.791835
0.780009
0.767709
0.754943
0.741718
0.728043
0.713927
0.699376
0.684402
0.669011
0.653215
0.637022
0.620442
0.603486
0.586163
0.568484
0.550461
0.532103
0.513422
0.494429
0.475136
0.455555
0.435697
0.415575
0.3952
0.374585
0.353743
0.332687
0.311428
0.28998
0.268356
0.24657
0.224633
0.20256
0.180364
0.158059
0.135658
0.113174
0.090622
0.0680147
0.0453661
0.0226899
0
0
-0.0229196
-0.0458253
-0.0687032
-0.0915394
-0.11432
-0.137031
-0.159659
-0.18219
-0.204611
-0.226907
-0.249065
-0.271073
-0.292915
-0.31458
-0.336054
-0.357324
-0.378377
-0.3992
-0.419781
-0.440107
-0.460166
-0.479946
-0.499434
-0.518619
-0.537489
-0.556033
-0.574239
-0.592096
-0.609594
-0.626722
-0.64347
-0.659827
-0.675783
-0.691329
-0.706456
-0.721153
-0.735413
-0.749226
-0.762584
-0.77548
-0.787904
-0.799851
-0.811311
-0.822279
-0.832748
-0.842712
-0.852163
-0.861098
-0.869509
-0.877393
-0.884744
-0.891558
-0.897831
-0.903559
-0.908738
-0.913365
-0.917438
-0.920954
-0.923911
-0.926307
-0.92814
-0.92941
-0.930116
-0.930257
-0.929834
-0.928846
-0.927294
-0.925179
-0.922502
-0.919266
-0.915471
-0.91112
-0.906217
-0.900763
-0.894762
-0.888218
-0.881135
-0.873517
-0.865369
-0.856695
-0.847501
-0.837793
-0.827576
-0.816857
-0.805641
-0.793937
-0.781751
-0.76909
-0.755962
-0.742375
-0.728337
-0.713858
-0.698945
-0.683607
-0.667855
-0.651697
-0.635143
-0.618204
-0.60089
-0.583211
-0.565177
-0.546801
-0.528093
-0.509064
-0.489726
-0.47009
-0.450169
-0.429975
-0.40952
-0.388817
-0.367877
-0.346714
-0.32534
-0.303769
-0.282014
-0.260087
-0.238003
-0.215773
-0.193413
-0.170936
-0.148355
-0.125683
-0.102936
-0.0801255
-0.0572667
-0.0343732
-0.0114588
0.0114626
0.034377
0.0572706
0.0801294
0.10294
0.125687
0.148358
0.17094
0.193417
0.215777
0.238006
0.260091
0.282018
0.303773
0.325344
0.346718
0.367881
0.388821
0.409524
0.429979
0.450173
0.470094
0.489729
0.509067
0.528096
0.546805
0.565181
0.583214
0.600893
0.618208
0.635147
0.6517
0.667858
0.683611
0.698948
0.713861
0.728341
0.742378
0.755965
0.769093
0.781754
0.79394
0.805645
0.81686
0.827579
0.837796
0.847504
0.856698
0.865372
0.87352
0.881138
0.888221
0.894765
0.900766
0.90622
0.911123
0.915474
0.919268
0.922505
0.925182
0.927297
0.928849
0.929837
0.93026
0.930119
0.929413
0.928143
0.926309
0.923913
0.920956
0.917441
0.913368
0.90874
0.903561
0.897833
0.891561
0.884747
0.877395
0.869512
0.8611
0.852165
0.842714
0.83275
0.822281
0.811313
0.799852
0.787906
0.775482
0.762586
0.749228
0.735414
0.721155
0.706457
0.691331
0.675785
0.659828
0.643471
0.626724
0.609596
0.592098
0.57424
0.556034
0.53749
0.51862
0.499435
0.479947
0.460167
0.440108
0.419782
0.399201
0.378378
0.357325
0.336055
0.314581
0.292916
0.271073
0.249066
0.226907
0.204611
0.182191
0.159659
0.137031
0.11432
0.0915395
0.0687033
0.0458254
0.0229197
0
0
-0.0231354
-0.0462568
-0.0693501
-0.0924013
-0.115396
-0.138321
-0.161163
-0.183906
-0.206537
-0.229043
-0.251411
-0.273625
-0.295674
-0.317542
-0.339219
-0.360689
-0.38194
-0.402959
-0.423734
-0.444251
-0.464499
-0.484465
-0.504136
-0.523502
-0.54255
-0.561268
-0.579646
-0.597671
-0.615334
-0.632624
-0.649529
-0.66604
-0.682146
-0.697839
-0.713108
-0.727944
-0.742337
-0.756281
-0.769765
-0.782782
-0.795323
-0.807382
-0.818951
-0.830022
-0.840589
-0.850647
-0.860187
-0.869206
-0.877697
-0.885655
-0.893075
-0.899953
-0.906285
-0.912067
-0.917294
-0.921965
-0.926077
-0.929626
-0.93261
-0.935029
-0.93688
-0.938162
-0.938874
-0.939017
-0.938589
-0.937592
-0.936025
-0.93389
-0.931189
-0.927921
-0.924091
-0.919699
-0.91475
-0.909244
-0.903187
-0.896582
-0.889432
-0.881742
-0.873517
-0.864762
-0.855481
-0.845682
-0.835368
-0.824548
-0.813227
-0.801413
-0.789112
-0.776331
-0.76308
-0.749365
-0.735195
-0.720579
-0.705526
-0.690044
-0.674143
-0.657833
-0.641124
-0.624025
-0.606548
-0.588702
-0.570499
-0.55195
-0.533065
-0.513857
-0.494337
-0.474517
-0.454408
-0.434024
-0.413377
-0.392478
-0.371341
-0.349979
-0.328404
-0.30663
-0.284669
-0.262536
-0.240244
-0.217805
-0.195235
-0.172545
-0.149752
-0.126867
-0.103905
-0.08088
-0.057806
-0.0346969
-0.0115667
0.0115705
0.0347007
0.0578098
0.0808838
0.103909
0.126871
0.149755
0.172549
0.195238
0.217809
0.240247
0.26254
0.284673
0.306633
0.328408
0.349982
0.371345
0.392482
0.41338
0.434028
0.454412
0.47452
0.494341
0.513861
0.533069
0.551953
0.570503
0.588706
0.606551
0.624029
0.641127
0.657837
0.674147
0.690048
0.705529
0.720583
0.735199
0.749369
0.763083
0.776335
0.789115
0.801416
0.813231
0.824551
0.835372
0.845685
0.855485
0.864765
0.87352
0.881745
0.889435
0.896585
0.90319
0.909247
0.914753
0.919702
0.924094
0.927924
0.931191
0.933893
0.936028
0.937595
0.938592
0.939019
0.938877
0.938164
0.936882
0.935031
0.932613
0.929628
0.926079
0.921968
0.917297
0.912069
0.906287
0.899955
0.893077
0.885657
0.877699
0.869208
0.860189
0.850649
0.840591
0.830024
0.818952
0.807384
0.795325
0.782783
0.769767
0.756282
0.742339
0.727945
0.713109
0.69784
0.682148
0.666041
0.64953
0.632625
0.615336
0.597673
0.579647
0.561269
0.542551
0.523503
0.504138
0.484466
0.4645
0.444252
0.423735
0.40296
0.381941
0.360689
0.339219
0.317543
0.295674
0.273626
0.251411
0.229044
0.206538
0.183906
0.161163
0.138322
0.115397
0.0924015
0.0693502
0.0462569
0.0231355
0
0
-0.0233372
-0.0466602
-0.0699549
-0.0932071
-0.116403
-0.139528
-0.162568
-0.18551
-0.208339
-0.231041
-0.253603
-0.276011
-0.298252
-0.320312
-0.342177
-0.363834
-0.385271
-0.406473
-0.427429
-0.448126
-0.46855
-0.48869
-0.508533
-0.528068
-0.547281
-0.566163
-0.584701
-0.602884
-0.620701
-0.638141
-0.655194
-0.671848
-0.688095
-0.703925
-0.719327
-0.734292
-0.748811
-0.762876
-0.776478
-0.789608
-0.802259
-0.814423
-0.826093
-0.837261
-0.84792
-0.858065
-0.867689
-0.876786
-0.885351
-0.893379
-0.900864
-0.907802
-0.914189
-0.920021
-0.925294
-0.930006
-0.934153
-0.937733
-0.940744
-0.943183
-0.94505
-0.946344
-0.947062
-0.947206
-0.946775
-0.945769
-0.944188
-0.942035
-0.939309
-0.936014
-0.93215
-0.92772
-0.922727
-0.917174
-0.911064
-0.904401
-0.897189
-0.889432
-0.881135
-0.872303
-0.862942
-0.853057
-0.842654
-0.831739
-0.82032
-0.808402
-0.795993
-0.783102
-0.769735
-0.7559
-0.741607
-0.726864
-0.711679
-0.696062
-0.680023
-0.66357
-0.646715
-0.629467
-0.611838
-0.593836
-0.575474
-0.556763
-0.537714
-0.518338
-0.498648
-0.478655
-0.458371
-0.437809
-0.416982
-0.395901
-0.37458
-0.353031
-0.331268
-0.309304
-0.287152
-0.264826
-0.242339
-0.219705
-0.196937
-0.17405
-0.151058
-0.127973
-0.104811
-0.0815854
-0.0583102
-0.0349995
-0.0116676
0.0116714
0.0350033
0.0583139
0.0815892
0.104815
0.127977
0.151061
0.174054
0.196941
0.219709
0.242343
0.26483
0.287156
0.309308
0.331272
0.353035
0.374583
0.395904
0.416985
0.437813
0.458375
0.478659
0.498652
0.518342
0.537718
0.556767
0.575478
0.59384
0.611841
0.629471
0.646719
0.663574
0.680026
0.696065
0.711682
0.726867
0.741611
0.755904
0.769738
0.783105
0.795997
0.808405
0.820323
0.831742
0.842657
0.85306
0.862945
0.872307
0.881138
0.889435
0.897192
0.904404
0.911067
0.917177
0.92273
0.927723
0.932153
0.936017
0.939312
0.942038
0.944191
0.945771
0.946777
0.947209
0.947065
0.946346
0.945053
0.943186
0.940746
0.937736
0.934156
0.930008
0.925297
0.920023
0.914191
0.907804
0.900866
0.893381
0.885353
0.876788
0.867691
0.858067
0.847922
0.837263
0.826095
0.814425
0.802261
0.78961
0.77648
0.762878
0.748813
0.734294
0.719328
0.703926
0.688097
0.67185
0.655195
0.638142
0.620702
0.602885
0.584702
0.566164
0.547283
0.528069
0.508534
0.488691
0.468551
0.448127
0.42743
0.406474
0.385272
0.363835
0.342178
0.320312
0.298253
0.276012
0.253604
0.231041
0.208339
0.18551
0.162568
0.139528
0.116403
0.0932073
0.0699551
0.0466603
0.0233372
0
0
-0.0235248
-0.0470353
-0.0705173
-0.0939564
-0.117338
-0.140649
-0.163875
-0.187001
-0.210013
-0.232898
-0.255642
-0.27823
-0.30065
-0.322887
-0.344928
-0.366759
-0.388368
-0.409741
-0.430865
-0.451728
-0.472317
-0.492618
-0.512621
-0.532312
-0.551681
-0.570714
-0.589401
-0.60773
-0.62569
-0.643271
-0.66046
-0.677249
-0.693627
-0.709583
-0.725109
-0.740195
-0.754831
-0.769009
-0.78272
-0.795956
-0.808708
-0.82097
-0.832733
-0.843991
-0.854736
-0.864963
-0.874664
-0.883834
-0.892468
-0.90056
-0.908105
-0.915099
-0.921538
-0.927416
-0.932732
-0.937482
-0.941662
-0.945271
-0.948306
-0.950765
-0.952647
-0.953951
-0.954675
-0.95482
-0.954385
-0.953371
-0.951778
-0.949608
-0.94686
-0.943538
-0.939643
-0.935178
-0.930145
-0.924547
-0.918388
-0.911671
-0.904401
-0.896582
-0.888218
-0.879316
-0.869879
-0.859914
-0.849428
-0.838425
-0.826914
-0.8149
-0.802392
-0.789397
-0.775922
-0.761977
-0.747569
-0.732707
-0.7174
-0.701657
-0.685489
-0.668905
-0.651914
-0.634528
-0.616756
-0.59861
-0.5801
-0.561239
-0.542037
-0.522505
-0.502656
-0.482503
-0.462056
-0.441329
-0.420334
-0.399083
-0.377591
-0.355869
-0.333931
-0.31179
-0.28946
-0.266955
-0.244287
-0.221471
-0.19852
-0.175449
-0.152272
-0.129002
-0.105654
-0.0822413
-0.0587789
-0.0352809
-0.0117614
0.0117652
0.0352846
0.0587827
0.082245
0.105657
0.129006
0.152276
0.175453
0.198524
0.221475
0.244291
0.266958
0.289464
0.311794
0.333935
0.355872
0.377594
0.399087
0.420337
0.441332
0.46206
0.482506
0.50266
0.522509
0.54204
0.561242
0.580104
0.598613
0.616759
0.634531
0.651917
0.668908
0.685492
0.701661
0.717403
0.73271
0.747572
0.76198
0.775926
0.7894
0.802395
0.814904
0.826917
0.838428
0.849431
0.859917
0.869882
0.879319
0.888221
0.896585
0.904404
0.911674
0.918391
0.92455
0.930148
0.935181
0.939646
0.943541
0.946863
0.94961
0.951781
0.953374
0.954388
0.954823
0.954678
0.953953
0.95265
0.950768
0.948309
0.945274
0.941665
0.937484
0.932735
0.927419
0.92154
0.915101
0.908108
0.900562
0.89247
0.883837
0.874666
0.864965
0.854738
0.843993
0.832735
0.820972
0.80871
0.795957
0.782722
0.76901
0.754833
0.740196
0.725111
0.709585
0.693628
0.677251
0.660462
0.643272
0.625692
0.607731
0.589402
0.570715
0.551682
0.532314
0.512622
0.492619
0.472317
0.451729
0.430866
0.409742
0.388369
0.36676
0.344928
0.322887
0.30065
0.278231
0.255642
0.232899
0.210014
0.187001
0.163875
0.14065
0.117339
0.0939566
0.0705174
0.0470354
0.0235248
0
0
-0.0236981
-0.0473818
-0.0710368
-0.0946486
-0.118203
-0.141686
-0.165082
-0.188379
-0.211561
-0.234614
-0.257525
-0.28028
-0.302865
-0.325265
-0.347469
-0.369461
-0.391229
-0.41276
-0.43404
-0.455056
-0.475796
-0.496248
-0.516398
-0.536234
-0.555745
-0.574919
-0.593743
-0.612208
-0.6303
-0.64801
-0.665326
-0.682239
-0.698737
-0.714811
-0.730451
-0.745648
-0.760392
-0.774674
-0.788486
-0.80182
-0.814666
-0.827018
-0.838868
-0.850209
-0.861034
-0.871335
-0.881108
-0.890346
-0.899043
-0.907195
-0.914796
-0.921841
-0.928327
-0.934249
-0.939604
-0.944389
-0.9486
-0.952235
-0.955293
-0.95777
-0.959666
-0.960979
-0.961709
-0.961855
-0.961417
-0.960395
-0.95879
-0.956604
-0.953836
-0.95049
-0.946566
-0.942068
-0.936997
-0.931358
-0.925154
-0.918388
-0.911064
-0.903187
-0.894762
-0.885794
-0.876288
-0.86625
-0.855686
-0.844602
-0.833006
-0.820904
-0.808304
-0.795213
-0.781639
-0.767591
-0.753076
-0.738105
-0.722685
-0.706827
-0.690539
-0.673833
-0.656717
-0.639202
-0.6213
-0.60302
-0.584374
-0.565374
-0.54603
-0.526355
-0.50636
-0.486058
-0.46546
-0.44458
-0.42343
-0.402023
-0.380373
-0.358491
-0.336391
-0.314087
-0.291593
-0.268921
-0.246087
-0.223103
-0.199983
-0.176742
-0.153394
-0.129952
-0.106432
-0.0828472
-0.059212
-0.0355408
-0.0118481
0.0118518
0.0355446
0.0592157
0.0828509
0.106436
0.129956
0.153398
0.176746
0.199987
0.223106
0.24609
0.268925
0.291597
0.314091
0.336395
0.358494
0.380376
0.402027
0.423434
0.444584
0.465464
0.486061
0.506363
0.526358
0.546034
0.565377
0.584378
0.603024
0.621303
0.639206
0.65672
0.673836
0.690543
0.70683
0.722689
0.738108
0.75308
0.767594
0.781642
0.795216
0.808307
0.820907
0.833009
0.844605
0.855689
0.866253
0.876291
0.885797
0.894765
0.90319
0.911067
0.918391
0.925157
0.931361
0.937
0.942071
0.946569
0.950492
0.953839
0.956606
0.958793
0.960398
0.961419
0.961857
0.961711
0.960982
0.959668
0.957772
0.955295
0.952238
0.948602
0.944391
0.939606
0.934251
0.928329
0.921843
0.914798
0.907197
0.899046
0.890348
0.88111
0.871337
0.861036
0.850211
0.83887
0.82702
0.814668
0.801822
0.788488
0.774676
0.760394
0.74565
0.730453
0.714813
0.698739
0.68224
0.665328
0.648011
0.630301
0.612209
0.593745
0.57492
0.555746
0.536235
0.516399
0.496249
0.475797
0.455057
0.43404
0.41276
0.39123
0.369462
0.347469
0.325266
0.302865
0.280281
0.257526
0.234615
0.211561
0.188379
0.165082
0.141686
0.118203
0.0946488
0.0710369
0.0473819
0.0236982
0
0
-0.023857
-0.0476996
-0.0715132
-0.0952834
-0.118996
-0.142636
-0.166189
-0.189642
-0.212979
-0.236188
-0.259252
-0.28216
-0.304896
-0.327447
-0.349799
-0.371939
-0.393853
-0.415528
-0.43695
-0.458108
-0.478987
-0.499576
-0.519861
-0.53983
-0.559472
-0.578775
-0.597725
-0.616313
-0.634527
-0.652356
-0.669788
-0.686814
-0.703423
-0.719605
-0.73535
-0.750649
-0.765492
-0.77987
-0.793774
-0.807197
-0.82013
-0.832565
-0.844494
-0.855911
-0.866808
-0.877179
-0.887017
-0.896317
-0.905073
-0.913279
-0.920931
-0.928023
-0.934553
-0.940515
-0.945906
-0.950722
-0.954962
-0.958621
-0.961699
-0.964193
-0.966102
-0.967424
-0.968158
-0.968305
-0.967864
-0.966836
-0.965221
-0.963019
-0.960233
-0.956864
-0.952914
-0.948386
-0.943281
-0.937604
-0.931358
-0.924547
-0.917174
-0.909244
-0.900763
-0.891734
-0.882164
-0.872059
-0.861424
-0.850266
-0.838592
-0.826409
-0.813725
-0.800546
-0.786881
-0.772738
-0.758127
-0.743055
-0.727532
-0.711567
-0.69517
-0.678352
-0.661121
-0.643489
-0.625467
-0.607064
-0.588293
-0.569165
-0.549692
-0.529885
-0.509756
-0.489317
-0.468582
-0.447562
-0.42627
-0.40472
-0.382923
-0.360895
-0.338647
-0.316194
-0.293548
-0.270725
-0.247737
-0.224599
-0.201324
-0.177927
-0.154423
-0.130824
-0.107146
-0.0834028
-0.0596091
-0.0357792
-0.0119276
0.0119313
0.0357829
0.0596128
0.0834065
0.10715
0.130828
0.154426
0.177931
0.201328
0.224603
0.247741
0.270729
0.293552
0.316197
0.338651
0.360898
0.382927
0.404723
0.426274
0.447565
0.468585
0.489321
0.509759
0.529888
0.549695
0.569169
0.588297
0.607068
0.62547
0.643493
0.661125
0.678355
0.695174
0.71157
0.727535
0.743058
0.75813
0.772742
0.786884
0.800549
0.813728
0.826413
0.838596
0.85027
0.861427
0.872062
0.882168
0.891737
0.900766
0.909247
0.917177
0.92455
0.931361
0.937607
0.943284
0.948388
0.952917
0.956867
0.960236
0.963022
0.965223
0.966839
0.967867
0.968308
0.968161
0.967426
0.966104
0.964196
0.961702
0.958624
0.954964
0.950725
0.945908
0.940517
0.934555
0.928026
0.920933
0.913281
0.905075
0.896319
0.887019
0.877181
0.86681
0.855913
0.844496
0.832567
0.820132
0.807199
0.793776
0.779871
0.765493
0.75065
0.735352
0.719606
0.703425
0.686816
0.66979
0.652357
0.634528
0.616315
0.597727
0.578776
0.559473
0.539832
0.519862
0.499577
0.478988
0.458109
0.436951
0.415529
0.393854
0.37194
0.3498
0.327447
0.304896
0.28216
0.259253
0.236188
0.21298
0.189642
0.16619
0.142636
0.118996
0.0952835
0.0715133
0.0476997
0.0238571
0
0
-0.0240015
-0.0479884
-0.0719462
-0.0958603
-0.119716
-0.143499
-0.167196
-0.19079
-0.214269
-0.237618
-0.260822
-0.283868
-0.306742
-0.329429
-0.351917
-0.374191
-0.396238
-0.418044
-0.439596
-0.460882
-0.481887
-0.5026
-0.523008
-0.543099
-0.56286
-0.582279
-0.601344
-0.620045
-0.638369
-0.656305
-0.673844
-0.690973
-0.707682
-0.723962
-0.739802
-0.755194
-0.770126
-0.784592
-0.79858
-0.812084
-0.825096
-0.837606
-0.849607
-0.861093
-0.872056
-0.88249
-0.892388
-0.901744
-0.910553
-0.918809
-0.926507
-0.933642
-0.940211
-0.946209
-0.951633
-0.956478
-0.960744
-0.964426
-0.967522
-0.970031
-0.971951
-0.973281
-0.97402
-0.974168
-0.973725
-0.97269
-0.971065
-0.96885
-0.966047
-0.962657
-0.958684
-0.954128
-0.948993
-0.943281
-0.936997
-0.930145
-0.922727
-0.91475
-0.906217
-0.897133
-0.887506
-0.877339
-0.86664
-0.855415
-0.84367
-0.831413
-0.818651
-0.805393
-0.791645
-0.777417
-0.762717
-0.747554
-0.731937
-0.715875
-0.699379
-0.682459
-0.665124
-0.647385
-0.629254
-0.61074
-0.591855
-0.572612
-0.55302
-0.533093
-0.512842
-0.49228
-0.471419
-0.450272
-0.428851
-0.40717
-0.385242
-0.36308
-0.340698
-0.318108
-0.295326
-0.272364
-0.249237
-0.225959
-0.202543
-0.179005
-0.155358
-0.131616
-0.107795
-0.0839078
-0.0599701
-0.0359959
-0.0119998
0.0120035
0.0359995
0.0599737
0.0839115
0.107798
0.13162
0.155361
0.179008
0.202547
0.225962
0.249241
0.272368
0.295329
0.318112
0.340701
0.363084
0.385246
0.407174
0.428855
0.450275
0.471422
0.492283
0.512846
0.533096
0.553024
0.572615
0.591859
0.610743
0.629257
0.647389
0.665127
0.682462
0.699383
0.715879
0.73194
0.747557
0.76272
0.77742
0.791648
0.805396
0.818655
0.831416
0.843673
0.855418
0.866643
0.877342
0.887509
0.897137
0.90622
0.914753
0.92273
0.930148
0.937
0.943284
0.948995
0.954131
0.958686
0.96266
0.96605
0.968853
0.971067
0.972692
0.973727
0.974171
0.974023
0.973284
0.971954
0.970033
0.967524
0.964428
0.960746
0.956481
0.951635
0.946211
0.940213
0.933644
0.926509
0.918811
0.910555
0.901746
0.89239
0.882492
0.872058
0.861095
0.849609
0.837608
0.825097
0.812086
0.798582
0.784593
0.770128
0.755195
0.739804
0.723963
0.707684
0.690974
0.673845
0.656307
0.63837
0.620046
0.601346
0.58228
0.562861
0.5431
0.523009
0.502601
0.481888
0.460882
0.439597
0.418045
0.396238
0.374192
0.351918
0.32943
0.306742
0.283869
0.260822
0.237618
0.214269
0.19079
0.167196
0.1435
0.119716
0.0958604
0.0719463
0.0479885
0.0240015
0
0
-0.0241314
-0.0482481
-0.0723355
-0.096379
-0.120364
-0.144276
-0.1681
-0.191822
-0.215428
-0.238903
-0.262233
-0.285404
-0.308402
-0.331212
-0.353821
-0.376216
-0.398382
-0.420306
-0.441975
-0.463375
-0.484495
-0.50532
-0.525838
-0.546038
-0.565905
-0.58543
-0.604598
-0.6234
-0.641823
-0.659857
-0.67749
-0.694711
-0.711511
-0.727879
-0.743805
-0.75928
-0.774294
-0.788837
-0.802902
-0.816479
-0.82956
-0.842138
-0.854205
-0.865753
-0.876775
-0.887265
-0.897217
-0.906623
-0.91548
-0.92378
-0.93152
-0.938694
-0.945299
-0.951329
-0.956782
-0.961654
-0.965942
-0.969644
-0.972757
-0.97528
-0.97721
-0.978548
-0.979291
-0.979439
-0.978993
-0.977953
-0.976319
-0.974092
-0.971274
-0.967867
-0.963871
-0.959291
-0.954128
-0.948386
-0.942068
-0.935178
-0.92772
-0.919699
-0.91112
-0.901988
-0.892308
-0.882087
-0.871329
-0.860043
-0.848235
-0.835912
-0.823081
-0.809751
-0.795929
-0.781624
-0.766844
-0.751599
-0.735897
-0.719749
-0.703164
-0.686152
-0.668723
-0.650888
-0.632659
-0.614045
-0.595058
-0.57571
-0.556013
-0.535978
-0.515617
-0.494944
-0.47397
-0.452708
-0.431172
-0.409373
-0.387327
-0.365045
-0.342541
-0.31983
-0.296924
-0.273838
-0.250586
-0.227181
-0.203639
-0.179973
-0.156198
-0.132328
-0.108378
-0.0843619
-0.0602946
-0.0361907
-0.0120648
0.0120684
0.0361943
0.0602982
0.0843655
0.108382
0.132332
0.156202
0.179977
0.203643
0.227185
0.250589
0.273842
0.296928
0.319833
0.342545
0.365048
0.38733
0.409377
0.431175
0.452712
0.473973
0.494947
0.515621
0.535981
0.556016
0.575713
0.595061
0.614048
0.632662
0.650892
0.668726
0.686155
0.703167
0.719752
0.735901
0.751602
0.766847
0.781627
0.795932
0.809754
0.823084
0.835915
0.848238
0.860046
0.871332
0.88209
0.892311
0.901991
0.911123
0.919702
0.927723
0.935181
0.942071
0.948388
0.954131
0.959293
0.963874
0.967869
0.971277
0.974095
0.976322
0.977956
0.978996
0.979442
0.979293
0.97855
0.977213
0.975282
0.97276
0.969647
0.965945
0.961656
0.956784
0.951331
0.945301
0.938696
0.931522
0.923782
0.915482
0.906625
0.897219
0.887267
0.876777
0.865755
0.854206
0.84214
0.829562
0.81648
0.802903
0.788839
0.774295
0.759282
0.743807
0.727881
0.711513
0.694713
0.677491
0.659858
0.641825
0.623401
0.604599
0.585431
0.565907
0.546039
0.525839
0.505321
0.484496
0.463376
0.441976
0.420307
0.398382
0.376216
0.353822
0.331213
0.308402
0.285405
0.262234
0.238904
0.215429
0.191823
0.168101
0.144276
0.120364
0.0963792
0.0723356
0.0482482
0.0241314
0
0
-0.0242466
-0.0484784
-0.0726809
-0.0968392
-0.120939
-0.144965
-0.168903
-0.192738
-0.216457
-0.240044
-0.263485
-0.286767
-0.309874
-0.332793
-0.355511
-0.378012
-0.400284
-0.422313
-0.444085
-0.465588
-0.486808
-0.507733
-0.528349
-0.548645
-0.568608
-0.588225
-0.607485
-0.626377
-0.644888
-0.663008
-0.680725
-0.698029
-0.714909
-0.731355
-0.747357
-0.762905
-0.777991
-0.792604
-0.806735
-0.820377
-0.833521
-0.846159
-0.858283
-0.869887
-0.880962
-0.891502
-0.901501
-0.910952
-0.919851
-0.928191
-0.935968
-0.943177
-0.949812
-0.955872
-0.961351
-0.966246
-0.970555
-0.974274
-0.977402
-0.979937
-0.981876
-0.98322
-0.983967
-0.984116
-0.983668
-0.982623
-0.980981
-0.978744
-0.975912
-0.972488
-0.968474
-0.963871
-0.958684
-0.952914
-0.946566
-0.939643
-0.93215
-0.924091
-0.915471
-0.906295
-0.896569
-0.886298
-0.87549
-0.86415
-0.852285
-0.839903
-0.827011
-0.813617
-0.799729
-0.785356
-0.770506
-0.755188
-0.739411
-0.723186
-0.706521
-0.689428
-0.671916
-0.653996
-0.635679
-0.616977
-0.597899
-0.578459
-0.558667
-0.538537
-0.518079
-0.497307
-0.476233
-0.45487
-0.43323
-0.411328
-0.389176
-0.366788
-0.344177
-0.321357
-0.298342
-0.275146
-0.251782
-0.228266
-0.204612
-0.180833
-0.156944
-0.13296
-0.108896
-0.0847647
-0.0605825
-0.0363635
-0.0121224
0.012126
0.0363671
0.0605861
0.0847683
0.108899
0.132964
0.156948
0.180836
0.204615
0.22827
0.251786
0.275149
0.298345
0.32136
0.34418
0.366791
0.38918
0.411332
0.433234
0.454873
0.476236
0.49731
0.518083
0.53854
0.558671
0.578462
0.597903
0.61698
0.635683
0.654
0.671919
0.689431
0.706525
0.723189
0.739414
0.755191
0.770509
0.785359
0.799733
0.813621
0.827015
0.839906
0.852288
0.864153
0.875493
0.886301
0.896572
0.906298
0.915474
0.924094
0.932153
0.939646
0.946569
0.952917
0.958686
0.963874
0.968476
0.972491
0.975915
0.978746
0.980984
0.982625
0.983671
0.984119
0.983969
0.983223
0.981879
0.979939
0.977405
0.974276
0.970557
0.966248
0.961353
0.955874
0.949815
0.943179
0.93597
0.928193
0.919853
0.910954
0.901503
0.891504
0.880963
0.869888
0.858285
0.846161
0.833523
0.820379
0.806737
0.792605
0.777992
0.762907
0.747359
0.731356
0.71491
0.69803
0.680726
0.663009
0.644889
0.626378
0.607486
0.588226
0.568609
0.548646
0.52835
0.507734
0.486809
0.465589
0.444086
0.422313
0.400285
0.378013
0.355511
0.332794
0.309875
0.286767
0.263486
0.240045
0.216457
0.192739
0.168903
0.144965
0.120939
0.0968394
0.072681
0.0484785
0.0242466
0
0
-0.0243471
-0.0486794
-0.0729821
-0.0972406
-0.12144
-0.145566
-0.169603
-0.193537
-0.217354
-0.241039
-0.264578
-0.287956
-0.311159
-0.334173
-0.356984
-0.379579
-0.401943
-0.424063
-0.445926
-0.467518
-0.488826
-0.509838
-0.530539
-0.550919
-0.570965
-0.590663
-0.610003
-0.628973
-0.647561
-0.665756
-0.683546
-0.700922
-0.717872
-0.734386
-0.750455
-0.766068
-0.781216
-0.795889
-0.810079
-0.823778
-0.836976
-0.849667
-0.861841
-0.873492
-0.884613
-0.895197
-0.905238
-0.914728
-0.923664
-0.932039
-0.939848
-0.947086
-0.953749
-0.959834
-0.965336
-0.970251
-0.974578
-0.978313
-0.981454
-0.983999
-0.985946
-0.987296
-0.988045
-0.988195
-0.987746
-0.986696
-0.985047
-0.982801
-0.979957
-0.976519
-0.972488
-0.967867
-0.962657
-0.956864
-0.95049
-0.943538
-0.936014
-0.927921
-0.919266
-0.910052
-0.900285
-0.889972
-0.879119
-0.867732
-0.855818
-0.843385
-0.830439
-0.81699
-0.803044
-0.788611
-0.7737
-0.758318
-0.742476
-0.726184
-0.70945
-0.692286
-0.674701
-0.656707
-0.638314
-0.619534
-0.600378
-0.580857
-0.560983
-0.540769
-0.520227
-0.499368
-0.478207
-0.456755
-0.435026
-0.413033
-0.390789
-0.368308
-0.345603
-0.322689
-0.299578
-0.276286
-0.252826
-0.229212
-0.20546
-0.181582
-0.157595
-0.133511
-0.109347
-0.0851161
-0.0608337
-0.0365143
-0.0121727
0.0121763
0.0365178
0.0608372
0.0851197
0.10935
0.133515
0.157598
0.181586
0.205463
0.229216
0.25283
0.27629
0.299582
0.322692
0.345607
0.368312
0.390793
0.413037
0.43503
0.456759
0.47821
0.499372
0.52023
0.540773
0.560987
0.58086
0.600381
0.619537
0.638318
0.656711
0.674705
0.692289
0.709453
0.726187
0.742479
0.758321
0.773703
0.788615
0.803048
0.816993
0.830443
0.843388
0.855821
0.867735
0.879122
0.889975
0.900288
0.910055
0.919268
0.927924
0.936017
0.943541
0.950492
0.956867
0.96266
0.967869
0.972491
0.976522
0.97996
0.982803
0.98505
0.986698
0.987748
0.988198
0.988048
0.987298
0.985949
0.984001
0.981456
0.978315
0.97458
0.970253
0.965338
0.959836
0.953752
0.947088
0.93985
0.932041
0.923666
0.91473
0.90524
0.895199
0.884615
0.873494
0.861843
0.849668
0.836978
0.82378
0.810081
0.795891
0.781217
0.766069
0.750456
0.734388
0.717874
0.700923
0.683548
0.665757
0.647562
0.628974
0.610004
0.590664
0.570966
0.55092
0.53054
0.509838
0.488827
0.467519
0.445927
0.424064
0.401944
0.37958
0.356985
0.334174
0.311159
0.287956
0.264578
0.24104
0.217355
0.193538
0.169603
0.145566
0.12144
0.0972408
0.0729823
0.0486795
0.0243471
0
0
-0.0244328
-0.0488508
-0.0732391
-0.097583
-0.121868
-0.146078
-0.1702
-0.194219
-0.218119
-0.241888
-0.265509
-0.288969
-0.312254
-0.33535
-0.358241
-0.380915
-0.403358
-0.425556
-0.447496
-0.469164
-0.490547
-0.511633
-0.532407
-0.552859
-0.572975
-0.592743
-0.612151
-0.631188
-0.649841
-0.6681
-0.685953
-0.70339
-0.7204
-0.736972
-0.753097
-0.768765
-0.783966
-0.798691
-0.812932
-0.826678
-0.839923
-0.852658
-0.864876
-0.876568
-0.887728
-0.898349
-0.908425
-0.917949
-0.926916
-0.93532
-0.943157
-0.950421
-0.957108
-0.963213
-0.968734
-0.973667
-0.978009
-0.981757
-0.984909
-0.987463
-0.989418
-0.990772
-0.991524
-0.991675
-0.991223
-0.99017
-0.988516
-0.986261
-0.983408
-0.979957
-0.975912
-0.971274
-0.966047
-0.960233
-0.953836
-0.94686
-0.939309
-0.931189
-0.922502
-0.913256
-0.903455
-0.893106
-0.882214
-0.870787
-0.858831
-0.846354
-0.833363
-0.819866
-0.805872
-0.791388
-0.776424
-0.760988
-0.74509
-0.72874
-0.711948
-0.694723
-0.677077
-0.659019
-0.640562
-0.621715
-0.602492
-0.582902
-0.562958
-0.542673
-0.522058
-0.501127
-0.479891
-0.458364
-0.436558
-0.414487
-0.392165
-0.369605
-0.34682
-0.323825
-0.300633
-0.277259
-0.253716
-0.23002
-0.206183
-0.182222
-0.15815
-0.133981
-0.109732
-0.0854158
-0.0610479
-0.0366429
-0.0122156
0.0122191
0.0366464
0.0610514
0.0854193
0.109735
0.133985
0.158153
0.182225
0.206187
0.230023
0.25372
0.277262
0.300637
0.323828
0.346824
0.369608
0.392169
0.414491
0.436561
0.458367
0.479894
0.50113
0.522062
0.542676
0.562962
0.582905
0.602495
0.621719
0.640565
0.659023
0.67708
0.694727
0.711951
0.728744
0.745094
0.760991
0.776427
0.791391
0.805875
0.81987
0.833366
0.846357
0.858834
0.87079
0.882217
0.893109
0.903458
0.913259
0.922505
0.931191
0.939312
0.946863
0.953839
0.960236
0.96605
0.971277
0.975915
0.97996
0.98341
0.986264
0.988518
0.990173
0.991226
0.991677
0.991527
0.990774
0.98942
0.987466
0.984912
0.981759
0.978011
0.97367
0.968737
0.963215
0.95711
0.950423
0.943159
0.935322
0.926918
0.917951
0.908427
0.898351
0.88773
0.87657
0.864877
0.85266
0.839925
0.82668
0.812933
0.798693
0.783968
0.768767
0.753099
0.736974
0.720401
0.703391
0.685954
0.668101
0.649842
0.631189
0.612152
0.592744
0.572976
0.55286
0.532408
0.511634
0.490548
0.469165
0.447497
0.425557
0.403359
0.380916
0.358242
0.33535
0.312255
0.28897
0.26551
0.241888
0.21812
0.194219
0.1702
0.146078
0.121868
0.0975831
0.0732392
0.0488509
0.0244329
0
0
-0.0245037
-0.0489925
-0.0734516
-0.0978661
-0.122221
-0.146502
-0.170694
-0.194782
-0.218752
-0.24259
-0.26628
-0.289808
-0.31316
-0.336323
-0.359281
-0.382021
-0.404529
-0.426791
-0.448794
-0.470525
-0.491971
-0.513117
-0.533952
-0.554463
-0.574637
-0.594463
-0.613927
-0.633019
-0.651727
-0.670038
-0.687943
-0.705431
-0.72249
-0.73911
-0.755282
-0.770996
-0.786241
-0.801009
-0.81529
-0.829077
-0.84236
-0.855132
-0.867385
-0.879111
-0.890304
-0.900956
-0.911061
-0.920613
-0.929606
-0.938034
-0.945893
-0.953178
-0.959885
-0.966008
-0.971545
-0.976492
-0.980847
-0.984606
-0.987767
-0.990328
-0.992289
-0.993647
-0.994401
-0.994552
-0.994099
-0.993043
-0.991384
-0.989123
-0.986261
-0.982801
-0.978744
-0.974092
-0.96885
-0.963019
-0.956604
-0.949608
-0.942035
-0.93389
-0.925179
-0.915906
-0.906076
-0.895697
-0.884774
-0.873314
-0.861323
-0.84881
-0.835781
-0.822245
-0.80821
-0.793684
-0.778676
-0.763196
-0.747252
-0.730855
-0.714014
-0.696739
-0.679041
-0.660932
-0.64242
-0.623519
-0.60424
-0.584593
-0.564592
-0.544248
-0.523573
-0.502581
-0.481283
-0.459693
-0.437825
-0.41569
-0.393303
-0.370677
-0.347827
-0.324765
-0.301506
-0.278063
-0.254452
-0.230687
-0.206781
-0.18275
-0.158608
-0.13437
-0.11005
-0.0856637
-0.061225
-0.0367492
-0.0122511
0.0122545
0.0367527
0.0612285
0.0856672
0.110054
0.134374
0.158612
0.182754
0.206785
0.23069
0.254456
0.278067
0.301509
0.324768
0.34783
0.370681
0.393306
0.415693
0.437828
0.459697
0.481287
0.502584
0.523576
0.544251
0.564595
0.584597
0.604243
0.623523
0.642424
0.660935
0.679045
0.696742
0.714017
0.730858
0.747255
0.763199
0.77868
0.793687
0.808213
0.822248
0.835784
0.848813
0.861326
0.873317
0.884777
0.8957
0.906079
0.915908
0.925182
0.933893
0.942038
0.94961
0.956606
0.963022
0.968853
0.974095
0.978746
0.982803
0.986264
0.989125
0.991386
0.993045
0.994102
0.994555
0.994404
0.993649
0.992291
0.990331
0.987769
0.984608
0.980849
0.976495
0.971547
0.96601
0.959887
0.95318
0.945895
0.938036
0.929608
0.920614
0.911063
0.900957
0.890305
0.879113
0.867387
0.855134
0.842362
0.829079
0.815292
0.80101
0.786242
0.770997
0.755284
0.739112
0.722491
0.705432
0.687945
0.67004
0.651728
0.63302
0.613928
0.594464
0.574638
0.554464
0.533953
0.513118
0.491971
0.470526
0.448795
0.426792
0.404529
0.382021
0.359281
0.336323
0.313161
0.289808
0.26628
0.24259
0.218753
0.194783
0.170694
0.146502
0.122221
0.0978663
0.0734517
0.0489926
0.0245037
0
0
-0.0245597
-0.0491045
-0.0736195
-0.0980898
-0.122501
-0.146837
-0.171084
-0.195228
-0.219252
-0.243144
-0.266888
-0.29047
-0.313876
-0.337091
-0.360102
-0.382894
-0.405453
-0.427767
-0.44982
-0.471601
-0.493095
-0.51429
-0.535173
-0.55573
-0.575951
-0.595822
-0.615331
-0.634466
-0.653216
-0.67157
-0.689516
-0.707043
-0.724142
-0.7408
-0.757009
-0.772758
-0.788038
-0.80284
-0.817154
-0.830972
-0.844286
-0.857087
-0.869368
-0.881121
-0.892339
-0.903015
-0.913143
-0.922717
-0.931731
-0.940179
-0.948056
-0.955357
-0.962079
-0.968216
-0.973766
-0.978725
-0.983089
-0.986856
-0.990025
-0.992592
-0.994557
-0.995918
-0.996674
-0.996826
-0.996372
-0.995313
-0.99365
-0.991384
-0.988516
-0.985047
-0.980981
-0.976319
-0.971065
-0.965221
-0.95879
-0.951778
-0.944188
-0.936025
-0.927294
-0.917999
-0.908148
-0.897745
-0.886797
-0.87531
-0.863292
-0.85075
-0.837692
-0.824125
-0.810058
-0.795499
-0.780457
-0.764941
-0.74896
-0.732526
-0.715646
-0.698332
-0.680594
-0.662442
-0.643889
-0.624945
-0.605621
-0.58593
-0.565882
-0.545492
-0.52477
-0.50373
-0.482383
-0.460744
-0.438826
-0.41664
-0.394202
-0.371525
-0.348622
-0.325507
-0.302195
-0.278699
-0.255034
-0.231214
-0.207254
-0.183168
-0.158971
-0.134677
-0.110302
-0.0858595
-0.061365
-0.0368332
-0.0122791
0.0122825
0.0368367
0.0613684
0.085863
0.110305
0.134681
0.158974
0.183172
0.207258
0.231218
0.255037
0.278702
0.302198
0.32551
0.348625
0.371528
0.394206
0.416644
0.438829
0.460748
0.482387
0.503733
0.524773
0.545495
0.565886
0.585933
0.605624
0.624948
0.643892
0.662446
0.680597
0.698335
0.715649
0.732529
0.748964
0.764944
0.78046
0.795502
0.810061
0.824128
0.837695
0.850753
0.863295
0.875313
0.886799
0.897747
0.908151
0.918002
0.927297
0.936028
0.944191
0.951781
0.958793
0.965223
0.971067
0.976322
0.980984
0.98505
0.988518
0.991386
0.993652
0.995315
0.996374
0.996828
0.996677
0.99592
0.994559
0.992595
0.990027
0.986859
0.983091
0.978727
0.973768
0.968218
0.962081
0.955359
0.948058
0.94018
0.931733
0.922719
0.913145
0.903017
0.892341
0.881123
0.86937
0.857089
0.844288
0.830974
0.817156
0.802841
0.78804
0.77276
0.75701
0.740801
0.724143
0.707045
0.689517
0.671571
0.653218
0.634467
0.615332
0.595823
0.575952
0.555731
0.535174
0.514291
0.493096
0.471602
0.449821
0.427767
0.405454
0.382895
0.360103
0.337092
0.313877
0.290471
0.266889
0.243145
0.219253
0.195228
0.171084
0.146837
0.122501
0.09809
0.0736196
0.0491046
0.0245598
0
0
-0.0246008
-0.0491867
-0.0737427
-0.098254
-0.122706
-0.147083
-0.171371
-0.195554
-0.219619
-0.243551
-0.267335
-0.290957
-0.314401
-0.337656
-0.360705
-0.383535
-0.406132
-0.428483
-0.450573
-0.47239
-0.49392
-0.515151
-0.536068
-0.556661
-0.576915
-0.596819
-0.61636
-0.635528
-0.65431
-0.672694
-0.69067
-0.708227
-0.725354
-0.74204
-0.758276
-0.774051
-0.789357
-0.804183
-0.818522
-0.832363
-0.845699
-0.858521
-0.870823
-0.882595
-0.893832
-0.904526
-0.914672
-0.924261
-0.93329
-0.941752
-0.949642
-0.956956
-0.963689
-0.969837
-0.975396
-0.980363
-0.984734
-0.988508
-0.991682
-0.994253
-0.996222
-0.997585
-0.998342
-0.998494
-0.998039
-0.996979
-0.995313
-0.993043
-0.99017
-0.986696
-0.982623
-0.977953
-0.97269
-0.966836
-0.960395
-0.953371
-0.945769
-0.937592
-0.928846
-0.919536
-0.909668
-0.899247
-0.888281
-0.876775
-0.864737
-0.852174
-0.839094
-0.825504
-0.811413
-0.79683
-0.781763
-0.766221
-0.750214
-0.733752
-0.716844
-0.699501
-0.681733
-0.663551
-0.644967
-0.625991
-0.606635
-0.58691
-0.56683
-0.546405
-0.525648
-0.504573
-0.483191
-0.461515
-0.43956
-0.417338
-0.394862
-0.372147
-0.349205
-0.326052
-0.302701
-0.279165
-0.255461
-0.231601
-0.207601
-0.183475
-0.159237
-0.134903
-0.110487
-0.0860033
-0.0614677
-0.0368949
-0.0122997
0.012303
0.0368983
0.0614711
0.0860067
0.11049
0.134906
0.159241
0.183478
0.207604
0.231605
0.255464
0.279169
0.302704
0.326055
0.349209
0.37215
0.394865
0.417341
0.439563
0.461519
0.483194
0.504576
0.525652
0.546408
0.566833
0.586913
0.606638
0.625994
0.64497
0.663554
0.681736
0.699504
0.716847
0.733755
0.750217
0.766224
0.781766
0.796833
0.811416
0.825507
0.839097
0.852177
0.86474
0.876778
0.888284
0.89925
0.90967
0.919539
0.928849
0.937595
0.945771
0.953374
0.960398
0.966839
0.972692
0.977956
0.982625
0.986698
0.990173
0.993045
0.995315
0.996981
0.998042
0.998496
0.998345
0.997587
0.996224
0.994256
0.991684
0.98851
0.984736
0.980365
0.975398
0.969839
0.963691
0.956958
0.949644
0.941754
0.933292
0.924263
0.914673
0.904528
0.893834
0.882597
0.870825
0.858523
0.845701
0.832365
0.818523
0.804185
0.789359
0.774053
0.758277
0.742041
0.725355
0.708228
0.690671
0.672695
0.654311
0.635529
0.616362
0.59682
0.576916
0.556662
0.536069
0.515152
0.493921
0.472391
0.450574
0.428483
0.406133
0.383535
0.360705
0.337656
0.314402
0.290957
0.267335
0.243552
0.21962
0.195555
0.171371
0.147083
0.122706
0.0982542
0.0737429
0.0491868
0.0246009
0
0
-0.024627
-0.049239
-0.0738212
-0.0983585
-0.122836
-0.147239
-0.171553
-0.195762
-0.219853
-0.24381
-0.267619
-0.291266
-0.314736
-0.338015
-0.361088
-0.383943
-0.406564
-0.428938
-0.451052
-0.472893
-0.494446
-0.515699
-0.536639
-0.557253
-0.577529
-0.597454
-0.617016
-0.636204
-0.655006
-0.67341
-0.691405
-0.70898
-0.726125
-0.742829
-0.759082
-0.774875
-0.790197
-0.805039
-0.819392
-0.833248
-0.846599
-0.859435
-0.871749
-0.883534
-0.894783
-0.905489
-0.915645
-0.925245
-0.934283
-0.942754
-0.950653
-0.957974
-0.964714
-0.970868
-0.976433
-0.981405
-0.985782
-0.98956
-0.992737
-0.995311
-0.997281
-0.998646
-0.999404
-0.999556
-0.999101
-0.998039
-0.996372
-0.994099
-0.991223
-0.987746
-0.983668
-0.978993
-0.973725
-0.967864
-0.961417
-0.954385
-0.946775
-0.938589
-0.929834
-0.920514
-0.910635
-0.900204
-0.889226
-0.877708
-0.865657
-0.853081
-0.839987
-0.826382
-0.812277
-0.797678
-0.782594
-0.767036
-0.751012
-0.734532
-0.717606
-0.700245
-0.682458
-0.664257
-0.645653
-0.626657
-0.60728
-0.587535
-0.567433
-0.546986
-0.526207
-0.505109
-0.483705
-0.462006
-0.440028
-0.417782
-0.395282
-0.372542
-0.349577
-0.326399
-0.303023
-0.279462
-0.255733
-0.231848
-0.207822
-0.18367
-0.159407
-0.135046
-0.110604
-0.0860948
-0.0615331
-0.0369342
-0.0123128
0.0123161
0.0369375
0.0615365
0.0860981
0.110607
0.13505
0.15941
0.183673
0.207825
0.231851
0.255736
0.279466
0.303026
0.326402
0.34958
0.372546
0.395285
0.417785
0.440031
0.46201
0.483708
0.505113
0.526211
0.546989
0.567436
0.587538
0.607283
0.62666
0.645656
0.66426
0.682461
0.700248
0.717609
0.734535
0.751015
0.767039
0.782597
0.797681
0.81228
0.826385
0.839989
0.853084
0.86566
0.877711
0.889229
0.900207
0.910638
0.920517
0.929837
0.938592
0.946777
0.954388
0.961419
0.967867
0.973727
0.978996
0.983671
0.987748
0.991226
0.994102
0.996374
0.998042
0.999103
0.999559
0.999407
0.998648
0.997284
0.995313
0.992739
0.989562
0.985784
0.981408
0.976435
0.970871
0.964716
0.957976
0.950655
0.942756
0.934285
0.925246
0.915646
0.90549
0.894785
0.883536
0.871751
0.859436
0.8466
0.83325
0.819394
0.80504
0.790198
0.774876
0.759084
0.742831
0.726126
0.708981
0.691406
0.673411
0.655007
0.636205
0.617017
0.597455
0.57753
0.557254
0.53664
0.5157
0.494447
0.472894
0.451053
0.428939
0.406565
0.383943
0.361089
0.338015
0.314736
0.291267
0.26762
0.243811
0.219853
0.195763
0.171553
0.147239
0.122836
0.0983587
0.0738213
0.0492391
0.024627
0
0
-0.0246382
-0.0492615
-0.0738548
-0.0984033
-0.122892
-0.147306
-0.171631
-0.195851
-0.219953
-0.243921
-0.267741
-0.291399
-0.314879
-0.338169
-0.361253
-0.384118
-0.406749
-0.429134
-0.451258
-0.473108
-0.494671
-0.515934
-0.536883
-0.557507
-0.577792
-0.597726
-0.617297
-0.636494
-0.655304
-0.673716
-0.69172
-0.709303
-0.726456
-0.743168
-0.759428
-0.775228
-0.790557
-0.805406
-0.819766
-0.833628
-0.846984
-0.859826
-0.872146
-0.883937
-0.895191
-0.905901
-0.916062
-0.925666
-0.934708
-0.943183
-0.951086
-0.958411
-0.965154
-0.971311
-0.976878
-0.981853
-0.986231
-0.99001
-0.993189
-0.995765
-0.997736
-0.999101
-0.99986
-1.00001
-0.999556
-0.998494
-0.996826
-0.994552
-0.991675
-0.988195
-0.984116
-0.979439
-0.974168
-0.968305
-0.961855
-0.95482
-0.947206
-0.939017
-0.930257
-0.920933
-0.91105
-0.900614
-0.889631
-0.878108
-0.866051
-0.853469
-0.840369
-0.826759
-0.812647
-0.798041
-0.782951
-0.767385
-0.751354
-0.734867
-0.717933
-0.700564
-0.682769
-0.66456
-0.645947
-0.626942
-0.607557
-0.587802
-0.567691
-0.547235
-0.526447
-0.50534
-0.483925
-0.462217
-0.440228
-0.417972
-0.395462
-0.372712
-0.349736
-0.326547
-0.303161
-0.27959
-0.255849
-0.231953
-0.207917
-0.183754
-0.159479
-0.135108
-0.110655
-0.086134
-0.0615612
-0.036951
-0.0123184
0.0123217
0.0369543
0.0615645
0.0861373
0.110658
0.135111
0.159482
0.183757
0.20792
0.231957
0.255853
0.279593
0.303164
0.326551
0.349739
0.372715
0.395465
0.417975
0.440231
0.46222
0.483928
0.505343
0.52645
0.547238
0.567694
0.587805
0.60756
0.626945
0.64595
0.664563
0.682772
0.700567
0.717936
0.73487
0.751357
0.767388
0.782954
0.798044
0.81265
0.826762
0.840372
0.853472
0.866054
0.87811
0.889634
0.900617
0.911053
0.920936
0.93026
0.939019
0.947209
0.954823
0.961857
0.968308
0.974171
0.979442
0.984119
0.988198
0.991677
0.994555
0.996828
0.998496
0.999559
1.00001
0.999862
0.999103
0.997738
0.995767
0.993191
0.990013
0.986233
0.981855
0.97688
0.971313
0.965156
0.958413
0.951088
0.943185
0.93471
0.925668
0.916063
0.905903
0.895192
0.883939
0.872148
0.859828
0.846986
0.83363
0.819767
0.805407
0.790558
0.775229
0.75943
0.743169
0.726457
0.709304
0.691721
0.673718
0.655305
0.636495
0.617298
0.597727
0.577793
0.557508
0.536884
0.515935
0.494672
0.473109
0.451259
0.429135
0.40675
0.384118
0.361253
0.338169
0.31488
0.291399
0.267742
0.243922
0.219953
0.195852
0.171631
0.147306
0.122892
0.0984035
0.0738549
0.0492615
0.0246382
0
0
-0.0246345
-0.049254
-0.0738436
-0.0983884
-0.122873
-0.147284
-0.171605
-0.195822
-0.21992
-0.243884
-0.267701
-0.291354
-0.314831
-0.338117
-0.361198
-0.384059
-0.406687
-0.429069
-0.451189
-0.473036
-0.494596
-0.515855
-0.536802
-0.557422
-0.577704
-0.597635
-0.617204
-0.636397
-0.655205
-0.673614
-0.691615
-0.709195
-0.726346
-0.743055
-0.759313
-0.77511
-0.790437
-0.805283
-0.819641
-0.833501
-0.846856
-0.859696
-0.872014
-0.883803
-0.895055
-0.905764
-0.915923
-0.925526
-0.934567
-0.94304
-0.950941
-0.958265
-0.965007
-0.971163
-0.97673
-0.981704
-0.986081
-0.98986
-0.993038
-0.995613
-0.997584
-0.998949
-0.999708
-0.99986
-0.999404
-0.998342
-0.996674
-0.994401
-0.991524
-0.988045
-0.983967
-0.979291
-0.97402
-0.968158
-0.961709
-0.954675
-0.947062
-0.938874
-0.930116
-0.920793
-0.910912
-0.900477
-0.889496
-0.877974
-0.86592
-0.85334
-0.840242
-0.826633
-0.812523
-0.79792
-0.782832
-0.767269
-0.75124
-0.734755
-0.717824
-0.700457
-0.682665
-0.664459
-0.645849
-0.626847
-0.607464
-0.587713
-0.567605
-0.547152
-0.526367
-0.505263
-0.483852
-0.462147
-0.440161
-0.417909
-0.395402
-0.372656
-0.349683
-0.326498
-0.303115
-0.279547
-0.25581
-0.231918
-0.207885
-0.183726
-0.159455
-0.135087
-0.110638
-0.086121
-0.0615519
-0.0369454
-0.0123165
0.0123198
0.0369487
0.0615551
0.0861242
0.110641
0.135091
0.159458
0.183729
0.207888
0.231921
0.255814
0.279551
0.303118
0.326501
0.349686
0.372659
0.395405
0.417912
0.440164
0.46215
0.483855
0.505266
0.52637
0.547155
0.567608
0.587716
0.607467
0.62685
0.645852
0.664462
0.682668
0.70046
0.717827
0.734758
0.751243
0.767272
0.782835
0.797923
0.812526
0.826636
0.840245
0.853343
0.865923
0.877977
0.889499
0.90048
0.910915
0.920796
0.930119
0.938877
0.947065
0.954678
0.961711
0.968161
0.974023
0.979293
0.983969
0.988048
0.991527
0.994404
0.996677
0.998345
0.999407
0.999862
0.99971
0.998952
0.997586
0.995616
0.99304
0.989862
0.986083
0.981706
0.976732
0.971165
0.965009
0.958267
0.950943
0.943042
0.934568
0.925527
0.915924
0.905765
0.895057
0.883804
0.872016
0.859697
0.846857
0.833503
0.819643
0.805285
0.790438
0.775112
0.759314
0.743056
0.726347
0.709197
0.691616
0.673615
0.655206
0.636398
0.617205
0.597636
0.577705
0.557423
0.536803
0.515856
0.494597
0.473037
0.45119
0.429069
0.406688
0.38406
0.361199
0.338118
0.314832
0.291355
0.267701
0.243885
0.21992
0.195822
0.171605
0.147284
0.122874
0.0983885
0.0738437
0.0492541
0.0246345
0
0
-0.0246158
-0.0492166
-0.0737876
-0.0983137
-0.12278
-0.147172
-0.171475
-0.195673
-0.219753
-0.243699
-0.267497
-0.291133
-0.314593
-0.337861
-0.360924
-0.383768
-0.406379
-0.428743
-0.450847
-0.472677
-0.494221
-0.515464
-0.536394
-0.556999
-0.577265
-0.597182
-0.616735
-0.635914
-0.654707
-0.673103
-0.69109
-0.708657
-0.725794
-0.742491
-0.758737
-0.774522
-0.789837
-0.804672
-0.819019
-0.832869
-0.846213
-0.859043
-0.871352
-0.883132
-0.894376
-0.905076
-0.915228
-0.924823
-0.933857
-0.942324
-0.95022
-0.957538
-0.964275
-0.970426
-0.975989
-0.980959
-0.985333
-0.989109
-0.992285
-0.994858
-0.996827
-0.998191
-0.998949
-0.999101
-0.998646
-0.997585
-0.995918
-0.993647
-0.990772
-0.987296
-0.98322
-0.978548
-0.973281
-0.967424
-0.960979
-0.953951
-0.946344
-0.938162
-0.92941
-0.920095
-0.910221
-0.899794
-0.888821
-0.877308
-0.865263
-0.852692
-0.839604
-0.826006
-0.811907
-0.797314
-0.782238
-0.766687
-0.75067
-0.734198
-0.717279
-0.699926
-0.682147
-0.663955
-0.645359
-0.626371
-0.607003
-0.587267
-0.567174
-0.546737
-0.525968
-0.504879
-0.483485
-0.461796
-0.439827
-0.417591
-0.395102
-0.372373
-0.349418
-0.32625
-0.302885
-0.279335
-0.255616
-0.231742
-0.207727
-0.183586
-0.159334
-0.134985
-0.110554
-0.0860556
-0.0615052
-0.0369174
-0.0123072
0.0123104
0.0369206
0.0615084
0.0860588
0.110557
0.134988
0.159337
0.18359
0.207731
0.231745
0.25562
0.279338
0.302888
0.326253
0.349421
0.372376
0.395105
0.417595
0.43983
0.461799
0.483488
0.504883
0.525971
0.54674
0.567177
0.58727
0.607006
0.626374
0.645362
0.663958
0.68215
0.699929
0.717282
0.734201
0.750673
0.76669
0.782241
0.797317
0.81191
0.826009
0.839607
0.852695
0.865266
0.877311
0.888823
0.899796
0.910223
0.920097
0.929413
0.938164
0.946346
0.953953
0.960982
0.967426
0.973284
0.97855
0.983223
0.987298
0.990774
0.993649
0.99592
0.997587
0.998648
0.999103
0.998952
0.998193
0.996829
0.99486
0.992287
0.989111
0.985335
0.980961
0.975991
0.970428
0.964277
0.95754
0.950222
0.942326
0.933859
0.924825
0.915229
0.905078
0.894377
0.883134
0.871354
0.859045
0.846215
0.83287
0.819021
0.804674
0.789838
0.774523
0.758738
0.742492
0.725796
0.708658
0.691091
0.673104
0.654708
0.635915
0.616736
0.597183
0.577266
0.557
0.536395
0.515465
0.494221
0.472678
0.450848
0.428744
0.406379
0.383768
0.360924
0.337861
0.314593
0.291134
0.267498
0.2437
0.219753
0.195673
0.171475
0.147172
0.12278
0.0983139
0.0737877
0.0492167
0.0246158
0
0
-0.0245821
-0.0491493
-0.0736867
-0.0981794
-0.122612
-0.146971
-0.17124
-0.195406
-0.219453
-0.243366
-0.267132
-0.290736
-0.314163
-0.337399
-0.360431
-0.383243
-0.405823
-0.428157
-0.450231
-0.472031
-0.493545
-0.51476
-0.535661
-0.556238
-0.576477
-0.596365
-0.615892
-0.635045
-0.653813
-0.672183
-0.690145
-0.707689
-0.724803
-0.741476
-0.7577
-0.773463
-0.788757
-0.803573
-0.8179
-0.831731
-0.845057
-0.857869
-0.870161
-0.881925
-0.893153
-0.903839
-0.913977
-0.923559
-0.932581
-0.941037
-0.948921
-0.956229
-0.962957
-0.9691
-0.974655
-0.979618
-0.983986
-0.987757
-0.990929
-0.993498
-0.995465
-0.996827
-0.997584
-0.997736
-0.997281
-0.996222
-0.994557
-0.992289
-0.989418
-0.985946
-0.981876
-0.97721
-0.971951
-0.966102
-0.959666
-0.952647
-0.94505
-0.93688
-0.92814
-0.918837
-0.908977
-0.898564
-0.887606
-0.876109
-0.86408
-0.851527
-0.838457
-0.824877
-0.810797
-0.796225
-0.781169
-0.765639
-0.749644
-0.733194
-0.716299
-0.698969
-0.681215
-0.663047
-0.644477
-0.625515
-0.606174
-0.586465
-0.566399
-0.54599
-0.525249
-0.50419
-0.482824
-0.461165
-0.439226
-0.417021
-0.394562
-0.371864
-0.34894
-0.325804
-0.302471
-0.278954
-0.255267
-0.231425
-0.207443
-0.183336
-0.159116
-0.1348
-0.110403
-0.085938
-0.0614211
-0.036867
-0.0122904
0.0122936
0.0368702
0.0614243
0.0859412
0.110406
0.134804
0.159119
0.183339
0.207447
0.231429
0.25527
0.278957
0.302474
0.325807
0.348943
0.371867
0.394565
0.417024
0.439229
0.461168
0.482827
0.504193
0.525252
0.545993
0.566402
0.586468
0.606177
0.625518
0.64448
0.66305
0.681218
0.698972
0.716302
0.733197
0.749647
0.765642
0.781172
0.796228
0.8108
0.82488
0.838459
0.85153
0.864083
0.876112
0.887609
0.898567
0.908979
0.91884
0.928143
0.936882
0.945053
0.95265
0.959668
0.966104
0.971954
0.977213
0.981879
0.985949
0.98942
0.992291
0.994559
0.996224
0.997284
0.997738
0.997586
0.996829
0.995467
0.9935
0.990931
0.987759
0.983988
0.97962
0.974657
0.969102
0.962959
0.956231
0.948923
0.941039
0.932583
0.923561
0.913979
0.903841
0.893155
0.881927
0.870163
0.857871
0.845058
0.831732
0.817901
0.803574
0.788759
0.773465
0.757701
0.741478
0.724804
0.70769
0.690147
0.672184
0.653814
0.635046
0.615893
0.596367
0.576478
0.556239
0.535662
0.51476
0.493546
0.472032
0.450232
0.428158
0.405824
0.383244
0.360431
0.3374
0.314163
0.290736
0.267132
0.243366
0.219453
0.195406
0.171241
0.146971
0.122613
0.0981795
0.0736868
0.0491494
0.0245822
0
0
-0.0245336
-0.0490522
-0.0735411
-0.0979854
-0.12237
-0.146681
-0.170902
-0.19502
-0.219019
-0.242885
-0.266604
-0.290161
-0.313542
-0.336733
-0.359719
-0.382486
-0.405022
-0.427311
-0.449341
-0.471099
-0.49257
-0.513743
-0.534603
-0.555139
-0.575338
-0.595187
-0.614676
-0.633791
-0.652521
-0.670855
-0.688782
-0.706291
-0.723371
-0.740012
-0.756203
-0.771935
-0.787199
-0.801985
-0.816284
-0.830088
-0.843387
-0.856175
-0.868442
-0.880183
-0.891389
-0.902054
-0.912171
-0.921735
-0.930739
-0.939178
-0.947046
-0.95434
-0.961055
-0.967186
-0.972729
-0.977683
-0.982042
-0.985806
-0.988971
-0.991536
-0.993498
-0.994858
-0.995613
-0.995765
-0.995311
-0.994253
-0.992592
-0.990328
-0.987463
-0.983999
-0.979937
-0.97528
-0.970031
-0.964193
-0.95777
-0.950765
-0.943183
-0.935029
-0.926307
-0.917022
-0.907181
-0.896789
-0.885853
-0.874378
-0.862373
-0.849845
-0.8368
-0.823248
-0.809195
-0.794652
-0.779626
-0.764126
-0.748163
-0.731746
-0.714884
-0.697588
-0.679869
-0.661737
-0.643204
-0.62428
-0.604976
-0.585306
-0.56528
-0.544911
-0.524212
-0.503193
-0.48187
-0.460254
-0.438359
-0.416197
-0.393783
-0.371129
-0.348251
-0.325161
-0.301873
-0.278402
-0.254763
-0.230968
-0.207034
-0.182973
-0.158802
-0.134534
-0.110185
-0.0857683
-0.0612998
-0.0367942
-0.0122662
0.0122693
0.0367973
0.061303
0.0857714
0.110188
0.134537
0.158805
0.182976
0.207037
0.230971
0.254766
0.278406
0.301876
0.325164
0.348254
0.371132
0.393786
0.4162
0.438362
0.460257
0.481873
0.503197
0.524215
0.544914
0.565283
0.585309
0.604979
0.624283
0.643207
0.66174
0.679872
0.697591
0.714887
0.731749
0.748166
0.764129
0.779629
0.794655
0.809198
0.823251
0.836803
0.849848
0.862376
0.874381
0.885855
0.896792
0.907184
0.917025
0.926309
0.935031
0.943186
0.950768
0.957772
0.964196
0.970033
0.975282
0.979939
0.984001
0.987466
0.990331
0.992595
0.994256
0.995313
0.995767
0.995616
0.99486
0.9935
0.991538
0.988973
0.985808
0.982044
0.977685
0.972731
0.967188
0.961057
0.954342
0.947048
0.93918
0.930741
0.921737
0.912173
0.902056
0.891391
0.880184
0.868444
0.856176
0.843389
0.830089
0.816286
0.801987
0.787201
0.771937
0.756204
0.740013
0.723372
0.706292
0.688783
0.670856
0.652522
0.633792
0.614677
0.595188
0.575339
0.55514
0.534604
0.513743
0.492571
0.4711
0.449342
0.427312
0.405022
0.382487
0.359719
0.336733
0.313543
0.290162
0.266605
0.242886
0.219019
0.19502
0.170902
0.146681
0.12237
0.0979856
0.0735413
0.0490523
0.0245336
0
0
-0.0244701
-0.0489254
-0.0733509
-0.097732
-0.122054
-0.146301
-0.17046
-0.194515
-0.218453
-0.242257
-0.265915
-0.289411
-0.312731
-0.335862
-0.358788
-0.381497
-0.403974
-0.426206
-0.448179
-0.46988
-0.491296
-0.512414
-0.53322
-0.553703
-0.57385
-0.593648
-0.613086
-0.632151
-0.650833
-0.66912
-0.687
-0.704464
-0.7215
-0.738097
-0.754247
-0.769939
-0.785163
-0.799911
-0.814173
-0.827941
-0.841206
-0.85396
-0.866196
-0.877906
-0.889083
-0.899721
-0.909812
-0.919351
-0.928331
-0.936748
-0.944597
-0.951872
-0.958569
-0.964684
-0.970213
-0.975154
-0.979502
-0.983256
-0.986413
-0.988971
-0.990929
-0.992285
-0.993038
-0.993189
-0.992737
-0.991682
-0.990025
-0.987767
-0.984909
-0.981454
-0.977402
-0.972757
-0.967522
-0.961699
-0.955293
-0.948306
-0.940744
-0.93261
-0.923911
-0.91465
-0.904835
-0.894469
-0.883561
-0.872117
-0.860143
-0.847647
-0.834636
-0.821118
-0.807102
-0.792596
-0.777609
-0.76215
-0.746228
-0.729853
-0.713035
-0.695784
-0.678111
-0.660026
-0.64154
-0.622665
-0.603412
-0.583792
-0.563818
-0.543502
-0.522856
-0.501892
-0.480624
-0.459064
-0.437225
-0.41512
-0.392764
-0.370169
-0.34735
-0.32432
-0.301092
-0.277682
-0.254104
-0.230371
-0.206498
-0.1825
-0.158391
-0.134186
-0.1099
-0.0855465
-0.0611413
-0.036699
-0.0122344
0.0122375
0.0367021
0.0611444
0.0855496
0.109903
0.134189
0.158394
0.182503
0.206501
0.230374
0.254107
0.277685
0.301095
0.324323
0.347353
0.370172
0.392767
0.415123
0.437228
0.459067
0.480627
0.501895
0.522859
0.543505
0.563821
0.583795
0.603415
0.622668
0.641543
0.660029
0.678114
0.695787
0.713038
0.729856
0.746231
0.762153
0.777612
0.792599
0.807105
0.821121
0.834639
0.847649
0.860145
0.872119
0.883564
0.894472
0.904837
0.914653
0.923913
0.932613
0.940746
0.948309
0.955295
0.961702
0.967524
0.97276
0.977405
0.981456
0.984912
0.987769
0.990027
0.991684
0.992739
0.993191
0.99304
0.992287
0.990931
0.988973
0.986415
0.983258
0.979504
0.975156
0.970215
0.964686
0.958571
0.951874
0.944599
0.93675
0.928333
0.919352
0.909814
0.899722
0.889085
0.877908
0.866198
0.853962
0.841207
0.827942
0.814174
0.799912
0.785165
0.76994
0.754248
0.738099
0.721501
0.704465
0.687002
0.669121
0.650834
0.632152
0.613087
0.593649
0.573851
0.553704
0.533221
0.512415
0.491297
0.469881
0.44818
0.426207
0.403975
0.381498
0.358789
0.335862
0.312732
0.289411
0.265915
0.242257
0.218453
0.194516
0.17046
0.146301
0.122054
0.0977321
0.073351
0.0489255
0.0244702
0
0
-0.0243918
-0.0487688
-0.0731162
-0.0974192
-0.121663
-0.145833
-0.169914
-0.193893
-0.217753
-0.241482
-0.265064
-0.288484
-0.31173
-0.334787
-0.35764
-0.380276
-0.402681
-0.424842
-0.446745
-0.468377
-0.489724
-0.510774
-0.531514
-0.551931
-0.572013
-0.591748
-0.611124
-0.630128
-0.64875
-0.666979
-0.684802
-0.702209
-0.719191
-0.735735
-0.751833
-0.767475
-0.78265
-0.797351
-0.811567
-0.825291
-0.838514
-0.851227
-0.863424
-0.875097
-0.886238
-0.896841
-0.9069
-0.916408
-0.92536
-0.933751
-0.941574
-0.948826
-0.955501
-0.961597
-0.967108
-0.972033
-0.976368
-0.980109
-0.983256
-0.985806
-0.987757
-0.989109
-0.98986
-0.99001
-0.98956
-0.988508
-0.986856
-0.984606
-0.981757
-0.978313
-0.974274
-0.969644
-0.964426
-0.958621
-0.952235
-0.945271
-0.937733
-0.929626
-0.920954
-0.911723
-0.901939
-0.891607
-0.880734
-0.869326
-0.85739
-0.844934
-0.831965
-0.818491
-0.804519
-0.79006
-0.775121
-0.759711
-0.74384
-0.727517
-0.710753
-0.693557
-0.675941
-0.657913
-0.639487
-0.620672
-0.601481
-0.581924
-0.562014
-0.541762
-0.521182
-0.500286
-0.479085
-0.457594
-0.435825
-0.413792
-0.391507
-0.368985
-0.346238
-0.323282
-0.300129
-0.276794
-0.253291
-0.229634
-0.205837
-0.181916
-0.157884
-0.133757
-0.109548
-0.0852727
-0.0609456
-0.0365816
-0.0121953
0.0121984
0.0365846
0.0609487
0.0852757
0.109551
0.13376
0.157887
0.181919
0.20584
0.229637
0.253294
0.276797
0.300132
0.323285
0.346241
0.368988
0.39151
0.413795
0.435828
0.457597
0.479088
0.500289
0.521185
0.541765
0.562017
0.581927
0.601483
0.620675
0.63949
0.657916
0.675943
0.69356
0.710756
0.72752
0.743843
0.759714
0.775123
0.790063
0.804522
0.818493
0.831967
0.844937
0.857393
0.869328
0.880736
0.891609
0.901941
0.911726
0.920956
0.929628
0.937736
0.945274
0.952238
0.958624
0.964428
0.969647
0.974276
0.978315
0.981759
0.984608
0.986859
0.98851
0.989562
0.990013
0.989862
0.989111
0.987759
0.985808
0.983258
0.980111
0.97637
0.972035
0.96711
0.961599
0.955503
0.948827
0.941576
0.933752
0.925362
0.91641
0.906902
0.896843
0.88624
0.875098
0.863426
0.851229
0.838515
0.825292
0.811569
0.797352
0.782652
0.767476
0.751835
0.735737
0.719192
0.702211
0.684803
0.66698
0.648751
0.630129
0.611125
0.591749
0.572014
0.551932
0.531515
0.510775
0.489725
0.468377
0.446746
0.424843
0.402682
0.380277
0.35764
0.334787
0.311731
0.288485
0.265064
0.241482
0.217754
0.193893
0.169915
0.145833
0.121663
0.0974193
0.0731163
0.0487689
0.0243918
0
0
-0.0242987
-0.0485826
-0.072837
-0.0970473
-0.121199
-0.145276
-0.169266
-0.193153
-0.216922
-0.24056
-0.264052
-0.287383
-0.31054
-0.333509
-0.356275
-0.378824
-0.401144
-0.42322
-0.445039
-0.466588
-0.487854
-0.508824
-0.529485
-0.549824
-0.569829
-0.589489
-0.608791
-0.627723
-0.646274
-0.664432
-0.682187
-0.699529
-0.716445
-0.732926
-0.748963
-0.764545
-0.779662
-0.794307
-0.808469
-0.82214
-0.835312
-0.847977
-0.860128
-0.871756
-0.882855
-0.893417
-0.903438
-0.91291
-0.921828
-0.930186
-0.937979
-0.945203
-0.951853
-0.957926
-0.963416
-0.968322
-0.97264
-0.976368
-0.979502
-0.982042
-0.983986
-0.985333
-0.986081
-0.986231
-0.985782
-0.984734
-0.983089
-0.980847
-0.978009
-0.974578
-0.970555
-0.965942
-0.960744
-0.954962
-0.9486
-0.941662
-0.934153
-0.926077
-0.917438
-0.908242
-0.898495
-0.888203
-0.877371
-0.866007
-0.854117
-0.841708
-0.828789
-0.815366
-0.801448
-0.787044
-0.772162
-0.756811
-0.741
-0.72474
-0.70804
-0.69091
-0.67336
-0.655402
-0.637046
-0.618303
-0.599184
-0.579702
-0.559868
-0.539694
-0.519193
-0.498376
-0.477256
-0.455847
-0.434162
-0.412212
-0.390013
-0.367576
-0.344917
-0.322048
-0.298983
-0.275737
-0.252324
-0.228757
-0.205052
-0.181222
-0.157282
-0.133246
-0.10913
-0.0849472
-0.060713
-0.0364419
-0.0121488
0.0121518
0.0364449
0.060716
0.0849502
0.109133
0.133249
0.157285
0.181225
0.205055
0.22876
0.252327
0.27574
0.298986
0.322051
0.344919
0.367579
0.390015
0.412215
0.434165
0.45585
0.477259
0.498379
0.519196
0.539697
0.559871
0.579705
0.599187
0.618305
0.637048
0.655405
0.673363
0.690912
0.708042
0.724743
0.741003
0.756813
0.772164
0.787046
0.801451
0.815368
0.828791
0.841711
0.854119
0.866009
0.877374
0.888205
0.898498
0.908245
0.917441
0.926079
0.934156
0.941665
0.948602
0.954964
0.960746
0.965945
0.970557
0.97458
0.978011
0.980849
0.983091
0.984736
0.985784
0.986233
0.986083
0.985335
0.983988
0.982044
0.979504
0.97637
0.972642
0.968324
0.963418
0.957927
0.951855
0.945205
0.937981
0.930188
0.921829
0.912912
0.90344
0.893419
0.882856
0.871757
0.860129
0.847979
0.835314
0.822142
0.80847
0.794308
0.779664
0.764546
0.748964
0.732928
0.716446
0.69953
0.682189
0.664433
0.646275
0.627724
0.608792
0.58949
0.56983
0.549825
0.529485
0.508825
0.487855
0.466589
0.44504
0.423221
0.401145
0.378825
0.356275
0.333509
0.310541
0.287384
0.264052
0.24056
0.216922
0.193153
0.169266
0.145277
0.121199
0.0970474
0.0728372
0.0485827
0.0242987
0
0
-0.0241908
-0.0483669
-0.0725137
-0.0966164
-0.120661
-0.144631
-0.168514
-0.192295
-0.215959
-0.239492
-0.262879
-0.286107
-0.309161
-0.332028
-0.354693
-0.377142
-0.399363
-0.421341
-0.443064
-0.464517
-0.485688
-0.506565
-0.527134
-0.547383
-0.5673
-0.586872
-0.606088
-0.624936
-0.643405
-0.661483
-0.679159
-0.696423
-0.713264
-0.729673
-0.745638
-0.761151
-0.776201
-0.79078
-0.80488
-0.81849
-0.831604
-0.844213
-0.856309
-0.867886
-0.878935
-0.889451
-0.899427
-0.908857
-0.917735
-0.926056
-0.933815
-0.941007
-0.947628
-0.953673
-0.959139
-0.964023
-0.968322
-0.972033
-0.975154
-0.977683
-0.979618
-0.980959
-0.981704
-0.981853
-0.981405
-0.980363
-0.978725
-0.976492
-0.973667
-0.970251
-0.966246
-0.961654
-0.956478
-0.950722
-0.944389
-0.937482
-0.930006
-0.921965
-0.913365
-0.90421
-0.894507
-0.88426
-0.873476
-0.862162
-0.850325
-0.837971
-0.825109
-0.811746
-0.79789
-0.78355
-0.768734
-0.753451
-0.737711
-0.721523
-0.704896
-0.687842
-0.670371
-0.652492
-0.634217
-0.615558
-0.596524
-0.577129
-0.557383
-0.537298
-0.516888
-0.496163
-0.475138
-0.453824
-0.432234
-0.410382
-0.388281
-0.365944
-0.343385
-0.320618
-0.297656
-0.274513
-0.251203
-0.227741
-0.204141
-0.180417
-0.156583
-0.132655
-0.108645
-0.0845701
-0.0604435
-0.0362802
-0.0120948
0.0120978
0.0362831
0.0604464
0.084573
0.108648
0.132658
0.156586
0.18042
0.204144
0.227744
0.251206
0.274516
0.297659
0.320621
0.343388
0.365947
0.388284
0.410385
0.432237
0.453827
0.475141
0.496166
0.516891
0.537301
0.557385
0.577131
0.596527
0.61556
0.63422
0.652495
0.670374
0.687845
0.704899
0.721525
0.737713
0.753453
0.768736
0.783552
0.797893
0.811749
0.825112
0.837974
0.850328
0.862165
0.873479
0.884262
0.894509
0.904213
0.913368
0.921968
0.930008
0.937484
0.944391
0.950725
0.956481
0.961656
0.966248
0.970253
0.97367
0.976495
0.978727
0.980365
0.981408
0.981855
0.981706
0.980961
0.97962
0.977685
0.975156
0.972035
0.968324
0.964025
0.959141
0.953675
0.947629
0.941009
0.933817
0.926058
0.917737
0.908859
0.899429
0.889453
0.878937
0.867887
0.856311
0.844214
0.831605
0.818492
0.804881
0.790782
0.776202
0.761152
0.745639
0.729674
0.713266
0.696424
0.67916
0.661484
0.643406
0.624937
0.606089
0.586873
0.567301
0.547384
0.527135
0.506566
0.485689
0.464518
0.443064
0.421342
0.399364
0.377143
0.354693
0.332028
0.309162
0.286108
0.26288
0.239492
0.215959
0.192295
0.168515
0.144632
0.120661
0.0966166
0.0725138
0.048367
0.0241908
0
0
-0.0240683
-0.0481219
-0.0721463
-0.0961269
-0.120049
-0.143899
-0.167661
-0.191321
-0.214865
-0.238279
-0.261548
-0.284658
-0.307595
-0.330346
-0.352896
-0.375232
-0.39734
-0.419207
-0.440819
-0.462164
-0.483228
-0.503999
-0.524463
-0.54461
-0.564426
-0.583899
-0.603017
-0.62177
-0.640145
-0.658131
-0.675718
-0.692895
-0.709651
-0.725976
-0.74186
-0.757294
-0.772269
-0.786774
-0.800802
-0.814344
-0.827391
-0.839936
-0.851971
-0.863489
-0.874482
-0.884945
-0.89487
-0.904253
-0.913086
-0.921365
-0.929084
-0.93624
-0.942827
-0.948841
-0.95428
-0.959139
-0.963416
-0.967108
-0.970213
-0.972729
-0.974655
-0.975989
-0.97673
-0.976878
-0.976433
-0.975396
-0.973766
-0.971545
-0.968734
-0.965336
-0.961351
-0.956782
-0.951633
-0.945906
-0.939604
-0.932732
-0.925294
-0.917294
-0.908738
-0.899629
-0.889975
-0.87978
-0.869051
-0.857794
-0.846017
-0.833726
-0.820929
-0.807633
-0.793848
-0.77958
-0.764839
-0.749634
-0.733973
-0.717867
-0.701325
-0.684358
-0.666974
-0.649186
-0.631004
-0.612439
-0.593502
-0.574205
-0.554559
-0.534576
-0.514269
-0.49365
-0.472731
-0.451525
-0.430044
-0.408303
-0.386314
-0.36409
-0.341646
-0.318993
-0.296148
-0.273122
-0.249931
-0.226588
-0.203107
-0.179503
-0.15579
-0.131983
-0.108095
-0.0841416
-0.0601372
-0.0360964
-0.0120336
0.0120365
0.0360993
0.0601402
0.0841445
0.108098
0.131985
0.155793
0.179506
0.20311
0.226591
0.249934
0.273125
0.296151
0.318996
0.341648
0.364093
0.386317
0.408306
0.430047
0.451527
0.472733
0.493652
0.514272
0.534579
0.554562
0.574207
0.593505
0.612442
0.631007
0.649189
0.666977
0.68436
0.701328
0.71787
0.733976
0.749636
0.764842
0.779583
0.79385
0.807636
0.820932
0.833729
0.84602
0.857797
0.869053
0.879782
0.889977
0.899632
0.90874
0.917297
0.925297
0.932735
0.939606
0.945908
0.951635
0.956784
0.961353
0.965338
0.968737
0.971547
0.973768
0.975398
0.976435
0.97688
0.976732
0.975991
0.974657
0.972731
0.970215
0.96711
0.963418
0.959141
0.954282
0.948843
0.942828
0.936241
0.929086
0.921366
0.913087
0.904254
0.894872
0.884946
0.874484
0.86349
0.851972
0.839937
0.827392
0.814345
0.800803
0.786775
0.77227
0.757296
0.741862
0.725977
0.709652
0.692896
0.675719
0.658132
0.640146
0.621771
0.603018
0.5839
0.564426
0.544611
0.524464
0.503999
0.483229
0.462164
0.44082
0.419207
0.39734
0.375232
0.352896
0.330346
0.307596
0.284658
0.261548
0.238279
0.214865
0.191321
0.167661
0.143899
0.120049
0.0961271
0.0721464
0.048122
0.0240683
0
0
-0.0239311
-0.0478476
-0.0717351
-0.0955791
-0.119365
-0.143078
-0.166705
-0.19023
-0.21364
-0.236921
-0.260057
-0.283035
-0.305842
-0.328463
-0.350885
-0.373093
-0.395075
-0.416817
-0.438307
-0.45953
-0.480474
-0.501126
-0.521474
-0.541506
-0.561209
-0.580571
-0.59958
-0.618226
-0.636496
-0.65438
-0.671867
-0.688946
-0.705606
-0.721838
-0.737632
-0.752978
-0.767867
-0.78229
-0.796238
-0.809702
-0.822675
-0.835149
-0.847115
-0.858567
-0.869498
-0.879901
-0.88977
-0.899099
-0.907882
-0.916114
-0.923789
-0.930904
-0.937453
-0.943434
-0.948841
-0.953673
-0.957926
-0.961597
-0.964684
-0.967186
-0.9691
-0.970426
-0.971163
-0.971311
-0.970868
-0.969837
-0.968216
-0.966008
-0.963213
-0.959834
-0.955872
-0.951329
-0.946209
-0.940515
-0.934249
-0.927416
-0.920021
-0.912067
-0.903559
-0.894502
-0.884903
-0.874766
-0.864098
-0.852906
-0.841195
-0.828974
-0.81625
-0.803031
-0.789323
-0.775137
-0.76048
-0.745361
-0.72979
-0.713776
-0.697328
-0.680457
-0.663173
-0.645487
-0.627408
-0.608949
-0.59012
-0.570932
-0.551398
-0.531529
-0.511338
-0.490836
-0.470036
-0.448951
-0.427593
-0.405976
-0.384112
-0.362015
-0.339698
-0.317175
-0.29446
-0.271566
-0.248506
-0.225296
-0.201949
-0.17848
-0.154902
-0.13123
-0.107479
-0.0836621
-0.0597945
-0.0358907
-0.011965
0.0119679
0.0358935
0.0597974
0.083665
0.107482
0.131233
0.154905
0.178483
0.201952
0.225299
0.248509
0.271568
0.294463
0.317178
0.339701
0.362018
0.384115
0.405979
0.427596
0.448954
0.470039
0.490839
0.511341
0.531532
0.551401
0.570935
0.590122
0.608951
0.627411
0.645489
0.663176
0.68046
0.697331
0.713778
0.729793
0.745364
0.760483
0.77514
0.789326
0.803033
0.816253
0.828977
0.841198
0.852908
0.8641
0.874768
0.884905
0.894505
0.903561
0.912069
0.920023
0.927419
0.934251
0.940517
0.946211
0.951331
0.955874
0.959836
0.963215
0.96601
0.968218
0.969839
0.970871
0.971313
0.971165
0.970428
0.969102
0.967188
0.964686
0.961599
0.957927
0.953675
0.948843
0.943435
0.937455
0.930905
0.923791
0.916115
0.907883
0.899101
0.889772
0.879903
0.8695
0.858569
0.847117
0.83515
0.822677
0.809704
0.796239
0.782291
0.767869
0.75298
0.737634
0.72184
0.705607
0.688947
0.671868
0.654381
0.636497
0.618227
0.599581
0.580572
0.56121
0.541507
0.521475
0.501127
0.480475
0.45953
0.438307
0.416818
0.395076
0.373094
0.350885
0.328464
0.305843
0.283036
0.260057
0.236921
0.213641
0.190231
0.166705
0.143079
0.119365
0.0955792
0.0717352
0.0478477
0.0239311
0
0
-0.0237794
-0.0475443
-0.0712804
-0.0949732
-0.118608
-0.142172
-0.165648
-0.189025
-0.212286
-0.235419
-0.258408
-0.281241
-0.303903
-0.326381
-0.34866
-0.370728
-0.392571
-0.414175
-0.435528
-0.456617
-0.477428
-0.49795
-0.518169
-0.538073
-0.557651
-0.576891
-0.59578
-0.614307
-0.632462
-0.650232
-0.667608
-0.684579
-0.701133
-0.717263
-0.732956
-0.748205
-0.763
-0.777331
-0.791191
-0.80457
-0.81746
-0.829855
-0.841745
-0.853125
-0.863987
-0.874324
-0.88413
-0.8934
-0.902127
-0.910306
-0.917933
-0.925003
-0.931511
-0.937453
-0.942827
-0.947628
-0.951853
-0.955501
-0.958569
-0.961055
-0.962957
-0.964275
-0.965007
-0.965154
-0.964714
-0.963689
-0.962079
-0.959885
-0.957108
-0.953749
-0.949812
-0.945299
-0.940211
-0.934553
-0.928327
-0.921538
-0.914189
-0.906285
-0.897831
-0.888832
-0.879293
-0.869221
-0.85862
-0.847499
-0.835863
-0.82372
-0.811076
-0.79794
-0.78432
-0.770223
-0.755659
-0.740636
-0.725164
-0.709251
-0.692908
-0.676144
-0.658969
-0.641395
-0.623431
-0.605089
-0.586379
-0.567313
-0.547903
-0.52816
-0.508097
-0.487725
-0.467057
-0.446105
-0.424883
-0.403403
-0.381677
-0.35972
-0.337545
-0.315165
-0.292593
-0.269844
-0.246931
-0.223868
-0.200669
-0.177349
-0.15392
-0.130399
-0.106798
-0.0831318
-0.0594155
-0.0356632
-0.0118892
0.011892
0.035666
0.0594183
0.0831346
0.1068
0.130401
0.153923
0.177351
0.200672
0.223871
0.246934
0.269847
0.292596
0.315168
0.337548
0.359723
0.38168
0.403405
0.424886
0.446108
0.46706
0.487728
0.508099
0.528163
0.547906
0.567316
0.586381
0.605091
0.623434
0.641398
0.658972
0.676146
0.69291
0.709254
0.725166
0.740639
0.755662
0.770226
0.784322
0.797943
0.811079
0.823722
0.835865
0.847501
0.858623
0.869223
0.879296
0.888834
0.897833
0.906287
0.914191
0.92154
0.928329
0.934555
0.940213
0.945301
0.949815
0.953752
0.95711
0.959887
0.962081
0.963691
0.964716
0.965156
0.965009
0.964277
0.962959
0.961057
0.958571
0.955503
0.951855
0.947629
0.942828
0.937455
0.931512
0.925004
0.917935
0.910308
0.902128
0.893401
0.884132
0.874325
0.863988
0.853126
0.841747
0.829856
0.817462
0.804571
0.791192
0.777332
0.763001
0.748206
0.732958
0.717264
0.701135
0.68458
0.667609
0.650233
0.632463
0.614308
0.595781
0.576891
0.557652
0.538074
0.518169
0.49795
0.477429
0.456617
0.435529
0.414176
0.392571
0.370729
0.348661
0.326381
0.303904
0.281242
0.258409
0.235419
0.212286
0.189025
0.165649
0.142172
0.118609
0.0949734
0.0712805
0.0475444
0.0237794
0
0
-0.0236132
-0.0472122
-0.0707824
-0.0943097
-0.11778
-0.141178
-0.164491
-0.187704
-0.210803
-0.233774
-0.256603
-0.279276
-0.30178
-0.324101
-0.346224
-0.368138
-0.389828
-0.411282
-0.432485
-0.453427
-0.474092
-0.494471
-0.514549
-0.534314
-0.553755
-0.57286
-0.591617
-0.610015
-0.628043
-0.645689
-0.662944
-0.679796
-0.696235
-0.712252
-0.727836
-0.742978
-0.757669
-0.7719
-0.785663
-0.798949
-0.811749
-0.824057
-0.835865
-0.847165
-0.85795
-0.868215
-0.877953
-0.887158
-0.895824
-0.903946
-0.91152
-0.91854
-0.925003
-0.930904
-0.93624
-0.941007
-0.945203
-0.948826
-0.951872
-0.95434
-0.956229
-0.957538
-0.958265
-0.958411
-0.957974
-0.956956
-0.955357
-0.953178
-0.950421
-0.947086
-0.943177
-0.938694
-0.933642
-0.928023
-0.921841
-0.915099
-0.907802
-0.899953
-0.891558
-0.882622
-0.87315
-0.863148
-0.852622
-0.841578
-0.830023
-0.817965
-0.805409
-0.792365
-0.77884
-0.764842
-0.75038
-0.735462
-0.720098
-0.704296
-0.688067
-0.67142
-0.654365
-0.636914
-0.619075
-0.600861
-0.582282
-0.56335
-0.544075
-0.52447
-0.504547
-0.484317
-0.463794
-0.442989
-0.421914
-0.400584
-0.379011
-0.357207
-0.335187
-0.312963
-0.290549
-0.267959
-0.245206
-0.222304
-0.199267
-0.17611
-0.152845
-0.129487
-0.106051
-0.082551
-0.0590004
-0.035414
-0.0118061
0.0118089
0.0354168
0.0590032
0.0825538
0.106054
0.12949
0.152848
0.176112
0.19927
0.222307
0.245209
0.267962
0.290552
0.312966
0.33519
0.35721
0.379014
0.400587
0.421917
0.442991
0.463796
0.48432
0.50455
0.524473
0.544078
0.563352
0.582285
0.600864
0.619078
0.636916
0.654368
0.671423
0.688069
0.704299
0.7201
0.735464
0.750382
0.764845
0.778843
0.792368
0.805412
0.817967
0.830026
0.84158
0.852624
0.86315
0.873152
0.882624
0.891561
0.899955
0.907804
0.915101
0.921843
0.928026
0.933644
0.938696
0.943179
0.947088
0.950423
0.95318
0.955359
0.956958
0.957976
0.958413
0.958267
0.95754
0.956231
0.954342
0.951874
0.948827
0.945205
0.941009
0.936241
0.930905
0.925004
0.918542
0.911522
0.903948
0.895826
0.887159
0.877955
0.868217
0.857952
0.847166
0.835866
0.824058
0.811751
0.79895
0.785664
0.771902
0.75767
0.742979
0.727837
0.712253
0.696236
0.679797
0.662945
0.64569
0.628044
0.610016
0.591618
0.572861
0.553756
0.534315
0.514549
0.494471
0.474093
0.453427
0.432486
0.411282
0.389829
0.368139
0.346225
0.324101
0.301781
0.279277
0.256603
0.233774
0.210803
0.187704
0.164491
0.141178
0.11778
0.0943098
0.0707825
0.0472122
0.0236133
0
0
-0.0234328
-0.0468513
-0.0702414
-0.0935889
-0.11688
-0.140099
-0.163234
-0.186269
-0.209192
-0.231987
-0.254642
-0.277142
-0.299474
-0.321624
-0.343578
-0.365324
-0.386849
-0.408138
-0.42918
-0.449961
-0.470469
-0.490691
-0.510616
-0.53023
-0.549523
-0.568482
-0.587096
-0.605353
-0.623243
-0.640755
-0.657877
-0.6746
-0.690914
-0.706808
-0.722273
-0.7373
-0.751878
-0.766001
-0.779658
-0.792842
-0.805545
-0.817759
-0.829476
-0.84069
-0.851393
-0.86158
-0.871243
-0.880378
-0.888977
-0.897038
-0.904553
-0.91152
-0.917933
-0.923789
-0.929084
-0.933815
-0.937979
-0.941574
-0.944597
-0.947046
-0.948921
-0.95022
-0.950941
-0.951086
-0.950653
-0.949642
-0.948056
-0.945893
-0.943157
-0.939848
-0.935968
-0.93152
-0.926507
-0.920931
-0.914796
-0.908105
-0.900864
-0.893075
-0.884744
-0.875876
-0.866477
-0.856551
-0.846105
-0.835146
-0.82368
-0.811713
-0.799254
-0.786309
-0.772888
-0.758997
-0.744645
-0.729841
-0.714594
-0.698913
-0.682808
-0.666288
-0.649364
-0.632046
-0.614344
-0.596269
-0.577832
-0.559044
-0.539917
-0.520462
-0.500691
-0.480616
-0.460249
-0.439603
-0.41869
-0.397523
-0.376114
-0.354477
-0.332625
-0.310571
-0.288329
-0.265911
-0.243332
-0.220605
-0.197744
-0.174764
-0.151677
-0.128498
-0.105241
-0.0819201
-0.0585495
-0.0351434
-0.0117159
0.0117187
0.0351461
0.0585522
0.0819228
0.105244
0.128501
0.15168
0.174766
0.197747
0.220608
0.243335
0.265914
0.288331
0.310574
0.332628
0.35448
0.376117
0.397525
0.418693
0.439606
0.460252
0.480618
0.500693
0.520464
0.539919
0.559047
0.577834
0.596271
0.614346
0.632049
0.649367
0.666291
0.682811
0.698916
0.714596
0.729843
0.744647
0.758999
0.77289
0.786312
0.799256
0.811716
0.823682
0.835148
0.846108
0.856553
0.866479
0.875879
0.884747
0.893077
0.900866
0.908108
0.914798
0.920933
0.926509
0.931522
0.93597
0.93985
0.943159
0.945895
0.948058
0.949644
0.950655
0.951088
0.950943
0.950222
0.948923
0.947048
0.944599
0.941576
0.937981
0.933817
0.929086
0.923791
0.917935
0.911522
0.904555
0.897039
0.888979
0.880379
0.871245
0.861581
0.851395
0.840691
0.829478
0.81776
0.805547
0.792844
0.77966
0.766002
0.75188
0.737301
0.722274
0.706809
0.690915
0.674601
0.657878
0.640756
0.623244
0.605354
0.587097
0.568483
0.549524
0.530231
0.510617
0.490692
0.47047
0.449962
0.429181
0.408139
0.386849
0.365325
0.343579
0.321624
0.299474
0.277142
0.254642
0.231988
0.209192
0.18627
0.163234
0.140099
0.11688
0.093589
0.0702415
0.0468514
0.0234328
0
0
-0.0232381
-0.046462
-0.0696578
-0.0928113
-0.115908
-0.138935
-0.161878
-0.184722
-0.207454
-0.23006
-0.252526
-0.274839
-0.296985
-0.318951
-0.340724
-0.362289
-0.383635
-0.404747
-0.425614
-0.446223
-0.46656
-0.486614
-0.506373
-0.525825
-0.544957
-0.563759
-0.582218
-0.600323
-0.618065
-0.635431
-0.652411
-0.668995
-0.685173
-0.700935
-0.716272
-0.731173
-0.745631
-0.759636
-0.77318
-0.786255
-0.798852
-0.810964
-0.822584
-0.833705
-0.844319
-0.854421
-0.864004
-0.873063
-0.881591
-0.889585
-0.897038
-0.903946
-0.910306
-0.916114
-0.921365
-0.926056
-0.930186
-0.933751
-0.936748
-0.939178
-0.941037
-0.942324
-0.94304
-0.943183
-0.942754
-0.941752
-0.940179
-0.938034
-0.93532
-0.932039
-0.928191
-0.92378
-0.918809
-0.913279
-0.907195
-0.90056
-0.893379
-0.885655
-0.877393
-0.868599
-0.859277
-0.849434
-0.839075
-0.828207
-0.816836
-0.804969
-0.792613
-0.779776
-0.766466
-0.75269
-0.738458
-0.723777
-0.708657
-0.693106
-0.677135
-0.660752
-0.643969
-0.626794
-0.609239
-0.591315
-0.573031
-0.554399
-0.535431
-0.516137
-0.496531
-0.476623
-0.456425
-0.43595
-0.415211
-0.39422
-0.372989
-0.351532
-0.329861
-0.307991
-0.285933
-0.263702
-0.24131
-0.218772
-0.196101
-0.173312
-0.150417
-0.12743
-0.104367
-0.0812394
-0.058063
-0.0348514
-0.0116186
0.0116213
0.0348541
0.0580657
0.0812421
0.104369
0.127433
0.150419
0.173314
0.196104
0.218775
0.241313
0.263704
0.285936
0.307993
0.329864
0.351535
0.372992
0.394222
0.415214
0.435953
0.456428
0.476625
0.496533
0.51614
0.535433
0.554402
0.573033
0.591317
0.609242
0.626797
0.643971
0.660755
0.677137
0.693109
0.708659
0.723779
0.73846
0.752693
0.766468
0.779779
0.792616
0.804971
0.816838
0.828209
0.839078
0.849436
0.85928
0.868601
0.877395
0.885657
0.893381
0.900562
0.907197
0.913281
0.918811
0.923782
0.928193
0.932041
0.935322
0.938036
0.94018
0.941754
0.942756
0.943185
0.943042
0.942326
0.941039
0.93918
0.93675
0.933752
0.930188
0.926058
0.921366
0.916115
0.910308
0.903948
0.897039
0.889586
0.881593
0.873064
0.864006
0.854422
0.844321
0.833706
0.822586
0.810966
0.798853
0.786256
0.773182
0.759638
0.745632
0.731175
0.716273
0.700936
0.685174
0.668996
0.652412
0.635432
0.618066
0.600324
0.582219
0.563759
0.544958
0.525826
0.506374
0.486615
0.466561
0.446223
0.425615
0.404748
0.383635
0.36229
0.340724
0.318952
0.296986
0.27484
0.252527
0.23006
0.207454
0.184722
0.161878
0.138935
0.115909
0.0928114
0.0696579
0.0464621
0.0232381
0
0
-0.0230293
-0.0460446
-0.0690319
-0.0919773
-0.114867
-0.137687
-0.160423
-0.183062
-0.20559
-0.227993
-0.250257
-0.27237
-0.294317
-0.316085
-0.337662
-0.359034
-0.380187
-0.40111
-0.42179
-0.442213
-0.462368
-0.482242
-0.501823
-0.5211
-0.54006
-0.558693
-0.576986
-0.594929
-0.612511
-0.629721
-0.646549
-0.662984
-0.679017
-0.694637
-0.709836
-0.724604
-0.738931
-0.752811
-0.766233
-0.77919
-0.791674
-0.803678
-0.815193
-0.826214
-0.836733
-0.846744
-0.856241
-0.865218
-0.87367
-0.881591
-0.888977
-0.895824
-0.902127
-0.907882
-0.913086
-0.917735
-0.921828
-0.92536
-0.928331
-0.930739
-0.932581
-0.933857
-0.934567
-0.934708
-0.934283
-0.93329
-0.931731
-0.929606
-0.926916
-0.923664
-0.919851
-0.91548
-0.910553
-0.905073
-0.899043
-0.892468
-0.885351
-0.877697
-0.869509
-0.860794
-0.851556
-0.841802
-0.831536
-0.820765
-0.809496
-0.797736
-0.785491
-0.77277
-0.759579
-0.745927
-0.731822
-0.717273
-0.702289
-0.686878
-0.67105
-0.654815
-0.638183
-0.621162
-0.603765
-0.586001
-0.567882
-0.549418
-0.53062
-0.5115
-0.492069
-0.47234
-0.452324
-0.432033
-0.41148
-0.390678
-0.369638
-0.348373
-0.326898
-0.305223
-0.283364
-0.261332
-0.239142
-0.216806
-0.194339
-0.171754
-0.149065
-0.126285
-0.103429
-0.0805095
-0.0575413
-0.0345382
-0.0115142
0.0115168
0.0345409
0.057544
0.0805121
0.103431
0.126288
0.149068
0.171757
0.194342
0.216809
0.239144
0.261335
0.283366
0.305226
0.3269
0.348376
0.36964
0.39068
0.411483
0.432036
0.452326
0.472342
0.492072
0.511502
0.530622
0.54942
0.567884
0.586004
0.603768
0.621165
0.638185
0.654818
0.671053
0.686881
0.702291
0.717276
0.731825
0.745929
0.759581
0.772772
0.785494
0.797738
0.809499
0.820767
0.831538
0.841804
0.851559
0.860796
0.869512
0.877699
0.885353
0.89247
0.899046
0.905075
0.910555
0.915482
0.919853
0.923666
0.926918
0.929608
0.931733
0.933292
0.934285
0.93471
0.934568
0.933859
0.932583
0.930741
0.928333
0.925362
0.921829
0.917737
0.913087
0.907883
0.902128
0.895826
0.888979
0.881593
0.873671
0.865219
0.856242
0.846745
0.836734
0.826215
0.815194
0.803679
0.791675
0.779191
0.766234
0.752812
0.738933
0.724605
0.709837
0.694638
0.679018
0.662985
0.64655
0.629722
0.612512
0.59493
0.576987
0.558694
0.540061
0.521101
0.501824
0.482243
0.462369
0.442214
0.42179
0.401111
0.380188
0.359034
0.337663
0.316086
0.294317
0.27237
0.250257
0.227993
0.20559
0.183062
0.160423
0.137687
0.114867
0.0919775
0.069032
0.0460446
0.0230293
0
0
-0.0228065
-0.0455991
-0.0683641
-0.0910875
-0.113756
-0.136355
-0.158871
-0.181291
-0.203601
-0.225787
-0.247836
-0.269735
-0.29147
-0.313028
-0.334396
-0.35556
-0.37651
-0.39723
-0.417709
-0.437935
-0.457895
-0.477577
-0.496969
-0.516059
-0.534836
-0.553288
-0.571404
-0.589174
-0.606586
-0.623629
-0.640294
-0.65657
-0.672448
-0.687917
-0.702969
-0.717594
-0.731783
-0.745528
-0.75882
-0.771652
-0.784015
-0.795903
-0.807307
-0.818221
-0.828638
-0.838552
-0.847957
-0.856848
-0.865218
-0.873063
-0.880378
-0.887158
-0.8934
-0.899099
-0.904253
-0.908857
-0.91291
-0.916408
-0.919351
-0.921735
-0.923559
-0.924823
-0.925526
-0.925666
-0.925245
-0.924261
-0.922717
-0.920613
-0.917949
-0.914728
-0.910952
-0.906623
-0.901744
-0.896317
-0.890346
-0.883834
-0.876786
-0.869206
-0.861098
-0.852467
-0.843318
-0.833658
-0.823492
-0.812825
-0.801665
-0.790019
-0.777892
-0.765294
-0.752231
-0.738711
-0.724743
-0.710335
-0.695495
-0.680233
-0.664559
-0.648481
-0.632009
-0.615153
-0.597924
-0.580332
-0.562388
-0.544102
-0.525486
-0.506551
-0.487309
-0.46777
-0.447948
-0.427854
-0.4075
-0.386898
-0.366062
-0.345003
-0.323735
-0.302271
-0.280622
-0.258804
-0.236828
-0.214709
-0.192459
-0.170093
-0.147623
-0.125064
-0.102428
-0.0797306
-0.0569847
-0.0342041
-0.0114028
0.0114054
0.0342067
0.0569873
0.0797332
0.102431
0.125066
0.147626
0.170095
0.192462
0.214712
0.236831
0.258807
0.280625
0.302273
0.323738
0.345006
0.366064
0.386901
0.407502
0.427856
0.447951
0.467773
0.487311
0.506554
0.525489
0.544105
0.562391
0.580335
0.597927
0.615156
0.632011
0.648483
0.664561
0.680236
0.695497
0.710337
0.724745
0.738713
0.752233
0.765296
0.777895
0.790021
0.801667
0.812827
0.823494
0.83366
0.843321
0.852469
0.8611
0.869208
0.876788
0.883837
0.890348
0.896319
0.901746
0.906625
0.910954
0.91473
0.917951
0.920614
0.922719
0.924263
0.925246
0.925668
0.925527
0.924825
0.923561
0.921737
0.919352
0.91641
0.912912
0.908859
0.904254
0.899101
0.893401
0.887159
0.880379
0.873064
0.865219
0.856849
0.847959
0.838554
0.828639
0.818222
0.807308
0.795904
0.784017
0.771653
0.758822
0.745529
0.731784
0.717595
0.70297
0.687918
0.672449
0.656571
0.640295
0.62363
0.606587
0.589175
0.571405
0.553289
0.534837
0.51606
0.496969
0.477577
0.457896
0.437936
0.41771
0.397231
0.37651
0.355561
0.334396
0.313028
0.29147
0.269735
0.247836
0.225787
0.203601
0.181291
0.158871
0.136355
0.113756
0.0910877
0.0683642
0.0455992
0.0228065
0
0
-0.0225699
-0.045126
-0.0676548
-0.0901425
-0.112575
-0.13494
-0.157223
-0.17941
-0.201488
-0.223444
-0.245265
-0.266936
-0.288446
-0.30978
-0.330926
-0.351871
-0.372603
-0.393109
-0.413375
-0.433391
-0.453144
-0.472622
-0.491812
-0.510705
-0.529287
-0.547547
-0.565476
-0.583061
-0.600292
-0.617159
-0.633651
-0.649758
-0.665471
-0.68078
-0.695675
-0.710148
-0.72419
-0.737793
-0.750947
-0.763646
-0.775881
-0.787645
-0.798931
-0.809731
-0.82004
-0.829852
-0.839159
-0.847957
-0.856241
-0.864004
-0.871243
-0.877953
-0.88413
-0.88977
-0.89487
-0.899427
-0.903438
-0.9069
-0.909812
-0.912171
-0.913977
-0.915228
-0.915923
-0.916062
-0.915645
-0.914672
-0.913143
-0.911061
-0.908425
-0.905238
-0.901501
-0.897217
-0.892388
-0.887017
-0.881108
-0.874664
-0.867689
-0.860187
-0.852163
-0.843622
-0.834569
-0.825008
-0.814947
-0.804392
-0.793347
-0.781822
-0.769821
-0.757353
-0.744426
-0.731046
-0.717223
-0.702964
-0.688279
-0.673176
-0.657664
-0.641752
-0.625451
-0.608771
-0.591721
-0.574311
-0.556553
-0.538457
-0.520034
-0.501296
-0.482253
-0.462917
-0.4433
-0.423414
-0.403272
-0.382884
-0.362264
-0.341424
-0.320376
-0.299134
-0.277711
-0.256119
-0.234371
-0.212481
-0.190462
-0.168328
-0.146091
-0.123766
-0.101365
-0.0789034
-0.0563934
-0.0338493
-0.0112845
0.0112871
0.0338518
0.056396
0.0789059
0.101368
0.123768
0.146094
0.168331
0.190465
0.212484
0.234374
0.256121
0.277713
0.299137
0.320379
0.341426
0.362266
0.382886
0.403274
0.423417
0.443303
0.46292
0.482255
0.501298
0.520037
0.538459
0.556555
0.574314
0.591723
0.608773
0.625454
0.641755
0.657666
0.673178
0.688281
0.702967
0.717225
0.731049
0.744428
0.757356
0.769823
0.781824
0.79335
0.804394
0.814949
0.825011
0.834571
0.843624
0.852165
0.860189
0.867691
0.874666
0.88111
0.887019
0.89239
0.897219
0.901503
0.90524
0.908427
0.911063
0.913145
0.914673
0.915646
0.916063
0.915924
0.915229
0.913979
0.912173
0.909814
0.906902
0.90344
0.899429
0.894872
0.889772
0.884132
0.877955
0.871245
0.864006
0.856242
0.847959
0.839161
0.829853
0.820042
0.809733
0.798932
0.787646
0.775882
0.763647
0.750948
0.737794
0.724191
0.710149
0.695676
0.680781
0.665472
0.649759
0.633652
0.61716
0.600293
0.583062
0.565477
0.547548
0.529287
0.510705
0.491813
0.472622
0.453145
0.433392
0.413376
0.393109
0.372604
0.351872
0.330926
0.30978
0.288446
0.266936
0.245265
0.223445
0.201489
0.17941
0.157223
0.13494
0.112576
0.0901426
0.0676549
0.0451261
0.0225699
0
0
-0.0223195
-0.0446255
-0.0669044
-0.0891426
-0.111327
-0.133443
-0.155479
-0.17742
-0.199254
-0.220966
-0.242544
-0.263975
-0.285246
-0.306344
-0.327256
-0.347969
-0.36847
-0.388748
-0.40879
-0.428584
-0.448118
-0.46738
-0.486357
-0.50504
-0.523416
-0.541474
-0.559204
-0.576594
-0.593634
-0.610313
-0.626622
-0.642551
-0.65809
-0.673229
-0.687959
-0.702272
-0.716158
-0.72961
-0.742618
-0.755176
-0.767275
-0.778909
-0.790069
-0.80075
-0.810945
-0.820648
-0.829852
-0.838552
-0.846744
-0.854421
-0.86158
-0.868215
-0.874324
-0.879901
-0.884945
-0.889451
-0.893417
-0.896841
-0.899721
-0.902054
-0.903839
-0.905076
-0.905764
-0.905901
-0.905489
-0.904526
-0.903015
-0.900956
-0.898349
-0.895197
-0.891502
-0.887265
-0.88249
-0.877179
-0.871335
-0.864963
-0.858065
-0.850647
-0.842712
-0.834265
-0.825312
-0.815858
-0.805908
-0.79547
-0.784548
-0.77315
-0.761283
-0.748953
-0.736169
-0.722938
-0.709268
-0.695167
-0.680645
-0.665709
-0.650369
-0.634634
-0.618514
-0.602019
-0.585157
-0.567941
-0.55038
-0.532485
-0.514266
-0.495736
-0.476904
-0.457783
-0.438383
-0.418718
-0.398799
-0.378637
-0.358246
-0.337637
-0.316823
-0.295816
-0.274631
-0.253278
-0.231772
-0.210125
-0.18835
-0.166461
-0.144471
-0.122393
-0.100241
-0.0780282
-0.055768
-0.0334738
-0.0111594
0.0111619
0.0334763
0.0557705
0.0780307
0.100244
0.122396
0.144473
0.166463
0.188352
0.210127
0.231774
0.25328
0.274633
0.295819
0.316825
0.337639
0.358248
0.37864
0.398801
0.418721
0.438386
0.457785
0.476906
0.495738
0.514269
0.532487
0.550382
0.567944
0.58516
0.602021
0.618517
0.634637
0.650371
0.665711
0.680647
0.69517
0.70927
0.72294
0.736171
0.748956
0.761285
0.773152
0.78455
0.795472
0.80591
0.81586
0.825314
0.834267
0.842714
0.850649
0.858067
0.864965
0.871337
0.877181
0.882492
0.887267
0.891504
0.895199
0.898351
0.900957
0.903017
0.904528
0.90549
0.905903
0.905765
0.905078
0.903841
0.902056
0.899722
0.896843
0.893419
0.889453
0.884946
0.879903
0.874325
0.868217
0.861581
0.854422
0.846745
0.838554
0.829853
0.820649
0.810946
0.800751
0.79007
0.77891
0.767276
0.755177
0.742619
0.729611
0.716159
0.702273
0.68796
0.67323
0.658091
0.642552
0.626623
0.610314
0.593635
0.576595
0.559205
0.541475
0.523417
0.505041
0.486358
0.46738
0.448119
0.428585
0.408791
0.388749
0.368471
0.347969
0.327256
0.306344
0.285247
0.263976
0.242545
0.220966
0.199254
0.17742
0.155479
0.133444
0.111327
0.0891428
0.0669045
0.0446256
0.0223196
0
0
-0.0220556
-0.0440979
-0.0661134
-0.0880887
-0.110011
-0.131866
-0.153641
-0.175322
-0.196898
-0.218354
-0.239677
-0.260854
-0.281874
-0.302722
-0.323386
-0.343855
-0.364114
-0.384152
-0.403957
-0.423517
-0.44282
-0.461854
-0.480607
-0.499069
-0.517228
-0.535072
-0.552592
-0.569777
-0.586615
-0.603098
-0.619214
-0.634954
-0.650309
-0.665269
-0.679825
-0.693969
-0.707691
-0.720983
-0.733838
-0.746247
-0.758204
-0.7697
-0.780728
-0.791283
-0.801357
-0.810945
-0.82004
-0.828638
-0.836733
-0.844319
-0.851393
-0.85795
-0.863987
-0.869498
-0.874482
-0.878935
-0.882855
-0.886238
-0.889083
-0.891389
-0.893153
-0.894376
-0.895055
-0.895191
-0.894783
-0.893832
-0.892339
-0.890304
-0.887728
-0.884613
-0.880962
-0.876775
-0.872056
-0.866808
-0.861034
-0.854736
-0.84792
-0.840589
-0.832748
-0.824401
-0.815554
-0.806212
-0.79638
-0.786065
-0.775272
-0.764009
-0.752282
-0.740098
-0.727465
-0.714391
-0.700882
-0.686949
-0.672598
-0.657838
-0.64268
-0.627131
-0.611201
-0.594901
-0.578239
-0.561226
-0.543873
-0.526189
-0.508186
-0.489874
-0.471265
-0.45237
-0.4332
-0.413768
-0.394084
-0.37416
-0.35401
-0.333645
-0.313077
-0.292319
-0.271384
-0.250284
-0.229031
-0.20764
-0.186123
-0.164493
-0.142763
-0.120946
-0.099056
-0.0771057
-0.0551086
-0.0330781
-0.0110274
0.0110299
0.0330805
0.0551111
0.0771082
0.0990585
0.120949
0.142765
0.164495
0.186126
0.207643
0.229034
0.250286
0.271386
0.292321
0.313079
0.333647
0.354013
0.374163
0.394086
0.41377
0.433203
0.452373
0.471268
0.489877
0.508188
0.526192
0.543875
0.561229
0.578241
0.594903
0.611204
0.627133
0.642682
0.657841
0.6726
0.686951
0.700885
0.714393
0.727468
0.740101
0.752284
0.764011
0.775274
0.786067
0.796382
0.806214
0.815556
0.824404
0.83275
0.840591
0.847922
0.854738
0.861036
0.86681
0.872058
0.876777
0.880963
0.884615
0.88773
0.890305
0.892341
0.893834
0.894785
0.895192
0.895057
0.894377
0.893155
0.891391
0.889085
0.88624
0.882856
0.878937
0.874484
0.8695
0.863988
0.857952
0.851395
0.844321
0.836734
0.828639
0.820042
0.810946
0.801359
0.791284
0.780729
0.769701
0.758205
0.746249
0.733839
0.720984
0.707692
0.69397
0.679826
0.66527
0.65031
0.634955
0.619215
0.603099
0.586616
0.569778
0.552593
0.535073
0.517228
0.49907
0.480608
0.461854
0.44282
0.423518
0.403958
0.384153
0.364114
0.343855
0.323387
0.302722
0.281874
0.260855
0.239677
0.218354
0.196898
0.175323
0.153641
0.131866
0.110011
0.0880888
0.0661135
0.044098
0.0220557
0
0
-0.0217784
-0.0435435
-0.0652822
-0.0869813
-0.108628
-0.130208
-0.151709
-0.173118
-0.194422
-0.215608
-0.236664
-0.257575
-0.27833
-0.298916
-0.319321
-0.339532
-0.359536
-0.379323
-0.398879
-0.418193
-0.437253
-0.456048
-0.474565
-0.492795
-0.510725
-0.528346
-0.545645
-0.562614
-0.579241
-0.595516
-0.611429
-0.626972
-0.642134
-0.656906
-0.671279
-0.685244
-0.698794
-0.711919
-0.724613
-0.736866
-0.748672
-0.760023
-0.770913
-0.781335
-0.791283
-0.80075
-0.809731
-0.818221
-0.826214
-0.833705
-0.84069
-0.847165
-0.853125
-0.858567
-0.863489
-0.867886
-0.871756
-0.875097
-0.877906
-0.880183
-0.881925
-0.883132
-0.883803
-0.883937
-0.883534
-0.882595
-0.881121
-0.879111
-0.876568
-0.873492
-0.869887
-0.865753
-0.861093
-0.855911
-0.850209
-0.843991
-0.837261
-0.830022
-0.822279
-0.814038
-0.805301
-0.796077
-0.786368
-0.776183
-0.765526
-0.754404
-0.742825
-0.730794
-0.71832
-0.70541
-0.692071
-0.678313
-0.664142
-0.649568
-0.6346
-0.619247
-0.603518
-0.587422
-0.57097
-0.554171
-0.537036
-0.519574
-0.501797
-0.483716
-0.465341
-0.446683
-0.427754
-0.408566
-0.389129
-0.369457
-0.34956
-0.32945
-0.309141
-0.288644
-0.267972
-0.247137
-0.226152
-0.20503
-0.183783
-0.162425
-0.140968
-0.119426
-0.0978107
-0.0761364
-0.0544158
-0.0326622
-0.0108888
0.0108912
0.0326646
0.0544182
0.0761388
0.0978131
0.119428
0.140971
0.162427
0.183786
0.205032
0.226155
0.247139
0.267974
0.288647
0.309143
0.329453
0.349562
0.369459
0.389132
0.408568
0.427757
0.446686
0.465343
0.483718
0.5018
0.519577
0.537038
0.554173
0.570972
0.587424
0.60352
0.619249
0.634603
0.649571
0.664144
0.678315
0.692073
0.705412
0.718322
0.730796
0.742827
0.754406
0.765528
0.776185
0.78637
0.796079
0.805304
0.81404
0.822281
0.830024
0.837263
0.843993
0.850211
0.855913
0.861095
0.865755
0.869888
0.873494
0.87657
0.879113
0.881123
0.882597
0.883536
0.883939
0.883804
0.883134
0.881927
0.880184
0.877908
0.875098
0.871757
0.867887
0.86349
0.858569
0.853126
0.847166
0.840691
0.833706
0.826215
0.818222
0.809733
0.800751
0.791284
0.781337
0.770915
0.760024
0.748673
0.736867
0.724614
0.711921
0.698795
0.685246
0.67128
0.656907
0.642135
0.626973
0.61143
0.595517
0.579241
0.562615
0.545646
0.528347
0.510726
0.492796
0.474566
0.456048
0.437254
0.418193
0.398879
0.379323
0.359537
0.339532
0.319321
0.298917
0.278331
0.257575
0.236664
0.215609
0.194423
0.173119
0.151709
0.130208
0.108628
0.0869814
0.0652823
0.0435436
0.0217784
0
0
-0.0214879
-0.0429627
-0.0644114
-0.0858211
-0.107179
-0.128471
-0.149686
-0.170809
-0.191829
-0.212733
-0.233507
-0.254139
-0.274618
-0.294929
-0.315062
-0.335003
-0.354741
-0.374263
-0.393558
-0.412615
-0.431421
-0.449964
-0.468235
-0.486222
-0.503913
-0.521298
-0.538367
-0.555109
-0.571514
-0.587572
-0.603274
-0.618609
-0.633568
-0.648143
-0.662325
-0.676104
-0.689473
-0.702423
-0.714947
-0.727037
-0.738686
-0.749886
-0.76063
-0.770913
-0.780728
-0.790069
-0.798931
-0.807307
-0.815193
-0.822584
-0.829476
-0.835865
-0.841745
-0.847115
-0.851971
-0.856309
-0.860128
-0.863424
-0.866196
-0.868442
-0.870161
-0.871352
-0.872014
-0.872146
-0.871749
-0.870823
-0.869368
-0.867385
-0.864876
-0.861841
-0.858283
-0.854205
-0.849607
-0.844494
-0.838868
-0.832733
-0.826093
-0.818951
-0.811311
-0.803179
-0.79456
-0.785458
-0.775879
-0.76583
-0.755315
-0.744342
-0.732917
-0.721046
-0.708739
-0.696001
-0.68284
-0.669265
-0.655283
-0.640904
-0.626136
-0.610987
-0.595468
-0.579587
-0.563354
-0.546779
-0.529872
-0.512644
-0.495104
-0.477264
-0.459134
-0.440725
-0.422049
-0.403116
-0.383939
-0.364529
-0.344897
-0.325056
-0.305018
-0.284794
-0.264398
-0.243841
-0.223136
-0.202295
-0.181332
-0.160258
-0.139088
-0.117833
-0.0965061
-0.0751208
-0.05369
-0.0322266
-0.0107436
0.0107459
0.0322289
0.0536924
0.0751232
0.0965084
0.117835
0.13909
0.160261
0.181334
0.202297
0.223138
0.243843
0.2644
0.284796
0.30502
0.325058
0.344899
0.364531
0.383941
0.403119
0.422051
0.440727
0.459136
0.477266
0.495106
0.512646
0.529874
0.546781
0.563356
0.579589
0.59547
0.610989
0.626138
0.640906
0.655285
0.669267
0.682842
0.696003
0.708741
0.721049
0.732919
0.744344
0.755317
0.765832
0.775881
0.78546
0.794562
0.803181
0.811313
0.818952
0.826095
0.832735
0.83887
0.844496
0.849609
0.854206
0.858285
0.861843
0.864877
0.867387
0.86937
0.870825
0.871751
0.872148
0.872016
0.871354
0.870163
0.868444
0.866198
0.863426
0.860129
0.856311
0.851972
0.847117
0.841747
0.835866
0.829478
0.822586
0.815194
0.807308
0.798932
0.79007
0.780729
0.770915
0.760632
0.749887
0.738687
0.727038
0.714948
0.702424
0.689474
0.676105
0.662326
0.648144
0.633569
0.61861
0.603275
0.587573
0.571515
0.55511
0.538368
0.521299
0.503914
0.486222
0.468236
0.449965
0.431421
0.412615
0.393559
0.374264
0.354741
0.335003
0.315062
0.29493
0.274618
0.25414
0.233507
0.212733
0.191829
0.170809
0.149686
0.128471
0.107179
0.0858212
0.0644115
0.0429628
0.0214879
0
0
-0.0211843
-0.0423558
-0.0635016
-0.0846088
-0.105665
-0.126656
-0.147571
-0.168396
-0.189119
-0.209727
-0.230208
-0.250549
-0.270738
-0.290763
-0.310611
-0.330271
-0.34973
-0.368976
-0.387999
-0.406786
-0.425326
-0.443608
-0.461621
-0.479353
-0.496795
-0.513934
-0.530762
-0.547268
-0.563441
-0.579272
-0.594752
-0.60987
-0.624619
-0.638988
-0.652969
-0.666553
-0.679734
-0.692501
-0.704848
-0.716767
-0.728251
-0.739293
-0.749886
-0.760023
-0.7697
-0.778909
-0.787645
-0.795903
-0.803678
-0.810964
-0.817759
-0.824057
-0.829855
-0.835149
-0.839936
-0.844213
-0.847977
-0.851227
-0.85396
-0.856175
-0.857869
-0.859043
-0.859696
-0.859826
-0.859435
-0.858521
-0.857087
-0.855132
-0.852658
-0.849667
-0.846159
-0.842138
-0.837606
-0.832565
-0.827018
-0.82097
-0.814423
-0.807382
-0.799851
-0.791834
-0.783336
-0.774363
-0.764919
-0.755011
-0.744645
-0.733827
-0.722563
-0.710861
-0.698727
-0.686169
-0.673194
-0.659811
-0.646027
-0.631851
-0.617291
-0.602356
-0.587056
-0.571399
-0.555396
-0.539055
-0.522387
-0.505402
-0.48811
-0.470522
-0.452648
-0.434499
-0.416087
-0.397422
-0.378515
-0.359379
-0.340025
-0.320464
-0.300709
-0.280771
-0.260663
-0.240396
-0.219984
-0.199437
-0.17877
-0.157995
-0.137123
-0.116168
-0.0951428
-0.0740597
-0.0529316
-0.0317713
-0.0105918
0.0105941
0.0317737
0.0529339
0.074062
0.0951451
0.116171
0.137125
0.157997
0.178773
0.19944
0.219986
0.240398
0.260665
0.280773
0.300711
0.320466
0.340027
0.359382
0.378518
0.397424
0.416089
0.434502
0.45265
0.470524
0.488112
0.505404
0.522389
0.539057
0.555398
0.571402
0.587058
0.602358
0.617293
0.631853
0.646029
0.659813
0.673196
0.686171
0.698729
0.710863
0.722565
0.733829
0.744647
0.755013
0.764921
0.774364
0.783338
0.791835
0.799852
0.807384
0.814425
0.820972
0.82702
0.832567
0.837608
0.84214
0.846161
0.849668
0.85266
0.855134
0.857089
0.858523
0.859436
0.859828
0.859697
0.859045
0.857871
0.856176
0.853962
0.851229
0.847979
0.844214
0.839937
0.83515
0.829856
0.824058
0.81776
0.810966
0.803679
0.795904
0.787646
0.77891
0.769701
0.760024
0.749887
0.739294
0.728252
0.716768
0.704849
0.692502
0.679735
0.666554
0.65297
0.638989
0.62462
0.609871
0.594753
0.579273
0.563442
0.547269
0.530763
0.513935
0.496795
0.479354
0.461621
0.443609
0.425327
0.406787
0.387999
0.368977
0.34973
0.330271
0.310611
0.290763
0.270739
0.25055
0.230209
0.209728
0.18912
0.168397
0.147571
0.126656
0.105665
0.0846089
0.0635016
0.0423559
0.0211844
0
0
-0.0208679
-0.0417232
-0.0625531
-0.0833451
-0.104086
-0.124765
-0.145367
-0.165881
-0.186295
-0.206595
-0.22677
-0.246807
-0.266695
-0.28642
-0.305972
-0.325338
-0.344506
-0.363465
-0.382204
-0.40071
-0.418974
-0.436983
-0.454726
-0.472194
-0.489375
-0.506258
-0.522835
-0.539094
-0.555026
-0.570621
-0.585869
-0.600762
-0.61529
-0.629444
-0.643216
-0.656598
-0.669581
-0.682158
-0.694321
-0.706062
-0.717374
-0.728251
-0.738686
-0.748672
-0.758204
-0.767275
-0.775881
-0.784015
-0.791674
-0.798852
-0.805545
-0.811749
-0.81746
-0.822675
-0.827391
-0.831604
-0.835312
-0.838514
-0.841206
-0.843387
-0.845057
-0.846213
-0.846856
-0.846984
-0.846599
-0.845699
-0.844286
-0.84236
-0.839923
-0.836976
-0.833521
-0.82956
-0.825096
-0.82013
-0.814666
-0.808708
-0.802259
-0.795323
-0.787904
-0.780007
-0.771636
-0.762797
-0.753495
-0.743735
-0.733523
-0.722867
-0.711771
-0.700244
-0.688291
-0.67592
-0.66314
-0.649956
-0.636378
-0.622413
-0.608071
-0.59336
-0.578288
-0.562865
-0.547101
-0.531004
-0.514585
-0.497854
-0.48082
-0.463494
-0.445888
-0.42801
-0.409872
-0.391486
-0.372862
-0.354012
-0.334946
-0.315678
-0.296218
-0.276578
-0.25677
-0.236806
-0.216698
-0.196459
-0.1761
-0.155635
-0.135075
-0.114433
-0.0937218
-0.0729536
-0.052141
-0.0312968
-0.0104336
0.0104359
0.0312991
0.0521433
0.0729558
0.0937241
0.114435
0.135077
0.155637
0.176103
0.196461
0.2167
0.236808
0.256772
0.27658
0.29622
0.31568
0.334949
0.354014
0.372864
0.391488
0.409875
0.428012
0.44589
0.463497
0.480822
0.497856
0.514587
0.531006
0.547103
0.562867
0.57829
0.593362
0.608073
0.622416
0.63638
0.649958
0.663142
0.675922
0.688293
0.700246
0.711773
0.722869
0.733525
0.743737
0.753497
0.762799
0.771638
0.780009
0.787906
0.795325
0.802261
0.80871
0.814668
0.820132
0.825097
0.829562
0.833523
0.836978
0.839925
0.842362
0.844288
0.845701
0.8466
0.846986
0.846857
0.846215
0.845058
0.843389
0.841207
0.838515
0.835314
0.831605
0.827392
0.822677
0.817462
0.811751
0.805547
0.798853
0.791675
0.784017
0.775882
0.767276
0.758205
0.748673
0.738687
0.728252
0.717375
0.706063
0.694322
0.682159
0.669582
0.656599
0.643217
0.629445
0.61529
0.600762
0.58587
0.570621
0.555027
0.539095
0.522836
0.506259
0.489375
0.472194
0.454727
0.436983
0.418974
0.400711
0.382204
0.363466
0.344507
0.325338
0.305972
0.286421
0.266695
0.246808
0.22677
0.206595
0.186295
0.165881
0.145367
0.124765
0.104087
0.0833452
0.0625532
0.0417233
0.020868
0
0
-0.0205389
-0.0410653
-0.0615667
-0.0820308
-0.102445
-0.122797
-0.143075
-0.163265
-0.183357
-0.203337
-0.223194
-0.242915
-0.262489
-0.281904
-0.301147
-0.320207
-0.339074
-0.357734
-0.376177
-0.394392
-0.412367
-0.430092
-0.447556
-0.464748
-0.481658
-0.498275
-0.51459
-0.530593
-0.546273
-0.561622
-0.57663
-0.591288
-0.605587
-0.619518
-0.633073
-0.646244
-0.659023
-0.671401
-0.683372
-0.694928
-0.706062
-0.716767
-0.727037
-0.736866
-0.746247
-0.755176
-0.763646
-0.771652
-0.77919
-0.786255
-0.792842
-0.798949
-0.80457
-0.809702
-0.814344
-0.81849
-0.82214
-0.825291
-0.827941
-0.830088
-0.831731
-0.832869
-0.833501
-0.833628
-0.833248
-0.832363
-0.830972
-0.829077
-0.826678
-0.823778
-0.820377
-0.816479
-0.812084
-0.807197
-0.80182
-0.795956
-0.789608
-0.782782
-0.77548
-0.767707
-0.759468
-0.750768
-0.741613
-0.732007
-0.721956
-0.711468
-0.700547
-0.689201
-0.677437
-0.665262
-0.652682
-0.639707
-0.626343
-0.612598
-0.598482
-0.584003
-0.569169
-0.553989
-0.538473
-0.522631
-0.50647
-0.490003
-0.473238
-0.456186
-0.438856
-0.421261
-0.403409
-0.385313
-0.366982
-0.348429
-0.329665
-0.3107
-0.291547
-0.272216
-0.25272
-0.233071
-0.213281
-0.193361
-0.173323
-0.153181
-0.132945
-0.112629
-0.0922439
-0.0718032
-0.0513188
-0.0308033
-0.0102691
0.0102713
0.0308055
0.051321
0.0718054
0.0922461
0.112631
0.132947
0.153183
0.173326
0.193363
0.213283
0.233074
0.252723
0.272218
0.291549
0.310702
0.329667
0.348431
0.366985
0.385315
0.403411
0.421263
0.438858
0.456188
0.47324
0.490005
0.506473
0.522633
0.538475
0.553991
0.569171
0.584005
0.598484
0.612601
0.626345
0.639709
0.652684
0.665264
0.677439
0.689203
0.700549
0.71147
0.721958
0.732009
0.741614
0.75077
0.75947
0.767709
0.775482
0.782783
0.78961
0.795957
0.801822
0.807199
0.812086
0.81648
0.820379
0.82378
0.82668
0.829079
0.830974
0.832365
0.83325
0.83363
0.833503
0.83287
0.831732
0.830089
0.827942
0.825292
0.822142
0.818492
0.814345
0.809704
0.804571
0.79895
0.792844
0.786256
0.779191
0.771653
0.763647
0.755177
0.746249
0.736867
0.727038
0.716768
0.706063
0.694929
0.683373
0.671402
0.659024
0.646245
0.633074
0.619519
0.605588
0.591289
0.576631
0.561623
0.546274
0.530594
0.514591
0.498276
0.481658
0.464748
0.447556
0.430092
0.412367
0.394392
0.376177
0.357734
0.339074
0.320208
0.301147
0.281904
0.262489
0.242916
0.223194
0.203337
0.183357
0.163266
0.143075
0.122797
0.102445
0.0820309
0.0615668
0.0410653
0.0205389
0
0
-0.0201973
-0.0403824
-0.0605429
-0.0806667
-0.100742
-0.120755
-0.140696
-0.16055
-0.180308
-0.199956
-0.219483
-0.238876
-0.258124
-0.277216
-0.296139
-0.314883
-0.333435
-0.351785
-0.369921
-0.387833
-0.40551
-0.42294
-0.440113
-0.457019
-0.473648
-0.489989
-0.506033
-0.52177
-0.53719
-0.552283
-0.567041
-0.581456
-0.595517
-0.609216
-0.622546
-0.635498
-0.648064
-0.660236
-0.672008
-0.683372
-0.694321
-0.704848
-0.714947
-0.724613
-0.733838
-0.742618
-0.750947
-0.75882
-0.766233
-0.77318
-0.779658
-0.785663
-0.791191
-0.796238
-0.800802
-0.80488
-0.808469
-0.811567
-0.814173
-0.816284
-0.8179
-0.819019
-0.819641
-0.819766
-0.819392
-0.818522
-0.817154
-0.81529
-0.812932
-0.810079
-0.806735
-0.802902
-0.79858
-0.793774
-0.788486
-0.78272
-0.776478
-0.769765
-0.762584
-0.754941
-0.746839
-0.738284
-0.72928
-0.719834
-0.709951
-0.699637
-0.688898
-0.677741
-0.666172
-0.654199
-0.641829
-0.629069
-0.615927
-0.602412
-0.58853
-0.574292
-0.559704
-0.544777
-0.529519
-0.51394
-0.498048
-0.481855
-0.465368
-0.4486
-0.431559
-0.414255
-0.396701
-0.378905
-0.36088
-0.342635
-0.324183
-0.305533
-0.286698
-0.267689
-0.248518
-0.229196
-0.209734
-0.190145
-0.170441
-0.150633
-0.130734
-0.110756
-0.09071
-0.0706092
-0.0504654
-0.0302911
-0.0100984
0.0101005
0.0302933
0.0504676
0.0706113
0.0907121
0.110758
0.130736
0.150636
0.170443
0.190148
0.209736
0.229198
0.24852
0.267692
0.286701
0.305535
0.324185
0.342637
0.360882
0.378907
0.396703
0.414258
0.431561
0.448602
0.465371
0.481857
0.49805
0.513942
0.529521
0.544779
0.559706
0.574294
0.588532
0.602414
0.615929
0.629071
0.641831
0.654201
0.666174
0.677743
0.6889
0.699639
0.709953
0.719836
0.729282
0.738286
0.746841
0.754943
0.762586
0.769767
0.77648
0.782722
0.788488
0.793776
0.798582
0.802903
0.806737
0.810081
0.812933
0.815292
0.817156
0.818523
0.819394
0.819767
0.819643
0.819021
0.817901
0.816286
0.814174
0.811569
0.80847
0.804881
0.800803
0.796239
0.791192
0.785664
0.77966
0.773182
0.766234
0.758822
0.750948
0.742619
0.733839
0.724614
0.714948
0.704849
0.694322
0.683373
0.672009
0.660237
0.648065
0.635499
0.622547
0.609217
0.595518
0.581456
0.567042
0.552284
0.53719
0.52177
0.506034
0.48999
0.473649
0.45702
0.440114
0.42294
0.40551
0.387834
0.369922
0.351786
0.333436
0.314883
0.29614
0.277216
0.258125
0.238876
0.219483
0.199956
0.180308
0.160551
0.140696
0.120755
0.100742
0.0806668
0.060543
0.0403824
0.0201973
0
0
-0.0198435
-0.039675
-0.0594824
-0.0792537
-0.0989768
-0.11864
-0.138231
-0.157738
-0.177149
-0.196453
-0.215638
-0.234691
-0.253603
-0.27236
-0.290952
-0.309367
-0.327594
-0.345623
-0.363441
-0.38104
-0.398406
-0.415531
-0.432404
-0.449014
-0.465351
-0.481406
-0.497169
-0.51263
-0.527779
-0.542609
-0.557109
-0.57127
-0.585085
-0.598545
-0.611641
-0.624366
-0.636711
-0.648671
-0.660236
-0.671401
-0.682158
-0.692501
-0.702423
-0.711919
-0.720983
-0.72961
-0.737793
-0.745528
-0.752811
-0.759636
-0.766001
-0.7719
-0.777331
-0.78229
-0.786774
-0.79078
-0.794307
-0.797351
-0.799911
-0.801985
-0.803573
-0.804672
-0.805283
-0.805406
-0.805039
-0.804183
-0.80284
-0.801009
-0.798691
-0.795889
-0.792604
-0.788837
-0.784592
-0.77987
-0.774674
-0.769009
-0.762876
-0.756281
-0.749226
-0.741716
-0.733756
-0.725351
-0.716505
-0.707225
-0.697515
-0.687381
-0.67683
-0.665869
-0.654503
-0.642739
-0.630586
-0.61805
-0.605138
-0.591859
-0.578221
-0.564232
-0.5499
-0.535234
-0.520243
-0.504937
-0.489324
-0.473414
-0.457217
-0.440741
-0.423999
-0.406999
-0.389752
-0.372268
-0.354558
-0.336633
-0.318504
-0.300181
-0.281676
-0.263
-0.244165
-0.225181
-0.20606
-0.186815
-0.167456
-0.147995
-0.128444
-0.108816
-0.089121
-0.0693723
-0.0495814
-0.0297605
-0.00992147
0.00992357
0.0297626
0.0495835
0.0693744
0.0891231
0.108818
0.128446
0.147997
0.167458
0.186817
0.206062
0.225183
0.244167
0.263002
0.281678
0.300183
0.318506
0.336635
0.35456
0.37227
0.389754
0.407001
0.424001
0.440743
0.457219
0.473416
0.489326
0.504939
0.520245
0.535236
0.549902
0.564234
0.578223
0.591861
0.60514
0.618051
0.630588
0.642741
0.654505
0.665871
0.676832
0.687383
0.697517
0.707227
0.716507
0.725353
0.733758
0.741718
0.749228
0.756282
0.762878
0.76901
0.774676
0.779871
0.784593
0.788839
0.792605
0.795891
0.798693
0.80101
0.802841
0.804185
0.80504
0.805407
0.805285
0.804674
0.803574
0.801987
0.799912
0.797352
0.794308
0.790782
0.786775
0.782291
0.777332
0.771902
0.766002
0.759638
0.752812
0.745529
0.737794
0.729611
0.720984
0.711921
0.702424
0.692502
0.682159
0.671402
0.660237
0.648672
0.636712
0.624367
0.611642
0.598545
0.585086
0.571271
0.557109
0.542609
0.52778
0.51263
0.49717
0.481407
0.465352
0.449014
0.432404
0.415532
0.398407
0.38104
0.363442
0.345623
0.327595
0.309367
0.290952
0.27236
0.253603
0.234692
0.215638
0.196454
0.17715
0.157738
0.138231
0.11864
0.098977
0.0792538
0.0594825
0.039675
0.0198435
0
0
-0.0194777
-0.0389435
-0.0583857
-0.0777925
-0.097152
-0.116453
-0.135682
-0.15483
-0.173883
-0.192831
-0.211662
-0.230365
-0.248927
-0.267338
-0.285588
-0.303663
-0.321555
-0.339251
-0.356741
-0.374014
-0.391061
-0.40787
-0.424432
-0.440735
-0.456772
-0.472531
-0.488003
-0.503179
-0.518049
-0.532605
-0.546837
-0.560738
-0.574298
-0.587509
-0.600364
-0.612854
-0.624973
-0.636711
-0.648064
-0.659023
-0.669581
-0.679734
-0.689473
-0.698794
-0.707691
-0.716158
-0.72419
-0.731783
-0.738931
-0.745631
-0.751878
-0.757669
-0.763
-0.767867
-0.772269
-0.776201
-0.779662
-0.78265
-0.785163
-0.787199
-0.788757
-0.789837
-0.790437
-0.790557
-0.790197
-0.789357
-0.788038
-0.786241
-0.783966
-0.781216
-0.777991
-0.774294
-0.770126
-0.765492
-0.760392
-0.754831
-0.748811
-0.742337
-0.735413
-0.728042
-0.720229
-0.711978
-0.703296
-0.694186
-0.684655
-0.674708
-0.664352
-0.653592
-0.642436
-0.630889
-0.61896
-0.606655
-0.593981
-0.580947
-0.56756
-0.553829
-0.539761
-0.525366
-0.510652
-0.495628
-0.480303
-0.464686
-0.448787
-0.432616
-0.416182
-0.399495
-0.382566
-0.365405
-0.348021
-0.330427
-0.312632
-0.294647
-0.276483
-0.258151
-0.239663
-0.221029
-0.202261
-0.18337
-0.164368
-0.145266
-0.126076
-0.106809
-0.0874779
-0.0680933
-0.0486673
-0.0292118
-0.00973856
0.00974061
0.0292139
0.0486694
0.0680954
0.08748
0.106812
0.126078
0.145268
0.16437
0.183372
0.202263
0.221031
0.239665
0.258154
0.276485
0.294649
0.312634
0.330429
0.348023
0.365407
0.382568
0.399497
0.416184
0.432618
0.448789
0.464688
0.480305
0.49563
0.510654
0.525368
0.539763
0.553831
0.567562
0.580949
0.593983
0.606657
0.618962
0.630891
0.642438
0.653594
0.664354
0.67471
0.684657
0.694188
0.703297
0.71198
0.72023
0.728043
0.735414
0.742339
0.748813
0.754833
0.760394
0.765493
0.770128
0.774295
0.777992
0.781217
0.783968
0.786242
0.78804
0.789359
0.790198
0.790558
0.790438
0.789838
0.788759
0.787201
0.785165
0.782652
0.779664
0.776202
0.77227
0.767869
0.763001
0.75767
0.75188
0.745632
0.738933
0.731784
0.724191
0.716159
0.707692
0.698795
0.689474
0.679735
0.669582
0.659024
0.648065
0.636712
0.624974
0.612855
0.600365
0.58751
0.574299
0.560739
0.546838
0.532606
0.51805
0.503179
0.488003
0.472531
0.456772
0.440736
0.424432
0.407871
0.391062
0.374015
0.356741
0.339251
0.321555
0.303664
0.285588
0.267339
0.248927
0.230365
0.211662
0.192832
0.173884
0.15483
0.135683
0.116453
0.0971522
0.0777926
0.0583858
0.0389436
0.0194777
0
0
-0.0191
-0.0381884
-0.0572536
-0.0762841
-0.0952682
-0.114195
-0.133052
-0.151828
-0.170512
-0.189092
-0.207558
-0.225898
-0.2441
-0.262155
-0.28005
-0.297775
-0.31532
-0.332673
-0.349824
-0.366762
-0.383478
-0.399962
-0.416202
-0.43219
-0.447915
-0.463368
-0.47854
-0.493422
-0.508004
-0.522278
-0.536234
-0.549865
-0.563162
-0.576118
-0.588723
-0.600971
-0.612854
-0.624366
-0.635498
-0.646244
-0.656598
-0.666553
-0.676104
-0.685244
-0.693969
-0.702272
-0.710148
-0.717594
-0.724604
-0.731173
-0.7373
-0.742978
-0.748205
-0.752978
-0.757294
-0.761151
-0.764545
-0.767475
-0.769939
-0.771935
-0.773463
-0.774522
-0.77511
-0.775228
-0.774875
-0.774051
-0.772758
-0.770996
-0.768765
-0.766068
-0.762905
-0.75928
-0.755194
-0.750649
-0.745648
-0.740195
-0.734292
-0.727944
-0.721153
-0.713925
-0.706263
-0.698173
-0.689659
-0.680726
-0.671379
-0.661626
-0.65147
-0.640919
-0.629979
-0.618657
-0.606958
-0.594892
-0.582464
-0.569683
-0.556555
-0.54309
-0.529295
-0.515179
-0.50075
-0.486017
-0.470989
-0.455676
-0.440085
-0.424227
-0.408112
-0.391749
-0.375148
-0.358319
-0.341273
-0.32402
-0.30657
-0.288934
-0.271122
-0.253146
-0.235016
-0.216744
-0.198339
-0.179815
-0.161181
-0.14245
-0.123632
-0.104738
-0.0857817
-0.066773
-0.0477237
-0.0286454
-0.00954973
0.00955173
0.0286474
0.0477257
0.066775
0.0857837
0.10474
0.123634
0.142452
0.161183
0.179817
0.198341
0.216745
0.235018
0.253148
0.271124
0.288936
0.306572
0.324022
0.341275
0.358321
0.37515
0.391751
0.408114
0.424229
0.440087
0.455677
0.470991
0.486019
0.500752
0.515181
0.529297
0.543092
0.556557
0.569684
0.582466
0.594894
0.60696
0.618658
0.629981
0.640921
0.651472
0.661627
0.671381
0.680727
0.68966
0.698175
0.706265
0.713927
0.721155
0.727945
0.734294
0.740196
0.74565
0.75065
0.755195
0.759282
0.762907
0.766069
0.768767
0.770997
0.77276
0.774053
0.774876
0.775229
0.775112
0.774523
0.773465
0.771937
0.76994
0.767476
0.764546
0.761152
0.757296
0.75298
0.748206
0.742979
0.737301
0.731175
0.724605
0.717595
0.710149
0.702273
0.69397
0.685246
0.676105
0.666554
0.656599
0.646245
0.635499
0.624367
0.612855
0.600972
0.588724
0.576118
0.563163
0.549866
0.536235
0.522278
0.508005
0.493423
0.478541
0.463369
0.447916
0.43219
0.416202
0.399962
0.383479
0.366763
0.349824
0.332673
0.31532
0.297776
0.28005
0.262155
0.244101
0.225898
0.207558
0.189093
0.170512
0.151828
0.133052
0.114195
0.0952684
0.0762842
0.0572537
0.0381885
0.0191
0
0
-0.0187107
-0.0374101
-0.0560868
-0.0747294
-0.0933266
-0.111867
-0.13034
-0.148733
-0.167037
-0.185239
-0.203328
-0.221294
-0.239125
-0.256812
-0.274342
-0.291706
-0.308893
-0.325893
-0.342694
-0.359288
-0.375663
-0.39181
-0.407719
-0.423381
-0.438786
-0.453925
-0.468788
-0.483366
-0.497651
-0.511633
-0.525305
-0.538659
-0.551685
-0.564376
-0.576725
-0.588723
-0.600364
-0.611641
-0.622546
-0.633073
-0.643216
-0.652969
-0.662325
-0.671279
-0.679825
-0.687959
-0.695675
-0.702969
-0.709836
-0.716272
-0.722273
-0.727836
-0.732956
-0.737632
-0.74186
-0.745638
-0.748963
-0.751833
-0.754247
-0.756203
-0.7577
-0.758737
-0.759313
-0.759428
-0.759082
-0.758276
-0.757009
-0.755282
-0.753097
-0.750455
-0.747357
-0.743805
-0.739802
-0.73535
-0.730451
-0.725109
-0.719327
-0.713108
-0.706456
-0.699375
-0.691869
-0.683944
-0.675603
-0.666852
-0.657696
-0.648141
-0.638193
-0.627857
-0.61714
-0.606048
-0.594588
-0.582768
-0.570593
-0.558072
-0.545213
-0.532022
-0.518508
-0.50468
-0.490545
-0.476112
-0.46139
-0.446389
-0.431116
-0.415581
-0.399794
-0.383765
-0.367502
-0.351017
-0.334318
-0.317416
-0.300322
-0.283045
-0.265597
-0.247987
-0.230226
-0.212326
-0.194297
-0.17615
-0.157896
-0.139546
-0.121112
-0.102604
-0.0840335
-0.0654121
-0.046751
-0.0280616
-0.00935511
0.00935706
0.0280635
0.046753
0.0654141
0.0840354
0.102606
0.121114
0.139548
0.157898
0.176152
0.194299
0.212328
0.230228
0.247989
0.265598
0.283047
0.300324
0.317418
0.33432
0.351019
0.367504
0.383767
0.399796
0.415583
0.431118
0.446391
0.461392
0.476114
0.490547
0.504682
0.51851
0.532024
0.545214
0.558074
0.570595
0.582769
0.59459
0.60605
0.617142
0.627859
0.638195
0.648143
0.657698
0.666854
0.675605
0.683945
0.691871
0.699376
0.706457
0.713109
0.719328
0.725111
0.730453
0.735352
0.739804
0.743807
0.747359
0.750456
0.753099
0.755284
0.75701
0.758277
0.759084
0.75943
0.759314
0.758738
0.757701
0.756204
0.754248
0.751835
0.748964
0.745639
0.741862
0.737634
0.732958
0.727837
0.722274
0.716273
0.709837
0.70297
0.695676
0.68796
0.679826
0.67128
0.662326
0.65297
0.643217
0.633074
0.622547
0.611642
0.600365
0.588724
0.576725
0.564377
0.551686
0.538659
0.525306
0.511634
0.497651
0.483366
0.468788
0.453925
0.438787
0.423382
0.40772
0.391811
0.375663
0.359288
0.342695
0.325893
0.308894
0.291707
0.274343
0.256812
0.239126
0.221294
0.203328
0.185239
0.167037
0.148734
0.13034
0.111867
0.0933268
0.0747295
0.0560868
0.0374102
0.0187108
0
0
-0.0183101
-0.0366091
-0.0548859
-0.0731293
-0.0913284
-0.109472
-0.127549
-0.145549
-0.16346
-0.181272
-0.198974
-0.216556
-0.234005
-0.251313
-0.268468
-0.28546
-0.302279
-0.318915
-0.335356
-0.351595
-0.367619
-0.383421
-0.39899
-0.414316
-0.429391
-0.444205
-0.45875
-0.473016
-0.486995
-0.500678
-0.514058
-0.527125
-0.539872
-0.552292
-0.564376
-0.576118
-0.587509
-0.598545
-0.609216
-0.619518
-0.629444
-0.638988
-0.648143
-0.656906
-0.665269
-0.673229
-0.68078
-0.687917
-0.694637
-0.700935
-0.706808
-0.712252
-0.717263
-0.721838
-0.725976
-0.729673
-0.732926
-0.735735
-0.738097
-0.740012
-0.741476
-0.742491
-0.743055
-0.743168
-0.742829
-0.74204
-0.7408
-0.73911
-0.736972
-0.734386
-0.731355
-0.727879
-0.723962
-0.719605
-0.714811
-0.709583
-0.703925
-0.697839
-0.691329
-0.6844
-0.677055
-0.669299
-0.661137
-0.652574
-0.643614
-0.634264
-0.624528
-0.614413
-0.603926
-0.593072
-0.581857
-0.57029
-0.558376
-0.546123
-0.533539
-0.52063
-0.507406
-0.493874
-0.480041
-0.465918
-0.451511
-0.436831
-0.421885
-0.406683
-0.391234
-0.375548
-0.359634
-0.343501
-0.32716
-0.31062
-0.293891
-0.276985
-0.25991
-0.242677
-0.225297
-0.20778
-0.190137
-0.172378
-0.154515
-0.136558
-0.118519
-0.100407
-0.0822342
-0.0640115
-0.04575
-0.0274608
-0.00915481
0.0091567
0.0274627
0.0457519
0.0640134
0.0822361
0.100409
0.118521
0.13656
0.154517
0.17238
0.190139
0.207782
0.225299
0.242679
0.259912
0.276987
0.293893
0.310622
0.327162
0.343503
0.359635
0.37555
0.391236
0.406685
0.421887
0.436833
0.451513
0.46592
0.480043
0.493875
0.507408
0.520632
0.53354
0.546125
0.558378
0.570291
0.581859
0.593073
0.603928
0.614415
0.62453
0.634265
0.643616
0.652575
0.661139
0.669301
0.677057
0.684402
0.691331
0.69784
0.703926
0.709585
0.714813
0.719606
0.723963
0.727881
0.731356
0.734388
0.736974
0.739112
0.740801
0.742041
0.742831
0.743169
0.743056
0.742492
0.741478
0.740013
0.738099
0.735737
0.732928
0.729674
0.725977
0.72184
0.717264
0.712253
0.706809
0.700936
0.694638
0.687918
0.680781
0.67323
0.66527
0.656907
0.648144
0.638989
0.629445
0.619519
0.609217
0.598545
0.58751
0.576118
0.564377
0.552293
0.539873
0.527126
0.514058
0.500679
0.486996
0.473017
0.458751
0.444206
0.429392
0.414317
0.39899
0.383421
0.36762
0.351595
0.335357
0.318915
0.30228
0.285461
0.268469
0.251313
0.234006
0.216556
0.198975
0.181273
0.16346
0.145549
0.127549
0.109472
0.0913285
0.0731294
0.0548859
0.0366091
0.0183101
0
0
-0.0178984
-0.0357859
-0.0536516
-0.0714848
-0.0892746
-0.10701
-0.124681
-0.142276
-0.159784
-0.177196
-0.1945
-0.211686
-0.228743
-0.245662
-0.262431
-0.279041
-0.295482
-0.311743
-0.327815
-0.343688
-0.359353
-0.374799
-0.390017
-0.404999
-0.419735
-0.434216
-0.448434
-0.462379
-0.476044
-0.48942
-0.502498
-0.515271
-0.527732
-0.539872
-0.551685
-0.563162
-0.574298
-0.585085
-0.595517
-0.605587
-0.61529
-0.624619
-0.633568
-0.642134
-0.650309
-0.65809
-0.665471
-0.672448
-0.679017
-0.685173
-0.690914
-0.696235
-0.701133
-0.705606
-0.709651
-0.713264
-0.716445
-0.719191
-0.7215
-0.723371
-0.724803
-0.725794
-0.726346
-0.726456
-0.726125
-0.725354
-0.724142
-0.72249
-0.7204
-0.717872
-0.714909
-0.711511
-0.707682
-0.703423
-0.698737
-0.693627
-0.688095
-0.682146
-0.675783
-0.66901
-0.66183
-0.654249
-0.64627
-0.637899
-0.629141
-0.620001
-0.610484
-0.600597
-0.590345
-0.579735
-0.568773
-0.557465
-0.545819
-0.533842
-0.521541
-0.508923
-0.495996
-0.482768
-0.469247
-0.455441
-0.441358
-0.427008
-0.412398
-0.397538
-0.382436
-0.367103
-0.351546
-0.335777
-0.319803
-0.303635
-0.287283
-0.270756
-0.254065
-0.23722
-0.220231
-0.203108
-0.185861
-0.168502
-0.151041
-0.133488
-0.115854
-0.098149
-0.080385
-0.0625721
-0.0447212
-0.0268432
-0.00894894
0.00895079
0.0268451
0.0447231
0.0625739
0.0803868
0.0981509
0.115855
0.133489
0.151043
0.168504
0.185863
0.203109
0.220232
0.237222
0.254067
0.270758
0.287284
0.303637
0.319805
0.335778
0.351548
0.367105
0.382438
0.39754
0.4124
0.427009
0.44136
0.455442
0.469248
0.48277
0.495998
0.508925
0.521543
0.533844
0.545821
0.557467
0.568775
0.579737
0.590347
0.600599
0.610486
0.620002
0.629143
0.637901
0.646272
0.65425
0.661832
0.669011
0.675785
0.682148
0.688097
0.693628
0.698739
0.703425
0.707684
0.711513
0.71491
0.717874
0.720401
0.722491
0.724143
0.725355
0.726126
0.726457
0.726347
0.725796
0.724804
0.723372
0.721501
0.719192
0.716446
0.713266
0.709652
0.705607
0.701135
0.696236
0.690915
0.685174
0.679018
0.672449
0.665472
0.658091
0.65031
0.642135
0.633569
0.62462
0.61529
0.605588
0.595518
0.585086
0.574299
0.563163
0.551686
0.539873
0.527733
0.515272
0.502499
0.48942
0.476045
0.46238
0.448435
0.434217
0.419736
0.405
0.390018
0.374799
0.359353
0.343689
0.327816
0.311744
0.295482
0.279042
0.262432
0.245662
0.228744
0.211686
0.1945
0.177196
0.159785
0.142276
0.124681
0.10701
0.0892748
0.0714849
0.0536517
0.0357859
0.0178984
0
0
-0.0174758
-0.0349409
-0.0523848
-0.069797
-0.0871667
-0.104484
-0.121737
-0.138916
-0.156012
-0.173012
-0.189908
-0.206688
-0.223342
-0.239861
-0.256235
-0.272453
-0.288505
-0.304382
-0.320075
-0.335573
-0.350868
-0.365949
-0.380808
-0.395437
-0.409825
-0.423964
-0.437846
-0.451462
-0.464804
-0.477864
-0.490633
-0.503105
-0.515271
-0.527125
-0.538659
-0.549865
-0.560738
-0.57127
-0.581456
-0.591288
-0.600762
-0.60987
-0.618609
-0.626972
-0.634954
-0.642551
-0.649758
-0.65657
-0.662984
-0.668995
-0.6746
-0.679796
-0.684579
-0.688946
-0.692895
-0.696423
-0.699529
-0.702209
-0.704464
-0.706291
-0.707689
-0.708657
-0.709195
-0.709303
-0.70898
-0.708227
-0.707043
-0.705431
-0.70339
-0.700922
-0.698029
-0.694711
-0.690973
-0.686814
-0.682239
-0.677249
-0.671848
-0.66604
-0.659827
-0.653213
-0.646203
-0.638801
-0.631011
-0.622837
-0.614286
-0.605362
-0.59607
-0.586416
-0.576406
-0.566047
-0.555343
-0.544303
-0.532932
-0.521237
-0.509226
-0.496906
-0.484285
-0.471369
-0.458167
-0.444687
-0.430937
-0.416925
-0.402661
-0.388151
-0.373407
-0.358435
-0.343246
-0.327848
-0.312252
-0.296466
-0.280499
-0.264363
-0.248066
-0.231619
-0.215031
-0.198312
-0.181473
-0.164524
-0.147474
-0.130336
-0.113118
-0.0958316
-0.078487
-0.0610947
-0.0436653
-0.0262094
-0.00873765
0.00873944
0.0262112
0.0436671
0.0610965
0.0784887
0.0958334
0.11312
0.130338
0.147476
0.164525
0.181475
0.198314
0.215032
0.23162
0.248068
0.264365
0.280501
0.296467
0.312253
0.32785
0.343248
0.358437
0.373408
0.388153
0.402662
0.416927
0.430939
0.444689
0.458169
0.471371
0.484286
0.496908
0.509228
0.521239
0.532933
0.544304
0.555345
0.566048
0.576408
0.586418
0.596071
0.605363
0.614287
0.622839
0.631012
0.638802
0.646205
0.653215
0.659828
0.666041
0.67185
0.677251
0.68224
0.686816
0.690974
0.694713
0.69803
0.700923
0.703391
0.705432
0.707045
0.708228
0.708981
0.709304
0.709197
0.708658
0.70769
0.706292
0.704465
0.702211
0.69953
0.696424
0.692896
0.688947
0.68458
0.679797
0.674601
0.668996
0.662985
0.656571
0.649759
0.642552
0.634955
0.626973
0.61861
0.609871
0.600762
0.591289
0.581456
0.571271
0.560739
0.549866
0.538659
0.527126
0.515272
0.503106
0.490634
0.477864
0.464804
0.451462
0.437846
0.423964
0.409825
0.395437
0.380809
0.36595
0.350868
0.335574
0.320075
0.304383
0.288505
0.272453
0.256235
0.239862
0.223343
0.206688
0.189908
0.173012
0.156012
0.138917
0.121737
0.104484
0.0871668
0.0697971
0.0523849
0.0349409
0.0174758
0
0
-0.0170425
-0.0340747
-0.0510862
-0.0680667
-0.0850059
-0.101893
-0.118719
-0.135473
-0.152144
-0.168723
-0.1852
-0.201564
-0.217806
-0.233915
-0.249883
-0.265699
-0.281353
-0.296837
-0.31214
-0.327254
-0.34217
-0.356877
-0.371368
-0.385634
-0.399665
-0.413454
-0.426992
-0.44027
-0.453281
-0.466017
-0.478471
-0.490633
-0.502498
-0.514058
-0.525305
-0.536234
-0.546837
-0.557109
-0.567041
-0.57663
-0.585869
-0.594752
-0.603274
-0.611429
-0.619214
-0.626622
-0.633651
-0.640294
-0.646549
-0.652411
-0.657877
-0.662944
-0.667608
-0.671867
-0.675718
-0.679159
-0.682187
-0.684802
-0.687
-0.688782
-0.690145
-0.69109
-0.691615
-0.69172
-0.691405
-0.69067
-0.689516
-0.687943
-0.685953
-0.683546
-0.680725
-0.67749
-0.673844
-0.669788
-0.665326
-0.66046
-0.655194
-0.649529
-0.64347
-0.63702
-0.630184
-0.622965
-0.615368
-0.607397
-0.599058
-0.590355
-0.581293
-0.571879
-0.562117
-0.552014
-0.541576
-0.53081
-0.519721
-0.508316
-0.496603
-0.484588
-0.472279
-0.459684
-0.446809
-0.433663
-0.420254
-0.40659
-0.392679
-0.378529
-0.36415
-0.349549
-0.334737
-0.319721
-0.304511
-0.289116
-0.273546
-0.25781
-0.241917
-0.225877
-0.2097
-0.193396
-0.176974
-0.160445
-0.143819
-0.127105
-0.110314
-0.0934559
-0.0765413
-0.0595802
-0.0425829
-0.0255597
-0.00852105
0.00852279
0.0255615
0.0425846
0.0595819
0.076543
0.0934577
0.110316
0.127107
0.14382
0.160447
0.176976
0.193397
0.209702
0.225879
0.241918
0.257811
0.273548
0.289118
0.304513
0.319723
0.334739
0.349551
0.364152
0.378531
0.39268
0.406592
0.420256
0.433665
0.446811
0.459685
0.472281
0.48459
0.496604
0.508318
0.519722
0.530811
0.541578
0.552016
0.562119
0.57188
0.581295
0.590356
0.599059
0.607399
0.61537
0.622967
0.630186
0.637022
0.643471
0.64953
0.655195
0.660462
0.665328
0.66979
0.673845
0.677491
0.680726
0.683548
0.685954
0.687945
0.689517
0.690671
0.691406
0.691721
0.691616
0.691091
0.690147
0.688783
0.687002
0.684803
0.682189
0.67916
0.675719
0.671868
0.667609
0.662945
0.657878
0.652412
0.64655
0.640295
0.633652
0.626623
0.619215
0.61143
0.603275
0.594753
0.58587
0.576631
0.567042
0.557109
0.546838
0.536235
0.525306
0.514058
0.502499
0.490634
0.478471
0.466018
0.453282
0.440271
0.426992
0.413455
0.399666
0.385634
0.371369
0.356878
0.34217
0.327255
0.312141
0.296837
0.281354
0.265699
0.249883
0.233916
0.217806
0.201564
0.1852
0.168723
0.152144
0.135473
0.118719
0.101894
0.085006
0.0680668
0.0510863
0.0340748
0.0170426
0
0
-0.016599
-0.0331879
-0.0497566
-0.0662952
-0.0827934
-0.0992415
-0.115629
-0.131947
-0.148184
-0.164332
-0.18038
-0.196318
-0.212137
-0.227827
-0.243379
-0.258783
-0.27403
-0.289111
-0.304016
-0.318737
-0.333264
-0.347589
-0.361703
-0.375597
-0.389263
-0.402693
-0.415878
-0.428811
-0.441484
-0.453888
-0.466017
-0.477864
-0.48942
-0.500678
-0.511633
-0.522278
-0.532605
-0.542609
-0.552283
-0.561622
-0.570621
-0.579272
-0.587572
-0.595516
-0.603098
-0.610313
-0.617159
-0.623629
-0.629721
-0.635431
-0.640755
-0.645689
-0.650232
-0.65438
-0.658131
-0.661483
-0.664432
-0.666979
-0.66912
-0.670855
-0.672183
-0.673103
-0.673614
-0.673716
-0.67341
-0.672694
-0.67157
-0.670038
-0.6681
-0.665756
-0.663008
-0.659857
-0.656305
-0.652356
-0.64801
-0.643271
-0.638141
-0.632624
-0.626722
-0.620441
-0.613782
-0.606751
-0.599352
-0.591589
-0.583466
-0.57499
-0.566164
-0.556995
-0.547487
-0.537647
-0.527481
-0.516994
-0.506194
-0.495086
-0.483678
-0.471976
-0.459987
-0.44772
-0.43518
-0.422376
-0.409316
-0.396008
-0.382459
-0.368677
-0.354672
-0.340452
-0.326025
-0.3114
-0.296586
-0.281591
-0.266426
-0.2511
-0.23562
-0.219998
-0.204242
-0.188362
-0.172368
-0.156269
-0.140075
-0.123797
-0.107443
-0.0910236
-0.0745492
-0.0580295
-0.0414746
-0.0248945
-0.00829928
0.00830096
0.0248962
0.0414763
0.0580312
0.0745508
0.0910253
0.107444
0.123798
0.140077
0.156271
0.17237
0.188364
0.204244
0.22
0.235622
0.251101
0.266428
0.281593
0.296587
0.311401
0.326026
0.340453
0.354674
0.368679
0.38246
0.396009
0.409318
0.422378
0.435182
0.447721
0.459989
0.471977
0.483679
0.495088
0.506195
0.516996
0.527482
0.537649
0.547489
0.556996
0.566166
0.574991
0.583468
0.59159
0.599353
0.606753
0.613784
0.620442
0.626724
0.632625
0.638142
0.643272
0.648011
0.652357
0.656307
0.659858
0.663009
0.665757
0.668101
0.67004
0.671571
0.672695
0.673411
0.673718
0.673615
0.673104
0.672184
0.670856
0.669121
0.66698
0.664433
0.661484
0.658132
0.654381
0.650233
0.64569
0.640756
0.635432
0.629722
0.62363
0.61716
0.610314
0.603099
0.595517
0.587573
0.579273
0.570621
0.561623
0.552284
0.542609
0.532606
0.522278
0.511634
0.500679
0.48942
0.477864
0.466018
0.453889
0.441485
0.428812
0.415879
0.402694
0.389264
0.375597
0.361703
0.347589
0.333265
0.318737
0.304017
0.289111
0.274031
0.258784
0.243379
0.227827
0.212137
0.196318
0.18038
0.164332
0.148184
0.131947
0.115629
0.0992416
0.0827935
0.0662952
0.0497567
0.0331879
0.016599
0
0
-0.0161453
-0.0322809
-0.0483968
-0.0644833
-0.0805307
-0.0965292
-0.112469
-0.128341
-0.144134
-0.159841
-0.17545
-0.190953
-0.206339
-0.221601
-0.236728
-0.251711
-0.266541
-0.28121
-0.295708
-0.310026
-0.324156
-0.33809
-0.351818
-0.365332
-0.378625
-0.391688
-0.404513
-0.417092
-0.429418
-0.441484
-0.453281
-0.464804
-0.476044
-0.486995
-0.497651
-0.508004
-0.518049
-0.527779
-0.53719
-0.546273
-0.555026
-0.563441
-0.571514
-0.579241
-0.586615
-0.593634
-0.600292
-0.606586
-0.612511
-0.618065
-0.623243
-0.628043
-0.632462
-0.636496
-0.640145
-0.643405
-0.646274
-0.64875
-0.650833
-0.652521
-0.653813
-0.654707
-0.655205
-0.655304
-0.655006
-0.65431
-0.653216
-0.651727
-0.649841
-0.647561
-0.644888
-0.641823
-0.638369
-0.634527
-0.6303
-0.62569
-0.620701
-0.615334
-0.609594
-0.603484
-0.597008
-0.590169
-0.582972
-0.575421
-0.56752
-0.559276
-0.550691
-0.541772
-0.532525
-0.522954
-0.513065
-0.502865
-0.49236
-0.481556
-0.470459
-0.459077
-0.447416
-0.435484
-0.423287
-0.410833
-0.39813
-0.385185
-0.372006
-0.358601
-0.344979
-0.331147
-0.317115
-0.302889
-0.28848
-0.273896
-0.259145
-0.244237
-0.229181
-0.213986
-0.19866
-0.183214
-0.167657
-0.151998
-0.136247
-0.120413
-0.104506
-0.088536
-0.0725118
-0.0564436
-0.0403411
-0.0242141
-0.00807247
0.0080741
0.0242158
0.0403427
0.0564452
0.0725134
0.0885376
0.104508
0.120415
0.136249
0.152
0.167659
0.183216
0.198662
0.213987
0.229183
0.244239
0.259147
0.273897
0.288482
0.302891
0.317116
0.331149
0.344981
0.358603
0.372008
0.385186
0.398131
0.410835
0.423288
0.435485
0.447418
0.459079
0.470461
0.481557
0.492361
0.502867
0.513067
0.522955
0.532526
0.541774
0.550692
0.559277
0.567522
0.575422
0.582973
0.59017
0.597009
0.603486
0.609596
0.615336
0.620702
0.625692
0.630301
0.634528
0.63837
0.641825
0.644889
0.647562
0.649842
0.651728
0.653218
0.654311
0.655007
0.655305
0.655206
0.654708
0.653814
0.652522
0.650834
0.648751
0.646275
0.643406
0.640146
0.636497
0.632463
0.628044
0.623244
0.618066
0.612512
0.606587
0.600293
0.593635
0.586616
0.579241
0.571515
0.563442
0.555027
0.546274
0.53719
0.52778
0.51805
0.508005
0.497651
0.486996
0.476045
0.464804
0.453282
0.441485
0.429419
0.417093
0.404513
0.391688
0.378625
0.365333
0.351818
0.33809
0.324157
0.310026
0.295708
0.28121
0.266542
0.251711
0.236728
0.221601
0.20634
0.190953
0.17545
0.159841
0.144135
0.128341
0.112469
0.0965294
0.0805308
0.0644834
0.0483968
0.0322809
0.0161453
0
0
-0.0156819
-0.0313543
-0.0470076
-0.0626324
-0.0782191
-0.0937584
-0.109241
-0.124657
-0.139997
-0.155253
-0.170414
-0.185471
-0.200416
-0.21524
-0.229933
-0.244486
-0.25889
-0.273138
-0.28722
-0.301127
-0.314851
-0.328385
-0.341719
-0.354845
-0.367757
-0.380444
-0.392901
-0.40512
-0.417092
-0.428811
-0.44027
-0.451462
-0.462379
-0.473016
-0.483366
-0.493422
-0.503179
-0.51263
-0.52177
-0.530593
-0.539094
-0.547268
-0.555109
-0.562614
-0.569777
-0.576594
-0.583061
-0.589174
-0.594929
-0.600323
-0.605353
-0.610015
-0.614307
-0.618226
-0.62177
-0.624936
-0.627723
-0.630128
-0.632151
-0.633791
-0.635045
-0.635914
-0.636397
-0.636494
-0.636204
-0.635528
-0.634466
-0.633019
-0.631188
-0.628973
-0.626377
-0.6234
-0.620045
-0.616313
-0.612208
-0.60773
-0.602884
-0.597671
-0.592096
-0.586162
-0.579871
-0.573229
-0.566238
-0.558904
-0.55123
-0.543222
-0.534884
-0.526221
-0.517239
-0.507942
-0.498338
-0.488431
-0.478227
-0.467733
-0.456955
-0.445899
-0.434573
-0.422983
-0.411137
-0.39904
-0.386702
-0.374128
-0.361328
-0.348308
-0.335077
-0.321642
-0.308012
-0.294195
-0.280199
-0.266034
-0.251706
-0.237226
-0.222602
-0.207843
-0.192958
-0.177955
-0.162845
-0.147635
-0.132336
-0.116957
-0.101507
-0.0859946
-0.0704304
-0.0548234
-0.0391831
-0.0235191
-0.00784075
0.00784233
0.0235207
0.0391847
0.054825
0.0704319
0.0859961
0.101508
0.116959
0.132338
0.147637
0.162846
0.177957
0.192959
0.207845
0.222604
0.237228
0.251708
0.266035
0.280201
0.294197
0.308014
0.321643
0.335078
0.34831
0.361329
0.37413
0.386703
0.399042
0.411138
0.422985
0.434575
0.445901
0.456956
0.467734
0.478228
0.488432
0.498339
0.507944
0.51724
0.526222
0.534885
0.543223
0.551231
0.558905
0.566239
0.57323
0.579872
0.586163
0.592098
0.597673
0.602885
0.607731
0.612209
0.616315
0.620046
0.623401
0.626378
0.628974
0.631189
0.63302
0.634467
0.635529
0.636205
0.636495
0.636398
0.635915
0.635046
0.633792
0.632152
0.630129
0.627724
0.624937
0.621771
0.618227
0.614308
0.610016
0.605354
0.600324
0.59493
0.589175
0.583062
0.576595
0.569778
0.562615
0.55511
0.547269
0.539095
0.530594
0.52177
0.51263
0.503179
0.493423
0.483366
0.473017
0.46238
0.451462
0.440271
0.428812
0.417093
0.40512
0.392902
0.380445
0.367757
0.354846
0.341719
0.328385
0.314852
0.301127
0.28722
0.273138
0.258891
0.244486
0.229933
0.21524
0.200417
0.185472
0.170414
0.155253
0.139997
0.124657
0.109241
0.0937585
0.0782192
0.0626324
0.0470076
0.0313543
0.0156819
0
0
-0.0152089
-0.0304086
-0.0455898
-0.0607434
-0.0758601
-0.0909307
-0.105946
-0.120897
-0.135775
-0.15057
-0.165274
-0.179878
-0.194372
-0.208748
-0.222998
-0.237112
-0.251082
-0.2649
-0.278557
-0.292045
-0.305356
-0.318481
-0.331413
-0.344143
-0.356665
-0.36897
-0.381051
-0.392901
-0.404513
-0.415878
-0.426992
-0.437846
-0.448434
-0.45875
-0.468788
-0.47854
-0.488003
-0.497169
-0.506033
-0.51459
-0.522835
-0.530762
-0.538367
-0.545645
-0.552592
-0.559204
-0.565476
-0.571404
-0.576986
-0.582218
-0.587096
-0.591617
-0.59578
-0.59958
-0.603017
-0.606088
-0.608791
-0.611124
-0.613086
-0.614676
-0.615892
-0.616735
-0.617204
-0.617297
-0.617016
-0.61636
-0.615331
-0.613927
-0.612151
-0.610003
-0.607485
-0.604598
-0.601344
-0.597725
-0.593743
-0.589401
-0.584701
-0.579646
-0.574239
-0.568483
-0.562382
-0.55594
-0.54916
-0.542047
-0.534605
-0.526838
-0.518752
-0.51035
-0.501639
-0.492623
-0.483308
-0.4737
-0.463804
-0.453626
-0.443173
-0.432451
-0.421467
-0.410226
-0.398737
-0.387005
-0.375039
-0.362845
-0.35043
-0.337803
-0.324971
-0.311941
-0.298722
-0.285322
-0.271749
-0.25801
-0.244115
-0.230072
-0.215889
-0.201575
-0.187138
-0.172588
-0.157933
-0.143183
-0.128345
-0.11343
-0.0984452
-0.083401
-0.0683062
-0.0531699
-0.0380014
-0.0228097
-0.00760428
0.0076058
0.0228113
0.0380029
0.0531714
0.0683077
0.0834025
0.0984467
0.113431
0.128347
0.143184
0.157935
0.17259
0.18714
0.201576
0.21589
0.230073
0.244117
0.258012
0.27175
0.285324
0.298724
0.311943
0.324972
0.337805
0.350432
0.362846
0.37504
0.387007
0.398738
0.410228
0.421468
0.432453
0.443175
0.453627
0.463805
0.473701
0.483309
0.492624
0.50164
0.510351
0.518753
0.52684
0.534606
0.542049
0.549162
0.555941
0.562384
0.568484
0.57424
0.579647
0.584702
0.589402
0.593745
0.597727
0.601346
0.604599
0.607486
0.610004
0.612152
0.613928
0.615332
0.616362
0.617017
0.617298
0.617205
0.616736
0.615893
0.614677
0.613087
0.611125
0.608792
0.606089
0.603018
0.599581
0.595781
0.591618
0.587097
0.582219
0.576987
0.571405
0.565477
0.559205
0.552593
0.545646
0.538368
0.530763
0.522836
0.514591
0.506034
0.49717
0.488003
0.478541
0.468788
0.458751
0.448435
0.437846
0.426992
0.415879
0.404513
0.392902
0.381052
0.368971
0.356665
0.344144
0.331413
0.318481
0.305356
0.292045
0.278557
0.2649
0.251083
0.237112
0.222998
0.208748
0.194372
0.179878
0.165274
0.15057
0.135775
0.120897
0.105946
0.0909308
0.0758602
0.0607435
0.0455899
0.0304086
0.0152089
0
0
-0.0147267
-0.0294445
-0.0441444
-0.0588175
-0.0734549
-0.0880477
-0.102587
-0.117064
-0.13147
-0.145796
-0.160034
-0.174175
-0.188209
-0.20213
-0.215928
-0.229594
-0.243122
-0.256501
-0.269725
-0.282786
-0.295674
-0.308383
-0.320905
-0.333232
-0.345357
-0.357272
-0.36897
-0.380444
-0.391688
-0.402693
-0.413454
-0.423964
-0.434216
-0.444205
-0.453925
-0.463368
-0.472531
-0.481406
-0.489989
-0.498275
-0.506258
-0.513934
-0.521298
-0.528346
-0.535072
-0.541474
-0.547547
-0.553288
-0.558693
-0.563759
-0.568482
-0.57286
-0.576891
-0.580571
-0.583899
-0.586872
-0.589489
-0.591748
-0.593648
-0.595187
-0.596365
-0.597182
-0.597635
-0.597726
-0.597454
-0.596819
-0.595822
-0.594463
-0.592743
-0.590663
-0.588225
-0.58543
-0.582279
-0.578775
-0.574919
-0.570714
-0.566163
-0.561268
-0.556033
-0.550459
-0.544552
-0.538314
-0.531749
-0.524862
-0.517655
-0.510135
-0.502305
-0.49417
-0.485734
-0.477004
-0.467985
-0.458681
-0.449099
-0.439244
-0.429122
-0.41874
-0.408104
-0.39722
-0.386095
-0.374735
-0.363148
-0.351341
-0.33932
-0.327093
-0.314668
-0.302051
-0.289251
-0.276276
-0.263133
-0.24983
-0.236375
-0.222777
-0.209044
-0.195184
-0.181205
-0.167116
-0.152926
-0.138643
-0.124276
-0.109833
-0.095324
-0.0807568
-0.0661405
-0.0514842
-0.0367965
-0.0220866
-0.00736319
0.00736466
0.022088
0.036798
0.0514856
0.066142
0.0807582
0.0953254
0.109835
0.124277
0.138645
0.152928
0.167118
0.181207
0.195185
0.209045
0.222779
0.236377
0.249831
0.263134
0.276277
0.289253
0.302053
0.314669
0.327094
0.339321
0.351342
0.36315
0.374737
0.386096
0.397221
0.408105
0.418742
0.429124
0.439245
0.4491
0.458682
0.467986
0.477006
0.485736
0.494171
0.502306
0.510136
0.517657
0.524863
0.53175
0.538315
0.544553
0.550461
0.556034
0.561269
0.566164
0.570715
0.57492
0.578776
0.58228
0.585431
0.588226
0.590664
0.592744
0.594464
0.595823
0.59682
0.597455
0.597727
0.597636
0.597183
0.596367
0.595188
0.593649
0.591749
0.58949
0.586873
0.5839
0.580572
0.576891
0.572861
0.568483
0.563759
0.558694
0.553289
0.547548
0.541475
0.535073
0.528347
0.521299
0.513935
0.506259
0.498276
0.48999
0.481407
0.472531
0.463369
0.453925
0.444206
0.434217
0.423964
0.413455
0.402694
0.391688
0.380445
0.368971
0.357273
0.345357
0.333233
0.320906
0.308384
0.295675
0.282786
0.269726
0.256502
0.243122
0.229595
0.215928
0.20213
0.18821
0.174175
0.160034
0.145797
0.13147
0.117064
0.102587
0.0880478
0.073455
0.0588176
0.0441445
0.0294445
0.0147267
0
0
-0.0142356
-0.0284625
-0.0426722
-0.0568559
-0.0710052
-0.0851113
-0.0991658
-0.11316
-0.127086
-0.140934
-0.154697
-0.168366
-0.181933
-0.195389
-0.208726
-0.221937
-0.235014
-0.247947
-0.26073
-0.273355
-0.285813
-0.298099
-0.310203
-0.322119
-0.333839
-0.345357
-0.356665
-0.367757
-0.378625
-0.389263
-0.399665
-0.409825
-0.419735
-0.429391
-0.438786
-0.447915
-0.456772
-0.465351
-0.473648
-0.481658
-0.489375
-0.496795
-0.503913
-0.510725
-0.517228
-0.523416
-0.529287
-0.534836
-0.54006
-0.544957
-0.549523
-0.553755
-0.557651
-0.561209
-0.564426
-0.5673
-0.569829
-0.572013
-0.57385
-0.575338
-0.576477
-0.577265
-0.577704
-0.577792
-0.577529
-0.576915
-0.575951
-0.574637
-0.572975
-0.570965
-0.568608
-0.565905
-0.56286
-0.559472
-0.555745
-0.551681
-0.547281
-0.54255
-0.537489
-0.532101
-0.526391
-0.520361
-0.514015
-0.507357
-0.500392
-0.493122
-0.485553
-0.477689
-0.469535
-0.461096
-0.452377
-0.443384
-0.434121
-0.424595
-0.414811
-0.404775
-0.394494
-0.383973
-0.373219
-0.362238
-0.351037
-0.339623
-0.328004
-0.316184
-0.304173
-0.291978
-0.279605
-0.267062
-0.254357
-0.241498
-0.228492
-0.215348
-0.202072
-0.188674
-0.175162
-0.161543
-0.147826
-0.134019
-0.120131
-0.10617
-0.0921449
-0.0780635
-0.0639348
-0.0497672
-0.0355694
-0.02135
-0.00711763
0.00711904
0.0213514
0.0355708
0.0497686
0.0639362
0.0780649
0.0921463
0.106172
0.120133
0.134021
0.147827
0.161544
0.175163
0.188676
0.202074
0.215349
0.228494
0.241499
0.254359
0.267064
0.279606
0.291979
0.304175
0.316186
0.328005
0.339625
0.351039
0.362239
0.37322
0.383974
0.394495
0.404777
0.414812
0.424596
0.434123
0.443385
0.452379
0.461097
0.469536
0.47769
0.485554
0.493123
0.500393
0.507359
0.514017
0.520362
0.526392
0.532103
0.53749
0.542551
0.547283
0.551682
0.555746
0.559473
0.562861
0.565907
0.568609
0.570966
0.572976
0.574638
0.575952
0.576916
0.57753
0.577793
0.577705
0.577266
0.576478
0.575339
0.573851
0.572014
0.56983
0.567301
0.564426
0.56121
0.557652
0.553756
0.549524
0.544958
0.540061
0.534837
0.529287
0.523417
0.517228
0.510726
0.503914
0.496795
0.489375
0.481658
0.473649
0.465352
0.456772
0.447916
0.438787
0.429392
0.419736
0.409825
0.399666
0.389264
0.378625
0.367757
0.356665
0.345357
0.33384
0.322119
0.310203
0.298099
0.285814
0.273355
0.26073
0.247947
0.235014
0.221938
0.208727
0.195389
0.181933
0.168366
0.154697
0.140934
0.127086
0.11316
0.0991659
0.0851114
0.0710053
0.056856
0.0426722
0.0284626
0.0142356
0
0
-0.0137358
-0.0274633
-0.0411741
-0.0548599
-0.0685123
-0.0821232
-0.0956843
-0.109187
-0.122624
-0.135986
-0.149266
-0.162455
-0.175545
-0.188529
-0.201398
-0.214146
-0.226763
-0.239242
-0.251576
-0.263758
-0.275779
-0.287633
-0.299312
-0.31081
-0.322119
-0.333232
-0.344143
-0.354845
-0.365332
-0.375597
-0.385634
-0.395437
-0.404999
-0.414316
-0.423381
-0.43219
-0.440735
-0.449014
-0.457019
-0.464748
-0.472194
-0.479353
-0.486222
-0.492795
-0.499069
-0.50504
-0.510705
-0.516059
-0.5211
-0.525825
-0.53023
-0.534314
-0.538073
-0.541506
-0.54461
-0.547383
-0.549824
-0.551931
-0.553703
-0.555139
-0.556238
-0.556999
-0.557422
-0.557507
-0.557253
-0.556661
-0.55573
-0.554463
-0.552859
-0.550919
-0.548645
-0.546038
-0.543099
-0.53983
-0.536234
-0.532312
-0.528068
-0.523502
-0.518619
-0.513421
-0.507911
-0.502092
-0.495969
-0.489545
-0.482824
-0.475809
-0.468506
-0.460918
-0.453051
-0.444908
-0.436495
-0.427818
-0.41888
-0.409688
-0.400248
-0.390564
-0.380644
-0.370492
-0.360116
-0.34952
-0.338713
-0.3277
-0.316488
-0.305084
-0.293495
-0.281727
-0.269788
-0.257686
-0.245427
-0.23302
-0.22047
-0.207787
-0.194978
-0.18205
-0.169012
-0.155872
-0.142636
-0.129314
-0.115914
-0.102443
-0.0889099
-0.0753229
-0.0616901
-0.04802
-0.0343206
-0.0206004
-0.00686775
0.00686911
0.0206018
0.034322
0.0480213
0.0616915
0.0753242
0.0889112
0.102444
0.115915
0.129316
0.142638
0.155873
0.169014
0.182052
0.194979
0.207789
0.220472
0.233021
0.245429
0.257687
0.26979
0.281728
0.293496
0.305085
0.316489
0.327701
0.338714
0.349522
0.360117
0.370494
0.380645
0.390566
0.400249
0.40969
0.418881
0.427819
0.436497
0.444909
0.453052
0.460919
0.468507
0.475811
0.482825
0.489546
0.495971
0.502094
0.507912
0.513422
0.51862
0.523503
0.528069
0.532314
0.536235
0.539832
0.5431
0.546039
0.548646
0.55092
0.55286
0.554464
0.555731
0.556662
0.557254
0.557508
0.557423
0.557
0.556239
0.55514
0.553704
0.551932
0.549825
0.547384
0.544611
0.541507
0.538074
0.534315
0.530231
0.525826
0.521101
0.51606
0.510705
0.505041
0.49907
0.492796
0.486222
0.479354
0.472194
0.464748
0.45702
0.449014
0.440736
0.43219
0.423382
0.414317
0.405
0.395437
0.385634
0.375597
0.365333
0.354846
0.344144
0.333233
0.322119
0.31081
0.299313
0.287633
0.27578
0.263758
0.251577
0.239242
0.226763
0.214146
0.201399
0.188529
0.175545
0.162455
0.149266
0.135986
0.122624
0.109187
0.0956844
0.0821233
0.0685124
0.0548599
0.0411741
0.0274633
0.0137358
0
0
-0.0132277
-0.0264473
-0.0396509
-0.0528305
-0.0659779
-0.0790853
-0.0921447
-0.105148
-0.118088
-0.130956
-0.143744
-0.156445
-0.169051
-0.181555
-0.193948
-0.206224
-0.218374
-0.230392
-0.24227
-0.254001
-0.265577
-0.276993
-0.28824
-0.299312
-0.310203
-0.320905
-0.331413
-0.341719
-0.351818
-0.361703
-0.371368
-0.380808
-0.390017
-0.39899
-0.407719
-0.416202
-0.424432
-0.432404
-0.440113
-0.447556
-0.454726
-0.461621
-0.468235
-0.474565
-0.480607
-0.486357
-0.491812
-0.496969
-0.501823
-0.506373
-0.510616
-0.514549
-0.518169
-0.521474
-0.524463
-0.527134
-0.529485
-0.531514
-0.53322
-0.534603
-0.535661
-0.536394
-0.536802
-0.536883
-0.536639
-0.536068
-0.535173
-0.533952
-0.532407
-0.530539
-0.528349
-0.525838
-0.523008
-0.519861
-0.516398
-0.512621
-0.508533
-0.504136
-0.499434
-0.494428
-0.489122
-0.483519
-0.477622
-0.471436
-0.464963
-0.458208
-0.451175
-0.443868
-0.436291
-0.42845
-0.420348
-0.411992
-0.403385
-0.394533
-0.385442
-0.376117
-0.366563
-0.356787
-0.346794
-0.336591
-0.326183
-0.315578
-0.30478
-0.293798
-0.282638
-0.271305
-0.259808
-0.248154
-0.236348
-0.2244
-0.212315
-0.200101
-0.187765
-0.175316
-0.16276
-0.150106
-0.13736
-0.124531
-0.111626
-0.0986533
-0.0856209
-0.0725365
-0.0594081
-0.0462436
-0.033051
-0.0198384
-0.0066137
0.006615
0.0198397
0.0330523
0.0462449
0.0594094
0.0725378
0.0856222
0.0986546
0.111627
0.124532
0.137361
0.150107
0.162761
0.175317
0.187767
0.200102
0.212316
0.224401
0.23635
0.248155
0.25981
0.271307
0.282639
0.293799
0.304782
0.315579
0.326184
0.336592
0.346795
0.356788
0.366564
0.376118
0.385443
0.394534
0.403386
0.411993
0.42035
0.428451
0.436292
0.443869
0.451176
0.458209
0.464964
0.471437
0.477623
0.48352
0.489123
0.494429
0.499435
0.504138
0.508534
0.512622
0.516399
0.519862
0.523009
0.525839
0.52835
0.53054
0.532408
0.533953
0.535174
0.536069
0.53664
0.536884
0.536803
0.536395
0.535662
0.534604
0.533221
0.531515
0.529485
0.527135
0.524464
0.521475
0.518169
0.514549
0.510617
0.506374
0.501824
0.496969
0.491813
0.486358
0.480608
0.474566
0.468236
0.461621
0.454727
0.447556
0.440114
0.432404
0.424432
0.416202
0.40772
0.39899
0.390018
0.380809
0.371369
0.361703
0.351818
0.341719
0.331413
0.320906
0.310203
0.299313
0.288241
0.276993
0.265578
0.254001
0.24227
0.230392
0.218375
0.206224
0.193949
0.181555
0.169052
0.156445
0.143744
0.130956
0.118088
0.105148
0.0921448
0.0790854
0.065978
0.0528305
0.039651
0.0264474
0.0132277
0
0
-0.0127115
-0.0254154
-0.0381037
-0.050769
-0.0634034
-0.0759994
-0.0885492
-0.101045
-0.11348
-0.125846
-0.138135
-0.150341
-0.162455
-0.174471
-0.18638
-0.198177
-0.209853
-0.221402
-0.232816
-0.24409
-0.255215
-0.266185
-0.276993
-0.287633
-0.298099
-0.308383
-0.318481
-0.328385
-0.33809
-0.347589
-0.356877
-0.365949
-0.374799
-0.383421
-0.39181
-0.399962
-0.40787
-0.415531
-0.42294
-0.430092
-0.436983
-0.443608
-0.449964
-0.456048
-0.461854
-0.46738
-0.472622
-0.477577
-0.482242
-0.486614
-0.490691
-0.494471
-0.49795
-0.501126
-0.503999
-0.506565
-0.508824
-0.510774
-0.512414
-0.513743
-0.51476
-0.515464
-0.515855
-0.515934
-0.515699
-0.515151
-0.51429
-0.513117
-0.511633
-0.509838
-0.507733
-0.50532
-0.5026
-0.499576
-0.496248
-0.492618
-0.48869
-0.484465
-0.479946
-0.475135
-0.470036
-0.464652
-0.458985
-0.45304
-0.44682
-0.440329
-0.43357
-0.426548
-0.419267
-0.411732
-0.403946
-0.395916
-0.387645
-0.379138
-0.370402
-0.36144
-0.35226
-0.342865
-0.333262
-0.323457
-0.313455
-0.303264
-0.292888
-0.282334
-0.271609
-0.260719
-0.249671
-0.238471
-0.227126
-0.215643
-0.20403
-0.192293
-0.180439
-0.168475
-0.156409
-0.144248
-0.132
-0.119671
-0.10727
-0.0948038
-0.0822799
-0.0697061
-0.05709
-0.0444391
-0.0317614
-0.0190643
-0.00635563
0.00635688
0.0190655
0.0317626
0.0444404
0.0570912
0.0697074
0.0822812
0.0948051
0.107271
0.119673
0.132001
0.14425
0.15641
0.168476
0.18044
0.192294
0.204031
0.215645
0.227127
0.238472
0.249672
0.26072
0.27161
0.282335
0.292889
0.303265
0.313457
0.323458
0.333263
0.342866
0.352261
0.361442
0.370403
0.379139
0.387646
0.395917
0.403947
0.411733
0.419268
0.426549
0.433571
0.44033
0.446821
0.453041
0.458986
0.464653
0.470037
0.475136
0.479947
0.484466
0.488691
0.492619
0.496249
0.499577
0.502601
0.505321
0.507734
0.509838
0.511634
0.513118
0.514291
0.515152
0.5157
0.515935
0.515856
0.515465
0.51476
0.513743
0.512415
0.510775
0.508825
0.506566
0.503999
0.501127
0.49795
0.494471
0.490692
0.486615
0.482243
0.477577
0.472622
0.46738
0.461854
0.456048
0.449965
0.443609
0.436983
0.430092
0.42294
0.415532
0.407871
0.399962
0.391811
0.383421
0.374799
0.36595
0.356878
0.347589
0.33809
0.328385
0.318481
0.308384
0.298099
0.287633
0.276993
0.266185
0.255215
0.24409
0.232817
0.221402
0.209853
0.198177
0.186381
0.174471
0.162455
0.150341
0.138135
0.125846
0.11348
0.101045
0.0885493
0.0759995
0.0634035
0.0507691
0.0381038
0.0254154
0.0127116
0
0
-0.0121877
-0.0243679
-0.0365334
-0.0486767
-0.0607904
-0.0728673
-0.0848999
-0.0968809
-0.108803
-0.120659
-0.132442
-0.144145
-0.15576
-0.16728
-0.178699
-0.19001
-0.201205
-0.212278
-0.223222
-0.23403
-0.244697
-0.255215
-0.265577
-0.275779
-0.285813
-0.295674
-0.305356
-0.314851
-0.324156
-0.333264
-0.34217
-0.350868
-0.359353
-0.367619
-0.375663
-0.383478
-0.391061
-0.398406
-0.40551
-0.412367
-0.418974
-0.425326
-0.431421
-0.437253
-0.44282
-0.448118
-0.453144
-0.457895
-0.462368
-0.46656
-0.470469
-0.474092
-0.477428
-0.480474
-0.483228
-0.485688
-0.487854
-0.489724
-0.491296
-0.49257
-0.493545
-0.494221
-0.494596
-0.494671
-0.494446
-0.49392
-0.493095
-0.491971
-0.490547
-0.488826
-0.486808
-0.484495
-0.481887
-0.478987
-0.475796
-0.472317
-0.46855
-0.464499
-0.460166
-0.455554
-0.450665
-0.445503
-0.44007
-0.434369
-0.428406
-0.422182
-0.415702
-0.408969
-0.401988
-0.394763
-0.387299
-0.379599
-0.371669
-0.363513
-0.355137
-0.346545
-0.337742
-0.328735
-0.319528
-0.310127
-0.300537
-0.290766
-0.280817
-0.270698
-0.260415
-0.249974
-0.239381
-0.228643
-0.217766
-0.206756
-0.195622
-0.184368
-0.173002
-0.161532
-0.149963
-0.138304
-0.12656
-0.114739
-0.102849
-0.0908968
-0.078889
-0.0668334
-0.0547372
-0.0426077
-0.0304524
-0.0182786
-0.0060937
0.0060949
0.0182798
0.0304536
0.0426089
0.0547384
0.0668346
0.0788902
0.090898
0.102851
0.114741
0.126561
0.138305
0.149964
0.161533
0.173004
0.184369
0.195623
0.206758
0.217767
0.228644
0.239382
0.249975
0.260416
0.2707
0.280818
0.290767
0.300538
0.310128
0.319529
0.328736
0.337743
0.346546
0.355138
0.363514
0.37167
0.3796
0.3873
0.394764
0.401989
0.40897
0.415703
0.422183
0.428407
0.434371
0.440071
0.445504
0.450666
0.455555
0.460167
0.4645
0.468551
0.472317
0.475797
0.478988
0.481888
0.484496
0.486809
0.488827
0.490548
0.491971
0.493096
0.493921
0.494447
0.494672
0.494597
0.494221
0.493546
0.492571
0.491297
0.489725
0.487855
0.485689
0.483229
0.480475
0.477429
0.474093
0.47047
0.466561
0.462369
0.457896
0.453145
0.448119
0.44282
0.437254
0.431421
0.425327
0.418974
0.412367
0.40551
0.398407
0.391062
0.383479
0.375663
0.36762
0.359353
0.350868
0.34217
0.333265
0.324157
0.314852
0.305356
0.295675
0.285814
0.27578
0.265578
0.255215
0.244697
0.23403
0.223222
0.212278
0.201205
0.19001
0.178699
0.167281
0.15576
0.144145
0.132442
0.12066
0.108803
0.0968811
0.0849
0.0728674
0.0607905
0.0486768
0.0365335
0.024368
0.0121877
0
0
-0.0116564
-0.0233057
-0.0349409
-0.0465549
-0.0581406
-0.069691
-0.0811991
-0.0926579
-0.10406
-0.1154
-0.126669
-0.137862
-0.14897
-0.159988
-0.17091
-0.181727
-0.192434
-0.203024
-0.213491
-0.223829
-0.23403
-0.24409
-0.254001
-0.263758
-0.273355
-0.282786
-0.292045
-0.301127
-0.310026
-0.318737
-0.327254
-0.335573
-0.343688
-0.351595
-0.359288
-0.366762
-0.374014
-0.38104
-0.387833
-0.394392
-0.40071
-0.406786
-0.412615
-0.418193
-0.423517
-0.428584
-0.433391
-0.437935
-0.442213
-0.446223
-0.449961
-0.453427
-0.456617
-0.45953
-0.462164
-0.464517
-0.466588
-0.468377
-0.46988
-0.471099
-0.472031
-0.472677
-0.473036
-0.473108
-0.472893
-0.47239
-0.471601
-0.470525
-0.469164
-0.467518
-0.465588
-0.463375
-0.460882
-0.458108
-0.455056
-0.451728
-0.448126
-0.444251
-0.440107
-0.435696
-0.43102
-0.426083
-0.420887
-0.415435
-0.409731
-0.403779
-0.397581
-0.391142
-0.384465
-0.377555
-0.370416
-0.363052
-0.355468
-0.347667
-0.339656
-0.331439
-0.32302
-0.314405
-0.305599
-0.296608
-0.287437
-0.278091
-0.268576
-0.258899
-0.249064
-0.239078
-0.228946
-0.218676
-0.208273
-0.197744
-0.187094
-0.176331
-0.165461
-0.154491
-0.143426
-0.132275
-0.121043
-0.109738
-0.0983661
-0.0869345
-0.0754502
-0.0639201
-0.0523512
-0.0407504
-0.029125
-0.0174818
-0.00582808
0.00582922
0.017483
0.0291261
0.0407516
0.0523523
0.0639212
0.0754514
0.0869357
0.0983672
0.109739
0.121044
0.132276
0.143427
0.154492
0.165462
0.176332
0.187095
0.197745
0.208274
0.218677
0.228948
0.239079
0.249065
0.2589
0.268577
0.278092
0.287438
0.296609
0.3056
0.314406
0.323021
0.33144
0.339657
0.347669
0.355469
0.363053
0.370417
0.377556
0.384466
0.391143
0.397582
0.40378
0.409732
0.415436
0.420888
0.426084
0.431021
0.435697
0.440108
0.444252
0.448127
0.451729
0.455057
0.458109
0.460882
0.463376
0.465589
0.467519
0.469165
0.470526
0.471602
0.472391
0.472894
0.473109
0.473037
0.472678
0.472032
0.4711
0.469881
0.468377
0.466589
0.464518
0.462164
0.45953
0.456617
0.453427
0.449962
0.446223
0.442214
0.437936
0.433392
0.428585
0.423518
0.418193
0.412615
0.406787
0.400711
0.394392
0.387834
0.38104
0.374015
0.366763
0.359288
0.351595
0.343689
0.335574
0.327255
0.318737
0.310026
0.301127
0.292045
0.282786
0.273355
0.263758
0.254001
0.24409
0.23403
0.223829
0.213492
0.203025
0.192434
0.181727
0.17091
0.159989
0.14897
0.137862
0.126669
0.1154
0.104061
0.092658
0.0811992
0.0696911
0.0581406
0.0465549
0.0349409
0.0233058
0.0116564
0
0
-0.0111181
-0.0222294
-0.0333272
-0.0444048
-0.0554554
-0.0664723
-0.0774489
-0.0883785
-0.0992544
-0.11007
-0.120819
-0.131494
-0.14209
-0.1526
-0.163016
-0.173334
-0.183547
-0.193648
-0.203631
-0.213491
-0.223222
-0.232816
-0.24227
-0.251576
-0.26073
-0.269725
-0.278557
-0.28722
-0.295708
-0.304016
-0.31214
-0.320075
-0.327815
-0.335356
-0.342694
-0.349824
-0.356741
-0.363441
-0.369921
-0.376177
-0.382204
-0.387999
-0.393558
-0.398879
-0.403957
-0.40879
-0.413375
-0.417709
-0.42179
-0.425614
-0.42918
-0.432485
-0.435528
-0.438307
-0.440819
-0.443064
-0.445039
-0.446745
-0.448179
-0.449341
-0.450231
-0.450847
-0.451189
-0.451258
-0.451052
-0.450573
-0.44982
-0.448794
-0.447496
-0.445926
-0.444085
-0.441975
-0.439596
-0.43695
-0.43404
-0.430865
-0.427429
-0.423734
-0.419781
-0.415574
-0.411114
-0.406405
-0.401448
-0.396249
-0.390808
-0.38513
-0.379219
-0.373077
-0.366709
-0.360118
-0.353309
-0.346285
-0.339051
-0.331611
-0.323969
-0.316131
-0.308101
-0.299884
-0.291485
-0.282909
-0.274162
-0.265248
-0.256172
-0.246942
-0.237561
-0.228036
-0.218373
-0.208577
-0.198654
-0.188611
-0.178454
-0.168188
-0.157819
-0.147356
-0.136802
-0.126166
-0.115453
-0.10467
-0.0938231
-0.0829195
-0.0719656
-0.060968
-0.0499334
-0.0388684
-0.0277799
-0.0166744
-0.00555891
0.00556
0.0166755
0.0277809
0.0388695
0.0499344
0.0609691
0.0719667
0.0829206
0.0938242
0.104671
0.115454
0.126167
0.136803
0.147357
0.157821
0.168189
0.178455
0.188612
0.198655
0.208578
0.218374
0.228037
0.237562
0.246943
0.256173
0.265249
0.274163
0.28291
0.291486
0.299885
0.308102
0.316132
0.32397
0.331612
0.339052
0.346286
0.35331
0.360119
0.36671
0.373078
0.37922
0.385131
0.390809
0.396249
0.401449
0.406405
0.411115
0.415575
0.419782
0.423735
0.42743
0.430866
0.43404
0.436951
0.439597
0.441976
0.444086
0.445927
0.447497
0.448795
0.449821
0.450574
0.451053
0.451259
0.45119
0.450848
0.450232
0.449342
0.44818
0.446746
0.44504
0.443064
0.44082
0.438307
0.435529
0.432486
0.429181
0.425615
0.42179
0.41771
0.413376
0.408791
0.403958
0.398879
0.393559
0.387999
0.382204
0.376177
0.369922
0.363442
0.356741
0.349824
0.342695
0.335357
0.327816
0.320075
0.312141
0.304017
0.295708
0.28722
0.278557
0.269726
0.26073
0.251577
0.24227
0.232817
0.223222
0.213492
0.203632
0.193648
0.183547
0.173334
0.163017
0.1526
0.14209
0.131495
0.120819
0.11007
0.0992546
0.0883786
0.077449
0.0664724
0.0554554
0.0444048
0.0333272
0.0222294
0.0111181
0
0
-0.010573
-0.0211395
-0.0316932
-0.0422277
-0.0527365
-0.0632134
-0.0736518
-0.0840455
-0.0943882
-0.104674
-0.114895
-0.125048
-0.135124
-0.145118
-0.155024
-0.164836
-0.174548
-0.184154
-0.193648
-0.203024
-0.212278
-0.221402
-0.230392
-0.239242
-0.247947
-0.256501
-0.2649
-0.273138
-0.28121
-0.289111
-0.296837
-0.304382
-0.311743
-0.318915
-0.325893
-0.332673
-0.339251
-0.345623
-0.351785
-0.357734
-0.363465
-0.368976
-0.374263
-0.379323
-0.384152
-0.388748
-0.393109
-0.39723
-0.40111
-0.404747
-0.408138
-0.411282
-0.414175
-0.416817
-0.419207
-0.421341
-0.42322
-0.424842
-0.426206
-0.427311
-0.428157
-0.428743
-0.429069
-0.429134
-0.428938
-0.428483
-0.427767
-0.426791
-0.425556
-0.424063
-0.422313
-0.420306
-0.418044
-0.415528
-0.41276
-0.409741
-0.406473
-0.402959
-0.3992
-0.395199
-0.390958
-0.386479
-0.381766
-0.376821
-0.371648
-0.366248
-0.360627
-0.354786
-0.34873
-0.342463
-0.335987
-0.329307
-0.322428
-0.315353
-0.308086
-0.300632
-0.292996
-0.285182
-0.277195
-0.269039
-0.26072
-0.252243
-0.243613
-0.234835
-0.225914
-0.216856
-0.207666
-0.198351
-0.188915
-0.179364
-0.169704
-0.159942
-0.150082
-0.140131
-0.130095
-0.11998
-0.109792
-0.099538
-0.0892232
-0.0788542
-0.0684373
-0.0579789
-0.0474852
-0.0369628
-0.0264179
-0.0158569
-0.00528637
0.0052874
0.015858
0.0264189
0.0369638
0.0474863
0.0579799
0.0684383
0.0788552
0.0892242
0.0995391
0.109793
0.119981
0.130096
0.140132
0.150083
0.159943
0.169705
0.179365
0.188916
0.198352
0.207667
0.216857
0.225915
0.234836
0.243614
0.252244
0.260721
0.26904
0.277196
0.285183
0.292997
0.300633
0.308087
0.315354
0.322429
0.329308
0.335988
0.342463
0.348731
0.354787
0.360628
0.366249
0.371649
0.376822
0.381767
0.38648
0.390959
0.3952
0.399201
0.40296
0.406474
0.409742
0.41276
0.415529
0.418045
0.420307
0.422313
0.424064
0.425557
0.426792
0.427767
0.428483
0.428939
0.429135
0.429069
0.428744
0.428158
0.427312
0.426207
0.424843
0.423221
0.421342
0.419207
0.416818
0.414176
0.411282
0.408139
0.404748
0.401111
0.397231
0.393109
0.388749
0.384153
0.379323
0.374264
0.368977
0.363466
0.357734
0.351786
0.345623
0.339251
0.332673
0.325893
0.318915
0.311744
0.304383
0.296837
0.289111
0.28121
0.273138
0.2649
0.256502
0.247947
0.239242
0.230392
0.221402
0.212278
0.203025
0.193648
0.184154
0.174548
0.164836
0.155024
0.145118
0.135124
0.125048
0.114896
0.104674
0.0943883
0.0840456
0.0736519
0.0632134
0.0527366
0.0422277
0.0316933
0.0211395
0.010573
0
0
-0.0100215
-0.0200368
-0.03004
-0.040025
-0.0499857
-0.059916
-0.0698099
-0.0796615
-0.0894647
-0.0992136
-0.108902
-0.118525
-0.128075
-0.137548
-0.146938
-0.156238
-0.165443
-0.174548
-0.183547
-0.192434
-0.201205
-0.209853
-0.218374
-0.226763
-0.235014
-0.243122
-0.251082
-0.25889
-0.266541
-0.27403
-0.281353
-0.288505
-0.295482
-0.302279
-0.308893
-0.31532
-0.321555
-0.327594
-0.333435
-0.339074
-0.344506
-0.34973
-0.354741
-0.359536
-0.364114
-0.36847
-0.372603
-0.37651
-0.380187
-0.383635
-0.386849
-0.389828
-0.392571
-0.395075
-0.39734
-0.399363
-0.401144
-0.402681
-0.403974
-0.405022
-0.405823
-0.406379
-0.406687
-0.406749
-0.406564
-0.406132
-0.405453
-0.404529
-0.403358
-0.401943
-0.400284
-0.398382
-0.396238
-0.393853
-0.391229
-0.388368
-0.385271
-0.38194
-0.378377
-0.374585
-0.370565
-0.36632
-0.361852
-0.357165
-0.352262
-0.347144
-0.341816
-0.33628
-0.33054
-0.324599
-0.318461
-0.31213
-0.305609
-0.298903
-0.292015
-0.28495
-0.277713
-0.270306
-0.262735
-0.255005
-0.24712
-0.239085
-0.230905
-0.222585
-0.21413
-0.205544
-0.196834
-0.188004
-0.17906
-0.170008
-0.160852
-0.151599
-0.142253
-0.132822
-0.123309
-0.113722
-0.104065
-0.0943459
-0.0845691
-0.074741
-0.0648674
-0.0549546
-0.0450083
-0.0350347
-0.0250399
-0.0150298
-0.00501063
0.0050116
0.0150308
0.0250408
0.0350357
0.0450093
0.0549555
0.0648684
0.0747419
0.0845701
0.0943469
0.104066
0.113723
0.12331
0.132822
0.142254
0.1516
0.160853
0.170009
0.179061
0.188005
0.196835
0.205545
0.214131
0.222586
0.230906
0.239086
0.247121
0.255006
0.262736
0.270307
0.277713
0.284951
0.292016
0.298904
0.30561
0.312131
0.318462
0.3246
0.33054
0.336281
0.341816
0.347145
0.352263
0.357166
0.361853
0.366321
0.370565
0.374585
0.378378
0.381941
0.385272
0.388369
0.39123
0.393854
0.396238
0.398382
0.400285
0.401944
0.403359
0.404529
0.405454
0.406133
0.406565
0.40675
0.406688
0.406379
0.405824
0.405022
0.403975
0.402682
0.401145
0.399364
0.39734
0.395076
0.392571
0.389829
0.386849
0.383635
0.380188
0.37651
0.372604
0.368471
0.364114
0.359537
0.354741
0.34973
0.344507
0.339074
0.333436
0.327595
0.321555
0.31532
0.308894
0.30228
0.295482
0.288505
0.281354
0.274031
0.266542
0.258891
0.251083
0.243122
0.235014
0.226763
0.218375
0.209853
0.201205
0.192434
0.183547
0.174548
0.165443
0.156238
0.146938
0.137548
0.128076
0.118525
0.108902
0.0992137
0.0894648
0.0796616
0.06981
0.0599161
0.0499857
0.040025
0.0300401
0.0200368
0.0100215
0
0
-0.00946386
-0.018922
-0.0283686
-0.037798
-0.0472045
-0.0565823
-0.0659257
-0.0752291
-0.0844869
-0.0936933
-0.102843
-0.11193
-0.120949
-0.129895
-0.138762
-0.147545
-0.156238
-0.164836
-0.173334
-0.181727
-0.19001
-0.198177
-0.206224
-0.214146
-0.221937
-0.229594
-0.237112
-0.244486
-0.251711
-0.258783
-0.265699
-0.272453
-0.279041
-0.28546
-0.291706
-0.297775
-0.303663
-0.309367
-0.314883
-0.320207
-0.325338
-0.330271
-0.335003
-0.339532
-0.343855
-0.347969
-0.351871
-0.35556
-0.359034
-0.362289
-0.365324
-0.368138
-0.370728
-0.373093
-0.375232
-0.377142
-0.378824
-0.380276
-0.381497
-0.382486
-0.383243
-0.383768
-0.384059
-0.384118
-0.383943
-0.383535
-0.382894
-0.382021
-0.380915
-0.379579
-0.378012
-0.376216
-0.374191
-0.371939
-0.369461
-0.366759
-0.363834
-0.360689
-0.357324
-0.353743
-0.349946
-0.345938
-0.341719
-0.337293
-0.332662
-0.327829
-0.322797
-0.317569
-0.312148
-0.306538
-0.300742
-0.294763
-0.288605
-0.282272
-0.275768
-0.269096
-0.262261
-0.255266
-0.248117
-0.240817
-0.233371
-0.225783
-0.218058
-0.2102
-0.202215
-0.194108
-0.185882
-0.177544
-0.169098
-0.160549
-0.151902
-0.143164
-0.134338
-0.125431
-0.116448
-0.107394
-0.0982752
-0.0890965
-0.0798637
-0.0705824
-0.0612582
-0.0518969
-0.042504
-0.0330854
-0.0236466
-0.0141935
-0.00473183
0.00473275
0.0141945
0.0236476
0.0330863
0.0425049
0.0518978
0.0612591
0.0705833
0.0798646
0.0890974
0.0982761
0.107395
0.116449
0.125432
0.134339
0.143165
0.151903
0.16055
0.169098
0.177545
0.185883
0.194109
0.202216
0.210201
0.218059
0.225784
0.233371
0.240818
0.248118
0.255267
0.262261
0.269097
0.275768
0.282273
0.288606
0.294764
0.300743
0.306539
0.312149
0.31757
0.322798
0.32783
0.332663
0.337294
0.34172
0.345938
0.349947
0.353743
0.357325
0.360689
0.363835
0.36676
0.369462
0.37194
0.374192
0.376216
0.378013
0.37958
0.380916
0.382021
0.382895
0.383535
0.383943
0.384118
0.38406
0.383768
0.383244
0.382487
0.381498
0.380277
0.378825
0.377143
0.375232
0.373094
0.370729
0.368139
0.365325
0.36229
0.359034
0.355561
0.351872
0.347969
0.343855
0.339532
0.335003
0.330271
0.325338
0.320208
0.314883
0.309367
0.303664
0.297776
0.291707
0.285461
0.279042
0.272453
0.265699
0.258784
0.251711
0.244486
0.237112
0.229595
0.221938
0.214146
0.206224
0.198177
0.19001
0.181727
0.173334
0.164836
0.156238
0.147545
0.138762
0.129895
0.120949
0.11193
0.102843
0.0936935
0.084487
0.0752292
0.0659258
0.0565823
0.0472045
0.037798
0.0283686
0.018922
0.00946387
0
0
-0.00890052
-0.0177956
-0.0266799
-0.0355481
-0.0443946
-0.0532142
-0.0620014
-0.0707511
-0.0794578
-0.0881162
-0.0967212
-0.105267
-0.11375
-0.122163
-0.130502
-0.138762
-0.146938
-0.155024
-0.163016
-0.17091
-0.178699
-0.18638
-0.193948
-0.201398
-0.208726
-0.215928
-0.222998
-0.229933
-0.236728
-0.243379
-0.249883
-0.256235
-0.262431
-0.268468
-0.274342
-0.28005
-0.285588
-0.290952
-0.296139
-0.301147
-0.305972
-0.310611
-0.315062
-0.319321
-0.323386
-0.327256
-0.330926
-0.334396
-0.337662
-0.340724
-0.343578
-0.346224
-0.34866
-0.350885
-0.352896
-0.354693
-0.356275
-0.35764
-0.358788
-0.359719
-0.360431
-0.360924
-0.361198
-0.361253
-0.361088
-0.360705
-0.360102
-0.359281
-0.358241
-0.356984
-0.355511
-0.353821
-0.351917
-0.349799
-0.347469
-0.344928
-0.342177
-0.339219
-0.336054
-0.332686
-0.329116
-0.325346
-0.321378
-0.317215
-0.31286
-0.308315
-0.303582
-0.298666
-0.293568
-0.288291
-0.28284
-0.277217
-0.271426
-0.26547
-0.259352
-0.253078
-0.246649
-0.240071
-0.233348
-0.226482
-0.219479
-0.212343
-0.205078
-0.197688
-0.190178
-0.182553
-0.174817
-0.166975
-0.159032
-0.150992
-0.14286
-0.134642
-0.126342
-0.117965
-0.109516
-0.101002
-0.0924253
-0.083793
-0.0751097
-0.0663809
-0.0576118
-0.0488077
-0.039974
-0.031116
-0.0222391
-0.0133487
-0.00445017
0.00445103
0.0133495
0.0222399
0.0311168
0.0399748
0.0488085
0.0576126
0.0663818
0.0751106
0.0837938
0.0924262
0.101002
0.109517
0.117966
0.126343
0.134643
0.142861
0.150993
0.159033
0.166976
0.174818
0.182554
0.190179
0.197689
0.205079
0.212344
0.21948
0.226483
0.233348
0.240072
0.24665
0.253079
0.259353
0.26547
0.271427
0.277218
0.282841
0.288292
0.293568
0.298666
0.303583
0.308315
0.312861
0.317216
0.321379
0.325346
0.329116
0.332687
0.336055
0.339219
0.342178
0.344928
0.347469
0.3498
0.351918
0.353822
0.355511
0.356985
0.358242
0.359281
0.360103
0.360705
0.361089
0.361253
0.361199
0.360924
0.360431
0.359719
0.358789
0.35764
0.356275
0.354693
0.352896
0.350885
0.348661
0.346225
0.343579
0.340724
0.337663
0.334396
0.330926
0.327256
0.323387
0.319321
0.315062
0.310611
0.305972
0.301147
0.29614
0.290952
0.285588
0.28005
0.274343
0.268469
0.262432
0.256235
0.249883
0.243379
0.236728
0.229933
0.222998
0.215928
0.208727
0.201399
0.193949
0.186381
0.178699
0.17091
0.163017
0.155024
0.146938
0.138762
0.130502
0.122163
0.11375
0.105268
0.0967213
0.0881163
0.0794579
0.0707512
0.0620015
0.0532142
0.0443946
0.0355481
0.02668
0.0177957
0.00890053
0
0
-0.00833177
-0.0166585
-0.0249751
-0.0332765
-0.0415578
-0.0498138
-0.0580395
-0.0662301
-0.0743804
-0.0824856
-0.0905407
-0.0985408
-0.106481
-0.114357
-0.122163
-0.129895
-0.137548
-0.145118
-0.1526
-0.159988
-0.16728
-0.174471
-0.181555
-0.188529
-0.195389
-0.20213
-0.208748
-0.21524
-0.221601
-0.227827
-0.233915
-0.239861
-0.245662
-0.251313
-0.256812
-0.262155
-0.267338
-0.27236
-0.277216
-0.281904
-0.28642
-0.290763
-0.294929
-0.298916
-0.302722
-0.306344
-0.30978
-0.313028
-0.316085
-0.318951
-0.321624
-0.324101
-0.326381
-0.328463
-0.330346
-0.332028
-0.333509
-0.334787
-0.335862
-0.336733
-0.337399
-0.337861
-0.338117
-0.338169
-0.338015
-0.337656
-0.337091
-0.336323
-0.33535
-0.334173
-0.332793
-0.331212
-0.329429
-0.327447
-0.325265
-0.322887
-0.320312
-0.317542
-0.31458
-0.311427
-0.308085
-0.304556
-0.300842
-0.296945
-0.292868
-0.288613
-0.284183
-0.279581
-0.274809
-0.269869
-0.264766
-0.259503
-0.254082
-0.248506
-0.24278
-0.236906
-0.230888
-0.224731
-0.218437
-0.21201
-0.205454
-0.198774
-0.191973
-0.185056
-0.178026
-0.170888
-0.163647
-0.156306
-0.14887
-0.141344
-0.133731
-0.126038
-0.118269
-0.110427
-0.102518
-0.0945476
-0.0865193
-0.0784386
-0.0703102
-0.0621392
-0.0539304
-0.0456889
-0.0374196
-0.0291276
-0.020818
-0.0124957
-0.00416581
0.00416661
0.0124965
0.0208188
0.0291284
0.0374204
0.0456897
0.0539312
0.06214
0.070311
0.0784394
0.0865201
0.0945483
0.102519
0.110428
0.118269
0.126039
0.133732
0.141344
0.148871
0.156306
0.163647
0.170889
0.178027
0.185057
0.191974
0.198775
0.205455
0.212011
0.218437
0.224732
0.230889
0.236907
0.242781
0.248507
0.254082
0.259504
0.264767
0.26987
0.274809
0.279582
0.284184
0.288614
0.292869
0.296946
0.300843
0.304557
0.308086
0.311428
0.314581
0.317543
0.320312
0.322887
0.325266
0.327447
0.32943
0.331213
0.332794
0.334174
0.33535
0.336323
0.337092
0.337656
0.338015
0.338169
0.338118
0.337861
0.3374
0.336733
0.335862
0.334787
0.333509
0.332028
0.330346
0.328464
0.326381
0.324101
0.321624
0.318952
0.316086
0.313028
0.30978
0.306344
0.302722
0.298917
0.29493
0.290763
0.286421
0.281904
0.277216
0.27236
0.267339
0.262155
0.256812
0.251313
0.245662
0.239862
0.233916
0.227827
0.221601
0.21524
0.208748
0.20213
0.195389
0.188529
0.181555
0.174471
0.167281
0.159989
0.1526
0.145118
0.137548
0.129895
0.122163
0.114357
0.106481
0.0985409
0.0905408
0.0824857
0.0743805
0.0662302
0.0580396
0.0498138
0.0415578
0.0332766
0.0249751
0.0166585
0.00833178
0
0
-0.00775797
-0.0155112
-0.0232551
-0.0309848
-0.0386957
-0.0463831
-0.0540424
-0.0616689
-0.0692579
-0.0768049
-0.0843052
-0.0917544
-0.0991478
-0.106481
-0.11375
-0.120949
-0.128075
-0.135124
-0.14209
-0.14897
-0.15576
-0.162455
-0.169051
-0.175545
-0.181933
-0.188209
-0.194372
-0.200416
-0.206339
-0.212137
-0.217806
-0.223342
-0.228743
-0.234005
-0.239125
-0.2441
-0.248927
-0.253603
-0.258124
-0.262489
-0.266695
-0.270738
-0.274618
-0.27833
-0.281874
-0.285246
-0.288446
-0.29147
-0.294317
-0.296985
-0.299474
-0.30178
-0.303903
-0.305842
-0.307595
-0.309161
-0.31054
-0.31173
-0.312731
-0.313542
-0.314163
-0.314593
-0.314831
-0.314879
-0.314736
-0.314401
-0.313876
-0.31316
-0.312254
-0.311159
-0.309874
-0.308402
-0.306742
-0.304896
-0.302865
-0.30065
-0.298252
-0.295674
-0.292915
-0.28998
-0.286868
-0.283581
-0.280123
-0.276495
-0.272699
-0.268737
-0.264612
-0.260326
-0.255883
-0.251284
-0.246532
-0.241631
-0.236583
-0.231392
-0.22606
-0.220591
-0.214987
-0.209254
-0.203393
-0.197409
-0.191305
-0.185085
-0.178752
-0.172311
-0.165766
-0.159119
-0.152376
-0.145541
-0.138617
-0.131609
-0.124521
-0.117358
-0.110123
-0.102822
-0.095458
-0.0880361
-0.0805608
-0.0730366
-0.065468
-0.0578597
-0.0502162
-0.0425423
-0.0348426
-0.0271216
-0.0193843
-0.0116351
-0.00387891
0.00387965
0.0116359
0.019385
0.0271224
0.0348433
0.0425431
0.050217
0.0578604
0.0654688
0.0730373
0.0805616
0.0880369
0.0954588
0.102823
0.110124
0.117359
0.124522
0.13161
0.138618
0.145542
0.152377
0.15912
0.165766
0.172312
0.178753
0.185085
0.191306
0.19741
0.203394
0.209254
0.214988
0.220591
0.22606
0.231392
0.236584
0.241632
0.246533
0.251284
0.255883
0.260327
0.264613
0.268737
0.272699
0.276495
0.280124
0.283582
0.286868
0.28998
0.292916
0.295674
0.298253
0.30065
0.302865
0.304896
0.306742
0.308402
0.309875
0.311159
0.312255
0.313161
0.313877
0.314402
0.314736
0.31488
0.314832
0.314593
0.314163
0.313543
0.312732
0.311731
0.310541
0.309162
0.307596
0.305843
0.303904
0.301781
0.299474
0.296986
0.294317
0.29147
0.288446
0.285247
0.281874
0.278331
0.274618
0.270739
0.266695
0.262489
0.258125
0.253603
0.248927
0.244101
0.239126
0.234006
0.228744
0.223343
0.217806
0.212137
0.20634
0.200417
0.194372
0.18821
0.181933
0.175545
0.169052
0.162455
0.15576
0.14897
0.14209
0.135124
0.128076
0.120949
0.11375
0.106481
0.0991479
0.0917545
0.0843053
0.0768049
0.069258
0.0616689
0.0540425
0.0463832
0.0386958
0.0309848
0.0232551
0.0155113
0.00775798
0
0
-0.00717946
-0.0143546
-0.0215209
-0.0286743
-0.0358102
-0.0429244
-0.0500125
-0.0570702
-0.0640933
-0.0710775
-0.0780186
-0.0849122
-0.0917544
-0.0985408
-0.105267
-0.11193
-0.118525
-0.125048
-0.131494
-0.137862
-0.144145
-0.150341
-0.156445
-0.162455
-0.168366
-0.174175
-0.179878
-0.185471
-0.190953
-0.196318
-0.201564
-0.206688
-0.211686
-0.216556
-0.221294
-0.225898
-0.230365
-0.234691
-0.238876
-0.242915
-0.246807
-0.250549
-0.254139
-0.257575
-0.260854
-0.263975
-0.266936
-0.269735
-0.27237
-0.274839
-0.277142
-0.279276
-0.281241
-0.283035
-0.284658
-0.286107
-0.287383
-0.288484
-0.289411
-0.290161
-0.290736
-0.291133
-0.291354
-0.291399
-0.291266
-0.290957
-0.29047
-0.289808
-0.288969
-0.287956
-0.286767
-0.285404
-0.283868
-0.28216
-0.28028
-0.27823
-0.276011
-0.273625
-0.271073
-0.268356
-0.265476
-0.262435
-0.259234
-0.255877
-0.252363
-0.248697
-0.24488
-0.240914
-0.236802
-0.232545
-0.228148
-0.223613
-0.218941
-0.214137
-0.209202
-0.204141
-0.198956
-0.19365
-0.188226
-0.182688
-0.177039
-0.171283
-0.165423
-0.159462
-0.153404
-0.147254
-0.141014
-0.134688
-0.128281
-0.121795
-0.115236
-0.108607
-0.101912
-0.0951545
-0.0883397
-0.0814713
-0.0745534
-0.0675902
-0.0605861
-0.0535451
-0.0464716
-0.0393699
-0.0322443
-0.0250992
-0.0179388
-0.0107675
-0.00358966
0.00359035
0.0107682
0.0179395
0.0250999
0.032245
0.0393706
0.0464723
0.0535458
0.0605867
0.0675909
0.0745541
0.081472
0.0883404
0.0951552
0.101912
0.108607
0.115237
0.121796
0.128281
0.134689
0.141014
0.147254
0.153405
0.159463
0.165423
0.171284
0.17704
0.182689
0.188227
0.19365
0.198956
0.204142
0.209203
0.214137
0.218942
0.223613
0.228149
0.232546
0.236802
0.240914
0.24488
0.248698
0.252364
0.255877
0.259235
0.262435
0.265476
0.268356
0.271073
0.273626
0.276012
0.278231
0.280281
0.28216
0.283869
0.285405
0.286767
0.287956
0.28897
0.289808
0.290471
0.290957
0.291267
0.291399
0.291355
0.291134
0.290736
0.290162
0.289411
0.288485
0.287384
0.286108
0.284658
0.283036
0.281242
0.279277
0.277142
0.27484
0.27237
0.269735
0.266936
0.263976
0.260855
0.257575
0.25414
0.25055
0.246808
0.242916
0.238876
0.234692
0.230365
0.225898
0.221294
0.216556
0.211686
0.206688
0.201564
0.196318
0.190953
0.185472
0.179878
0.174175
0.168366
0.162455
0.156445
0.150341
0.144145
0.137862
0.131495
0.125048
0.118525
0.11193
0.105268
0.0985409
0.0917545
0.0849123
0.0780186
0.0710776
0.0640934
0.0570703
0.0500125
0.0429244
0.0358102
0.0286743
0.021521
0.0143546
0.00717947
0
0
-0.00659659
-0.0131892
-0.0197737
-0.0263463
-0.0329029
-0.0394395
-0.0459522
-0.0524369
-0.0588898
-0.065307
-0.0716845
-0.0780186
-0.0843052
-0.0905407
-0.0967212
-0.102843
-0.108902
-0.114895
-0.120819
-0.126669
-0.132442
-0.138135
-0.143744
-0.149266
-0.154697
-0.160034
-0.165274
-0.170414
-0.17545
-0.18038
-0.1852
-0.189908
-0.1945
-0.198974
-0.203328
-0.207558
-0.211662
-0.215638
-0.219483
-0.223194
-0.22677
-0.230208
-0.233507
-0.236664
-0.239677
-0.242544
-0.245265
-0.247836
-0.250257
-0.252526
-0.254642
-0.256603
-0.258408
-0.260057
-0.261548
-0.262879
-0.264052
-0.265064
-0.265915
-0.266604
-0.267132
-0.267497
-0.267701
-0.267741
-0.267619
-0.267335
-0.266888
-0.26628
-0.265509
-0.264578
-0.263485
-0.262233
-0.260822
-0.259252
-0.257525
-0.255642
-0.253603
-0.251411
-0.249065
-0.246569
-0.243923
-0.241129
-0.238188
-0.235103
-0.231875
-0.228506
-0.224999
-0.221355
-0.217577
-0.213666
-0.209626
-0.205458
-0.201166
-0.196752
-0.192218
-0.187568
-0.182803
-0.177928
-0.172945
-0.167856
-0.162666
-0.157377
-0.151993
-0.146516
-0.14095
-0.135299
-0.129565
-0.123753
-0.117866
-0.111907
-0.10588
-0.0997894
-0.0936378
-0.0874293
-0.0811678
-0.074857
-0.0685007
-0.0621029
-0.0556673
-0.049198
-0.0426988
-0.0361736
-0.0296266
-0.0230615
-0.0164824
-0.00989332
-0.00329823
0.00329886
0.00989395
0.016483
0.0230621
0.0296272
0.0361743
0.0426994
0.0491986
0.055668
0.0621035
0.0685013
0.0748576
0.0811684
0.0874299
0.0936384
0.09979
0.105881
0.111908
0.117867
0.123754
0.129566
0.135299
0.140951
0.146516
0.151993
0.157378
0.162667
0.167857
0.172945
0.177929
0.182804
0.187568
0.192219
0.196752
0.201167
0.205459
0.209626
0.213667
0.217577
0.221356
0.225
0.228507
0.231876
0.235103
0.238189
0.241129
0.243923
0.24657
0.249066
0.251411
0.253604
0.255642
0.257526
0.259253
0.260822
0.262234
0.263486
0.264578
0.26551
0.26628
0.266889
0.267335
0.26762
0.267742
0.267701
0.267498
0.267132
0.266605
0.265915
0.265064
0.264052
0.26288
0.261548
0.260057
0.258409
0.256603
0.254642
0.252527
0.250257
0.247836
0.245265
0.242545
0.239677
0.236664
0.233507
0.230209
0.22677
0.223194
0.219483
0.215638
0.211662
0.207558
0.203328
0.198975
0.1945
0.189908
0.1852
0.18038
0.17545
0.170414
0.165274
0.160034
0.154697
0.149266
0.143744
0.138135
0.132442
0.126669
0.120819
0.114896
0.108902
0.102843
0.0967213
0.0905408
0.0843053
0.0780186
0.0716846
0.0653071
0.0588899
0.052437
0.0459522
0.0394395
0.0329029
0.0263464
0.0197738
0.0131892
0.0065966
0
0
-0.00600971
-0.0120158
-0.0180145
-0.0240024
-0.0299756
-0.0359307
-0.041864
-0.0477718
-0.0536506
-0.0594969
-0.065307
-0.0710775
-0.0768049
-0.0824856
-0.0881162
-0.0936933
-0.0992136
-0.104674
-0.11007
-0.1154
-0.120659
-0.125846
-0.130956
-0.135986
-0.140934
-0.145796
-0.15057
-0.155253
-0.159841
-0.164332
-0.168723
-0.173012
-0.177196
-0.181272
-0.185239
-0.189092
-0.192831
-0.196453
-0.199956
-0.203337
-0.206595
-0.209727
-0.212733
-0.215608
-0.218354
-0.220966
-0.223444
-0.225787
-0.227993
-0.23006
-0.231987
-0.233774
-0.235419
-0.236921
-0.238279
-0.239492
-0.24056
-0.241482
-0.242257
-0.242885
-0.243366
-0.243699
-0.243884
-0.243921
-0.24381
-0.243551
-0.243144
-0.24259
-0.241888
-0.241039
-0.240044
-0.238903
-0.237618
-0.236188
-0.234614
-0.232898
-0.231041
-0.229043
-0.226907
-0.224633
-0.222222
-0.219676
-0.216997
-0.214187
-0.211246
-0.208177
-0.204982
-0.201662
-0.19822
-0.194657
-0.190976
-0.187179
-0.183269
-0.179248
-0.175117
-0.17088
-0.16654
-0.162098
-0.157558
-0.152923
-0.148194
-0.143376
-0.13847
-0.133481
-0.12841
-0.123262
-0.118038
-0.112743
-0.10738
-0.101951
-0.0964606
-0.0909114
-0.0853071
-0.079651
-0.0739466
-0.0681972
-0.0624064
-0.0565778
-0.0507148
-0.044821
-0.0389
-0.0329554
-0.0269908
-0.0210098
-0.015016
-0.00901315
-0.0030048
0.00300537
0.00901372
0.0150166
0.0210104
0.0269914
0.032956
0.0389006
0.0448216
0.0507154
0.0565784
0.062407
0.0681978
0.0739471
0.0796516
0.0853077
0.090912
0.0964611
0.101952
0.10738
0.112744
0.118039
0.123262
0.128411
0.133481
0.138471
0.143376
0.148195
0.152923
0.157559
0.162099
0.166541
0.170881
0.175118
0.179248
0.18327
0.18718
0.190977
0.194657
0.19822
0.201662
0.204982
0.208177
0.211246
0.214187
0.216998
0.219677
0.222222
0.224633
0.226907
0.229044
0.231041
0.232899
0.234615
0.236188
0.237618
0.238904
0.240045
0.24104
0.241888
0.24259
0.243145
0.243552
0.243811
0.243922
0.243885
0.2437
0.243366
0.242886
0.242257
0.241482
0.24056
0.239492
0.238279
0.236921
0.235419
0.233774
0.231988
0.23006
0.227993
0.225787
0.223445
0.220966
0.218354
0.215609
0.212733
0.209728
0.206595
0.203337
0.199956
0.196454
0.192832
0.189093
0.185239
0.181273
0.177196
0.173012
0.168723
0.164332
0.159841
0.155253
0.15057
0.145797
0.140934
0.135986
0.130956
0.125846
0.12066
0.1154
0.11007
0.104674
0.0992137
0.0936935
0.0881163
0.0824857
0.0768049
0.0710776
0.0653071
0.0594969
0.0536507
0.0477718
0.041864
0.0359307
0.0299757
0.0240024
0.0180146
0.0120158
0.00600972
0
0
-0.00541919
-0.0108351
-0.0162444
-0.0216439
-0.0270302
-0.0324001
-0.0377503
-0.0430777
-0.0483788
-0.0536506
-0.0588898
-0.0640933
-0.0692579
-0.0743804
-0.0794578
-0.0844869
-0.0894647
-0.0943882
-0.0992544
-0.10406
-0.108803
-0.11348
-0.118088
-0.122624
-0.127086
-0.13147
-0.135775
-0.139997
-0.144134
-0.148184
-0.152144
-0.156012
-0.159784
-0.16346
-0.167037
-0.170512
-0.173883
-0.177149
-0.180308
-0.183357
-0.186295
-0.189119
-0.191829
-0.194422
-0.196898
-0.199254
-0.201488
-0.203601
-0.20559
-0.207454
-0.209192
-0.210803
-0.212286
-0.21364
-0.214865
-0.215959
-0.216922
-0.217753
-0.218453
-0.219019
-0.219453
-0.219753
-0.21992
-0.219953
-0.219853
-0.219619
-0.219252
-0.218752
-0.218119
-0.217354
-0.216457
-0.215428
-0.214269
-0.212979
-0.211561
-0.210013
-0.208339
-0.206537
-0.204611
-0.20256
-0.200386
-0.198091
-0.195675
-0.19314
-0.190489
-0.187721
-0.18484
-0.181846
-0.178742
-0.17553
-0.172211
-0.168787
-0.165261
-0.161634
-0.15791
-0.154089
-0.150175
-0.14617
-0.142076
-0.137896
-0.133632
-0.129288
-0.124864
-0.120365
-0.115792
-0.11115
-0.10644
-0.101665
-0.0968285
-0.0919333
-0.0869822
-0.0819783
-0.0769247
-0.0718244
-0.0666804
-0.061496
-0.0562743
-0.0510184
-0.0457315
-0.0404168
-0.0350776
-0.0297172
-0.0243386
-0.0189453
-0.0135405
-0.0081275
-0.00270954
0.00271006
0.00812802
0.013541
0.0189458
0.0243391
0.0297177
0.0350782
0.0404173
0.045732
0.0510189
0.0562748
0.0614965
0.066681
0.0718249
0.0769252
0.0819788
0.0869827
0.0919338
0.096829
0.101665
0.10644
0.11115
0.115793
0.120365
0.124865
0.129288
0.133633
0.137897
0.142077
0.146171
0.150176
0.15409
0.15791
0.161635
0.165261
0.168787
0.172211
0.17553
0.178743
0.181847
0.18484
0.187722
0.190489
0.193141
0.195675
0.198091
0.200386
0.20256
0.204611
0.206538
0.208339
0.210014
0.211561
0.21298
0.214269
0.215429
0.216457
0.217355
0.21812
0.218753
0.219253
0.21962
0.219853
0.219953
0.21992
0.219753
0.219453
0.219019
0.218453
0.217754
0.216922
0.215959
0.214865
0.213641
0.212286
0.210803
0.209192
0.207454
0.20559
0.203601
0.201489
0.199254
0.196898
0.194423
0.191829
0.18912
0.186295
0.183357
0.180308
0.17715
0.173884
0.170512
0.167037
0.16346
0.159785
0.156012
0.152144
0.148184
0.144135
0.139997
0.135775
0.13147
0.127086
0.122624
0.118088
0.11348
0.108803
0.104061
0.0992546
0.0943883
0.0894648
0.084487
0.0794579
0.0743805
0.069258
0.0640934
0.0588899
0.0536507
0.0483789
0.0430777
0.0377504
0.0324001
0.0270302
0.0216439
0.0162444
0.0108351
0.00541919
0
0
-0.00482537
-0.00964782
-0.0144644
-0.0192722
-0.0240683
-0.0288498
-0.0336138
-0.0383574
-0.0430777
-0.0477718
-0.0524369
-0.0570702
-0.0616689
-0.0662301
-0.0707511
-0.0752291
-0.0796615
-0.0840455
-0.0883785
-0.0926579
-0.0968809
-0.101045
-0.105148
-0.109187
-0.11316
-0.117064
-0.120897
-0.124657
-0.128341
-0.131947
-0.135473
-0.138916
-0.142276
-0.145549
-0.148733
-0.151828
-0.15483
-0.157738
-0.16055
-0.163265
-0.165881
-0.168396
-0.170809
-0.173118
-0.175322
-0.17742
-0.17941
-0.181291
-0.183062
-0.184722
-0.186269
-0.187704
-0.189025
-0.19023
-0.191321
-0.192295
-0.193153
-0.193893
-0.194515
-0.19502
-0.195406
-0.195673
-0.195822
-0.195851
-0.195762
-0.195554
-0.195228
-0.194782
-0.194219
-0.193537
-0.192738
-0.191822
-0.19079
-0.189642
-0.188379
-0.187001
-0.18551
-0.183906
-0.18219
-0.180364
-0.178428
-0.176385
-0.174234
-0.171977
-0.169616
-0.167151
-0.164586
-0.16192
-0.159156
-0.156296
-0.15334
-0.150292
-0.147152
-0.143923
-0.140607
-0.137205
-0.13372
-0.130154
-0.126508
-0.122786
-0.11899
-0.115121
-0.111182
-0.107176
-0.103104
-0.0989704
-0.0947764
-0.0905249
-0.0862184
-0.0818596
-0.077451
-0.0729955
-0.0684956
-0.0639541
-0.0593739
-0.0547575
-0.050108
-0.045428
-0.0407204
-0.0359881
-0.031234
-0.0264609
-0.0216717
-0.0168694
-0.0120568
-0.00723692
-0.00241264
0.0024131
0.00723738
0.0120573
0.0168698
0.0216722
0.0264613
0.0312344
0.0359886
0.0407209
0.0454284
0.0501084
0.054758
0.0593743
0.0639546
0.068496
0.0729959
0.0774515
0.08186
0.0862188
0.0905253
0.0947769
0.0989709
0.103105
0.107176
0.111182
0.115121
0.11899
0.122787
0.126509
0.130154
0.13372
0.137205
0.140607
0.143924
0.147153
0.150292
0.153341
0.156296
0.159157
0.161921
0.164586
0.167152
0.169616
0.171977
0.174234
0.176385
0.178429
0.180364
0.182191
0.183906
0.18551
0.187001
0.188379
0.189642
0.19079
0.191823
0.192739
0.193538
0.194219
0.194783
0.195228
0.195555
0.195763
0.195852
0.195822
0.195673
0.195406
0.19502
0.194516
0.193893
0.193153
0.192295
0.191321
0.190231
0.189025
0.187704
0.18627
0.184722
0.183062
0.181291
0.17941
0.17742
0.175323
0.173119
0.170809
0.168397
0.165881
0.163266
0.160551
0.157738
0.15483
0.151828
0.148734
0.145549
0.142276
0.138917
0.135473
0.131947
0.128341
0.124657
0.120897
0.117064
0.11316
0.109187
0.105148
0.101045
0.0968811
0.092658
0.0883786
0.0840456
0.0796616
0.0752292
0.0707512
0.0662302
0.0616689
0.0570703
0.052437
0.0477718
0.0430777
0.0383574
0.0336138
0.0288498
0.0240683
0.0192722
0.0144644
0.00964783
0.00482538
0
0
-0.00422863
-0.00845469
-0.0126756
-0.0168889
-0.0210918
-0.025282
-0.0294568
-0.0336138
-0.0377503
-0.041864
-0.0459522
-0.0500125
-0.0540424
-0.0580395
-0.0620014
-0.0659257
-0.0698099
-0.0736518
-0.0774489
-0.0811991
-0.0848999
-0.0885492
-0.0921447
-0.0956843
-0.0991658
-0.102587
-0.105946
-0.109241
-0.112469
-0.115629
-0.118719
-0.121737
-0.124681
-0.127549
-0.13034
-0.133052
-0.135682
-0.138231
-0.140696
-0.143075
-0.145367
-0.147571
-0.149686
-0.151709
-0.153641
-0.155479
-0.157223
-0.158871
-0.160423
-0.161878
-0.163234
-0.164491
-0.165648
-0.166705
-0.167661
-0.168514
-0.169266
-0.169914
-0.17046
-0.170902
-0.17124
-0.171475
-0.171605
-0.171631
-0.171553
-0.171371
-0.171084
-0.170694
-0.1702
-0.169603
-0.168903
-0.1681
-0.167196
-0.166189
-0.165082
-0.163875
-0.162568
-0.161163
-0.159659
-0.158059
-0.156363
-0.154571
-0.152686
-0.150709
-0.14864
-0.14648
-0.144232
-0.141896
-0.139474
-0.136967
-0.134377
-0.131706
-0.128954
-0.126124
-0.123218
-0.120237
-0.117183
-0.114058
-0.110863
-0.107601
-0.104274
-0.100884
-0.0974323
-0.0939215
-0.0903537
-0.086731
-0.0830556
-0.0793299
-0.075556
-0.0717362
-0.0678728
-0.0639683
-0.0600249
-0.0560451
-0.0520312
-0.0479858
-0.0439112
-0.03981
-0.0356846
-0.0315375
-0.0273713
-0.0231885
-0.0189916
-0.0147832
-0.0105658
-0.00634195
-0.00211428
0.00211468
0.00634235
0.0105662
0.0147836
0.018992
0.0231889
0.0273717
0.0315379
0.035685
0.0398104
0.0439116
0.0479862
0.0520316
0.0560455
0.0600253
0.0639687
0.0678732
0.0717366
0.0755563
0.0793303
0.083056
0.0867314
0.090354
0.0939219
0.0974327
0.100884
0.104275
0.107602
0.110864
0.114058
0.117183
0.120237
0.123219
0.126125
0.128955
0.131706
0.134377
0.136967
0.139474
0.141896
0.144232
0.14648
0.14864
0.150709
0.152687
0.154572
0.156363
0.158059
0.159659
0.161163
0.162568
0.163875
0.165082
0.16619
0.167196
0.168101
0.168903
0.169603
0.1702
0.170694
0.171084
0.171371
0.171553
0.171631
0.171605
0.171475
0.171241
0.170902
0.17046
0.169915
0.169266
0.168515
0.167661
0.166705
0.165649
0.164491
0.163234
0.161878
0.160423
0.158871
0.157223
0.155479
0.153641
0.151709
0.149686
0.147571
0.145367
0.143075
0.140696
0.138231
0.135683
0.133052
0.13034
0.127549
0.124681
0.121737
0.118719
0.115629
0.112469
0.109241
0.105946
0.102587
0.0991659
0.0956844
0.0921448
0.0885493
0.0849
0.0811992
0.077449
0.0736519
0.06981
0.0659258
0.0620015
0.0580396
0.0540425
0.0500125
0.0459522
0.041864
0.0377504
0.0336138
0.0294569
0.025282
0.0210919
0.0168889
0.0126756
0.0084547
0.00422864
0
0
-0.00362932
-0.00725644
-0.0108791
-0.0144953
-0.0181026
-0.0216989
-0.025282
-0.0288498
-0.0324001
-0.0359307
-0.0394395
-0.0429244
-0.0463831
-0.0498138
-0.0532142
-0.0565823
-0.059916
-0.0632134
-0.0664723
-0.069691
-0.0728673
-0.0759994
-0.0790853
-0.0821232
-0.0851113
-0.0880477
-0.0909307
-0.0937584
-0.0965292
-0.0992415
-0.101893
-0.104484
-0.10701
-0.109472
-0.111867
-0.114195
-0.116453
-0.11864
-0.120755
-0.122797
-0.124765
-0.126656
-0.128471
-0.130208
-0.131866
-0.133443
-0.13494
-0.136355
-0.137687
-0.138935
-0.140099
-0.141178
-0.142172
-0.143078
-0.143899
-0.144631
-0.145276
-0.145833
-0.146301
-0.146681
-0.146971
-0.147172
-0.147284
-0.147306
-0.147239
-0.147083
-0.146837
-0.146502
-0.146078
-0.145566
-0.144965
-0.144276
-0.143499
-0.142636
-0.141686
-0.140649
-0.139528
-0.138321
-0.137031
-0.135658
-0.134202
-0.132665
-0.131047
-0.129349
-0.127573
-0.12572
-0.12379
-0.121785
-0.119707
-0.117555
-0.115332
-0.113039
-0.110678
-0.108249
-0.105755
-0.103196
-0.100575
-0.0978927
-0.095151
-0.0923515
-0.0894959
-0.086586
-0.0836235
-0.0806103
-0.0775481
-0.0744389
-0.0712844
-0.0680867
-0.0648476
-0.0615692
-0.0582534
-0.0549022
-0.0515177
-0.048102
-0.044657
-0.0411849
-0.0376878
-0.0341678
-0.0306271
-0.0270678
-0.0234921
-0.0199021
-0.0163
-0.012688
-0.00906831
-0.00544312
-0.00181463
0.00181497
0.00544347
0.00906866
0.0126883
0.0163003
0.0199024
0.0234924
0.0270682
0.0306275
0.0341682
0.0376882
0.0411852
0.0446573
0.0481023
0.0515181
0.0549026
0.0582538
0.0615696
0.064848
0.068087
0.0712847
0.0744392
0.0775484
0.0806106
0.0836238
0.0865863
0.0894962
0.0923518
0.0951513
0.097893
0.100575
0.103197
0.105755
0.10825
0.110678
0.11304
0.115333
0.117555
0.119707
0.121786
0.123791
0.12572
0.127574
0.12935
0.131047
0.132665
0.134202
0.135658
0.137031
0.138322
0.139528
0.14065
0.141686
0.142636
0.1435
0.144276
0.144965
0.145566
0.146078
0.146502
0.146837
0.147083
0.147239
0.147306
0.147284
0.147172
0.146971
0.146681
0.146301
0.145833
0.145277
0.144632
0.143899
0.143079
0.142172
0.141178
0.140099
0.138935
0.137687
0.136355
0.13494
0.133444
0.131866
0.130208
0.128471
0.126656
0.124765
0.122797
0.120755
0.11864
0.116453
0.114195
0.111867
0.109472
0.10701
0.104484
0.101894
0.0992416
0.0965294
0.0937585
0.0909308
0.0880478
0.0851114
0.0821233
0.0790854
0.0759995
0.0728674
0.0696911
0.0664724
0.0632134
0.0599161
0.0565823
0.0532142
0.0498138
0.0463832
0.0429244
0.0394395
0.0359307
0.0324001
0.0288498
0.025282
0.0216989
0.0181026
0.0144953
0.0108792
0.00725644
0.00362932
0
0
-0.00302781
-0.00605377
-0.00907606
-0.0120928
-0.0151023
-0.0181026
-0.0210918
-0.0240683
-0.0270302
-0.0299756
-0.0329029
-0.0358102
-0.0386957
-0.0415578
-0.0443946
-0.0472045
-0.0499857
-0.0527365
-0.0554554
-0.0581406
-0.0607904
-0.0634034
-0.0659779
-0.0685123
-0.0710052
-0.0734549
-0.0758601
-0.0782191
-0.0805307
-0.0827934
-0.0850059
-0.0871667
-0.0892746
-0.0913284
-0.0933266
-0.0952682
-0.097152
-0.0989768
-0.100742
-0.102445
-0.104086
-0.105665
-0.107179
-0.108628
-0.110011
-0.111327
-0.112575
-0.113756
-0.114867
-0.115908
-0.11688
-0.11778
-0.118608
-0.119365
-0.120049
-0.120661
-0.121199
-0.121663
-0.122054
-0.12237
-0.122612
-0.12278
-0.122873
-0.122892
-0.122836
-0.122706
-0.122501
-0.122221
-0.121868
-0.12144
-0.120939
-0.120364
-0.119716
-0.118996
-0.118203
-0.117338
-0.116403
-0.115396
-0.11432
-0.113174
-0.11196
-0.110677
-0.109327
-0.107911
-0.10643
-0.104883
-0.103274
-0.101601
-0.0998667
-0.0980718
-0.0962174
-0.0943045
-0.0923344
-0.0903083
-0.0882273
-0.0860928
-0.083906
-0.0816682
-0.0793809
-0.0770454
-0.0746631
-0.0722354
-0.069764
-0.0672501
-0.0646955
-0.0621016
-0.0594699
-0.0568022
-0.0541
-0.0513649
-0.0485986
-0.0458029
-0.0429793
-0.0401297
-0.0372557
-0.034359
-0.0314415
-0.0285049
-0.0255511
-0.0225817
-0.0195986
-0.0166035
-0.0135985
-0.0105851
-0.00756535
-0.00454099
-0.00151387
0.00151416
0.00454128
0.00756564
0.0105854
0.0135988
0.0166038
0.0195988
0.0225819
0.0255513
0.0285052
0.0314418
0.0343593
0.0372559
0.04013
0.0429796
0.0458032
0.0485989
0.0513652
0.0541002
0.0568025
0.0594702
0.0621018
0.0646958
0.0672504
0.0697642
0.0722357
0.0746633
0.0770456
0.0793811
0.0816685
0.0839062
0.086093
0.0882276
0.0903085
0.0923347
0.0943048
0.0962176
0.0980721
0.099867
0.101601
0.103274
0.104884
0.10643
0.107911
0.109328
0.110677
0.11196
0.113174
0.11432
0.115397
0.116403
0.117339
0.118203
0.118996
0.119716
0.120364
0.120939
0.12144
0.121868
0.122221
0.122501
0.122706
0.122836
0.122892
0.122874
0.12278
0.122613
0.12237
0.122054
0.121663
0.121199
0.120661
0.120049
0.119365
0.118609
0.11778
0.11688
0.115909
0.114867
0.113756
0.112576
0.111327
0.110011
0.108628
0.107179
0.105665
0.104087
0.102445
0.100742
0.098977
0.0971522
0.0952684
0.0933268
0.0913285
0.0892748
0.0871668
0.085006
0.0827935
0.0805308
0.0782192
0.0758602
0.073455
0.0710053
0.0685124
0.065978
0.0634035
0.0607905
0.0581406
0.0554554
0.0527366
0.0499857
0.0472045
0.0443946
0.0415578
0.0386958
0.0358102
0.0329029
0.0299757
0.0270302
0.0240683
0.0210919
0.0181026
0.0151023
0.0120929
0.00907608
0.00605378
0.00302781
0
0
-0.00242445
-0.00484743
-0.00726747
-0.0096831
-0.0120928
-0.0144953
-0.0168889
-0.0192722
-0.0216439
-0.0240024
-0.0263463
-0.0286743
-0.0309848
-0.0332765
-0.0355481
-0.037798
-0.040025
-0.0422277
-0.0444048
-0.0465549
-0.0486767
-0.050769
-0.0528305
-0.0548599
-0.0568559
-0.0588175
-0.0607434
-0.0626324
-0.0644833
-0.0662952
-0.0680667
-0.069797
-0.0714848
-0.0731293
-0.0747294
-0.0762841
-0.0777925
-0.0792537
-0.0806667
-0.0820308
-0.0833451
-0.0846088
-0.0858211
-0.0869813
-0.0880887
-0.0891426
-0.0901425
-0.0910875
-0.0919773
-0.0928113
-0.0935889
-0.0943097
-0.0949732
-0.0955791
-0.0961269
-0.0966164
-0.0970473
-0.0974192
-0.097732
-0.0979854
-0.0981794
-0.0983137
-0.0983884
-0.0984033
-0.0983585
-0.098254
-0.0980898
-0.0978661
-0.097583
-0.0972406
-0.0968392
-0.096379
-0.0958603
-0.0952834
-0.0946486
-0.0939564
-0.0932071
-0.0924013
-0.0915394
-0.0906218
-0.0896493
-0.0886224
-0.0875416
-0.0864077
-0.0852214
-0.0839833
-0.0826942
-0.0813549
-0.0799662
-0.078529
-0.0770441
-0.0755124
-0.0739349
-0.0723125
-0.0706462
-0.068937
-0.067186
-0.0653941
-0.0635626
-0.0616925
-0.0597849
-0.057841
-0.0558621
-0.0538492
-0.0518036
-0.0497265
-0.0476193
-0.0454832
-0.0433194
-0.0411294
-0.0389144
-0.0366757
-0.0344148
-0.032133
-0.0298317
-0.0275123
-0.0251762
-0.0228248
-0.0204595
-0.0180818
-0.0156931
-0.013295
-0.0108887
-0.00847582
-0.0060578
-0.00363611
-0.0012122
0.00121243
0.00363634
0.00605803
0.00847605
0.0108889
0.0132952
0.0156934
0.018082
0.0204597
0.022825
0.0251764
0.0275125
0.0298319
0.0321332
0.034415
0.0366759
0.0389146
0.0411296
0.0433197
0.0454834
0.0476195
0.0497268
0.0518038
0.0538494
0.0558623
0.0578413
0.0597851
0.0616927
0.0635628
0.0653944
0.0671862
0.0689372
0.0706464
0.0723127
0.0739351
0.0755126
0.0770443
0.0785292
0.0799664
0.0813551
0.0826944
0.0839835
0.0852216
0.0864079
0.0875418
0.0886226
0.0896495
0.090622
0.0915395
0.0924015
0.0932073
0.0939566
0.0946488
0.0952835
0.0958604
0.0963792
0.0968394
0.0972408
0.0975831
0.0978663
0.09809
0.0982542
0.0983587
0.0984035
0.0983885
0.0983139
0.0981795
0.0979856
0.0977321
0.0974193
0.0970474
0.0966166
0.0961271
0.0955792
0.0949734
0.0943098
0.093589
0.0928114
0.0919775
0.0910877
0.0901426
0.0891428
0.0880888
0.0869814
0.0858212
0.0846089
0.0833452
0.0820309
0.0806668
0.0792538
0.0777926
0.0762842
0.0747295
0.0731294
0.0714849
0.0697971
0.0680668
0.0662952
0.0644834
0.0626324
0.0607435
0.0588176
0.056856
0.0548599
0.0528305
0.0507691
0.0486768
0.0465549
0.0444048
0.0422277
0.040025
0.037798
0.0355481
0.0332766
0.0309848
0.0286743
0.0263464
0.0240024
0.0216439
0.0192722
0.0168889
0.0144953
0.0120929
0.00968311
0.00726748
0.00484744
0.00242446
0
0
-0.00181963
-0.00363815
-0.00545447
-0.00726747
-0.00907606
-0.0108791
-0.0126756
-0.0144644
-0.0162444
-0.0180145
-0.0197737
-0.0215209
-0.0232551
-0.0249751
-0.0266799
-0.0283686
-0.03004
-0.0316932
-0.0333272
-0.0349409
-0.0365334
-0.0381037
-0.0396509
-0.0411741
-0.0426722
-0.0441444
-0.0455898
-0.0470076
-0.0483968
-0.0497566
-0.0510862
-0.0523848
-0.0536516
-0.0548859
-0.0560868
-0.0572536
-0.0583857
-0.0594824
-0.0605429
-0.0615667
-0.0625531
-0.0635016
-0.0644114
-0.0652822
-0.0661134
-0.0669044
-0.0676548
-0.0683641
-0.0690319
-0.0696578
-0.0702414
-0.0707824
-0.0712804
-0.0717351
-0.0721463
-0.0725137
-0.072837
-0.0731162
-0.0733509
-0.0735411
-0.0736867
-0.0737876
-0.0738436
-0.0738548
-0.0738212
-0.0737427
-0.0736195
-0.0734516
-0.0732391
-0.0729821
-0.0726809
-0.0723355
-0.0719462
-0.0715132
-0.0710368
-0.0705173
-0.0699549
-0.0693501
-0.0687032
-0.0680146
-0.0672847
-0.0665139
-0.0657028
-0.0648517
-0.0639613
-0.0630321
-0.0620646
-0.0610594
-0.0600172
-0.0589385
-0.057824
-0.0566745
-0.0554905
-0.0542728
-0.0530222
-0.0517394
-0.0504252
-0.0490804
-0.0477058
-0.0463022
-0.0448705
-0.0434115
-0.0419263
-0.0404155
-0.0388802
-0.0373213
-0.0357398
-0.0341366
-0.0325126
-0.0308689
-0.0292065
-0.0275263
-0.0258294
-0.0241168
-0.0223896
-0.0206488
-0.0188955
-0.0171307
-0.0153555
-0.013571
-0.0117782
-0.00997828
-0.00817231
-0.00636137
-0.00454657
-0.00272901
-0.000909798
0.00090997
0.00272919
0.00454674
0.00636154
0.00817248
0.00997845
0.0117784
0.0135711
0.0153557
0.0171309
0.0188957
0.020649
0.0223898
0.024117
0.0258296
0.0275265
0.0292066
0.0308691
0.0325128
0.0341367
0.03574
0.0373215
0.0388804
0.0404157
0.0419264
0.0434117
0.0448706
0.0463023
0.0477059
0.0490805
0.0504254
0.0517396
0.0530224
0.054273
0.0554906
0.0566746
0.0578242
0.0589386
0.0600173
0.0610596
0.0620647
0.0630322
0.0639615
0.0648519
0.0657029
0.066514
0.0672848
0.0680147
0.0687033
0.0693502
0.0699551
0.0705174
0.0710369
0.0715133
0.0719463
0.0723356
0.072681
0.0729823
0.0732392
0.0734517
0.0736196
0.0737429
0.0738213
0.0738549
0.0738437
0.0737877
0.0736868
0.0735413
0.073351
0.0731163
0.0728372
0.0725138
0.0721464
0.0717352
0.0712805
0.0707825
0.0702415
0.0696579
0.069032
0.0683642
0.0676549
0.0669045
0.0661135
0.0652823
0.0644115
0.0635016
0.0625532
0.0615668
0.060543
0.0594825
0.0583858
0.0572537
0.0560868
0.0548859
0.0536517
0.0523849
0.0510863
0.0497567
0.0483968
0.0470076
0.0455899
0.0441445
0.0426722
0.0411741
0.039651
0.0381038
0.0365335
0.0349409
0.0333272
0.0316933
0.0300401
0.0283686
0.02668
0.0249751
0.0232551
0.021521
0.0197738
0.0180146
0.0162444
0.0144644
0.0126756
0.0108792
0.00907608
0.00726748
0.00545447
0.00363816
0.00181963
0
0
-0.0012137
-0.00242666
-0.00363815
-0.00484743
-0.00605377
-0.00725644
-0.00845469
-0.00964782
-0.0108351
-0.0120158
-0.0131892
-0.0143546
-0.0155112
-0.0166585
-0.0177956
-0.018922
-0.0200368
-0.0211395
-0.0222294
-0.0233057
-0.0243679
-0.0254154
-0.0264473
-0.0274633
-0.0284625
-0.0294445
-0.0304086
-0.0313543
-0.0322809
-0.0331879
-0.0340747
-0.0349409
-0.0357859
-0.0366091
-0.0374101
-0.0381884
-0.0389435
-0.039675
-0.0403824
-0.0410653
-0.0417232
-0.0423558
-0.0429627
-0.0435435
-0.0440979
-0.0446255
-0.045126
-0.0455991
-0.0460446
-0.046462
-0.0468513
-0.0472122
-0.0475443
-0.0478476
-0.0481219
-0.0483669
-0.0485826
-0.0487688
-0.0489254
-0.0490522
-0.0491493
-0.0492166
-0.049254
-0.0492615
-0.049239
-0.0491867
-0.0491045
-0.0489925
-0.0488508
-0.0486794
-0.0484784
-0.0482481
-0.0479884
-0.0476996
-0.0473818
-0.0470353
-0.0466602
-0.0462568
-0.0458253
-0.045366
-0.0448791
-0.044365
-0.043824
-0.0432564
-0.0426625
-0.0420427
-0.0413973
-0.0407269
-0.0400317
-0.0393122
-0.0385689
-0.0378021
-0.0370124
-0.0362002
-0.035366
-0.0345104
-0.0336338
-0.0327368
-0.0318199
-0.0308837
-0.0299288
-0.0289557
-0.027965
-0.0269573
-0.0259333
-0.0248935
-0.0238386
-0.0227692
-0.021686
-0.0205897
-0.0194808
-0.0183602
-0.0172283
-0.016086
-0.014934
-0.0137729
-0.0126034
-0.0114262
-0.0102422
-0.00905189
-0.00785611
-0.00665556
-0.00545096
-0.00424306
-0.00303258
-0.00182026
-0.000606839
0.000606954
0.00182038
0.0030327
0.00424318
0.00545108
0.00665567
0.00785622
0.00905201
0.0102423
0.0114264
0.0126035
0.013773
0.0149341
0.0160861
0.0172284
0.0183603
0.0194809
0.0205898
0.0216862
0.0227693
0.0238387
0.0248936
0.0259334
0.0269574
0.0279651
0.0289558
0.0299289
0.0308838
0.03182
0.0327369
0.0336339
0.0345105
0.0353661
0.0362003
0.0370125
0.0378022
0.038569
0.0393123
0.0400318
0.040727
0.0413974
0.0420428
0.0426626
0.0432565
0.0438241
0.0443651
0.0448792
0.0453661
0.0458254
0.0462569
0.0466603
0.0470354
0.0473819
0.0476997
0.0479885
0.0482482
0.0484785
0.0486795
0.0488509
0.0489926
0.0491046
0.0491868
0.0492391
0.0492615
0.0492541
0.0492167
0.0491494
0.0490523
0.0489255
0.0487689
0.0485827
0.048367
0.048122
0.0478477
0.0475444
0.0472122
0.0468514
0.0464621
0.0460446
0.0455992
0.0451261
0.0446256
0.044098
0.0435436
0.0429628
0.0423559
0.0417233
0.0410653
0.0403824
0.039675
0.0389436
0.0381885
0.0374102
0.0366091
0.0357859
0.0349409
0.0340748
0.0331879
0.0322809
0.0313543
0.0304086
0.0294445
0.0284626
0.0274633
0.0264474
0.0254154
0.024368
0.0233058
0.0222294
0.0211395
0.0200368
0.018922
0.0177957
0.0166585
0.0155113
0.0143546
0.0131892
0.0120158
0.0108351
0.00964783
0.0084547
0.00725644
0.00605378
0.00484744
0.00363816
0.00242667
0.0012137
0
0
-0.000607034
-0.0012137
-0.00181963
-0.00242445
-0.00302781
-0.00362932
-0.00422863
-0.00482537
-0.00541919
-0.00600971
-0.00659659
-0.00717946
-0.00775797
-0.00833177
-0.00890052
-0.00946386
-0.0100215
-0.010573
-0.0111181
-0.0116564
-0.0121877
-0.0127115
-0.0132277
-0.0137358
-0.0142356
-0.0147267
-0.0152089
-0.0156819
-0.0161453
-0.016599
-0.0170425
-0.0174758
-0.0178984
-0.0183101
-0.0187107
-0.0191
-0.0194777
-0.0198435
-0.0201973
-0.0205389
-0.0208679
-0.0211843
-0.0214879
-0.0217784
-0.0220556
-0.0223195
-0.0225699
-0.0228065
-0.0230293
-0.0232381
-0.0234328
-0.0236132
-0.0237794
-0.0239311
-0.0240683
-0.0241908
-0.0242987
-0.0243918
-0.0244701
-0.0245336
-0.0245821
-0.0246158
-0.0246345
-0.0246382
-0.024627
-0.0246008
-0.0245597
-0.0245037
-0.0244328
-0.0243471
-0.0242466
-0.0241314
-0.0240015
-0.023857
-0.0236981
-0.0235248
-0.0233372
-0.0231354
-0.0229196
-0.0226899
-0.0224464
-0.0221893
-0.0219187
-0.0216348
-0.0213377
-0.0210277
-0.020705
-0.0203696
-0.0200219
-0.0196621
-0.0192903
-0.0189068
-0.0185118
-0.0181056
-0.0176884
-0.0172604
-0.016822
-0.0163734
-0.0159148
-0.0154466
-0.0149689
-0.0144822
-0.0139867
-0.0134827
-0.0129706
-0.0124505
-0.0119229
-0.0113881
-0.0108463
-0.010298
-0.00974337
-0.00918286
-0.00861678
-0.00804546
-0.00746926
-0.00688852
-0.0063036
-0.00571486
-0.00512264
-0.00452732
-0.00392925
-0.00332879
-0.00272631
-0.00212217
-0.00151675
-0.000910408
-0.000303512
0.000303569
0.000910465
0.00151681
0.00212223
0.00272637
0.00332885
0.0039293
0.00452738
0.0051227
0.00571492
0.00630366
0.00688858
0.00746931
0.00804552
0.00861683
0.00918292
0.00974343
0.010298
0.0108464
0.0113881
0.011923
0.0124506
0.0129706
0.0134828
0.0139868
0.0144823
0.014969
0.0154466
0.0159149
0.0163734
0.0168221
0.0172605
0.0176884
0.0181056
0.0185119
0.0189068
0.0192903
0.0196621
0.020022
0.0203697
0.020705
0.0210278
0.0213378
0.0216348
0.0219187
0.0221893
0.0224464
0.0226899
0.0229197
0.0231355
0.0233372
0.0235248
0.0236982
0.0238571
0.0240015
0.0241314
0.0242466
0.0243471
0.0244329
0.0245037
0.0245598
0.0246009
0.024627
0.0246382
0.0246345
0.0246158
0.0245822
0.0245336
0.0244702
0.0243918
0.0242987
0.0241908
0.0240683
0.0239311
0.0237794
0.0236133
0.0234328
0.0232381
0.0230293
0.0228065
0.0225699
0.0223196
0.0220557
0.0217784
0.0214879
0.0211844
0.020868
0.0205389
0.0201973
0.0198435
0.0194777
0.0191
0.0187108
0.0183101
0.0178984
0.0174758
0.0170426
0.016599
0.0161453
0.0156819
0.0152089
0.0147267
0.0142356
0.0137358
0.0132277
0.0127116
0.0121877
0.0116564
0.0111181
0.010573
0.0100215
0.00946387
0.00890053
0.00833178
0.00775798
0.00717947
0.0065966
0.00600972
0.00541919
0.00482538
0.00422864
0.00362932
0.00302781
0.00242446
0.00181963
0.0012137
0.000607035
0
0
0
0
0
0
0
0
0
0
0
0
0
0
0
0
0
0
0
0
0
0
0
0
0
0
0
0
0
0
0
0
0
0
0
0
0
0
0
0
0
0
0
0
0
0
0
0
0
0
0
0
0
0
0
0
0
0
0
0
0
0
0
0
0
0
0
0
0
0
0
0
0
0
0
0
0
0
0
0
0
0
0
0
0
0
0
0
0
0
0
0
0
0
0
0
0
0
0
0
0
0
0
0
0
0
0
0
0
0
0
0
0
0
0
0
0
0
0
0
0
0
0
0
0
0
0
0
0
0
0
0
0
0
0
0
0
0
0
0
0
0
0
0
0
0
0
0
0
0
0
0
0
0
0
0
0
0
0
0
0
0
0
0
0
0
0
0
0
0
0
0
0
0
0
0
0
0
0
0
0
0
0
0
0
0
0
0
0
0
0
0
0
0
0
0
0
0
0
0
0
0
0
0
0
0
0
0
0
0
0
0
0
0
0
0
0
0
0
0
0
0
0
0
0
0
0
0
0
0
0
0
0
0
0
0
0
0
0
0
0
0
0
0
0
0
0
0
0
0
0
0
0
0
0
0
0
