# vtk DataFile Version 3.0
Laplace Solution
ASCII
DATASET STRUCTURED_POINTS
DIMENSIONS 256 256 1
ORIGIN 0 0 0
SPACING 0.00392157 0.00392157 1
POINT_DATA 65536
SCALARS solution double
LOOKUP_TABLE default
0
0
0
0
0
0
0
0
0
0
0
0
0
0
0
0
0
0
0
0
0
0
0
0
0
0
0
0
0
0
0
0
0
0
0
0
0
0
0
0
0
0
0
0
0
0
0
0
0
0
0
0
0
0
0
0
0
0
0
0
0
0
0
0
0
0
0
0
0
0
0
0
0
0
0
0
0
0
0
0
0
0
0
0
0
0
0
0
0
0
0
0
0
0
0
0
0
0
0
0
0
0
0
0
0
0
0
0
0
0
0
0
0
0
0
0
0
0
0
0
0
0
0
0
0
0
0
0
0
0
0
0
0
0
0
0
0
0
0
0
0
0
0
0
0
0
0
0
0
0
0
0
0
0
0
0
0
0
0
0
0
0
0
0
0
0
0
0
0
0
0
0
0
0
0
0
0
0
0
0
0
0
0
0
0
0
0
0
0
0
0
0
0
0
0
0
0
0
0
0
0
0
0
0
0
0
0
0
0
0
0
0
0
0
0
0
0
0
0
0
0
0
0
0
0
0
0
0
0
0
0
0
0
0
0
0
0
0
0
0
0
0
0
0
0
0
0
0
0
0
0
0
0
0
0
0
0
0.000607035
0.0012137
0.00181963
0.00242446
0.00302781
0.00362932
0.00422863
0.00482538
0.00541919
0.00600972
0.00659659
0.00717947
0.00775798
0.00833178
0.00890053
0.00946387
0.0100215
0.010573
0.0111181
0.0116564
0.0121877
0.0127115
0.0132277
0.0137358
0.0142356
0.0147267
0.0152089
0.0156819
0.0161453
0.016599
0.0170426
0.0174758
0.0178984
0.0183101
0.0187108
0.0191
0.0194777
0.0198435
0.0201973
0.0205389
0.020868
0.0211844
0.0214879
0.0217784
0.0220557
0.0223196
0.0225699
0.0228065
0.0230293
0.0232381
0.0234328
0.0236133
0.0237794
0.0239311
0.0240683
0.0241908
0.0242987
0.0243918
0.0244701
0.0245336
0.0245822
0.0246158
0.0246345
0.0246382
0.024627
0.0246009
0.0245598
0.0245037
0.0244328
0.0243471
0.0242466
0.0241314
0.0240015
0.0238571
0.0236981
0.0235248
0.0233372
0.0231355
0.0229197
0.0226899
0.0224464
0.0221893
0.0219187
0.0216348
0.0213378
0.0210278
0.020705
0.0203697
0.020022
0.0196621
0.0192903
0.0189068
0.0185119
0.0181056
0.0176884
0.0172605
0.0168221
0.0163734
0.0159148
0.0154466
0.014969
0.0144823
0.0139868
0.0134828
0.0129706
0.0124506
0.011923
0.0113881
0.0108464
0.010298
0.00974342
0.00918291
0.00861683
0.00804551
0.00746931
0.00688857
0.00630365
0.00571491
0.00512269
0.00452737
0.0039293
0.00332884
0.00272636
0.00212222
0.0015168
0.000910457
0.000303561
-0.00030352
-0.000910416
-0.00151676
-0.00212218
-0.00272632
-0.0033288
-0.00392926
-0.00452733
-0.00512265
-0.00571487
-0.00630361
-0.00688853
-0.00746927
-0.00804547
-0.00861679
-0.00918287
-0.00974338
-0.010298
-0.0108463
-0.0113881
-0.0119229
-0.0124505
-0.0129706
-0.0134828
-0.0139867
-0.0144822
-0.0149689
-0.0154466
-0.0159148
-0.0163734
-0.016822
-0.0172604
-0.0176884
-0.0181056
-0.0185118
-0.0189068
-0.0192903
-0.0196621
-0.0200219
-0.0203696
-0.020705
-0.0210277
-0.0213377
-0.0216348
-0.0219187
-0.0221893
-0.0224464
-0.0226899
-0.0229196
-0.0231354
-0.0233372
-0.0235248
-0.0236981
-0.023857
-0.0240015
-0.0241314
-0.0242466
-0.0243471
-0.0244328
-0.0245037
-0.0245597
-0.0246008
-0.024627
-0.0246382
-0.0246345
-0.0246158
-0.0245821
-0.0245336
-0.0244701
-0.0243918
-0.0242987
-0.0241908
-0.0240683
-0.0239311
-0.0237794
-0.0236133
-0.0234328
-0.0232381
-0.0230293
-0.0228065
-0.0225699
-0.0223195
-0.0220556
-0.0217784
-0.0214879
-0.0211843
-0.0208679
-0.0205389
-0.0201973
-0.0198435
-0.0194777
-0.0191
-0.0187107
-0.0183101
-0.0178984
-0.0174758
-0.0170425
-0.016599
-0.0161453
-0.0156819
-0.0152089
-0.0147267
-0.0142356
-0.0137358
-0.0132277
-0.0127115
-0.0121877
-0.0116564
-0.0111181
-0.010573
-0.0100215
-0.00946386
-0.00890052
-0.00833178
-0.00775797
-0.00717946
-0.00659659
-0.00600971
-0.00541919
-0.00482537
-0.00422863
-0.00362932
-0.00302781
-0.00242445
-0.00181963
-0.0012137
-0.000607034
0
0
0.0012137
0.00242667
0.00363816
0.00484744
0.00605378
0.00725644
0.0084547
0.00964783
0.0108351
0.0120158
0.0131892
0.0143546
0.0155112
0.0166585
0.0177957
0.018922
0.0200368
0.0211395
0.0222294
0.0233057
0.024368
0.0254154
0.0264474
0.0274633
0.0284626
0.0294445
0.0304086
0.0313543
0.0322809
0.0331879
0.0340748
0.0349409
0.0357859
0.0366091
0.0374102
0.0381885
0.0389436
0.039675
0.0403824
0.0410653
0.0417232
0.0423559
0.0429627
0.0435436
0.0440979
0.0446256
0.0451261
0.0455992
0.0460446
0.0464621
0.0468514
0.0472122
0.0475444
0.0478477
0.048122
0.048367
0.0485827
0.0487689
0.0489254
0.0490523
0.0491494
0.0492167
0.0492541
0.0492615
0.0492391
0.0491868
0.0491046
0.0489926
0.0488509
0.0486795
0.0484785
0.0482481
0.0479885
0.0476997
0.0473819
0.0470354
0.0466603
0.0462569
0.0458254
0.0453661
0.0448792
0.0443651
0.0438241
0.0432565
0.0426626
0.0420428
0.0413974
0.040727
0.0400318
0.0393123
0.038569
0.0378022
0.0370125
0.0362003
0.0353661
0.0345105
0.0336339
0.0327369
0.03182
0.0308838
0.0299289
0.0289558
0.0279651
0.0269574
0.0259334
0.0248936
0.0238387
0.0227693
0.0216861
0.0205898
0.0194809
0.0183602
0.0172284
0.0160861
0.0149341
0.013773
0.0126035
0.0114263
0.0102423
0.00905199
0.00785621
0.00665565
0.00545106
0.00424316
0.00303268
0.00182036
0.000606937
-0.000606856
-0.00182028
-0.0030326
-0.00424308
-0.00545098
-0.00665557
-0.00785613
-0.00905191
-0.0102422
-0.0114263
-0.0126034
-0.0137729
-0.014934
-0.0160861
-0.0172283
-0.0183602
-0.0194808
-0.0205897
-0.0216861
-0.0227692
-0.0238386
-0.0248935
-0.0259333
-0.0269573
-0.027965
-0.0289557
-0.0299288
-0.0308838
-0.0318199
-0.0327368
-0.0336338
-0.0345104
-0.0353661
-0.0362002
-0.0370124
-0.0378021
-0.0385689
-0.0393122
-0.0400317
-0.0407269
-0.0413974
-0.0420427
-0.0426625
-0.0432564
-0.043824
-0.0443651
-0.0448792
-0.045366
-0.0458253
-0.0462568
-0.0466602
-0.0470353
-0.0473818
-0.0476996
-0.0479884
-0.0482481
-0.0484785
-0.0486794
-0.0488508
-0.0489925
-0.0491045
-0.0491867
-0.049239
-0.0492615
-0.049254
-0.0492166
-0.0491494
-0.0490523
-0.0489254
-0.0487688
-0.0485826
-0.0483669
-0.0481219
-0.0478476
-0.0475443
-0.0472122
-0.0468513
-0.0464621
-0.0460446
-0.0455991
-0.045126
-0.0446255
-0.0440979
-0.0435435
-0.0429627
-0.0423558
-0.0417232
-0.0410653
-0.0403824
-0.039675
-0.0389435
-0.0381884
-0.0374101
-0.0366091
-0.0357859
-0.0349409
-0.0340747
-0.0331879
-0.0322809
-0.0313543
-0.0304086
-0.0294445
-0.0284625
-0.0274633
-0.0264473
-0.0254154
-0.0243679
-0.0233057
-0.0222294
-0.0211395
-0.0200368
-0.018922
-0.0177956
-0.0166585
-0.0155112
-0.0143546
-0.0131892
-0.0120158
-0.0108351
-0.00964782
-0.0084547
-0.00725644
-0.00605377
-0.00484744
-0.00363815
-0.00242666
-0.0012137
0
0
0.00181963
0.00363816
0.00545447
0.00726748
0.00907607
0.0108792
0.0126756
0.0144644
0.0162444
0.0180146
0.0197738
0.021521
0.0232551
0.0249751
0.02668
0.0283686
0.0300401
0.0316933
0.0333272
0.0349409
0.0365334
0.0381038
0.039651
0.0411741
0.0426722
0.0441445
0.0455899
0.0470076
0.0483968
0.0497567
0.0510863
0.0523849
0.0536517
0.0548859
0.0560868
0.0572537
0.0583858
0.0594825
0.060543
0.0615668
0.0625532
0.0635016
0.0644115
0.0652823
0.0661134
0.0669045
0.0676549
0.0683642
0.069032
0.0696579
0.0702415
0.0707825
0.0712805
0.0717352
0.0721464
0.0725138
0.0728371
0.0731163
0.073351
0.0735412
0.0736868
0.0737877
0.0738437
0.0738549
0.0738213
0.0737428
0.0736196
0.0734517
0.0732392
0.0729823
0.072681
0.0723356
0.0719463
0.0715133
0.0710369
0.0705174
0.069955
0.0693502
0.0687033
0.0680147
0.0672848
0.066514
0.0657029
0.0648519
0.0639615
0.0630322
0.0620647
0.0610596
0.0600173
0.0589386
0.0578242
0.0566746
0.0554906
0.054273
0.0530223
0.0517395
0.0504253
0.0490805
0.0477059
0.0463023
0.0448706
0.0434117
0.0419264
0.0404156
0.0388804
0.0373215
0.0357399
0.0341367
0.0325127
0.030869
0.0292066
0.0275264
0.0258296
0.024117
0.0223898
0.020649
0.0188957
0.0171308
0.0153556
0.0135711
0.0117783
0.00997843
0.00817245
0.00636152
0.00454672
0.00272916
0.000909945
-0.000909823
-0.00272904
-0.0045466
-0.0063614
-0.00817233
-0.00997831
-0.0117782
-0.013571
-0.0153555
-0.0171307
-0.0188955
-0.0206489
-0.0223897
-0.0241169
-0.0258294
-0.0275263
-0.0292065
-0.0308689
-0.0325126
-0.0341366
-0.0357398
-0.0373214
-0.0388803
-0.0404155
-0.0419263
-0.0434116
-0.0448705
-0.0463022
-0.0477058
-0.0490804
-0.0504252
-0.0517394
-0.0530222
-0.0542728
-0.0554905
-0.0566745
-0.0578241
-0.0589385
-0.0600172
-0.0610594
-0.0620646
-0.0630321
-0.0639613
-0.0648517
-0.0657028
-0.0665139
-0.0672847
-0.0680146
-0.0687032
-0.0693501
-0.0699549
-0.0705173
-0.0710368
-0.0715132
-0.0719462
-0.0723355
-0.0726809
-0.0729822
-0.0732391
-0.0734516
-0.0736195
-0.0737427
-0.0738212
-0.0738548
-0.0738436
-0.0737876
-0.0736867
-0.0735412
-0.0733509
-0.0731162
-0.0728371
-0.0725137
-0.0721463
-0.0717352
-0.0712804
-0.0707824
-0.0702414
-0.0696578
-0.0690319
-0.0683641
-0.0676548
-0.0669044
-0.0661134
-0.0652822
-0.0644115
-0.0635016
-0.0625531
-0.0615667
-0.0605429
-0.0594824
-0.0583857
-0.0572536
-0.0560868
-0.0548859
-0.0536516
-0.0523848
-0.0510862
-0.0497566
-0.0483968
-0.0470076
-0.0455898
-0.0441444
-0.0426722
-0.0411741
-0.0396509
-0.0381037
-0.0365334
-0.0349409
-0.0333272
-0.0316932
-0.03004
-0.0283686
-0.0266799
-0.0249751
-0.0232551
-0.0215209
-0.0197738
-0.0180145
-0.0162444
-0.0144644
-0.0126756
-0.0108791
-0.00907607
-0.00726747
-0.00545447
-0.00363815
-0.00181963
0
0
0.00242446
0.00484744
0.00726748
0.00968311
0.0120929
0.0144953
0.0168889
0.0192722
0.0216439
0.0240024
0.0263463
0.0286743
0.0309848
0.0332766
0.0355481
0.037798
0.040025
0.0422277
0.0444048
0.0465549
0.0486768
0.050769
0.0528305
0.0548599
0.056856
0.0588176
0.0607434
0.0626324
0.0644834
0.0662952
0.0680668
0.069797
0.0714849
0.0731294
0.0747295
0.0762842
0.0777926
0.0792538
0.0806668
0.0820309
0.0833452
0.0846089
0.0858212
0.0869814
0.0880888
0.0891428
0.0901426
0.0910877
0.0919774
0.0928114
0.093589
0.0943098
0.0949733
0.0955792
0.0961271
0.0966166
0.0970474
0.0974193
0.0977321
0.0979855
0.0981795
0.0983138
0.0983885
0.0984034
0.0983586
0.0982541
0.09809
0.0978662
0.0975831
0.0972407
0.0968393
0.0963791
0.0958604
0.0952835
0.0946488
0.0939566
0.0932073
0.0924015
0.0915395
0.090622
0.0896495
0.0886225
0.0875418
0.0864079
0.0852215
0.0839834
0.0826943
0.0813551
0.0799664
0.0785292
0.0770443
0.0755126
0.0739351
0.0723127
0.0706464
0.0689372
0.0671862
0.0653943
0.0635628
0.0616927
0.0597851
0.0578412
0.0558623
0.0538494
0.0518038
0.0497267
0.0476195
0.0454834
0.0433196
0.0411296
0.0389146
0.0366759
0.034415
0.0321332
0.0298319
0.0275125
0.0251764
0.0228249
0.0204597
0.018082
0.0156933
0.0132951
0.0108889
0.00847602
0.006058
0.0036363
0.0012124
-0.00121224
-0.00363614
-0.00605784
-0.00847585
-0.0108887
-0.013295
-0.0156932
-0.0180818
-0.0204595
-0.0228248
-0.0251762
-0.0275123
-0.0298317
-0.032133
-0.0344148
-0.0366758
-0.0389144
-0.0411294
-0.0433195
-0.0454832
-0.0476193
-0.0497266
-0.0518036
-0.0538492
-0.0558621
-0.0578411
-0.0597849
-0.0616925
-0.0635626
-0.0653942
-0.067186
-0.068937
-0.0706462
-0.0723125
-0.0739349
-0.0755124
-0.0770441
-0.078529
-0.0799662
-0.0813549
-0.0826942
-0.0839833
-0.0852214
-0.0864077
-0.0875416
-0.0886224
-0.0896493
-0.0906219
-0.0915394
-0.0924013
-0.0932072
-0.0939564
-0.0946486
-0.0952834
-0.0958603
-0.096379
-0.0968392
-0.0972406
-0.097583
-0.0978661
-0.0980898
-0.098254
-0.0983585
-0.0984033
-0.0983884
-0.0983137
-0.0981794
-0.0979854
-0.097732
-0.0974192
-0.0970473
-0.0966164
-0.096127
-0.0955791
-0.0949732
-0.0943097
-0.0935889
-0.0928113
-0.0919774
-0.0910876
-0.0901425
-0.0891427
-0.0880887
-0.0869813
-0.0858211
-0.0846088
-0.0833451
-0.0820308
-0.0806667
-0.0792537
-0.0777925
-0.0762841
-0.0747294
-0.0731293
-0.0714849
-0.069797
-0.0680667
-0.0662952
-0.0644833
-0.0626324
-0.0607434
-0.0588175
-0.056856
-0.0548599
-0.0528305
-0.050769
-0.0486767
-0.0465549
-0.0444048
-0.0422277
-0.040025
-0.037798
-0.0355481
-0.0332765
-0.0309848
-0.0286743
-0.0263463
-0.0240024
-0.0216439
-0.0192722
-0.0168889
-0.0144953
-0.0120928
-0.0096831
-0.00726747
-0.00484744
-0.00242445
0
0
0.00302781
0.00605378
0.00907607
0.0120929
0.0151023
0.0181026
0.0210919
0.0240683
0.0270302
0.0299757
0.0329029
0.0358102
0.0386958
0.0415578
0.0443946
0.0472045
0.0499857
0.0527366
0.0554554
0.0581406
0.0607905
0.0634035
0.065978
0.0685124
0.0710053
0.073455
0.0758601
0.0782192
0.0805308
0.0827935
0.085006
0.0871668
0.0892747
0.0913285
0.0933267
0.0952684
0.0971521
0.0989769
0.100742
0.102445
0.104087
0.105665
0.107179
0.108628
0.110011
0.111327
0.112576
0.113756
0.114867
0.115909
0.11688
0.11778
0.118609
0.119365
0.120049
0.120661
0.121199
0.121663
0.122054
0.12237
0.122613
0.12278
0.122874
0.122892
0.122836
0.122706
0.122501
0.122221
0.121868
0.12144
0.120939
0.120364
0.119716
0.118996
0.118203
0.117339
0.116403
0.115397
0.11432
0.113174
0.11196
0.110677
0.109328
0.107911
0.10643
0.104884
0.103274
0.101601
0.0998669
0.098072
0.0962176
0.0943048
0.0923347
0.0903085
0.0882275
0.086093
0.0839062
0.0816684
0.0793811
0.0770456
0.0746633
0.0722357
0.0697642
0.0672504
0.0646957
0.0621018
0.0594702
0.0568024
0.0541002
0.0513651
0.0485989
0.0458031
0.0429796
0.0401299
0.0372559
0.0343593
0.0314418
0.0285052
0.0255513
0.0225819
0.0195988
0.0166038
0.0135987
0.0105854
0.0075656
0.00454124
0.00151412
-0.00151392
-0.00454103
-0.0075654
-0.0105852
-0.0135985
-0.0166036
-0.0195986
-0.0225817
-0.0255511
-0.028505
-0.0314416
-0.0343591
-0.0372557
-0.0401297
-0.0429794
-0.0458029
-0.0485987
-0.0513649
-0.0541
-0.0568022
-0.05947
-0.0621016
-0.0646955
-0.0672502
-0.069764
-0.0722355
-0.0746631
-0.0770454
-0.0793809
-0.0816682
-0.083906
-0.0860928
-0.0882273
-0.0903083
-0.0923345
-0.0943046
-0.0962174
-0.0980718
-0.0998667
-0.101601
-0.103274
-0.104883
-0.10643
-0.107911
-0.109327
-0.110677
-0.11196
-0.113174
-0.11432
-0.115396
-0.116403
-0.117339
-0.118203
-0.118996
-0.119716
-0.120364
-0.120939
-0.12144
-0.121868
-0.122221
-0.122501
-0.122706
-0.122836
-0.122892
-0.122873
-0.12278
-0.122612
-0.12237
-0.122054
-0.121663
-0.121199
-0.120661
-0.120049
-0.119365
-0.118608
-0.11778
-0.11688
-0.115908
-0.114867
-0.113756
-0.112575
-0.111327
-0.110011
-0.108628
-0.107179
-0.105665
-0.104086
-0.102445
-0.100742
-0.0989768
-0.097152
-0.0952683
-0.0933267
-0.0913284
-0.0892747
-0.0871667
-0.0850059
-0.0827935
-0.0805308
-0.0782192
-0.0758601
-0.0734549
-0.0710052
-0.0685124
-0.0659779
-0.0634034
-0.0607905
-0.0581406
-0.0554554
-0.0527365
-0.0499857
-0.0472045
-0.0443946
-0.0415578
-0.0386957
-0.0358102
-0.0329029
-0.0299756
-0.0270302
-0.0240683
-0.0210918
-0.0181026
-0.0151023
-0.0120928
-0.00907607
-0.00605377
-0.00302781
0
0
0.00362932
0.00725644
0.0108792
0.0144953
0.0181026
0.0216989
0.025282
0.0288498
0.0324001
0.0359307
0.0394395
0.0429244
0.0463832
0.0498138
0.0532142
0.0565823
0.0599161
0.0632134
0.0664724
0.069691
0.0728674
0.0759994
0.0790854
0.0821233
0.0851114
0.0880478
0.0909308
0.0937585
0.0965294
0.0992416
0.101894
0.104484
0.10701
0.109472
0.111867
0.114195
0.116453
0.11864
0.120755
0.122797
0.124765
0.126656
0.128471
0.130208
0.131866
0.133444
0.13494
0.136355
0.137687
0.138935
0.140099
0.141178
0.142172
0.143079
0.143899
0.144632
0.145276
0.145833
0.146301
0.146681
0.146971
0.147172
0.147284
0.147306
0.147239
0.147083
0.146837
0.146502
0.146078
0.145566
0.144965
0.144276
0.1435
0.142636
0.141686
0.14065
0.139528
0.138322
0.137031
0.135658
0.134202
0.132665
0.131047
0.12935
0.127574
0.12572
0.12379
0.121786
0.119707
0.117555
0.115333
0.11304
0.110678
0.108249
0.105755
0.103197
0.100575
0.097893
0.0951512
0.0923517
0.0894962
0.0865863
0.0836238
0.0806106
0.0775484
0.0744391
0.0712847
0.068087
0.0648479
0.0615695
0.0582537
0.0549025
0.051518
0.0481023
0.0446573
0.0411852
0.0376881
0.0341681
0.0306274
0.0270681
0.0234924
0.0199024
0.0163003
0.0126883
0.00906861
0.00544342
0.00181492
-0.00181468
-0.00544317
-0.00906836
-0.012688
-0.0163
-0.0199021
-0.0234921
-0.0270679
-0.0306272
-0.0341679
-0.0376879
-0.041185
-0.044657
-0.048102
-0.0515178
-0.0549023
-0.0582535
-0.0615693
-0.0648477
-0.0680867
-0.0712845
-0.0744389
-0.0775482
-0.0806103
-0.0836236
-0.086586
-0.0894959
-0.0923515
-0.095151
-0.0978927
-0.100575
-0.103196
-0.105755
-0.108249
-0.110678
-0.113039
-0.115332
-0.117555
-0.119707
-0.121785
-0.12379
-0.12572
-0.127573
-0.129349
-0.131047
-0.132665
-0.134202
-0.135658
-0.137031
-0.138321
-0.139528
-0.140649
-0.141686
-0.142636
-0.143499
-0.144276
-0.144965
-0.145566
-0.146078
-0.146502
-0.146837
-0.147083
-0.147239
-0.147306
-0.147284
-0.147172
-0.146971
-0.146681
-0.146301
-0.145833
-0.145276
-0.144631
-0.143899
-0.143079
-0.142172
-0.141178
-0.140099
-0.138935
-0.137687
-0.136355
-0.13494
-0.133443
-0.131866
-0.130208
-0.128471
-0.126656
-0.124765
-0.122797
-0.120755
-0.11864
-0.116453
-0.114195
-0.111867
-0.109472
-0.10701
-0.104484
-0.101893
-0.0992415
-0.0965293
-0.0937584
-0.0909307
-0.0880477
-0.0851113
-0.0821233
-0.0790853
-0.0759994
-0.0728673
-0.069691
-0.0664724
-0.0632134
-0.059916
-0.0565823
-0.0532142
-0.0498138
-0.0463832
-0.0429244
-0.0394395
-0.0359307
-0.0324001
-0.0288498
-0.025282
-0.0216989
-0.0181026
-0.0144953
-0.0108791
-0.00725644
-0.00362932
0
0
0.00422863
0.0084547
0.0126756
0.0168889
0.0210919
0.025282
0.0294569
0.0336138
0.0377504
0.041864
0.0459522
0.0500125
0.0540425
0.0580396
0.0620015
0.0659258
0.06981
0.0736519
0.077449
0.0811991
0.0849
0.0885493
0.0921448
0.0956844
0.0991659
0.102587
0.105946
0.109241
0.112469
0.115629
0.118719
0.121737
0.124681
0.127549
0.13034
0.133052
0.135683
0.138231
0.140696
0.143075
0.145367
0.147571
0.149686
0.151709
0.153641
0.155479
0.157223
0.158871
0.160423
0.161878
0.163234
0.164491
0.165649
0.166705
0.167661
0.168515
0.169266
0.169915
0.17046
0.170902
0.171241
0.171475
0.171605
0.171631
0.171553
0.171371
0.171084
0.170694
0.1702
0.169603
0.168903
0.1681
0.167196
0.16619
0.165082
0.163875
0.162568
0.161163
0.159659
0.158059
0.156363
0.154572
0.152687
0.150709
0.14864
0.14648
0.144232
0.141896
0.139474
0.136967
0.134377
0.131706
0.128954
0.126125
0.123218
0.120237
0.117183
0.114058
0.110864
0.107602
0.104275
0.100884
0.0974326
0.0939218
0.090354
0.0867313
0.083056
0.0793302
0.0755563
0.0717365
0.0678732
0.0639686
0.0600252
0.0560454
0.0520316
0.0479861
0.0439116
0.0398103
0.0356849
0.0315379
0.0273717
0.0231888
0.0189919
0.0147835
0.0105661
0.00634229
0.00211462
-0.00211433
-0.006342
-0.0105658
-0.0147832
-0.0189917
-0.0231886
-0.0273714
-0.0315376
-0.0356846
-0.03981
-0.0439113
-0.0479858
-0.0520313
-0.0560451
-0.0600249
-0.0639683
-0.0678729
-0.0717362
-0.075556
-0.0793299
-0.0830557
-0.086731
-0.0903537
-0.0939215
-0.0974324
-0.100884
-0.104274
-0.107602
-0.110863
-0.114058
-0.117183
-0.120237
-0.123218
-0.126125
-0.128954
-0.131706
-0.134377
-0.136967
-0.139474
-0.141896
-0.144232
-0.14648
-0.14864
-0.150709
-0.152686
-0.154572
-0.156363
-0.158059
-0.159659
-0.161163
-0.162568
-0.163875
-0.165082
-0.166189
-0.167196
-0.1681
-0.168903
-0.169603
-0.1702
-0.170694
-0.171084
-0.171371
-0.171553
-0.171631
-0.171605
-0.171475
-0.17124
-0.170902
-0.17046
-0.169915
-0.169266
-0.168514
-0.167661
-0.166705
-0.165648
-0.164491
-0.163234
-0.161878
-0.160423
-0.158871
-0.157223
-0.155479
-0.153641
-0.151709
-0.149686
-0.147571
-0.145367
-0.143075
-0.140696
-0.138231
-0.135682
-0.133052
-0.13034
-0.127549
-0.124681
-0.121737
-0.118719
-0.115629
-0.112469
-0.109241
-0.105946
-0.102587
-0.0991658
-0.0956843
-0.0921447
-0.0885492
-0.0848999
-0.0811991
-0.077449
-0.0736518
-0.06981
-0.0659257
-0.0620015
-0.0580396
-0.0540424
-0.0500125
-0.0459522
-0.041864
-0.0377503
-0.0336138
-0.0294569
-0.025282
-0.0210918
-0.0168889
-0.0126756
-0.0084547
-0.00422863
0
0
0.00482538
0.00964783
0.0144644
0.0192722
0.0240683
0.0288498
0.0336138
0.0383574
0.0430777
0.0477718
0.052437
0.0570703
0.0616689
0.0662301
0.0707512
0.0752292
0.0796616
0.0840456
0.0883786
0.092658
0.096881
0.101045
0.105148
0.109187
0.11316
0.117064
0.120897
0.124657
0.128341
0.131947
0.135473
0.138917
0.142276
0.145549
0.148734
0.151828
0.15483
0.157738
0.160551
0.163266
0.165881
0.168397
0.170809
0.173119
0.175323
0.17742
0.17941
0.181291
0.183062
0.184722
0.18627
0.187704
0.189025
0.190231
0.191321
0.192295
0.193153
0.193893
0.194516
0.19502
0.195406
0.195673
0.195822
0.195852
0.195763
0.195555
0.195228
0.194783
0.194219
0.193538
0.192739
0.191823
0.19079
0.189642
0.188379
0.187001
0.18551
0.183906
0.182191
0.180364
0.178429
0.176385
0.174234
0.171977
0.169616
0.167152
0.164586
0.16192
0.159157
0.156296
0.153341
0.150292
0.147153
0.143923
0.140607
0.137205
0.13372
0.130154
0.126509
0.122787
0.11899
0.115121
0.111182
0.107176
0.103105
0.0989708
0.0947768
0.0905253
0.0862188
0.0818599
0.0774514
0.0729958
0.068496
0.0639545
0.0593742
0.0547579
0.0501083
0.0454284
0.0407208
0.0359885
0.0312344
0.0264613
0.0216721
0.0168698
0.0120572
0.00723731
0.00241303
-0.00241271
-0.00723699
-0.0120569
-0.0168694
-0.0216718
-0.0264609
-0.031234
-0.0359882
-0.0407205
-0.045428
-0.050108
-0.0547576
-0.0593739
-0.0639542
-0.0684957
-0.0729955
-0.0774511
-0.0818596
-0.0862185
-0.090525
-0.0947765
-0.0989705
-0.103104
-0.107176
-0.111182
-0.115121
-0.11899
-0.122786
-0.126508
-0.130154
-0.13372
-0.137205
-0.140607
-0.143923
-0.147152
-0.150292
-0.15334
-0.156296
-0.159156
-0.16192
-0.164586
-0.167151
-0.169616
-0.171977
-0.174234
-0.176385
-0.178429
-0.180364
-0.18219
-0.183906
-0.18551
-0.187001
-0.188379
-0.189642
-0.19079
-0.191823
-0.192738
-0.193537
-0.194219
-0.194782
-0.195228
-0.195554
-0.195762
-0.195852
-0.195822
-0.195673
-0.195406
-0.19502
-0.194515
-0.193893
-0.193153
-0.192295
-0.191321
-0.190231
-0.189025
-0.187704
-0.186269
-0.184722
-0.183062
-0.181291
-0.17941
-0.17742
-0.175322
-0.173118
-0.170809
-0.168396
-0.165881
-0.163265
-0.160551
-0.157738
-0.15483
-0.151828
-0.148733
-0.145549
-0.142276
-0.138916
-0.135473
-0.131947
-0.128341
-0.124657
-0.120897
-0.117064
-0.11316
-0.109187
-0.105148
-0.101045
-0.096881
-0.0926579
-0.0883785
-0.0840455
-0.0796615
-0.0752291
-0.0707511
-0.0662301
-0.0616689
-0.0570702
-0.0524369
-0.0477718
-0.0430777
-0.0383574
-0.0336138
-0.0288498
-0.0240683
-0.0192722
-0.0144644
-0.00964782
-0.00482537
0
0
0.00541919
0.0108351
0.0162444
0.0216439
0.0270302
0.0324001
0.0377504
0.0430777
0.0483789
0.0536507
0.0588899
0.0640934
0.069258
0.0743805
0.0794578
0.084487
0.0894648
0.0943883
0.0992546
0.104061
0.108803
0.11348
0.118088
0.122624
0.127086
0.13147
0.135775
0.139997
0.144135
0.148184
0.152144
0.156012
0.159785
0.16346
0.167037
0.170512
0.173884
0.17715
0.180308
0.183357
0.186295
0.18912
0.191829
0.194423
0.196898
0.199254
0.201489
0.203601
0.20559
0.207454
0.209192
0.210803
0.212286
0.213641
0.214865
0.215959
0.216922
0.217754
0.218453
0.219019
0.219453
0.219753
0.21992
0.219953
0.219853
0.21962
0.219253
0.218753
0.21812
0.217355
0.216457
0.215429
0.214269
0.21298
0.211561
0.210014
0.208339
0.206538
0.204611
0.20256
0.200386
0.198091
0.195675
0.193141
0.190489
0.187722
0.18484
0.181847
0.178743
0.17553
0.172211
0.168787
0.165261
0.161635
0.15791
0.15409
0.150176
0.146171
0.142077
0.137897
0.133633
0.129288
0.124864
0.120365
0.115793
0.11115
0.10644
0.101665
0.0968289
0.0919337
0.0869826
0.0819788
0.0769251
0.0718248
0.0666809
0.0614965
0.0562747
0.0510188
0.0457319
0.0404173
0.0350781
0.0297176
0.0243391
0.0189458
0.013541
0.00812794
0.00270998
-0.00270962
-0.00812758
-0.0135406
-0.0189454
-0.0243387
-0.0297172
-0.0350777
-0.0404169
-0.0457316
-0.0510184
-0.0562744
-0.0614961
-0.0666805
-0.0718245
-0.0769248
-0.0819784
-0.0869823
-0.0919333
-0.0968286
-0.101665
-0.10644
-0.11115
-0.115793
-0.120365
-0.124864
-0.129288
-0.133633
-0.137896
-0.142077
-0.14617
-0.150176
-0.15409
-0.15791
-0.161634
-0.165261
-0.168787
-0.172211
-0.17553
-0.178742
-0.181846
-0.18484
-0.187721
-0.190489
-0.19314
-0.195675
-0.198091
-0.200386
-0.20256
-0.204611
-0.206537
-0.208339
-0.210013
-0.211561
-0.212979
-0.214269
-0.215428
-0.216457
-0.217354
-0.21812
-0.218752
-0.219252
-0.219619
-0.219853
-0.219953
-0.21992
-0.219753
-0.219453
-0.219019
-0.218453
-0.217753
-0.216922
-0.215959
-0.214865
-0.21364
-0.212286
-0.210803
-0.209192
-0.207454
-0.20559
-0.203601
-0.201488
-0.199254
-0.196898
-0.194422
-0.191829
-0.189119
-0.186295
-0.183357
-0.180308
-0.177149
-0.173883
-0.170512
-0.167037
-0.16346
-0.159784
-0.156012
-0.152144
-0.148184
-0.144135
-0.139997
-0.135775
-0.13147
-0.127086
-0.122624
-0.118088
-0.11348
-0.108803
-0.10406
-0.0992545
-0.0943883
-0.0894647
-0.0844869
-0.0794578
-0.0743804
-0.0692579
-0.0640933
-0.0588899
-0.0536506
-0.0483788
-0.0430777
-0.0377503
-0.0324001
-0.0270302
-0.0216439
-0.0162444
-0.0108351
-0.00541919
0
0
0.00600972
0.0120158
0.0180146
0.0240024
0.0299757
0.0359307
0.041864
0.0477718
0.0536507
0.0594969
0.0653071
0.0710776
0.0768049
0.0824857
0.0881163
0.0936934
0.0992137
0.104674
0.11007
0.1154
0.12066
0.125846
0.130956
0.135986
0.140934
0.145796
0.15057
0.155253
0.159841
0.164332
0.168723
0.173012
0.177196
0.181272
0.185239
0.189093
0.192832
0.196453
0.199956
0.203337
0.206595
0.209728
0.212733
0.215609
0.218354
0.220966
0.223445
0.225787
0.227993
0.23006
0.231988
0.233774
0.235419
0.236921
0.238279
0.239492
0.24056
0.241482
0.242257
0.242886
0.243366
0.243699
0.243885
0.243922
0.243811
0.243551
0.243145
0.24259
0.241888
0.241039
0.240044
0.238904
0.237618
0.236188
0.234615
0.232899
0.231041
0.229044
0.226907
0.224633
0.222222
0.219677
0.216998
0.214187
0.211246
0.208177
0.204982
0.201662
0.19822
0.194657
0.190977
0.18718
0.18327
0.179248
0.175118
0.170881
0.16654
0.162099
0.157559
0.152923
0.148195
0.143376
0.138471
0.133481
0.128411
0.123262
0.118039
0.112744
0.10738
0.101952
0.0964611
0.0909119
0.0853076
0.0796515
0.073947
0.0681977
0.0624069
0.0565783
0.0507153
0.0448215
0.0389005
0.0329559
0.0269913
0.0210103
0.0150165
0.00901364
0.00300529
-0.00300488
-0.00901323
-0.0150161
-0.0210099
-0.0269909
-0.0329555
-0.0389001
-0.0448211
-0.0507149
-0.0565779
-0.0624065
-0.0681973
-0.0739466
-0.0796511
-0.0853072
-0.0909115
-0.0964607
-0.101951
-0.10738
-0.112743
-0.118038
-0.123262
-0.12841
-0.133481
-0.13847
-0.143376
-0.148194
-0.152923
-0.157558
-0.162098
-0.16654
-0.170881
-0.175117
-0.179248
-0.183269
-0.18718
-0.190976
-0.194657
-0.19822
-0.201662
-0.204982
-0.208177
-0.211246
-0.214187
-0.216997
-0.219676
-0.222222
-0.224633
-0.226907
-0.229044
-0.231041
-0.232898
-0.234614
-0.236188
-0.237618
-0.238903
-0.240044
-0.241039
-0.241888
-0.24259
-0.243144
-0.243551
-0.24381
-0.243921
-0.243884
-0.243699
-0.243366
-0.242885
-0.242257
-0.241482
-0.24056
-0.239492
-0.238279
-0.236921
-0.235419
-0.233774
-0.231987
-0.23006
-0.227993
-0.225787
-0.223444
-0.220966
-0.218354
-0.215609
-0.212733
-0.209727
-0.206595
-0.203337
-0.199956
-0.196453
-0.192831
-0.189092
-0.185239
-0.181272
-0.177196
-0.173012
-0.168723
-0.164332
-0.159841
-0.155253
-0.15057
-0.145796
-0.140934
-0.135986
-0.130956
-0.125846
-0.120659
-0.1154
-0.11007
-0.104674
-0.0992136
-0.0936934
-0.0881162
-0.0824856
-0.0768049
-0.0710775
-0.065307
-0.0594969
-0.0536506
-0.0477718
-0.041864
-0.0359307
-0.0299756
-0.0240024
-0.0180145
-0.0120158
-0.00600971
0
0
0.00659659
0.0131892
0.0197738
0.0263463
0.0329029
0.0394395
0.0459522
0.052437
0.0588899
0.0653071
0.0716846
0.0780186
0.0843053
0.0905407
0.0967213
0.102843
0.108902
0.114896
0.120819
0.126669
0.132442
0.138135
0.143744
0.149266
0.154697
0.160034
0.165274
0.170414
0.17545
0.18038
0.1852
0.189908
0.1945
0.198975
0.203328
0.207558
0.211662
0.215638
0.219483
0.223194
0.22677
0.230209
0.233507
0.236664
0.239677
0.242545
0.245265
0.247836
0.250257
0.252526
0.254642
0.256603
0.258409
0.260057
0.261548
0.26288
0.264052
0.265064
0.265915
0.266605
0.267132
0.267498
0.267701
0.267742
0.26762
0.267335
0.266889
0.26628
0.26551
0.264578
0.263486
0.262234
0.260822
0.259253
0.257526
0.255642
0.253604
0.251411
0.249066
0.246569
0.243923
0.241129
0.238189
0.235103
0.231876
0.228507
0.224999
0.221355
0.217577
0.213667
0.209626
0.205459
0.201167
0.196752
0.192219
0.187568
0.182804
0.177929
0.172945
0.167857
0.162667
0.157378
0.151993
0.146516
0.140951
0.135299
0.129566
0.123754
0.117866
0.111908
0.105881
0.0997899
0.0936383
0.0874298
0.0811683
0.0748575
0.0685012
0.0621034
0.0556679
0.0491985
0.0426993
0.0361742
0.0296271
0.023062
0.0164829
0.00989386
0.00329877
-0.00329832
-0.00989341
-0.0164825
-0.0230616
-0.0296267
-0.0361737
-0.0426989
-0.0491981
-0.0556674
-0.062103
-0.0685008
-0.0748571
-0.0811679
-0.0874294
-0.0936378
-0.0997895
-0.10588
-0.111907
-0.117866
-0.123753
-0.129565
-0.135299
-0.14095
-0.146516
-0.151993
-0.157377
-0.162666
-0.167856
-0.172945
-0.177928
-0.182803
-0.187568
-0.192218
-0.196752
-0.201166
-0.205459
-0.209626
-0.213666
-0.217577
-0.221355
-0.224999
-0.228506
-0.231875
-0.235103
-0.238188
-0.241129
-0.243923
-0.246569
-0.249066
-0.251411
-0.253603
-0.255642
-0.257525
-0.259252
-0.260822
-0.262233
-0.263486
-0.264578
-0.265509
-0.26628
-0.266888
-0.267335
-0.267619
-0.267741
-0.267701
-0.267498
-0.267132
-0.266604
-0.265915
-0.265064
-0.264052
-0.262879
-0.261548
-0.260057
-0.258409
-0.256603
-0.254642
-0.252526
-0.250257
-0.247836
-0.245265
-0.242544
-0.239677
-0.236664
-0.233507
-0.230208
-0.22677
-0.223194
-0.219483
-0.215638
-0.211662
-0.207558
-0.203328
-0.198974
-0.1945
-0.189908
-0.1852
-0.18038
-0.17545
-0.170414
-0.165274
-0.160034
-0.154697
-0.149266
-0.143744
-0.138135
-0.132442
-0.126669
-0.120819
-0.114896
-0.108902
-0.102843
-0.0967212
-0.0905407
-0.0843052
-0.0780186
-0.0716846
-0.065307
-0.0588899
-0.0524369
-0.0459522
-0.0394395
-0.0329029
-0.0263463
-0.0197738
-0.0131892
-0.00659659
0
0
0.00717947
0.0143546
0.021521
0.0286743
0.0358102
0.0429244
0.0500125
0.0570703
0.0640934
0.0710776
0.0780186
0.0849123
0.0917545
0.0985409
0.105267
0.11193
0.118525
0.125048
0.131495
0.137862
0.144145
0.150341
0.156445
0.162455
0.168366
0.174175
0.179878
0.185472
0.190953
0.196318
0.201564
0.206688
0.211686
0.216556
0.221294
0.225898
0.230365
0.234692
0.238876
0.242916
0.246808
0.25055
0.25414
0.257575
0.260855
0.263976
0.266936
0.269735
0.27237
0.27484
0.277142
0.279277
0.281242
0.283036
0.284658
0.286108
0.287383
0.288485
0.289411
0.290162
0.290736
0.291134
0.291355
0.291399
0.291266
0.290957
0.290471
0.289808
0.28897
0.287956
0.286767
0.285405
0.283869
0.28216
0.280281
0.278231
0.276012
0.273626
0.271073
0.268356
0.265476
0.262435
0.259235
0.255877
0.252364
0.248698
0.24488
0.240914
0.236802
0.232546
0.228149
0.223613
0.218942
0.214137
0.209203
0.204142
0.198956
0.19365
0.188227
0.182689
0.17704
0.171283
0.165423
0.159462
0.153405
0.147254
0.141014
0.134689
0.128281
0.121796
0.115236
0.108607
0.101912
0.0951551
0.0883403
0.0814719
0.074554
0.0675908
0.0605866
0.0535457
0.0464722
0.0393705
0.0322449
0.0250998
0.0179394
0.0107681
0.00359025
-0.00358976
-0.0107676
-0.0179389
-0.0250993
-0.0322444
-0.03937
-0.0464717
-0.0535452
-0.0605862
-0.0675903
-0.0745535
-0.0814714
-0.0883398
-0.0951546
-0.101912
-0.108607
-0.115236
-0.121795
-0.128281
-0.134688
-0.141014
-0.147254
-0.153404
-0.159462
-0.165423
-0.171283
-0.177039
-0.182688
-0.188226
-0.19365
-0.198956
-0.204141
-0.209203
-0.214137
-0.218941
-0.223613
-0.228148
-0.232546
-0.236802
-0.240914
-0.24488
-0.248697
-0.252363
-0.255877
-0.259234
-0.262435
-0.265476
-0.268356
-0.271073
-0.273625
-0.276012
-0.27823
-0.28028
-0.28216
-0.283868
-0.285404
-0.286767
-0.287956
-0.28897
-0.289808
-0.29047
-0.290957
-0.291266
-0.291399
-0.291355
-0.291133
-0.290736
-0.290161
-0.289411
-0.288485
-0.287383
-0.286107
-0.284658
-0.283036
-0.281241
-0.279276
-0.277142
-0.274839
-0.27237
-0.269735
-0.266936
-0.263975
-0.260854
-0.257575
-0.254139
-0.250549
-0.246807
-0.242915
-0.238876
-0.234692
-0.230365
-0.225898
-0.221294
-0.216556
-0.211686
-0.206688
-0.201564
-0.196318
-0.190953
-0.185471
-0.179878
-0.174175
-0.168366
-0.162455
-0.156445
-0.150341
-0.144145
-0.137862
-0.131494
-0.125048
-0.118525
-0.11193
-0.105267
-0.0985408
-0.0917544
-0.0849122
-0.0780186
-0.0710775
-0.0640933
-0.0570702
-0.0500125
-0.0429244
-0.0358102
-0.0286743
-0.0215209
-0.0143546
-0.00717946
0
0
0.00775798
0.0155112
0.0232551
0.0309848
0.0386958
0.0463832
0.0540425
0.0616689
0.069258
0.0768049
0.0843053
0.0917545
0.0991479
0.106481
0.11375
0.120949
0.128076
0.135124
0.14209
0.14897
0.15576
0.162455
0.169052
0.175545
0.181933
0.18821
0.194372
0.200417
0.206339
0.212137
0.217806
0.223343
0.228744
0.234006
0.239126
0.244101
0.248927
0.253603
0.258125
0.262489
0.266695
0.270739
0.274618
0.278331
0.281874
0.285247
0.288446
0.29147
0.294317
0.296986
0.299474
0.301781
0.303904
0.305842
0.307596
0.309162
0.310541
0.311731
0.312731
0.313542
0.314163
0.314593
0.314832
0.31488
0.314736
0.314402
0.313877
0.313161
0.312255
0.311159
0.309875
0.308402
0.306742
0.304896
0.302865
0.30065
0.298253
0.295674
0.292916
0.28998
0.286868
0.283582
0.280124
0.276495
0.272699
0.268737
0.264612
0.260327
0.255883
0.251284
0.246533
0.241632
0.236584
0.231392
0.22606
0.220591
0.214988
0.209254
0.203394
0.197409
0.191305
0.185085
0.178753
0.172312
0.165766
0.15912
0.152377
0.145542
0.138618
0.13161
0.124522
0.117359
0.110124
0.102823
0.0954586
0.0880368
0.0805614
0.0730372
0.0654686
0.0578603
0.0502169
0.0425429
0.0348432
0.0271223
0.0193849
0.0116358
0.00387955
-0.00387902
-0.0116352
-0.0193844
-0.0271218
-0.0348427
-0.0425424
-0.0502164
-0.0578598
-0.0654681
-0.0730367
-0.0805609
-0.0880362
-0.0954581
-0.102822
-0.110124
-0.117358
-0.124522
-0.131609
-0.138617
-0.145541
-0.152376
-0.159119
-0.165766
-0.172311
-0.178752
-0.185085
-0.191305
-0.197409
-0.203393
-0.209254
-0.214987
-0.220591
-0.22606
-0.231392
-0.236583
-0.241631
-0.246532
-0.251284
-0.255883
-0.260326
-0.264612
-0.268737
-0.272699
-0.276495
-0.280123
-0.283581
-0.286868
-0.28998
-0.292916
-0.295674
-0.298252
-0.30065
-0.302865
-0.304896
-0.306742
-0.308402
-0.309874
-0.311159
-0.312254
-0.31316
-0.313876
-0.314402
-0.314736
-0.314879
-0.314832
-0.314593
-0.314163
-0.313542
-0.312731
-0.31173
-0.31054
-0.309162
-0.307595
-0.305842
-0.303903
-0.30178
-0.299474
-0.296986
-0.294317
-0.29147
-0.288446
-0.285246
-0.281874
-0.27833
-0.274618
-0.270738
-0.266695
-0.262489
-0.258124
-0.253603
-0.248927
-0.2441
-0.239126
-0.234005
-0.228743
-0.223342
-0.217806
-0.212137
-0.206339
-0.200416
-0.194372
-0.188209
-0.181933
-0.175545
-0.169051
-0.162455
-0.15576
-0.14897
-0.14209
-0.135124
-0.128075
-0.120949
-0.11375
-0.106481
-0.0991478
-0.0917544
-0.0843052
-0.0768049
-0.0692579
-0.0616689
-0.0540424
-0.0463832
-0.0386957
-0.0309848
-0.0232551
-0.0155112
-0.00775797
0
0
0.00833178
0.0166585
0.0249751
0.0332766
0.0415578
0.0498138
0.0580396
0.0662301
0.0743805
0.0824857
0.0905407
0.0985409
0.106481
0.114357
0.122163
0.129895
0.137548
0.145118
0.1526
0.159989
0.167281
0.174471
0.181555
0.188529
0.195389
0.20213
0.208748
0.21524
0.221601
0.227827
0.233915
0.239862
0.245662
0.251313
0.256812
0.262155
0.267339
0.27236
0.277216
0.281904
0.286421
0.290763
0.294929
0.298917
0.302722
0.306344
0.30978
0.313028
0.316086
0.318952
0.321624
0.324101
0.326381
0.328464
0.330346
0.332028
0.333509
0.334787
0.335862
0.336733
0.3374
0.337861
0.338118
0.338169
0.338015
0.337656
0.337092
0.336323
0.33535
0.334173
0.332794
0.331212
0.32943
0.327447
0.325266
0.322887
0.320312
0.317543
0.314581
0.311428
0.308086
0.304556
0.300842
0.296946
0.292869
0.288614
0.284184
0.279581
0.274809
0.26987
0.264767
0.259503
0.254082
0.248507
0.24278
0.236907
0.230889
0.224731
0.218437
0.21201
0.205455
0.198775
0.191974
0.185056
0.178027
0.170889
0.163647
0.156306
0.14887
0.141344
0.133732
0.126039
0.118269
0.110428
0.102519
0.0945482
0.08652
0.0784393
0.0703109
0.0621398
0.0539311
0.0456896
0.0374203
0.0291283
0.0208187
0.0124964
0.00416649
-0.00416592
-0.0124958
-0.0208181
-0.0291278
-0.0374197
-0.045689
-0.0539305
-0.0621393
-0.0703103
-0.0784387
-0.0865194
-0.0945477
-0.102518
-0.110427
-0.118269
-0.126038
-0.133732
-0.141344
-0.14887
-0.156306
-0.163647
-0.170888
-0.178026
-0.185056
-0.191973
-0.198774
-0.205454
-0.21201
-0.218437
-0.224731
-0.230889
-0.236906
-0.24278
-0.248506
-0.254082
-0.259503
-0.264767
-0.26987
-0.274809
-0.279581
-0.284183
-0.288613
-0.292868
-0.296945
-0.300842
-0.304556
-0.308085
-0.311427
-0.31458
-0.317543
-0.320312
-0.322887
-0.325266
-0.327447
-0.329429
-0.331212
-0.332794
-0.334173
-0.33535
-0.336323
-0.337091
-0.337656
-0.338015
-0.338169
-0.338117
-0.337861
-0.337399
-0.336733
-0.335862
-0.334787
-0.333509
-0.332028
-0.330346
-0.328463
-0.326381
-0.324101
-0.321624
-0.318951
-0.316086
-0.313028
-0.30978
-0.306344
-0.302722
-0.298916
-0.294929
-0.290763
-0.28642
-0.281904
-0.277216
-0.27236
-0.267338
-0.262155
-0.256812
-0.251313
-0.245662
-0.239861
-0.233915
-0.227827
-0.221601
-0.21524
-0.208748
-0.20213
-0.195389
-0.188529
-0.181555
-0.174471
-0.16728
-0.159989
-0.1526
-0.145118
-0.137548
-0.129895
-0.122163
-0.114357
-0.106481
-0.0985408
-0.0905407
-0.0824856
-0.0743804
-0.0662301
-0.0580396
-0.0498138
-0.0415578
-0.0332765
-0.0249751
-0.0166585
-0.00833178
0
0
0.00890053
0.0177957
0.02668
0.0355481
0.0443946
0.0532142
0.0620015
0.0707512
0.0794578
0.0881163
0.0967213
0.105267
0.11375
0.122163
0.130502
0.138762
0.146938
0.155024
0.163016
0.17091
0.178699
0.186381
0.193948
0.201399
0.208727
0.215928
0.222998
0.229933
0.236728
0.243379
0.249883
0.256235
0.262431
0.268469
0.274343
0.28005
0.285588
0.290952
0.29614
0.301147
0.305972
0.310611
0.315062
0.319321
0.323387
0.327256
0.330926
0.334396
0.337663
0.340724
0.343579
0.346225
0.348661
0.350885
0.352896
0.354693
0.356275
0.35764
0.358789
0.359719
0.360431
0.360924
0.361198
0.361253
0.361089
0.360705
0.360102
0.359281
0.358242
0.356985
0.355511
0.353822
0.351917
0.3498
0.347469
0.344928
0.342177
0.339219
0.336055
0.332687
0.329116
0.325346
0.321379
0.317216
0.312861
0.308315
0.303583
0.298666
0.293568
0.288292
0.282841
0.277218
0.271426
0.26547
0.259353
0.253078
0.24665
0.240072
0.233348
0.226483
0.21948
0.212344
0.205078
0.197689
0.190179
0.182554
0.174818
0.166976
0.159033
0.150993
0.142861
0.134643
0.126342
0.117966
0.109517
0.101002
0.092426
0.0837937
0.0751105
0.0663816
0.0576125
0.0488084
0.0399747
0.0311167
0.0222398
0.0133494
0.0044509
-0.0044503
-0.0133488
-0.0222392
-0.0311161
-0.0399741
-0.0488078
-0.0576119
-0.066381
-0.0751099
-0.0837931
-0.0924254
-0.101002
-0.109517
-0.117965
-0.126342
-0.134642
-0.14286
-0.150992
-0.159032
-0.166975
-0.174818
-0.182553
-0.190179
-0.197688
-0.205078
-0.212343
-0.219479
-0.226482
-0.233348
-0.240071
-0.24665
-0.253078
-0.259353
-0.26547
-0.271426
-0.277217
-0.28284
-0.288291
-0.293568
-0.298666
-0.303582
-0.308315
-0.31286
-0.317215
-0.321378
-0.325346
-0.329116
-0.332686
-0.336054
-0.339219
-0.342177
-0.344928
-0.347469
-0.349799
-0.351917
-0.353821
-0.355511
-0.356984
-0.358241
-0.359281
-0.360102
-0.360705
-0.361088
-0.361253
-0.361198
-0.360924
-0.360431
-0.359719
-0.358788
-0.35764
-0.356275
-0.354693
-0.352896
-0.350885
-0.34866
-0.346225
-0.343578
-0.340724
-0.337662
-0.334396
-0.330926
-0.327256
-0.323386
-0.319321
-0.315062
-0.310611
-0.305972
-0.301147
-0.296139
-0.290952
-0.285588
-0.28005
-0.274342
-0.268468
-0.262431
-0.256235
-0.249883
-0.243379
-0.236728
-0.229933
-0.222998
-0.215928
-0.208726
-0.201399
-0.193948
-0.18638
-0.178699
-0.17091
-0.163016
-0.155024
-0.146938
-0.138762
-0.130502
-0.122163
-0.11375
-0.105267
-0.0967212
-0.0881162
-0.0794578
-0.0707511
-0.0620015
-0.0532142
-0.0443946
-0.0355481
-0.0266799
-0.0177956
-0.00890052
0
0
0.00946387
0.018922
0.0283686
0.037798
0.0472045
0.0565823
0.0659258
0.0752292
0.084487
0.0936934
0.102843
0.11193
0.120949
0.129895
0.138762
0.147545
0.156238
0.164836
0.173334
0.181727
0.19001
0.198177
0.206224
0.214146
0.221938
0.229595
0.237112
0.244486
0.251711
0.258784
0.265699
0.272453
0.279042
0.285461
0.291707
0.297776
0.303664
0.309367
0.314883
0.320208
0.325338
0.330271
0.335003
0.339532
0.343855
0.347969
0.351872
0.355561
0.359034
0.36229
0.365325
0.368139
0.370729
0.373094
0.375232
0.377143
0.378825
0.380277
0.381497
0.382487
0.383244
0.383768
0.38406
0.384118
0.383943
0.383535
0.382894
0.382021
0.380916
0.379579
0.378013
0.376216
0.374191
0.371939
0.369462
0.36676
0.363835
0.360689
0.357325
0.353743
0.349947
0.345938
0.34172
0.337293
0.332662
0.32783
0.322798
0.31757
0.312149
0.306539
0.300743
0.294764
0.288606
0.282273
0.275768
0.269097
0.262261
0.255267
0.248118
0.240818
0.233371
0.225783
0.218058
0.210201
0.202216
0.194108
0.185883
0.177544
0.169098
0.160549
0.151903
0.143165
0.134339
0.125432
0.116449
0.107395
0.098276
0.0890973
0.0798644
0.0705831
0.061259
0.0518977
0.0425048
0.0330862
0.0236474
0.0141943
0.00473261
-0.00473197
-0.0141937
-0.0236468
-0.0330855
-0.0425042
-0.051897
-0.0612583
-0.0705825
-0.0798638
-0.0890966
-0.0982753
-0.107394
-0.116448
-0.125431
-0.134338
-0.143164
-0.151902
-0.160549
-0.169098
-0.177544
-0.185882
-0.194108
-0.202216
-0.2102
-0.218058
-0.225783
-0.233371
-0.240817
-0.248117
-0.255266
-0.262261
-0.269096
-0.275768
-0.282272
-0.288605
-0.294763
-0.300742
-0.306538
-0.312148
-0.317569
-0.322797
-0.327829
-0.332662
-0.337293
-0.341719
-0.345938
-0.349946
-0.353743
-0.357324
-0.360689
-0.363834
-0.366759
-0.369461
-0.371939
-0.374191
-0.376216
-0.378012
-0.379579
-0.380915
-0.382021
-0.382894
-0.383535
-0.383943
-0.384118
-0.384059
-0.383768
-0.383243
-0.382486
-0.381497
-0.380276
-0.378824
-0.377143
-0.375232
-0.373093
-0.370728
-0.368138
-0.365325
-0.362289
-0.359034
-0.355561
-0.351871
-0.347969
-0.343855
-0.339532
-0.335003
-0.330271
-0.325338
-0.320208
-0.314883
-0.309367
-0.303663
-0.297775
-0.291706
-0.285461
-0.279041
-0.272453
-0.265699
-0.258783
-0.251711
-0.244486
-0.237112
-0.229594
-0.221937
-0.214146
-0.206224
-0.198177
-0.19001
-0.181727
-0.173334
-0.164836
-0.156238
-0.147545
-0.138762
-0.129895
-0.120949
-0.11193
-0.102843
-0.0936934
-0.0844869
-0.0752291
-0.0659257
-0.0565823
-0.0472045
-0.037798
-0.0283686
-0.018922
-0.00946386
0
0
0.0100215
0.0200368
0.0300401
0.040025
0.0499857
0.0599161
0.06981
0.0796616
0.0894648
0.0992137
0.108902
0.118525
0.128076
0.137548
0.146938
0.156238
0.165443
0.174548
0.183547
0.192434
0.201205
0.209853
0.218374
0.226763
0.235014
0.243122
0.251082
0.258891
0.266542
0.274031
0.281353
0.288505
0.295482
0.30228
0.308894
0.31532
0.321555
0.327595
0.333436
0.339074
0.344507
0.34973
0.354741
0.359537
0.364114
0.368471
0.372603
0.37651
0.380188
0.383635
0.386849
0.389829
0.392571
0.395076
0.39734
0.399364
0.401144
0.402682
0.403975
0.405022
0.405824
0.406379
0.406688
0.40675
0.406565
0.406133
0.405454
0.404529
0.403359
0.401944
0.400284
0.398382
0.396238
0.393854
0.39123
0.388369
0.385272
0.381941
0.378378
0.374585
0.370565
0.36632
0.361853
0.357166
0.352262
0.347145
0.341816
0.33628
0.33054
0.3246
0.318462
0.312131
0.30561
0.298904
0.292016
0.284951
0.277713
0.270307
0.262736
0.255006
0.247121
0.239086
0.230906
0.222586
0.21413
0.205545
0.196835
0.188005
0.179061
0.170009
0.160853
0.1516
0.142254
0.132822
0.12331
0.113723
0.104066
0.0943467
0.0845699
0.0747418
0.0648683
0.0549554
0.0450091
0.0350355
0.0250407
0.0150306
0.00501145
-0.00501077
-0.0150299
-0.02504
-0.0350349
-0.0450084
-0.0549547
-0.0648676
-0.0747411
-0.0845692
-0.094346
-0.104066
-0.113722
-0.123309
-0.132822
-0.142253
-0.151599
-0.160852
-0.170008
-0.179061
-0.188004
-0.196834
-0.205544
-0.21413
-0.222585
-0.230905
-0.239086
-0.247121
-0.255005
-0.262736
-0.270306
-0.277713
-0.284951
-0.292016
-0.298903
-0.305609
-0.31213
-0.318461
-0.324599
-0.33054
-0.33628
-0.341816
-0.347144
-0.352262
-0.357166
-0.361853
-0.36632
-0.370565
-0.374585
-0.378377
-0.38194
-0.385271
-0.388368
-0.391229
-0.393853
-0.396238
-0.398382
-0.400284
-0.401943
-0.403358
-0.404529
-0.405453
-0.406132
-0.406564
-0.406749
-0.406688
-0.406379
-0.405824
-0.405022
-0.403974
-0.402681
-0.401144
-0.399363
-0.39734
-0.395075
-0.392571
-0.389828
-0.386849
-0.383635
-0.380188
-0.37651
-0.372603
-0.36847
-0.364114
-0.359536
-0.354741
-0.34973
-0.344506
-0.339074
-0.333435
-0.327594
-0.321555
-0.31532
-0.308893
-0.302279
-0.295482
-0.288505
-0.281353
-0.27403
-0.266541
-0.25889
-0.251082
-0.243122
-0.235014
-0.226763
-0.218374
-0.209853
-0.201205
-0.192434
-0.183547
-0.174548
-0.165443
-0.156238
-0.146938
-0.137548
-0.128075
-0.118525
-0.108902
-0.0992136
-0.0894647
-0.0796615
-0.06981
-0.059916
-0.0499857
-0.040025
-0.03004
-0.0200368
-0.0100215
0
0
0.010573
0.0211395
0.0316933
0.0422277
0.0527366
0.0632134
0.0736519
0.0840456
0.0943883
0.104674
0.114896
0.125048
0.135124
0.145118
0.155024
0.164836
0.174548
0.184154
0.193648
0.203025
0.212278
0.221402
0.230392
0.239242
0.247947
0.256502
0.2649
0.273138
0.28121
0.289111
0.296837
0.304383
0.311744
0.318915
0.325893
0.332673
0.339251
0.345623
0.351786
0.357734
0.363466
0.368977
0.374264
0.379323
0.384153
0.388749
0.393109
0.39723
0.401111
0.404748
0.408139
0.411282
0.414176
0.416818
0.419207
0.421342
0.423221
0.424843
0.426207
0.427312
0.428158
0.428744
0.429069
0.429134
0.428939
0.428483
0.427767
0.426792
0.425557
0.424064
0.422313
0.420306
0.418044
0.415529
0.41276
0.409742
0.406474
0.40296
0.399201
0.3952
0.390959
0.38648
0.381767
0.376822
0.371648
0.366249
0.360628
0.354787
0.348731
0.342463
0.335988
0.329308
0.322429
0.315353
0.308087
0.300633
0.292997
0.285183
0.277195
0.26904
0.260721
0.252244
0.243614
0.234835
0.225915
0.216857
0.207667
0.198352
0.188916
0.179365
0.169705
0.159943
0.150083
0.140132
0.130096
0.119981
0.109793
0.0995389
0.0892241
0.0788551
0.0684382
0.0579797
0.0474861
0.0369637
0.0264188
0.0158578
0.00528725
-0.00528652
-0.0158571
-0.026418
-0.0369629
-0.0474854
-0.057979
-0.0684374
-0.0788543
-0.0892233
-0.0995382
-0.109793
-0.11998
-0.130095
-0.140131
-0.150082
-0.159942
-0.169704
-0.179364
-0.188915
-0.198351
-0.207667
-0.216856
-0.225914
-0.234835
-0.243613
-0.252243
-0.26072
-0.269039
-0.277195
-0.285182
-0.292996
-0.300632
-0.308086
-0.315353
-0.322428
-0.329307
-0.335987
-0.342463
-0.34873
-0.354786
-0.360627
-0.366249
-0.371648
-0.376822
-0.381766
-0.38648
-0.390958
-0.395199
-0.3992
-0.402959
-0.406474
-0.409741
-0.41276
-0.415528
-0.418044
-0.420306
-0.422313
-0.424063
-0.425556
-0.426791
-0.427767
-0.428483
-0.428939
-0.429134
-0.429069
-0.428743
-0.428157
-0.427311
-0.426206
-0.424842
-0.42322
-0.421341
-0.419207
-0.416818
-0.414175
-0.411282
-0.408138
-0.404747
-0.40111
-0.39723
-0.393109
-0.388748
-0.384152
-0.379323
-0.374263
-0.368976
-0.363465
-0.357734
-0.351785
-0.345623
-0.339251
-0.332673
-0.325893
-0.318915
-0.311743
-0.304382
-0.296837
-0.289111
-0.28121
-0.273138
-0.2649
-0.256501
-0.247947
-0.239242
-0.230392
-0.221402
-0.212278
-0.203024
-0.193648
-0.184154
-0.174548
-0.164836
-0.155024
-0.145118
-0.135124
-0.125048
-0.114896
-0.104674
-0.0943883
-0.0840455
-0.0736518
-0.0632134
-0.0527365
-0.0422277
-0.0316932
-0.0211395
-0.010573
0
0
0.0111181
0.0222294
0.0333272
0.0444048
0.0554554
0.0664724
0.077449
0.0883786
0.0992546
0.11007
0.120819
0.131495
0.14209
0.1526
0.163016
0.173334
0.183547
0.193648
0.203632
0.213492
0.223222
0.232817
0.24227
0.251577
0.26073
0.269726
0.278557
0.28722
0.295708
0.304017
0.312141
0.320075
0.327816
0.335357
0.342694
0.349824
0.356741
0.363442
0.369922
0.376177
0.382204
0.387999
0.393559
0.398879
0.403958
0.408791
0.413376
0.41771
0.42179
0.425615
0.429181
0.432486
0.435529
0.438307
0.44082
0.443064
0.44504
0.446746
0.44818
0.449342
0.450232
0.450848
0.45119
0.451259
0.451053
0.450574
0.449821
0.448795
0.447497
0.445927
0.444086
0.441975
0.439597
0.436951
0.43404
0.430866
0.42743
0.423735
0.419782
0.415574
0.411115
0.406405
0.401449
0.396249
0.390809
0.385131
0.37922
0.373078
0.36671
0.360119
0.35331
0.346286
0.339052
0.331612
0.32397
0.316132
0.308102
0.299885
0.291486
0.28291
0.274163
0.265248
0.256173
0.246942
0.237562
0.228037
0.218374
0.208578
0.198655
0.188612
0.178454
0.168188
0.15782
0.147356
0.136803
0.126167
0.115454
0.104671
0.093824
0.0829205
0.0719665
0.0609689
0.0499343
0.0388693
0.0277808
0.0166754
0.00555984
-0.00555907
-0.0166746
-0.02778
-0.0388686
-0.0499335
-0.0609681
-0.0719658
-0.0829197
-0.0938233
-0.10467
-0.115453
-0.126166
-0.136802
-0.147356
-0.15782
-0.168188
-0.178454
-0.188611
-0.198654
-0.208577
-0.218373
-0.228036
-0.237561
-0.246942
-0.256172
-0.265248
-0.274162
-0.28291
-0.291486
-0.299885
-0.308102
-0.316132
-0.32397
-0.331611
-0.339051
-0.346285
-0.353309
-0.360118
-0.366709
-0.373077
-0.379219
-0.385131
-0.390808
-0.396249
-0.401449
-0.406405
-0.411114
-0.415574
-0.419781
-0.423734
-0.427429
-0.430865
-0.43404
-0.436951
-0.439596
-0.441975
-0.444085
-0.445926
-0.447496
-0.448795
-0.44982
-0.450573
-0.451053
-0.451258
-0.45119
-0.450847
-0.450231
-0.449342
-0.448179
-0.446745
-0.445039
-0.443064
-0.440819
-0.438307
-0.435528
-0.432485
-0.42918
-0.425614
-0.42179
-0.417709
-0.413375
-0.40879
-0.403957
-0.398879
-0.393558
-0.387999
-0.382204
-0.376177
-0.369922
-0.363442
-0.356741
-0.349824
-0.342694
-0.335356
-0.327815
-0.320075
-0.31214
-0.304016
-0.295708
-0.28722
-0.278557
-0.269725
-0.26073
-0.251576
-0.24227
-0.232817
-0.223222
-0.213491
-0.203631
-0.193648
-0.183547
-0.173334
-0.163016
-0.1526
-0.14209
-0.131494
-0.120819
-0.11007
-0.0992545
-0.0883785
-0.077449
-0.0664724
-0.0554554
-0.0444048
-0.0333272
-0.0222294
-0.0111181
0
0
0.0116564
0.0233057
0.0349409
0.0465549
0.0581406
0.069691
0.0811991
0.092658
0.104061
0.1154
0.126669
0.137862
0.14897
0.159989
0.17091
0.181727
0.192434
0.203025
0.213492
0.223829
0.23403
0.24409
0.254001
0.263758
0.273355
0.282786
0.292045
0.301127
0.310026
0.318737
0.327255
0.335574
0.343689
0.351595
0.359288
0.366763
0.374015
0.38104
0.387834
0.394392
0.400711
0.406787
0.412615
0.418193
0.423518
0.428585
0.433392
0.437936
0.442214
0.446223
0.449962
0.453427
0.456617
0.45953
0.462164
0.464518
0.466589
0.468377
0.469881
0.4711
0.472032
0.472678
0.473037
0.473109
0.472893
0.472391
0.471602
0.470526
0.469165
0.467519
0.465589
0.463376
0.460882
0.458109
0.455057
0.451729
0.448127
0.444252
0.440108
0.435697
0.431021
0.426084
0.420888
0.415436
0.409732
0.40378
0.397582
0.391143
0.384466
0.377556
0.370417
0.363053
0.355469
0.347668
0.339657
0.33144
0.323021
0.314406
0.3056
0.296609
0.287438
0.278092
0.268577
0.2589
0.249065
0.239079
0.228947
0.218677
0.208274
0.197745
0.187095
0.176332
0.165462
0.154492
0.143427
0.132276
0.121044
0.109739
0.0983671
0.0869355
0.0754512
0.0639211
0.0523521
0.0407514
0.0291259
0.0174828
0.00582905
-0.00582824
-0.017482
-0.0291251
-0.0407506
-0.0523513
-0.0639203
-0.0754504
-0.0869347
-0.0983663
-0.109738
-0.121043
-0.132275
-0.143426
-0.154491
-0.165461
-0.176331
-0.187094
-0.197744
-0.208273
-0.218676
-0.228947
-0.239078
-0.249064
-0.258899
-0.268576
-0.278091
-0.287437
-0.296608
-0.305599
-0.314405
-0.32302
-0.331439
-0.339656
-0.347668
-0.355468
-0.363052
-0.370416
-0.377556
-0.384466
-0.391142
-0.397581
-0.403779
-0.409731
-0.415435
-0.420887
-0.426083
-0.43102
-0.435696
-0.440107
-0.444251
-0.448126
-0.451728
-0.455056
-0.458108
-0.460882
-0.463376
-0.465588
-0.467518
-0.469164
-0.470525
-0.471601
-0.47239
-0.472893
-0.473108
-0.473036
-0.472677
-0.472031
-0.471099
-0.46988
-0.468377
-0.466589
-0.464517
-0.462164
-0.45953
-0.456617
-0.453427
-0.449961
-0.446223
-0.442213
-0.437935
-0.433391
-0.428584
-0.423517
-0.418193
-0.412615
-0.406786
-0.400711
-0.394392
-0.387833
-0.38104
-0.374015
-0.366762
-0.359288
-0.351595
-0.343688
-0.335573
-0.327254
-0.318737
-0.310026
-0.301127
-0.292045
-0.282786
-0.273355
-0.263758
-0.254001
-0.24409
-0.23403
-0.223829
-0.213491
-0.203024
-0.192434
-0.181727
-0.17091
-0.159989
-0.14897
-0.137862
-0.126669
-0.1154
-0.10406
-0.0926579
-0.0811991
-0.069691
-0.0581406
-0.0465549
-0.0349409
-0.0233057
-0.0116564
0
0
0.0121877
0.024368
0.0365334
0.0486768
0.0607905
0.0728674
0.0849
0.096881
0.108803
0.12066
0.132442
0.144145
0.15576
0.167281
0.178699
0.19001
0.201205
0.212278
0.223222
0.23403
0.244697
0.255215
0.265578
0.275779
0.285814
0.295675
0.305356
0.314852
0.324157
0.333265
0.34217
0.350868
0.359353
0.36762
0.375663
0.383479
0.391061
0.398407
0.40551
0.412367
0.418974
0.425327
0.431421
0.437253
0.44282
0.448118
0.453145
0.457895
0.462368
0.466561
0.47047
0.474093
0.477429
0.480474
0.483228
0.485689
0.487855
0.489725
0.491297
0.492571
0.493546
0.494221
0.494597
0.494672
0.494447
0.493921
0.493096
0.491971
0.490548
0.488827
0.486809
0.484496
0.481888
0.478988
0.475797
0.472317
0.468551
0.4645
0.460167
0.455555
0.450666
0.445503
0.44007
0.43437
0.428407
0.422183
0.415703
0.40897
0.401989
0.394764
0.3873
0.3796
0.37167
0.363514
0.355138
0.346546
0.337743
0.328736
0.319529
0.310128
0.300538
0.290767
0.280818
0.270699
0.260416
0.249975
0.239382
0.228644
0.217767
0.206757
0.195623
0.184369
0.173003
0.161533
0.149964
0.138305
0.126561
0.11474
0.10285
0.0908978
0.07889
0.0668344
0.0547382
0.0426087
0.0304534
0.0182796
0.00609472
-0.00609388
-0.0182788
-0.0304526
-0.0426079
-0.0547373
-0.0668336
-0.0788892
-0.090897
-0.10285
-0.11474
-0.12656
-0.138304
-0.149963
-0.161532
-0.173003
-0.184368
-0.195622
-0.206757
-0.217766
-0.228643
-0.239381
-0.249974
-0.260416
-0.270699
-0.280817
-0.290766
-0.300537
-0.310127
-0.319528
-0.328735
-0.337742
-0.346545
-0.355137
-0.363513
-0.371669
-0.379599
-0.387299
-0.394763
-0.401988
-0.408969
-0.415702
-0.422182
-0.428406
-0.43437
-0.44007
-0.445503
-0.450665
-0.455554
-0.460166
-0.464499
-0.46855
-0.472317
-0.475796
-0.478987
-0.481887
-0.484495
-0.486808
-0.488826
-0.490547
-0.491971
-0.493095
-0.493921
-0.494446
-0.494671
-0.494596
-0.494221
-0.493545
-0.49257
-0.491296
-0.489724
-0.487854
-0.485689
-0.483228
-0.480474
-0.477428
-0.474093
-0.470469
-0.46656
-0.462368
-0.457895
-0.453144
-0.448118
-0.44282
-0.437253
-0.431421
-0.425326
-0.418974
-0.412367
-0.40551
-0.398406
-0.391061
-0.383478
-0.375663
-0.367619
-0.359353
-0.350868
-0.34217
-0.333264
-0.324156
-0.314851
-0.305356
-0.295674
-0.285814
-0.275779
-0.265578
-0.255215
-0.244697
-0.23403
-0.223222
-0.212278
-0.201205
-0.19001
-0.178699
-0.16728
-0.15576
-0.144145
-0.132442
-0.120659
-0.108803
-0.096881
-0.0848999
-0.0728673
-0.0607905
-0.0486767
-0.0365334
-0.0243679
-0.0121877
0
0
0.0127115
0.0254154
0.0381038
0.050769
0.0634035
0.0759994
0.0885493
0.101045
0.11348
0.125846
0.138135
0.150341
0.162455
0.174471
0.186381
0.198177
0.209853
0.221402
0.232817
0.24409
0.255215
0.266185
0.276993
0.287633
0.298099
0.308384
0.318481
0.328385
0.33809
0.347589
0.356878
0.36595
0.374799
0.383421
0.391811
0.399962
0.407871
0.415532
0.42294
0.430092
0.436983
0.443609
0.449965
0.456048
0.461854
0.46738
0.472622
0.477577
0.482243
0.486615
0.490692
0.494471
0.49795
0.501127
0.503999
0.506566
0.508825
0.510775
0.512414
0.513743
0.51476
0.515465
0.515856
0.515934
0.5157
0.515152
0.514291
0.513118
0.511633
0.509838
0.507734
0.505321
0.502601
0.499576
0.496248
0.492619
0.488691
0.484466
0.479947
0.475136
0.470037
0.464653
0.458986
0.453041
0.446821
0.44033
0.433571
0.426549
0.419268
0.411733
0.403947
0.395917
0.387646
0.379139
0.370403
0.361441
0.352261
0.342866
0.333263
0.323458
0.313456
0.303265
0.292889
0.282335
0.27161
0.26072
0.249672
0.238472
0.227127
0.215645
0.204031
0.192294
0.18044
0.168476
0.15641
0.144249
0.132001
0.119672
0.107271
0.0948049
0.082281
0.0697072
0.057091
0.0444402
0.0317624
0.0190653
0.0063567
-0.00635581
-0.0190645
-0.0317615
-0.0444393
-0.0570901
-0.0697063
-0.0822801
-0.094804
-0.10727
-0.119672
-0.132
-0.144249
-0.156409
-0.168475
-0.180439
-0.192293
-0.20403
-0.215644
-0.227126
-0.238471
-0.249671
-0.260719
-0.271609
-0.282334
-0.292888
-0.303264
-0.313456
-0.323457
-0.333262
-0.342865
-0.35226
-0.361441
-0.370402
-0.379138
-0.387645
-0.395916
-0.403946
-0.411732
-0.419267
-0.426548
-0.43357
-0.440329
-0.44682
-0.45304
-0.458985
-0.464652
-0.470036
-0.475135
-0.479946
-0.484465
-0.48869
-0.492618
-0.496248
-0.499576
-0.502601
-0.50532
-0.507733
-0.509838
-0.511633
-0.513117
-0.51429
-0.515151
-0.515699
-0.515934
-0.515856
-0.515464
-0.51476
-0.513743
-0.512414
-0.510774
-0.508824
-0.506565
-0.503999
-0.501126
-0.49795
-0.494471
-0.490692
-0.486615
-0.482242
-0.477577
-0.472622
-0.46738
-0.461854
-0.456048
-0.449965
-0.443608
-0.436983
-0.430092
-0.42294
-0.415531
-0.40787
-0.399962
-0.39181
-0.383421
-0.374799
-0.365949
-0.356877
-0.347589
-0.33809
-0.328385
-0.318481
-0.308383
-0.298099
-0.287633
-0.276993
-0.266185
-0.255215
-0.24409
-0.232817
-0.221402
-0.209853
-0.198177
-0.18638
-0.174471
-0.162455
-0.150341
-0.138135
-0.125846
-0.11348
-0.101045
-0.0885492
-0.0759994
-0.0634034
-0.050769
-0.0381037
-0.0254154
-0.0127115
0
0
0.0132277
0.0264474
0.039651
0.0528305
0.065978
0.0790854
0.0921448
0.105148
0.118088
0.130956
0.143744
0.156445
0.169052
0.181555
0.193948
0.206224
0.218374
0.230392
0.24227
0.254001
0.265578
0.276993
0.28824
0.299313
0.310203
0.320906
0.331413
0.341719
0.351818
0.361703
0.371369
0.380809
0.390018
0.39899
0.40772
0.416202
0.424432
0.432404
0.440114
0.447556
0.454727
0.461621
0.468236
0.474566
0.480608
0.486358
0.491813
0.496969
0.501824
0.506374
0.510617
0.514549
0.518169
0.521475
0.524464
0.527135
0.529485
0.531515
0.533221
0.534604
0.535662
0.536395
0.536802
0.536884
0.536639
0.536069
0.535174
0.533953
0.532408
0.53054
0.52835
0.525839
0.523009
0.519862
0.516399
0.512622
0.508534
0.504137
0.499435
0.494429
0.489123
0.48352
0.477623
0.471437
0.464964
0.458209
0.451176
0.443869
0.436292
0.428451
0.420349
0.411993
0.403386
0.394534
0.385443
0.376118
0.366564
0.356788
0.346795
0.336592
0.326184
0.315579
0.304781
0.293799
0.282639
0.271306
0.259809
0.248155
0.23635
0.224401
0.212316
0.200102
0.187766
0.175317
0.162761
0.150107
0.137361
0.124532
0.111627
0.0986544
0.085622
0.0725376
0.0594092
0.0462447
0.0330521
0.0198395
0.00661481
-0.00661389
-0.0198386
-0.0330512
-0.0462438
-0.0594083
-0.0725367
-0.0856211
-0.0986535
-0.111626
-0.124531
-0.13736
-0.150106
-0.16276
-0.175316
-0.187766
-0.200101
-0.212315
-0.2244
-0.236349
-0.248154
-0.259809
-0.271305
-0.282638
-0.293798
-0.304781
-0.315578
-0.326183
-0.336591
-0.346794
-0.356787
-0.366563
-0.376117
-0.385442
-0.394533
-0.403385
-0.411992
-0.420349
-0.42845
-0.436291
-0.443868
-0.451175
-0.458208
-0.464963
-0.471436
-0.477622
-0.483519
-0.489122
-0.494428
-0.499434
-0.504137
-0.508533
-0.512621
-0.516398
-0.519861
-0.523009
-0.525839
-0.528349
-0.53054
-0.532408
-0.533952
-0.535173
-0.536069
-0.536639
-0.536883
-0.536802
-0.536394
-0.535661
-0.534603
-0.53322
-0.531514
-0.529485
-0.527134
-0.524463
-0.521474
-0.518169
-0.514549
-0.510616
-0.506373
-0.501823
-0.496969
-0.491812
-0.486358
-0.480607
-0.474565
-0.468235
-0.461621
-0.454726
-0.447556
-0.440113
-0.432404
-0.424432
-0.416202
-0.40772
-0.39899
-0.390017
-0.380809
-0.371368
-0.361703
-0.351818
-0.341719
-0.331413
-0.320905
-0.310203
-0.299312
-0.28824
-0.276993
-0.265578
-0.254001
-0.24227
-0.230392
-0.218374
-0.206224
-0.193948
-0.181555
-0.169051
-0.156445
-0.143744
-0.130956
-0.118088
-0.105148
-0.0921447
-0.0790853
-0.0659779
-0.0528305
-0.0396509
-0.0264473
-0.0132277
0
0
0.0137358
0.0274633
0.0411741
0.0548599
0.0685124
0.0821233
0.0956844
0.109187
0.122624
0.135986
0.149266
0.162455
0.175545
0.188529
0.201399
0.214146
0.226763
0.239242
0.251577
0.263758
0.275779
0.287633
0.299313
0.31081
0.322119
0.333233
0.344144
0.354846
0.365332
0.375597
0.385634
0.395437
0.405
0.414317
0.423382
0.43219
0.440736
0.449014
0.45702
0.464748
0.472194
0.479354
0.486222
0.492796
0.49907
0.505041
0.510705
0.51606
0.521101
0.525826
0.530231
0.534315
0.538074
0.541507
0.54461
0.547384
0.549825
0.551932
0.553704
0.55514
0.556239
0.557
0.557423
0.557507
0.557254
0.556661
0.555731
0.554464
0.55286
0.55092
0.548646
0.546039
0.5431
0.539831
0.536235
0.532313
0.528068
0.523503
0.51862
0.513421
0.507912
0.502093
0.49597
0.489546
0.482825
0.47581
0.468507
0.460919
0.453052
0.444909
0.436496
0.427819
0.418881
0.409689
0.400249
0.390566
0.380645
0.370493
0.360117
0.349522
0.338714
0.327701
0.316489
0.305085
0.293496
0.281728
0.26979
0.257687
0.245429
0.233021
0.220471
0.207788
0.194979
0.182052
0.169013
0.155873
0.142637
0.129315
0.115915
0.102444
0.088911
0.075324
0.0616913
0.0480211
0.0343218
0.0206016
0.00686891
-0.00686795
-0.0206006
-0.0343208
-0.0480202
-0.0616903
-0.0753231
-0.0889101
-0.102443
-0.115914
-0.129314
-0.142636
-0.155872
-0.169012
-0.182051
-0.194978
-0.207787
-0.220471
-0.23302
-0.245428
-0.257686
-0.269789
-0.281727
-0.293495
-0.305084
-0.316488
-0.3277
-0.338713
-0.349521
-0.360116
-0.370492
-0.380644
-0.390565
-0.400248
-0.409689
-0.41888
-0.427818
-0.436496
-0.444908
-0.453051
-0.460918
-0.468506
-0.47581
-0.482824
-0.489545
-0.49597
-0.502093
-0.507911
-0.513421
-0.518619
-0.523502
-0.528068
-0.532313
-0.536234
-0.539831
-0.543099
-0.546038
-0.548645
-0.550919
-0.552859
-0.554463
-0.555731
-0.556661
-0.557253
-0.557507
-0.557422
-0.556999
-0.556238
-0.555139
-0.553703
-0.551931
-0.549824
-0.547383
-0.54461
-0.541506
-0.538073
-0.534314
-0.530231
-0.525825
-0.5211
-0.516059
-0.510705
-0.50504
-0.499069
-0.492795
-0.486222
-0.479353
-0.472194
-0.464748
-0.45702
-0.449014
-0.440736
-0.43219
-0.423381
-0.414316
-0.404999
-0.395437
-0.385634
-0.375597
-0.365332
-0.354845
-0.344143
-0.333232
-0.322119
-0.31081
-0.299312
-0.287633
-0.275779
-0.263758
-0.251576
-0.239242
-0.226763
-0.214146
-0.201399
-0.188529
-0.175545
-0.162455
-0.149266
-0.135986
-0.122624
-0.109187
-0.0956843
-0.0821233
-0.0685124
-0.0548599
-0.0411741
-0.0274633
-0.0137358
0
0
0.0142356
0.0284626
0.0426722
0.056856
0.0710053
0.0851114
0.0991659
0.11316
0.127086
0.140934
0.154697
0.168366
0.181933
0.195389
0.208727
0.221938
0.235014
0.247947
0.26073
0.273355
0.285814
0.298099
0.310203
0.322119
0.33384
0.345357
0.356665
0.367757
0.378625
0.389264
0.399666
0.409825
0.419736
0.429392
0.438787
0.447915
0.456772
0.465352
0.473649
0.481658
0.489375
0.496795
0.503914
0.510726
0.517228
0.523417
0.529287
0.534837
0.540061
0.544958
0.549524
0.553756
0.557652
0.561209
0.564426
0.5673
0.56983
0.572014
0.57385
0.575339
0.576477
0.577266
0.577705
0.577792
0.577529
0.576916
0.575952
0.574638
0.572976
0.570965
0.568608
0.565906
0.562861
0.559473
0.555746
0.551682
0.547282
0.542551
0.53749
0.532102
0.526392
0.520362
0.514016
0.507358
0.500393
0.493123
0.485554
0.47769
0.469536
0.461097
0.452378
0.443385
0.434122
0.424596
0.414812
0.404776
0.394495
0.383974
0.37322
0.362239
0.351038
0.339625
0.328005
0.316186
0.304175
0.291979
0.279606
0.267063
0.254358
0.241499
0.228493
0.215349
0.202074
0.188676
0.175163
0.161544
0.147827
0.134021
0.120133
0.106172
0.0921461
0.0780647
0.063936
0.0497684
0.0355706
0.0213512
0.00711884
-0.00711784
-0.0213502
-0.0355696
-0.0497674
-0.063935
-0.0780637
-0.0921451
-0.106171
-0.120132
-0.13402
-0.147826
-0.161543
-0.175162
-0.188675
-0.202073
-0.215348
-0.228492
-0.241498
-0.254358
-0.267062
-0.279605
-0.291978
-0.304174
-0.316185
-0.328004
-0.339624
-0.351037
-0.362238
-0.373219
-0.383973
-0.394494
-0.404775
-0.414811
-0.424595
-0.434121
-0.443384
-0.452378
-0.461096
-0.469535
-0.477689
-0.485553
-0.493122
-0.500392
-0.507358
-0.514015
-0.520361
-0.526391
-0.532102
-0.537489
-0.54255
-0.547282
-0.551681
-0.555745
-0.559472
-0.56286
-0.565906
-0.568608
-0.570965
-0.572975
-0.574637
-0.575951
-0.576915
-0.577529
-0.577792
-0.577704
-0.577266
-0.576477
-0.575338
-0.57385
-0.572013
-0.569829
-0.5673
-0.564426
-0.561209
-0.557651
-0.553755
-0.549523
-0.544957
-0.540061
-0.534836
-0.529287
-0.523416
-0.517228
-0.510725
-0.503913
-0.496795
-0.489375
-0.481658
-0.473648
-0.465351
-0.456772
-0.447915
-0.438786
-0.429391
-0.419735
-0.409825
-0.399665
-0.389263
-0.378625
-0.367757
-0.356665
-0.345357
-0.333839
-0.322119
-0.310203
-0.298099
-0.285814
-0.273355
-0.26073
-0.247947
-0.235014
-0.221937
-0.208726
-0.195389
-0.181933
-0.168366
-0.154697
-0.140934
-0.127086
-0.11316
-0.0991658
-0.0851113
-0.0710052
-0.056856
-0.0426722
-0.0284625
-0.0142356
0
0
0.0147267
0.0294445
0.0441445
0.0588176
0.073455
0.0880478
0.102587
0.117064
0.13147
0.145796
0.160034
0.174175
0.18821
0.20213
0.215928
0.229595
0.243122
0.256502
0.269726
0.282786
0.295675
0.308384
0.320906
0.333233
0.345357
0.357272
0.368971
0.380445
0.391688
0.402693
0.413454
0.423964
0.434217
0.444206
0.453925
0.463369
0.472531
0.481407
0.48999
0.498276
0.506259
0.513935
0.521299
0.528346
0.535073
0.541475
0.547548
0.553289
0.558694
0.563759
0.568483
0.572861
0.576891
0.580572
0.583899
0.586873
0.58949
0.591749
0.593649
0.595188
0.596366
0.597182
0.597636
0.597727
0.597455
0.59682
0.595823
0.594464
0.592744
0.590664
0.588226
0.585431
0.58228
0.578776
0.57492
0.570715
0.566164
0.561269
0.556034
0.55046
0.544553
0.538315
0.53175
0.524863
0.517656
0.510136
0.502306
0.494171
0.485735
0.477005
0.467986
0.458682
0.4491
0.439245
0.429124
0.418741
0.408105
0.397221
0.386096
0.374736
0.363149
0.351342
0.339321
0.327094
0.314669
0.302052
0.289253
0.276277
0.263134
0.249831
0.236377
0.222779
0.209045
0.195185
0.181206
0.167118
0.152927
0.138644
0.124277
0.109835
0.0953252
0.080758
0.0661418
0.0514854
0.0367978
0.0220878
0.00736444
-0.00736341
-0.0220868
-0.0367968
-0.0514844
-0.0661408
-0.080757
-0.0953242
-0.109833
-0.124276
-0.138643
-0.152926
-0.167117
-0.181205
-0.195184
-0.209044
-0.222778
-0.236376
-0.24983
-0.263133
-0.276276
-0.289252
-0.302051
-0.314668
-0.327093
-0.33932
-0.351341
-0.363148
-0.374736
-0.386095
-0.39722
-0.408104
-0.418741
-0.429123
-0.439244
-0.449099
-0.458681
-0.467985
-0.477005
-0.485735
-0.49417
-0.502305
-0.510135
-0.517656
-0.524862
-0.531749
-0.538314
-0.544552
-0.55046
-0.556033
-0.561268
-0.566163
-0.570714
-0.574919
-0.578775
-0.582279
-0.58543
-0.588225
-0.590663
-0.592743
-0.594463
-0.595822
-0.596819
-0.597454
-0.597726
-0.597635
-0.597182
-0.596366
-0.595188
-0.593648
-0.591748
-0.589489
-0.586872
-0.583899
-0.580571
-0.576891
-0.57286
-0.568482
-0.563759
-0.558693
-0.553288
-0.547548
-0.541474
-0.535073
-0.528346
-0.521298
-0.513935
-0.506259
-0.498275
-0.48999
-0.481406
-0.472531
-0.463368
-0.453925
-0.444205
-0.434217
-0.423964
-0.413454
-0.402693
-0.391688
-0.380444
-0.36897
-0.357272
-0.345357
-0.333232
-0.320905
-0.308383
-0.295674
-0.282786
-0.269725
-0.256501
-0.243122
-0.229594
-0.215928
-0.20213
-0.188209
-0.174175
-0.160034
-0.145796
-0.13147
-0.117064
-0.102587
-0.0880477
-0.0734549
-0.0588175
-0.0441444
-0.0294445
-0.0147267
0
0
0.0152089
0.0304086
0.0455899
0.0607434
0.0758601
0.0909308
0.105946
0.120897
0.135775
0.15057
0.165274
0.179878
0.194372
0.208748
0.222998
0.237112
0.251082
0.2649
0.278557
0.292045
0.305356
0.318481
0.331413
0.344144
0.356665
0.368971
0.381052
0.392902
0.404513
0.415879
0.426992
0.437846
0.448435
0.458751
0.468788
0.478541
0.488003
0.497169
0.506034
0.514591
0.522836
0.530763
0.538368
0.545646
0.552593
0.559205
0.565476
0.571405
0.576987
0.582218
0.587096
0.591618
0.595781
0.599581
0.603018
0.606089
0.608791
0.611124
0.613087
0.614676
0.615893
0.616736
0.617204
0.617298
0.617017
0.616361
0.615332
0.613928
0.612152
0.610004
0.607486
0.604599
0.601345
0.597726
0.593744
0.589402
0.584702
0.579647
0.57424
0.568484
0.562383
0.555941
0.549161
0.542048
0.534606
0.526839
0.518753
0.510351
0.50164
0.492624
0.483309
0.473701
0.463805
0.453627
0.443174
0.432452
0.421468
0.410227
0.398738
0.387006
0.37504
0.362846
0.350431
0.337804
0.324972
0.311943
0.298724
0.285323
0.27175
0.258011
0.244116
0.230073
0.21589
0.201576
0.18714
0.17259
0.157935
0.143184
0.128346
0.113431
0.0984465
0.0834023
0.0683075
0.0531712
0.0380027
0.022811
0.00760558
-0.0076045
-0.02281
-0.0380016
-0.0531701
-0.0683064
-0.0834012
-0.0984454
-0.11343
-0.128345
-0.143183
-0.157934
-0.172588
-0.187138
-0.201575
-0.215889
-0.230072
-0.244115
-0.25801
-0.271749
-0.285322
-0.298723
-0.311941
-0.324971
-0.337803
-0.35043
-0.362845
-0.375039
-0.387005
-0.398737
-0.410226
-0.421467
-0.432451
-0.443173
-0.453626
-0.463804
-0.4737
-0.483308
-0.492623
-0.501639
-0.51035
-0.518752
-0.526838
-0.534605
-0.542047
-0.549161
-0.55594
-0.562382
-0.568483
-0.574239
-0.579646
-0.584701
-0.589401
-0.593744
-0.597726
-0.601345
-0.604598
-0.607485
-0.610003
-0.612151
-0.613927
-0.615331
-0.616361
-0.617016
-0.617297
-0.617204
-0.616735
-0.615892
-0.614676
-0.613086
-0.611124
-0.608791
-0.606088
-0.603017
-0.599581
-0.59578
-0.591617
-0.587096
-0.582218
-0.576986
-0.571405
-0.565476
-0.559204
-0.552592
-0.545646
-0.538367
-0.530762
-0.522835
-0.51459
-0.506033
-0.497169
-0.488003
-0.478541
-0.468788
-0.45875
-0.448434
-0.437846
-0.426992
-0.415878
-0.404513
-0.392901
-0.381052
-0.36897
-0.356665
-0.344143
-0.331413
-0.318481
-0.305356
-0.292045
-0.278557
-0.2649
-0.251082
-0.237112
-0.222998
-0.208748
-0.194372
-0.179878
-0.165274
-0.15057
-0.135775
-0.120897
-0.105946
-0.0909307
-0.0758601
-0.0607434
-0.0455898
-0.0304086
-0.0152089
0
0
0.0156819
0.0313543
0.0470076
0.0626324
0.0782192
0.0937585
0.109241
0.124657
0.139997
0.155253
0.170414
0.185472
0.200417
0.21524
0.229933
0.244486
0.258891
0.273138
0.28722
0.301127
0.314852
0.328385
0.341719
0.354846
0.367757
0.380445
0.392902
0.40512
0.417093
0.428812
0.440271
0.451462
0.46238
0.473017
0.483366
0.493423
0.503179
0.51263
0.52177
0.530594
0.539095
0.547268
0.55511
0.562615
0.569777
0.576595
0.583062
0.589175
0.59493
0.600324
0.605354
0.610016
0.614308
0.618227
0.621771
0.624937
0.627723
0.630129
0.632152
0.633792
0.635046
0.635915
0.636398
0.636495
0.636205
0.635529
0.634467
0.63302
0.631189
0.628974
0.626378
0.623401
0.620046
0.616314
0.612209
0.607731
0.602885
0.597673
0.592097
0.586163
0.579872
0.57323
0.566239
0.558905
0.551231
0.543223
0.534885
0.526222
0.51724
0.507944
0.498339
0.488432
0.478228
0.467734
0.456956
0.445901
0.434575
0.422985
0.411138
0.399042
0.386703
0.37413
0.361329
0.348309
0.335078
0.321643
0.308013
0.294196
0.280201
0.266035
0.251708
0.237228
0.222604
0.207845
0.192959
0.177957
0.162846
0.147637
0.132338
0.116958
0.101508
0.0859959
0.0704317
0.0548247
0.0391845
0.0235204
0.0078421
-0.00784098
-0.0235193
-0.0391834
-0.0548236
-0.0704306
-0.0859948
-0.101507
-0.116957
-0.132337
-0.147636
-0.162845
-0.177956
-0.192958
-0.207843
-0.222603
-0.237227
-0.251707
-0.266034
-0.2802
-0.294195
-0.308012
-0.321642
-0.335077
-0.348308
-0.361328
-0.374129
-0.386702
-0.399041
-0.411137
-0.422984
-0.434574
-0.4459
-0.456955
-0.467733
-0.478227
-0.488431
-0.498338
-0.507943
-0.517239
-0.526221
-0.534884
-0.543222
-0.55123
-0.558904
-0.566238
-0.573229
-0.579871
-0.586162
-0.592096
-0.597672
-0.602884
-0.60773
-0.612208
-0.616313
-0.620045
-0.6234
-0.626377
-0.628973
-0.631188
-0.633019
-0.634466
-0.635528
-0.636204
-0.636494
-0.636397
-0.635914
-0.635045
-0.633791
-0.632152
-0.630128
-0.627723
-0.624936
-0.62177
-0.618226
-0.614307
-0.610015
-0.605353
-0.600324
-0.594929
-0.589174
-0.583061
-0.576594
-0.569777
-0.562614
-0.555109
-0.547268
-0.539094
-0.530593
-0.52177
-0.51263
-0.503179
-0.493422
-0.483366
-0.473016
-0.462379
-0.451462
-0.44027
-0.428811
-0.417092
-0.40512
-0.392901
-0.380444
-0.367757
-0.354845
-0.341719
-0.328385
-0.314851
-0.301127
-0.28722
-0.273138
-0.25889
-0.244486
-0.229933
-0.21524
-0.200416
-0.185471
-0.170414
-0.155253
-0.139997
-0.124657
-0.109241
-0.0937584
-0.0782192
-0.0626324
-0.0470076
-0.0313543
-0.0156819
0
0
0.0161453
0.0322809
0.0483968
0.0644834
0.0805308
0.0965294
0.112469
0.128341
0.144135
0.159841
0.17545
0.190953
0.206339
0.221601
0.236728
0.251711
0.266542
0.28121
0.295708
0.310026
0.324157
0.33809
0.351818
0.365332
0.378625
0.391688
0.404513
0.417093
0.429419
0.441484
0.453282
0.464804
0.476045
0.486996
0.497651
0.508005
0.51805
0.52778
0.53719
0.546274
0.555026
0.563442
0.571515
0.579241
0.586616
0.593635
0.600293
0.606586
0.612512
0.618065
0.623244
0.628044
0.632463
0.636497
0.640146
0.643405
0.646274
0.648751
0.650834
0.652522
0.653814
0.654708
0.655206
0.655305
0.655007
0.654311
0.653217
0.651728
0.649842
0.647562
0.644889
0.641824
0.63837
0.634528
0.630301
0.625691
0.620702
0.615336
0.609596
0.603486
0.597009
0.59017
0.582973
0.575422
0.567522
0.559277
0.550692
0.541773
0.532526
0.522955
0.513066
0.502866
0.492361
0.481557
0.47046
0.459078
0.447417
0.435485
0.423288
0.410834
0.398131
0.385186
0.372007
0.358603
0.344981
0.331149
0.317116
0.302891
0.288481
0.273897
0.259146
0.244239
0.229182
0.213987
0.198662
0.183216
0.167659
0.152
0.136249
0.120415
0.104508
0.0885373
0.0725132
0.056445
0.0403425
0.0242155
0.00807386
-0.00807271
-0.0242144
-0.0403413
-0.0564438
-0.072512
-0.0885362
-0.104507
-0.120414
-0.136247
-0.151999
-0.167658
-0.183215
-0.198661
-0.213986
-0.229181
-0.244237
-0.259145
-0.273896
-0.28848
-0.30289
-0.317115
-0.331148
-0.344979
-0.358602
-0.372006
-0.385185
-0.39813
-0.410833
-0.423287
-0.435484
-0.447416
-0.459077
-0.470459
-0.481556
-0.49236
-0.502865
-0.513065
-0.522954
-0.532525
-0.541772
-0.550691
-0.559276
-0.567521
-0.575421
-0.582972
-0.590169
-0.597008
-0.603485
-0.609595
-0.615335
-0.620701
-0.625691
-0.6303
-0.634527
-0.638369
-0.641823
-0.644888
-0.647561
-0.649841
-0.651727
-0.653217
-0.65431
-0.655006
-0.655304
-0.655205
-0.654707
-0.653813
-0.652521
-0.650833
-0.64875
-0.646274
-0.643405
-0.640145
-0.636497
-0.632462
-0.628043
-0.623243
-0.618065
-0.612511
-0.606586
-0.600292
-0.593634
-0.586615
-0.579241
-0.571514
-0.563441
-0.555026
-0.546274
-0.53719
-0.52778
-0.518049
-0.508004
-0.497651
-0.486995
-0.476044
-0.464804
-0.453282
-0.441484
-0.429418
-0.417092
-0.404513
-0.391688
-0.378625
-0.365332
-0.351818
-0.33809
-0.324156
-0.310026
-0.295708
-0.28121
-0.266541
-0.251711
-0.236728
-0.221601
-0.206339
-0.190953
-0.17545
-0.159841
-0.144135
-0.128341
-0.112469
-0.0965293
-0.0805308
-0.0644833
-0.0483968
-0.0322809
-0.0161453
0
0
0.016599
0.0331879
0.0497567
0.0662952
0.0827935
0.0992416
0.115629
0.131947
0.148184
0.164332
0.18038
0.196318
0.212137
0.227827
0.243379
0.258784
0.274031
0.289111
0.304017
0.318737
0.333265
0.347589
0.361703
0.375597
0.389264
0.402693
0.415879
0.428812
0.441484
0.453889
0.466018
0.477864
0.48942
0.500679
0.511634
0.522278
0.532605
0.542609
0.552284
0.561623
0.570621
0.579273
0.587573
0.595517
0.603098
0.610314
0.617159
0.62363
0.629722
0.635432
0.640755
0.64569
0.650233
0.654381
0.658132
0.661483
0.664433
0.666979
0.669121
0.670856
0.672184
0.673104
0.673615
0.673717
0.673411
0.672695
0.671571
0.670039
0.668101
0.665757
0.663009
0.659858
0.656307
0.652357
0.648011
0.643272
0.638142
0.632625
0.626724
0.620442
0.613784
0.606753
0.599353
0.59159
0.583468
0.574991
0.566165
0.556996
0.547488
0.537648
0.527482
0.516996
0.506195
0.495087
0.483679
0.471977
0.459989
0.447721
0.435181
0.422378
0.409318
0.396009
0.38246
0.368679
0.354674
0.340453
0.326026
0.311401
0.296587
0.281593
0.266428
0.251101
0.235622
0.219999
0.204244
0.188364
0.172369
0.156271
0.140077
0.123798
0.107444
0.091025
0.0745506
0.0580309
0.041476
0.0248959
0.00830072
-0.00829952
-0.0248947
-0.0414748
-0.0580297
-0.0745494
-0.0910238
-0.107443
-0.123797
-0.140076
-0.156269
-0.172368
-0.188363
-0.204242
-0.219998
-0.235621
-0.2511
-0.266427
-0.281592
-0.296586
-0.3114
-0.326025
-0.340452
-0.354672
-0.368678
-0.382459
-0.396008
-0.409316
-0.422377
-0.43518
-0.44772
-0.459988
-0.471976
-0.483678
-0.495086
-0.506194
-0.516995
-0.527481
-0.537647
-0.547487
-0.556995
-0.566164
-0.57499
-0.583467
-0.591589
-0.599352
-0.606752
-0.613783
-0.620441
-0.626723
-0.632624
-0.638141
-0.643271
-0.64801
-0.652356
-0.656306
-0.659857
-0.663008
-0.665756
-0.6681
-0.670039
-0.67157
-0.672694
-0.67341
-0.673717
-0.673614
-0.673103
-0.672183
-0.670855
-0.66912
-0.666979
-0.664432
-0.661483
-0.658131
-0.654381
-0.650232
-0.64569
-0.640755
-0.635431
-0.629721
-0.623629
-0.617159
-0.610314
-0.603098
-0.595516
-0.587573
-0.579272
-0.570621
-0.561622
-0.552283
-0.542609
-0.532605
-0.522278
-0.511633
-0.500679
-0.48942
-0.477864
-0.466018
-0.453889
-0.441484
-0.428811
-0.415878
-0.402693
-0.389263
-0.375597
-0.361703
-0.347589
-0.333264
-0.318737
-0.304016
-0.289111
-0.27403
-0.258783
-0.243379
-0.227827
-0.212137
-0.196318
-0.18038
-0.164332
-0.148184
-0.131947
-0.115629
-0.0992415
-0.0827935
-0.0662952
-0.0497566
-0.0331879
-0.016599
0
0
0.0170426
0.0340748
0.0510863
0.0680668
0.085006
0.101894
0.118719
0.135473
0.152144
0.168723
0.1852
0.201564
0.217806
0.233915
0.249883
0.265699
0.281353
0.296837
0.312141
0.327255
0.34217
0.356878
0.371369
0.385634
0.399666
0.413454
0.426992
0.440271
0.453282
0.466018
0.478471
0.490634
0.502499
0.514058
0.525306
0.536235
0.546838
0.557109
0.567042
0.576631
0.58587
0.594753
0.603275
0.61143
0.619215
0.626623
0.633651
0.640295
0.64655
0.652412
0.657878
0.662945
0.667609
0.671868
0.675719
0.67916
0.682188
0.684803
0.687001
0.688783
0.690146
0.691091
0.691616
0.691721
0.691406
0.690671
0.689517
0.687945
0.685954
0.683548
0.680726
0.677491
0.673845
0.669789
0.665327
0.660462
0.655195
0.64953
0.643471
0.637022
0.630185
0.622966
0.615369
0.607399
0.599059
0.590356
0.581295
0.57188
0.562119
0.552016
0.541578
0.530811
0.519722
0.508317
0.496604
0.48459
0.472281
0.459685
0.446811
0.433665
0.420256
0.406591
0.39268
0.378531
0.364151
0.349551
0.334738
0.319722
0.304513
0.289118
0.273547
0.257811
0.241918
0.225878
0.209701
0.193397
0.176976
0.160447
0.14382
0.127106
0.110315
0.0934574
0.0765428
0.0595816
0.0425844
0.0255612
0.00852254
-0.00852131
-0.02556
-0.0425831
-0.0595804
-0.0765415
-0.0934562
-0.110314
-0.127105
-0.143819
-0.160445
-0.176974
-0.193396
-0.2097
-0.225877
-0.241917
-0.25781
-0.273546
-0.289117
-0.304511
-0.319721
-0.334737
-0.34955
-0.36415
-0.378529
-0.392679
-0.40659
-0.420254
-0.433664
-0.446809
-0.459684
-0.47228
-0.484588
-0.496603
-0.508316
-0.519721
-0.53081
-0.541577
-0.552015
-0.562118
-0.571879
-0.581294
-0.590355
-0.599058
-0.607398
-0.615368
-0.622965
-0.630184
-0.637021
-0.64347
-0.649529
-0.655194
-0.660461
-0.665326
-0.669788
-0.673844
-0.67749
-0.680725
-0.683547
-0.685953
-0.687944
-0.689516
-0.69067
-0.691405
-0.69172
-0.691615
-0.69109
-0.690146
-0.688782
-0.687001
-0.684802
-0.682188
-0.679159
-0.675718
-0.671867
-0.667608
-0.662944
-0.657877
-0.652411
-0.646549
-0.640294
-0.633651
-0.626623
-0.619214
-0.61143
-0.603274
-0.594752
-0.585869
-0.57663
-0.567042
-0.557109
-0.546837
-0.536234
-0.525306
-0.514058
-0.502498
-0.490633
-0.478471
-0.466018
-0.453282
-0.44027
-0.426992
-0.413454
-0.399665
-0.385634
-0.371368
-0.356877
-0.34217
-0.327254
-0.31214
-0.296837
-0.281353
-0.265699
-0.249883
-0.233915
-0.217806
-0.201564
-0.1852
-0.168723
-0.152144
-0.135473
-0.118719
-0.101893
-0.0850059
-0.0680667
-0.0510862
-0.0340747
-0.0170425
0
0
0.0174758
0.0349409
0.0523849
0.069797
0.0871668
0.104484
0.121737
0.138917
0.156012
0.173012
0.189908
0.206688
0.223343
0.239862
0.256235
0.272453
0.288505
0.304383
0.320075
0.335574
0.350868
0.36595
0.380809
0.395437
0.409825
0.423964
0.437846
0.451462
0.464804
0.477864
0.490634
0.503106
0.515272
0.527126
0.538659
0.549866
0.560739
0.571271
0.581456
0.591289
0.600762
0.609871
0.61861
0.626973
0.634955
0.642552
0.649759
0.656571
0.662985
0.668996
0.674601
0.679797
0.684579
0.688947
0.692896
0.696424
0.69953
0.70221
0.704465
0.706292
0.70769
0.708658
0.709197
0.709304
0.708981
0.708228
0.707045
0.705432
0.703391
0.700923
0.69803
0.694713
0.690974
0.686815
0.68224
0.67725
0.67185
0.666041
0.659828
0.653215
0.646205
0.638802
0.631012
0.622839
0.614287
0.605363
0.596071
0.586417
0.576408
0.566048
0.555345
0.544304
0.532933
0.521239
0.509228
0.496908
0.484286
0.47137
0.458168
0.444688
0.430938
0.416927
0.402662
0.388153
0.373408
0.358436
0.343247
0.32785
0.312253
0.296467
0.280501
0.264365
0.248068
0.23162
0.215032
0.198313
0.181474
0.164525
0.147476
0.130337
0.11312
0.0958331
0.0784885
0.0610962
0.0436668
0.026211
0.00873918
-0.00873791
-0.0262097
-0.0436656
-0.0610949
-0.0784872
-0.0958318
-0.113118
-0.130336
-0.147475
-0.164524
-0.181473
-0.198312
-0.215031
-0.231619
-0.248066
-0.264363
-0.2805
-0.296466
-0.312252
-0.327849
-0.343246
-0.358435
-0.373407
-0.388152
-0.402661
-0.416926
-0.430937
-0.444687
-0.458167
-0.471369
-0.484285
-0.496907
-0.509227
-0.521238
-0.532932
-0.544303
-0.555343
-0.566047
-0.576406
-0.586416
-0.59607
-0.605362
-0.614286
-0.622838
-0.631011
-0.638801
-0.646203
-0.653214
-0.659827
-0.66604
-0.671849
-0.677249
-0.682239
-0.686814
-0.690973
-0.694712
-0.698029
-0.700922
-0.70339
-0.705431
-0.707044
-0.708227
-0.70898
-0.709303
-0.709196
-0.708657
-0.707689
-0.706291
-0.704464
-0.70221
-0.699529
-0.696423
-0.692895
-0.688946
-0.684579
-0.679796
-0.6746
-0.668995
-0.662984
-0.65657
-0.649758
-0.642551
-0.634954
-0.626972
-0.618609
-0.609871
-0.600762
-0.591288
-0.581456
-0.57127
-0.560738
-0.549865
-0.538659
-0.527125
-0.515272
-0.503105
-0.490633
-0.477864
-0.464804
-0.451462
-0.437846
-0.423964
-0.409825
-0.395437
-0.380809
-0.365949
-0.350868
-0.335573
-0.320075
-0.304382
-0.288505
-0.272453
-0.256235
-0.239861
-0.223342
-0.206688
-0.189908
-0.173012
-0.156012
-0.138916
-0.121737
-0.104484
-0.0871667
-0.069797
-0.0523848
-0.0349409
-0.0174758
0
0
0.0178984
0.0357859
0.0536517
0.0714849
0.0892747
0.10701
0.124681
0.142276
0.159785
0.177196
0.1945
0.211686
0.228744
0.245662
0.262431
0.279042
0.295482
0.311744
0.327816
0.343689
0.359353
0.374799
0.390018
0.405
0.419736
0.434217
0.448435
0.46238
0.476045
0.48942
0.502499
0.515272
0.527733
0.539873
0.551685
0.563163
0.574299
0.585086
0.595517
0.605588
0.61529
0.624619
0.633569
0.642135
0.65031
0.658091
0.665472
0.672449
0.679017
0.685174
0.690915
0.696236
0.701134
0.705607
0.709652
0.713265
0.716446
0.719192
0.721501
0.723372
0.724804
0.725796
0.726347
0.726457
0.726126
0.725355
0.724143
0.722491
0.720401
0.717873
0.71491
0.711513
0.707683
0.703424
0.698738
0.693628
0.688097
0.682148
0.675785
0.669011
0.661831
0.65425
0.646271
0.637901
0.629142
0.620002
0.610486
0.600598
0.590347
0.579736
0.568774
0.557467
0.545821
0.533844
0.521542
0.508924
0.495997
0.482769
0.469248
0.455442
0.44136
0.427009
0.412399
0.397539
0.382438
0.367104
0.351548
0.335778
0.319804
0.303636
0.287284
0.270758
0.254067
0.237221
0.220232
0.203109
0.185863
0.168504
0.151042
0.133489
0.115855
0.0981506
0.0803865
0.0625737
0.0447228
0.0268448
0.00895052
-0.00894921
-0.0268435
-0.0447215
-0.0625724
-0.0803852
-0.0981493
-0.115854
-0.133488
-0.151041
-0.168502
-0.185862
-0.203108
-0.220231
-0.23722
-0.254065
-0.270756
-0.287283
-0.303635
-0.319803
-0.335777
-0.351547
-0.367103
-0.382437
-0.397538
-0.412398
-0.427008
-0.441358
-0.455441
-0.469247
-0.482768
-0.495996
-0.508923
-0.521541
-0.533842
-0.54582
-0.557466
-0.568773
-0.579735
-0.590345
-0.600597
-0.610484
-0.620001
-0.629141
-0.637899
-0.64627
-0.654249
-0.66183
-0.66901
-0.675783
-0.682147
-0.688096
-0.693627
-0.698737
-0.703423
-0.707682
-0.711512
-0.714909
-0.717872
-0.7204
-0.72249
-0.724142
-0.725354
-0.726125
-0.726456
-0.726346
-0.725795
-0.724803
-0.723371
-0.7215
-0.719191
-0.716445
-0.713265
-0.709651
-0.705606
-0.701134
-0.696235
-0.690914
-0.685173
-0.679017
-0.672448
-0.665471
-0.65809
-0.650309
-0.642134
-0.633569
-0.624619
-0.61529
-0.605587
-0.595517
-0.585085
-0.574298
-0.563162
-0.551685
-0.539872
-0.527732
-0.515272
-0.502498
-0.48942
-0.476044
-0.462379
-0.448434
-0.434217
-0.419735
-0.404999
-0.390017
-0.374799
-0.359353
-0.343688
-0.327815
-0.311743
-0.295482
-0.279041
-0.262431
-0.245662
-0.228743
-0.211686
-0.1945
-0.177196
-0.159784
-0.142276
-0.124681
-0.10701
-0.0892747
-0.0714849
-0.0536516
-0.0357859
-0.0178984
0
0
0.0183101
0.0366091
0.0548859
0.0731294
0.0913285
0.109472
0.127549
0.145549
0.16346
0.181272
0.198975
0.216556
0.234006
0.251313
0.268469
0.285461
0.30228
0.318915
0.335357
0.351595
0.36762
0.383421
0.39899
0.414317
0.429392
0.444206
0.458751
0.473017
0.486996
0.500679
0.514058
0.527126
0.539873
0.552292
0.564377
0.576118
0.58751
0.598545
0.609217
0.619519
0.629445
0.638988
0.648144
0.656907
0.66527
0.67323
0.68078
0.687918
0.694638
0.700936
0.706809
0.712252
0.717264
0.721839
0.725977
0.729674
0.732927
0.735736
0.738099
0.740013
0.741477
0.742492
0.743056
0.743169
0.74283
0.742041
0.740801
0.739112
0.736973
0.734388
0.731356
0.727881
0.723963
0.719606
0.714812
0.709585
0.703926
0.69784
0.691331
0.684401
0.677057
0.669301
0.661139
0.652575
0.643615
0.634265
0.62453
0.614415
0.603927
0.593073
0.581859
0.570291
0.558377
0.546124
0.53354
0.520632
0.507408
0.493875
0.480043
0.465919
0.451513
0.436832
0.421887
0.406685
0.391236
0.375549
0.359635
0.343502
0.327161
0.310621
0.293893
0.276986
0.259911
0.242678
0.225298
0.207782
0.190139
0.17238
0.154517
0.13656
0.11852
0.100409
0.0822358
0.0640132
0.0457517
0.0274624
0.00915643
-0.00915508
-0.027461
-0.0457503
-0.0640118
-0.0822345
-0.100407
-0.118519
-0.136559
-0.154516
-0.172379
-0.190137
-0.20778
-0.225297
-0.242677
-0.25991
-0.276985
-0.293892
-0.31062
-0.32716
-0.343501
-0.359634
-0.375548
-0.391234
-0.406683
-0.421885
-0.436831
-0.451512
-0.465918
-0.480042
-0.493874
-0.507406
-0.520631
-0.533539
-0.546123
-0.558376
-0.57029
-0.581857
-0.593072
-0.603926
-0.614414
-0.624528
-0.634264
-0.643614
-0.652574
-0.661137
-0.6693
-0.677055
-0.6844
-0.69133
-0.697839
-0.703925
-0.709584
-0.714811
-0.719605
-0.723962
-0.72788
-0.731355
-0.734387
-0.736972
-0.739111
-0.7408
-0.74204
-0.742829
-0.743168
-0.743055
-0.742491
-0.741476
-0.740012
-0.738098
-0.735735
-0.732927
-0.729673
-0.725976
-0.721839
-0.717263
-0.712252
-0.706808
-0.700935
-0.694637
-0.687917
-0.68078
-0.673229
-0.665269
-0.656906
-0.648144
-0.638988
-0.629444
-0.619518
-0.609216
-0.598545
-0.587509
-0.576118
-0.564376
-0.552292
-0.539872
-0.527125
-0.514058
-0.500679
-0.486995
-0.473016
-0.45875
-0.444205
-0.429391
-0.414316
-0.39899
-0.383421
-0.367619
-0.351595
-0.335356
-0.318915
-0.302279
-0.285461
-0.268468
-0.251313
-0.234005
-0.216556
-0.198974
-0.181272
-0.16346
-0.145549
-0.127549
-0.109472
-0.0913284
-0.0731293
-0.0548859
-0.0366091
-0.0183101
0
0
0.0187108
0.0374102
0.0560868
0.0747295
0.0933267
0.111867
0.13034
0.148734
0.167037
0.185239
0.203328
0.221294
0.239126
0.256812
0.274343
0.291707
0.308894
0.325893
0.342694
0.359288
0.375663
0.391811
0.40772
0.423382
0.438787
0.453925
0.468788
0.483366
0.497651
0.511634
0.525306
0.538659
0.551685
0.564377
0.576725
0.588724
0.600365
0.611641
0.622547
0.633074
0.643217
0.65297
0.662326
0.67128
0.679826
0.68796
0.695676
0.70297
0.709837
0.716273
0.722274
0.727837
0.732957
0.737633
0.741861
0.745639
0.748964
0.751834
0.754248
0.756204
0.757701
0.758738
0.759314
0.759429
0.759084
0.758277
0.75701
0.755284
0.753098
0.750456
0.747358
0.743807
0.739804
0.735351
0.730453
0.72511
0.719328
0.713109
0.706457
0.699376
0.691871
0.683945
0.675604
0.666854
0.657698
0.648143
0.638194
0.627858
0.617141
0.606049
0.59459
0.582769
0.570595
0.558074
0.545214
0.532023
0.51851
0.504681
0.490546
0.476114
0.461392
0.44639
0.431117
0.415583
0.399796
0.383767
0.367504
0.351018
0.33432
0.317418
0.300323
0.283047
0.265598
0.247988
0.230228
0.212328
0.194299
0.176152
0.157898
0.139548
0.121114
0.102605
0.0840351
0.0654138
0.0467527
0.0280633
0.00935677
-0.00935539
-0.0280619
-0.0467513
-0.0654124
-0.0840338
-0.102604
-0.121112
-0.139547
-0.157896
-0.17615
-0.194297
-0.212326
-0.230227
-0.247987
-0.265597
-0.283045
-0.300322
-0.317417
-0.334318
-0.351017
-0.367503
-0.383765
-0.399795
-0.415582
-0.431116
-0.446389
-0.461391
-0.476112
-0.490545
-0.50468
-0.518508
-0.532022
-0.545213
-0.558072
-0.570593
-0.582768
-0.594589
-0.606048
-0.61714
-0.627857
-0.638193
-0.648142
-0.657697
-0.666852
-0.675603
-0.683944
-0.69187
-0.699375
-0.706456
-0.713108
-0.719327
-0.725109
-0.730452
-0.73535
-0.739803
-0.743806
-0.747357
-0.750455
-0.753097
-0.755283
-0.757009
-0.758276
-0.759083
-0.759428
-0.759313
-0.758737
-0.7577
-0.756203
-0.754247
-0.751833
-0.748963
-0.745638
-0.741861
-0.737632
-0.732957
-0.727836
-0.722273
-0.716272
-0.709836
-0.702969
-0.695675
-0.687959
-0.679825
-0.671279
-0.662325
-0.652969
-0.643216
-0.633073
-0.622546
-0.611641
-0.600364
-0.588723
-0.576725
-0.564376
-0.551685
-0.538659
-0.525306
-0.511633
-0.497651
-0.483366
-0.468788
-0.453925
-0.438786
-0.423381
-0.40772
-0.39181
-0.375663
-0.359288
-0.342694
-0.325893
-0.308893
-0.291706
-0.274342
-0.256812
-0.239126
-0.221294
-0.203328
-0.185239
-0.167037
-0.148733
-0.13034
-0.111867
-0.0933267
-0.0747294
-0.0560868
-0.0374101
-0.0187107
0
0
0.0191
0.0381885
0.0572537
0.0762842
0.0952684
0.114195
0.133052
0.151828
0.170512
0.189093
0.207558
0.225898
0.244101
0.262155
0.28005
0.297776
0.31532
0.332673
0.349824
0.366763
0.383479
0.399962
0.416202
0.43219
0.447915
0.463369
0.478541
0.493423
0.508005
0.522278
0.536235
0.549866
0.563163
0.576118
0.588724
0.600972
0.612855
0.624366
0.635499
0.646245
0.656599
0.666554
0.676105
0.685245
0.69397
0.702273
0.710149
0.717595
0.724605
0.731174
0.737301
0.742979
0.748206
0.752979
0.757295
0.761152
0.764546
0.767476
0.76994
0.771937
0.773465
0.774523
0.775111
0.775229
0.774876
0.774053
0.772759
0.770997
0.768766
0.766069
0.762907
0.759281
0.755195
0.75065
0.745649
0.740196
0.734293
0.727945
0.721155
0.713926
0.706265
0.698174
0.68966
0.680727
0.671381
0.661627
0.651472
0.640921
0.629981
0.618658
0.60696
0.594893
0.582466
0.569684
0.556557
0.543092
0.529297
0.515181
0.500752
0.486019
0.470991
0.455677
0.440087
0.424229
0.408114
0.391751
0.37515
0.358321
0.341275
0.324022
0.306572
0.288935
0.271124
0.253148
0.235018
0.216745
0.198341
0.179817
0.161183
0.142451
0.123633
0.10474
0.0857834
0.0667747
0.0477254
0.0286471
0.00955144
-0.00955002
-0.0286457
-0.047724
-0.0667733
-0.085782
-0.104739
-0.123632
-0.14245
-0.161181
-0.179815
-0.19834
-0.216744
-0.235016
-0.253146
-0.271122
-0.288934
-0.30657
-0.32402
-0.341274
-0.35832
-0.375148
-0.391749
-0.408112
-0.424228
-0.440085
-0.455676
-0.47099
-0.486018
-0.500751
-0.51518
-0.529296
-0.543091
-0.556556
-0.569683
-0.582464
-0.594892
-0.606959
-0.618657
-0.629979
-0.640919
-0.65147
-0.661626
-0.67138
-0.680726
-0.689659
-0.698173
-0.706264
-0.713925
-0.721153
-0.727944
-0.734292
-0.740195
-0.745648
-0.750649
-0.755194
-0.75928
-0.762906
-0.766068
-0.768765
-0.770996
-0.772758
-0.774052
-0.774875
-0.775228
-0.77511
-0.774522
-0.773464
-0.771936
-0.769939
-0.767475
-0.764545
-0.761151
-0.757295
-0.752979
-0.748205
-0.742978
-0.7373
-0.731174
-0.724604
-0.717594
-0.710148
-0.702272
-0.693969
-0.685245
-0.676104
-0.666554
-0.656598
-0.646244
-0.635498
-0.624366
-0.612855
-0.600971
-0.588723
-0.576118
-0.563162
-0.549865
-0.536234
-0.522278
-0.508004
-0.493422
-0.478541
-0.463368
-0.447915
-0.43219
-0.416202
-0.399962
-0.383478
-0.366762
-0.349824
-0.332673
-0.31532
-0.297775
-0.28005
-0.262155
-0.2441
-0.225898
-0.207558
-0.189092
-0.170512
-0.151828
-0.133052
-0.114195
-0.0952683
-0.0762841
-0.0572536
-0.0381884
-0.0191
0
0
0.0194777
0.0389436
0.0583858
0.0777926
0.0971521
0.116453
0.135683
0.15483
0.173884
0.192832
0.211662
0.230365
0.248927
0.267339
0.285588
0.303664
0.321555
0.339251
0.356741
0.374015
0.391061
0.407871
0.424432
0.440736
0.456772
0.472531
0.488003
0.503179
0.51805
0.532605
0.546838
0.560739
0.574299
0.58751
0.600365
0.612855
0.624973
0.636712
0.648065
0.659023
0.669582
0.679734
0.689474
0.698795
0.707692
0.716159
0.724191
0.731784
0.738932
0.745632
0.751879
0.75767
0.763001
0.767868
0.77227
0.776202
0.779664
0.782652
0.785164
0.7872
0.788759
0.789838
0.790438
0.790558
0.790198
0.789358
0.788039
0.786242
0.783967
0.781217
0.777992
0.774295
0.770128
0.765493
0.760393
0.754832
0.748813
0.742339
0.735414
0.728043
0.72023
0.71198
0.703297
0.694187
0.684656
0.67471
0.664353
0.653594
0.642437
0.630891
0.618962
0.606656
0.593983
0.580949
0.567562
0.553831
0.539763
0.525368
0.510654
0.495629
0.480304
0.464687
0.448789
0.432617
0.416183
0.399497
0.382568
0.365406
0.348023
0.330429
0.312634
0.294649
0.276485
0.258153
0.239665
0.221031
0.202263
0.183372
0.16437
0.145268
0.126078
0.106811
0.0874797
0.0680951
0.0486691
0.0292136
0.00974031
-0.00973886
-0.0292121
-0.0486676
-0.0680936
-0.0874782
-0.10681
-0.126076
-0.145267
-0.164369
-0.183371
-0.202262
-0.22103
-0.239663
-0.258152
-0.276483
-0.294647
-0.312632
-0.330427
-0.348022
-0.365405
-0.382566
-0.399495
-0.416182
-0.432616
-0.448787
-0.464686
-0.480303
-0.495628
-0.510652
-0.525366
-0.539762
-0.553829
-0.567561
-0.580947
-0.593982
-0.606655
-0.61896
-0.63089
-0.642436
-0.653593
-0.664352
-0.674708
-0.684655
-0.694186
-0.703296
-0.711978
-0.720229
-0.728042
-0.735413
-0.742338
-0.748812
-0.754831
-0.760392
-0.765492
-0.770127
-0.774294
-0.777991
-0.781216
-0.783966
-0.786241
-0.788038
-0.789357
-0.790197
-0.790557
-0.790437
-0.789837
-0.788758
-0.787199
-0.785163
-0.782651
-0.779663
-0.776201
-0.772269
-0.767868
-0.763
-0.757669
-0.751879
-0.745631
-0.738932
-0.731783
-0.72419
-0.716158
-0.707691
-0.698794
-0.689473
-0.679734
-0.669581
-0.659023
-0.648064
-0.636712
-0.624973
-0.612855
-0.600364
-0.587509
-0.574298
-0.560738
-0.546837
-0.532605
-0.518049
-0.503179
-0.488003
-0.472531
-0.456772
-0.440736
-0.424432
-0.40787
-0.391061
-0.374015
-0.356741
-0.339251
-0.321555
-0.303663
-0.285588
-0.267338
-0.248927
-0.230365
-0.211662
-0.192831
-0.173883
-0.15483
-0.135682
-0.116453
-0.097152
-0.0777925
-0.0583857
-0.0389435
-0.0194777
0
0
0.0198435
0.039675
0.0594825
0.0792538
0.0989769
0.11864
0.138231
0.157738
0.17715
0.196453
0.215638
0.234692
0.253603
0.27236
0.290952
0.309367
0.327595
0.345623
0.363442
0.38104
0.398407
0.415532
0.432404
0.449014
0.465352
0.481407
0.497169
0.51263
0.52778
0.542609
0.557109
0.571271
0.585086
0.598545
0.611641
0.624366
0.636712
0.648672
0.660237
0.671402
0.682159
0.692502
0.702424
0.71192
0.720984
0.72961
0.737794
0.745529
0.752812
0.759637
0.766002
0.771901
0.777332
0.782291
0.786775
0.790782
0.794308
0.797352
0.799912
0.801986
0.803574
0.804674
0.805285
0.805407
0.80504
0.804185
0.802841
0.80101
0.798693
0.79589
0.792605
0.788838
0.784593
0.779871
0.774676
0.76901
0.762878
0.756282
0.749227
0.741718
0.733758
0.725353
0.716507
0.707226
0.697516
0.687383
0.676832
0.66587
0.654504
0.642741
0.630588
0.618051
0.60514
0.591861
0.578223
0.564233
0.549901
0.535236
0.520245
0.504939
0.489326
0.473416
0.457218
0.440743
0.424001
0.407001
0.389753
0.37227
0.35456
0.336635
0.318506
0.300183
0.281678
0.263002
0.244166
0.225183
0.206062
0.186816
0.167457
0.147997
0.128446
0.108817
0.0891228
0.0693741
0.0495832
0.0297623
0.00992327
-0.00992178
-0.0297608
-0.0495817
-0.0693726
-0.0891213
-0.108816
-0.128445
-0.147995
-0.167456
-0.186815
-0.206061
-0.225181
-0.244165
-0.263001
-0.281677
-0.300182
-0.318504
-0.336634
-0.354559
-0.372268
-0.389752
-0.406999
-0.423999
-0.440742
-0.457217
-0.473414
-0.489324
-0.504937
-0.520244
-0.535234
-0.5499
-0.564232
-0.578221
-0.591859
-0.605138
-0.61805
-0.630586
-0.64274
-0.654503
-0.665869
-0.676831
-0.687381
-0.697515
-0.707225
-0.716506
-0.725351
-0.733757
-0.741717
-0.749226
-0.756281
-0.762877
-0.769009
-0.774675
-0.77987
-0.784592
-0.788837
-0.792604
-0.795889
-0.798692
-0.801009
-0.80284
-0.804184
-0.805039
-0.805406
-0.805284
-0.804672
-0.803573
-0.801985
-0.799911
-0.797351
-0.794307
-0.790781
-0.786774
-0.78229
-0.777331
-0.771901
-0.766001
-0.759637
-0.752811
-0.745528
-0.737793
-0.72961
-0.720984
-0.71192
-0.702424
-0.692501
-0.682158
-0.671401
-0.660236
-0.648671
-0.636712
-0.624366
-0.611641
-0.598545
-0.585085
-0.57127
-0.557109
-0.542609
-0.52778
-0.51263
-0.497169
-0.481406
-0.465351
-0.449014
-0.432404
-0.415531
-0.398406
-0.38104
-0.363442
-0.345623
-0.327594
-0.309367
-0.290952
-0.27236
-0.253603
-0.234692
-0.215638
-0.196453
-0.177149
-0.157738
-0.138231
-0.11864
-0.0989768
-0.0792537
-0.0594824
-0.039675
-0.0198435
0
0
0.0201973
0.0403824
0.060543
0.0806668
0.100742
0.120755
0.140696
0.160551
0.180308
0.199956
0.219483
0.238876
0.258125
0.277216
0.29614
0.314883
0.333436
0.351786
0.369922
0.387834
0.40551
0.42294
0.440114
0.45702
0.473649
0.48999
0.506034
0.52177
0.53719
0.552284
0.567042
0.581456
0.595517
0.609217
0.622547
0.635499
0.648065
0.660237
0.672009
0.683373
0.694321
0.704849
0.714948
0.724614
0.733839
0.742619
0.750948
0.758821
0.766234
0.773181
0.779659
0.785664
0.791192
0.796239
0.800803
0.804881
0.80847
0.811568
0.814174
0.816285
0.817901
0.81902
0.819643
0.819767
0.819394
0.818523
0.817155
0.815292
0.812933
0.810081
0.806737
0.802903
0.798582
0.793776
0.788488
0.782721
0.77648
0.769766
0.762586
0.754942
0.746841
0.738285
0.729282
0.719836
0.709953
0.699638
0.6889
0.677742
0.666174
0.654201
0.641831
0.629071
0.615929
0.602413
0.588532
0.574293
0.559706
0.544779
0.529521
0.513942
0.49805
0.481856
0.46537
0.448601
0.43156
0.414257
0.396703
0.378907
0.360882
0.342637
0.324185
0.305535
0.2867
0.267691
0.24852
0.229198
0.209736
0.190147
0.170443
0.150635
0.130736
0.110758
0.0907118
0.070611
0.0504673
0.0302929
0.0101002
-0.0100987
-0.0302914
-0.0504658
-0.0706095
-0.0907103
-0.110756
-0.130735
-0.150634
-0.170441
-0.190146
-0.209735
-0.229196
-0.248518
-0.26769
-0.286699
-0.305534
-0.324183
-0.342636
-0.36088
-0.378906
-0.396701
-0.414256
-0.431559
-0.4486
-0.465369
-0.481855
-0.498049
-0.51394
-0.529519
-0.544777
-0.559704
-0.574292
-0.588531
-0.602412
-0.615928
-0.629069
-0.641829
-0.654199
-0.666172
-0.677741
-0.688898
-0.699637
-0.709951
-0.719835
-0.729281
-0.738284
-0.746839
-0.754941
-0.762585
-0.769765
-0.776478
-0.78272
-0.788487
-0.793775
-0.798581
-0.802902
-0.806736
-0.81008
-0.812932
-0.815291
-0.817154
-0.818522
-0.819393
-0.819766
-0.819641
-0.819019
-0.8179
-0.816284
-0.814173
-0.811567
-0.808469
-0.80488
-0.800802
-0.796238
-0.791191
-0.785663
-0.779659
-0.773181
-0.766233
-0.758821
-0.750947
-0.742618
-0.733838
-0.724613
-0.714947
-0.704848
-0.694321
-0.683372
-0.672008
-0.660236
-0.648064
-0.635498
-0.622546
-0.609216
-0.595517
-0.581456
-0.567042
-0.552283
-0.53719
-0.52177
-0.506033
-0.48999
-0.473648
-0.45702
-0.440113
-0.42294
-0.40551
-0.387833
-0.369922
-0.351785
-0.333435
-0.314883
-0.296139
-0.277216
-0.258124
-0.238876
-0.219483
-0.199956
-0.180308
-0.160551
-0.140696
-0.120755
-0.100742
-0.0806667
-0.0605429
-0.0403824
-0.0201973
0
0
0.0205389
0.0410653
0.0615668
0.0820309
0.102445
0.122797
0.143075
0.163266
0.183357
0.203337
0.223194
0.242916
0.262489
0.281904
0.301147
0.320208
0.339074
0.357734
0.376177
0.394392
0.412367
0.430092
0.447556
0.464748
0.481658
0.498276
0.514591
0.530594
0.546274
0.561623
0.576631
0.591289
0.605588
0.619519
0.633074
0.646245
0.659023
0.671402
0.683373
0.694928
0.706062
0.716768
0.727038
0.736867
0.746248
0.755177
0.763647
0.771653
0.779191
0.786256
0.792844
0.79895
0.804571
0.809704
0.814345
0.818492
0.822141
0.825292
0.827942
0.830089
0.831732
0.83287
0.833503
0.833629
0.83325
0.832364
0.830974
0.829078
0.82668
0.823779
0.820379
0.81648
0.812086
0.807199
0.801821
0.795957
0.78961
0.782783
0.775481
0.767709
0.75947
0.75077
0.741614
0.732008
0.721958
0.711469
0.700549
0.689203
0.677439
0.665263
0.652684
0.639708
0.626344
0.6126
0.598484
0.584005
0.569171
0.553991
0.538475
0.522632
0.506472
0.490005
0.47324
0.456187
0.438858
0.421262
0.403411
0.385315
0.366984
0.348431
0.329667
0.310702
0.291548
0.272218
0.252722
0.233073
0.213283
0.193363
0.173325
0.153183
0.132947
0.112631
0.0922458
0.071805
0.0513207
0.0308052
0.010271
-0.0102694
-0.0308036
-0.0513191
-0.0718035
-0.0922442
-0.112629
-0.132945
-0.153181
-0.173324
-0.193361
-0.213281
-0.233072
-0.252721
-0.272216
-0.291547
-0.3107
-0.329665
-0.34843
-0.366983
-0.385313
-0.403409
-0.421261
-0.438857
-0.456186
-0.473238
-0.490003
-0.506471
-0.522631
-0.538474
-0.55399
-0.569169
-0.584003
-0.598483
-0.612599
-0.626343
-0.639707
-0.652683
-0.665262
-0.677438
-0.689202
-0.700548
-0.711468
-0.721957
-0.732007
-0.741613
-0.750769
-0.759468
-0.767707
-0.77548
-0.782782
-0.789609
-0.795956
-0.80182
-0.807197
-0.812085
-0.816479
-0.820378
-0.823778
-0.826679
-0.829077
-0.830972
-0.832363
-0.833249
-0.833628
-0.833502
-0.832869
-0.831731
-0.830088
-0.827941
-0.825291
-0.82214
-0.818491
-0.814344
-0.809703
-0.80457
-0.798949
-0.792843
-0.786255
-0.77919
-0.771652
-0.763646
-0.755176
-0.746248
-0.736866
-0.727037
-0.716767
-0.706062
-0.694928
-0.683372
-0.671401
-0.659023
-0.646244
-0.633073
-0.619518
-0.605587
-0.591288
-0.57663
-0.561622
-0.546274
-0.530593
-0.51459
-0.498275
-0.481658
-0.464748
-0.447556
-0.430092
-0.412367
-0.394392
-0.376177
-0.357734
-0.339074
-0.320208
-0.301147
-0.281904
-0.262489
-0.242915
-0.223194
-0.203337
-0.183357
-0.163265
-0.143075
-0.122797
-0.102445
-0.0820308
-0.0615667
-0.0410653
-0.0205389
0
0
0.020868
0.0417232
0.0625532
0.0833452
0.104087
0.124765
0.145367
0.165881
0.186295
0.206595
0.22677
0.246808
0.266695
0.286421
0.305972
0.325338
0.344507
0.363466
0.382204
0.400711
0.418974
0.436983
0.454727
0.472194
0.489375
0.506259
0.522836
0.539095
0.555026
0.570621
0.58587
0.600762
0.61529
0.629445
0.643217
0.656599
0.669582
0.682159
0.694321
0.706062
0.717375
0.728252
0.738687
0.748673
0.758205
0.767276
0.775882
0.784017
0.791675
0.798853
0.805546
0.81175
0.817462
0.822677
0.827392
0.831605
0.835314
0.838515
0.841207
0.843388
0.845058
0.846214
0.846857
0.846986
0.8466
0.8457
0.844287
0.842362
0.839925
0.836978
0.833523
0.829562
0.825097
0.820131
0.814668
0.80871
0.802261
0.795325
0.787906
0.780009
0.771638
0.762799
0.753496
0.743736
0.733525
0.722869
0.711773
0.700245
0.688293
0.675922
0.663141
0.649958
0.63638
0.622415
0.608073
0.593361
0.57829
0.562867
0.547103
0.531006
0.514587
0.497855
0.480822
0.463496
0.445889
0.428012
0.409874
0.391488
0.372864
0.354014
0.334948
0.31568
0.29622
0.276579
0.256771
0.236808
0.2167
0.196461
0.176102
0.155637
0.135077
0.114435
0.0937237
0.0729555
0.052143
0.0312988
0.0104356
-0.010434
-0.0312972
-0.0521414
-0.0729539
-0.0937221
-0.114433
-0.135075
-0.155635
-0.176101
-0.196459
-0.216698
-0.236806
-0.25677
-0.276578
-0.296218
-0.315678
-0.334947
-0.354012
-0.372862
-0.391486
-0.409873
-0.42801
-0.445888
-0.463495
-0.48082
-0.497854
-0.514585
-0.531004
-0.547101
-0.562865
-0.578288
-0.59336
-0.608071
-0.622414
-0.636378
-0.649956
-0.66314
-0.675921
-0.688291
-0.700244
-0.711772
-0.722867
-0.733524
-0.743735
-0.753495
-0.762797
-0.771636
-0.780007
-0.787905
-0.795323
-0.80226
-0.808709
-0.814667
-0.82013
-0.825096
-0.82956
-0.833522
-0.836977
-0.839924
-0.842361
-0.844286
-0.845699
-0.846599
-0.846984
-0.846856
-0.846213
-0.845057
-0.843387
-0.841206
-0.838514
-0.835313
-0.831604
-0.827391
-0.822676
-0.817461
-0.811749
-0.805545
-0.798852
-0.791674
-0.784016
-0.775881
-0.767275
-0.758204
-0.748672
-0.738686
-0.728251
-0.717374
-0.706062
-0.694321
-0.682158
-0.669581
-0.656598
-0.643216
-0.629444
-0.61529
-0.600762
-0.585869
-0.570621
-0.555026
-0.539094
-0.522835
-0.506259
-0.489375
-0.472194
-0.454726
-0.436983
-0.418974
-0.400711
-0.382204
-0.363465
-0.344506
-0.325338
-0.305972
-0.28642
-0.266695
-0.246807
-0.22677
-0.206595
-0.186295
-0.165881
-0.145367
-0.124765
-0.104086
-0.0833451
-0.0625531
-0.0417232
-0.0208679
0
0
0.0211844
0.0423559
0.0635016
0.0846089
0.105665
0.126656
0.147571
0.168397
0.18912
0.209728
0.230209
0.25055
0.270739
0.290763
0.310611
0.330271
0.34973
0.368977
0.387999
0.406787
0.425327
0.443609
0.461621
0.479354
0.496795
0.513935
0.530763
0.547268
0.563442
0.579273
0.594753
0.609871
0.624619
0.638988
0.65297
0.666554
0.679734
0.692502
0.704849
0.716768
0.728252
0.739294
0.749887
0.760024
0.769701
0.77891
0.787646
0.795904
0.803679
0.810966
0.81776
0.824058
0.829856
0.83515
0.839937
0.844214
0.847979
0.851228
0.853961
0.856176
0.857871
0.859045
0.859697
0.859828
0.859436
0.858523
0.857088
0.855134
0.85266
0.849668
0.846161
0.84214
0.837607
0.832566
0.82702
0.820972
0.814425
0.807384
0.799852
0.791835
0.783337
0.774364
0.764921
0.755013
0.744647
0.733829
0.722565
0.710863
0.698729
0.686171
0.673196
0.659812
0.646028
0.631852
0.617293
0.602358
0.587058
0.571401
0.555398
0.539057
0.522389
0.505404
0.488112
0.470524
0.45265
0.434501
0.416089
0.397424
0.378517
0.359381
0.340027
0.320466
0.300711
0.280773
0.260665
0.240398
0.219986
0.199439
0.178772
0.157997
0.137125
0.11617
0.0951448
0.0740617
0.0529336
0.0317733
0.0105938
-0.0105922
-0.0317717
-0.0529319
-0.07406
-0.0951432
-0.116169
-0.137123
-0.157995
-0.178771
-0.199438
-0.219984
-0.240396
-0.260663
-0.280771
-0.300709
-0.320465
-0.340025
-0.35938
-0.378516
-0.397422
-0.416087
-0.4345
-0.452648
-0.470522
-0.488111
-0.505402
-0.522388
-0.539055
-0.555396
-0.5714
-0.587056
-0.602357
-0.617291
-0.631851
-0.646027
-0.659811
-0.673194
-0.686169
-0.698727
-0.710861
-0.722564
-0.733827
-0.744645
-0.755012
-0.764919
-0.774363
-0.783336
-0.791834
-0.799851
-0.807382
-0.814423
-0.82097
-0.827019
-0.832565
-0.837606
-0.842138
-0.846159
-0.849667
-0.852658
-0.855132
-0.857087
-0.858522
-0.859435
-0.859826
-0.859696
-0.859044
-0.85787
-0.856175
-0.85396
-0.851227
-0.847978
-0.844213
-0.839936
-0.835149
-0.829855
-0.824057
-0.817759
-0.810965
-0.803678
-0.795903
-0.787645
-0.778909
-0.7697
-0.760023
-0.749886
-0.739293
-0.728251
-0.716767
-0.704848
-0.692501
-0.679734
-0.666554
-0.652969
-0.638988
-0.624619
-0.609871
-0.594752
-0.579272
-0.563441
-0.547268
-0.530762
-0.513935
-0.496795
-0.479353
-0.461621
-0.443608
-0.425326
-0.406786
-0.387999
-0.368976
-0.34973
-0.330271
-0.310611
-0.290763
-0.270738
-0.250549
-0.230208
-0.209727
-0.189119
-0.168396
-0.147571
-0.126656
-0.105665
-0.0846088
-0.0635016
-0.0423558
-0.0211843
0
0
0.0214879
0.0429627
0.0644115
0.0858212
0.107179
0.128471
0.149686
0.170809
0.191829
0.212733
0.233507
0.25414
0.274618
0.294929
0.315062
0.335003
0.354741
0.374264
0.393559
0.412615
0.431421
0.449965
0.468236
0.486222
0.503914
0.521299
0.538368
0.55511
0.571515
0.587573
0.603275
0.61861
0.633569
0.648144
0.662326
0.676105
0.689474
0.702424
0.714948
0.727038
0.738687
0.749887
0.760631
0.770914
0.780729
0.79007
0.798932
0.807308
0.815194
0.822585
0.829477
0.835866
0.841747
0.847117
0.851972
0.85631
0.860129
0.863425
0.866197
0.868444
0.870163
0.871354
0.872015
0.872148
0.871751
0.870824
0.869369
0.867386
0.864877
0.861843
0.858285
0.854206
0.849609
0.844496
0.83887
0.832735
0.826094
0.818952
0.811313
0.803181
0.794562
0.78546
0.775881
0.765831
0.755317
0.744343
0.732918
0.721048
0.70874
0.696002
0.682842
0.669267
0.655285
0.640906
0.626137
0.610989
0.595469
0.579589
0.563356
0.546781
0.529874
0.512646
0.495106
0.477266
0.459136
0.440727
0.422051
0.403118
0.383941
0.364531
0.344899
0.325058
0.30502
0.284796
0.2644
0.243843
0.223138
0.202297
0.181334
0.16026
0.13909
0.117835
0.0965081
0.0751229
0.053692
0.0322286
0.0107456
-0.0107439
-0.0322269
-0.0536904
-0.0751212
-0.0965064
-0.117833
-0.139088
-0.160259
-0.181332
-0.202295
-0.223136
-0.243841
-0.264398
-0.284794
-0.305018
-0.325056
-0.344897
-0.364529
-0.383939
-0.403117
-0.422049
-0.440725
-0.459134
-0.477264
-0.495104
-0.512644
-0.529873
-0.546779
-0.563354
-0.579587
-0.595468
-0.610987
-0.626136
-0.640904
-0.655284
-0.669265
-0.68284
-0.696001
-0.708739
-0.721047
-0.732917
-0.744342
-0.755315
-0.76583
-0.77588
-0.785458
-0.79456
-0.80318
-0.811311
-0.818951
-0.826093
-0.832734
-0.838869
-0.844494
-0.849608
-0.854205
-0.858284
-0.861841
-0.864876
-0.867385
-0.869368
-0.870823
-0.871749
-0.872146
-0.872014
-0.871352
-0.870162
-0.868443
-0.866196
-0.863424
-0.860128
-0.856309
-0.851971
-0.847115
-0.841746
-0.835865
-0.829476
-0.822585
-0.815193
-0.807307
-0.798931
-0.790069
-0.780728
-0.770913
-0.760631
-0.749886
-0.738686
-0.727037
-0.714947
-0.702424
-0.689473
-0.676104
-0.662325
-0.648144
-0.633569
-0.618609
-0.603274
-0.587573
-0.571514
-0.555109
-0.538367
-0.521298
-0.503913
-0.486222
-0.468235
-0.449965
-0.431421
-0.412615
-0.393558
-0.374263
-0.354741
-0.335003
-0.315062
-0.294929
-0.274618
-0.254139
-0.233507
-0.212733
-0.191829
-0.170809
-0.149686
-0.128471
-0.107179
-0.0858211
-0.0644115
-0.0429627
-0.0214879
0
0
0.0217784
0.0435436
0.0652823
0.0869814
0.108628
0.130208
0.151709
0.173119
0.194423
0.215609
0.236664
0.257575
0.278331
0.298917
0.319321
0.339532
0.359537
0.379323
0.398879
0.418193
0.437253
0.456048
0.474566
0.492796
0.510726
0.528346
0.545646
0.562615
0.579241
0.595517
0.61143
0.626973
0.642135
0.656907
0.67128
0.685245
0.698795
0.71192
0.724614
0.736867
0.748673
0.760024
0.770914
0.781336
0.791284
0.800751
0.809732
0.818222
0.826215
0.833706
0.840691
0.847166
0.853126
0.858569
0.86349
0.867887
0.871757
0.875098
0.877908
0.880184
0.881926
0.883133
0.883804
0.883938
0.883536
0.882597
0.881122
0.879113
0.876569
0.873494
0.869888
0.865754
0.861095
0.855913
0.850211
0.843993
0.837262
0.830024
0.822281
0.814039
0.805303
0.796078
0.78637
0.776185
0.765528
0.754406
0.742827
0.730796
0.718322
0.705412
0.692073
0.678314
0.664144
0.64957
0.634602
0.619249
0.60352
0.587424
0.570972
0.554173
0.537038
0.519576
0.501799
0.483718
0.465343
0.446685
0.427756
0.408568
0.389131
0.369459
0.349562
0.329452
0.309143
0.288646
0.267974
0.247139
0.226154
0.205032
0.183785
0.162427
0.14097
0.119428
0.0978128
0.0761384
0.0544179
0.0326643
0.0108909
-0.0108892
-0.0326626
-0.0544162
-0.0761367
-0.0978111
-0.119426
-0.140968
-0.162425
-0.183784
-0.20503
-0.226153
-0.247137
-0.267972
-0.288645
-0.309141
-0.329451
-0.34956
-0.369457
-0.38913
-0.408566
-0.427755
-0.446684
-0.465341
-0.483716
-0.501798
-0.519575
-0.537036
-0.554171
-0.57097
-0.587422
-0.603518
-0.619247
-0.634601
-0.649569
-0.664142
-0.678313
-0.692072
-0.70541
-0.71832
-0.730795
-0.742825
-0.754405
-0.765526
-0.776183
-0.786369
-0.796077
-0.805302
-0.814038
-0.82228
-0.830022
-0.837261
-0.843991
-0.850209
-0.855911
-0.861093
-0.865753
-0.869887
-0.873493
-0.876568
-0.879111
-0.881121
-0.882596
-0.883535
-0.883937
-0.883803
-0.883132
-0.881925
-0.880183
-0.877906
-0.875097
-0.871756
-0.867886
-0.863489
-0.858568
-0.853125
-0.847165
-0.84069
-0.833705
-0.826214
-0.818221
-0.809731
-0.80075
-0.791283
-0.781335
-0.770913
-0.760023
-0.748672
-0.736866
-0.724613
-0.71192
-0.698794
-0.685245
-0.671279
-0.656906
-0.642134
-0.626972
-0.61143
-0.595516
-0.579241
-0.562614
-0.545646
-0.528346
-0.510725
-0.492795
-0.474565
-0.456048
-0.437253
-0.418193
-0.398879
-0.379323
-0.359536
-0.339532
-0.319321
-0.298916
-0.27833
-0.257575
-0.236664
-0.215609
-0.194422
-0.173118
-0.151709
-0.130208
-0.108628
-0.0869813
-0.0652822
-0.0435435
-0.0217784
0
0
0.0220557
0.0440979
0.0661134
0.0880888
0.110011
0.131866
0.153641
0.175323
0.196898
0.218354
0.239677
0.260855
0.281874
0.302722
0.323387
0.343855
0.364114
0.384153
0.403958
0.423518
0.44282
0.461854
0.480608
0.49907
0.517228
0.535073
0.552593
0.569777
0.586616
0.603098
0.619215
0.634955
0.65031
0.66527
0.679826
0.69397
0.707692
0.720984
0.733839
0.746248
0.758205
0.769701
0.780729
0.791284
0.801358
0.810946
0.820042
0.828639
0.836734
0.84432
0.851394
0.857952
0.863988
0.8695
0.874484
0.878937
0.882856
0.886239
0.889085
0.89139
0.893155
0.894377
0.895056
0.895192
0.894785
0.893834
0.89234
0.890305
0.887729
0.884615
0.880963
0.876777
0.872058
0.86681
0.861035
0.854738
0.847922
0.840591
0.83275
0.824403
0.815556
0.806214
0.796382
0.786067
0.775274
0.764011
0.752284
0.7401
0.727467
0.714393
0.700884
0.68695
0.6726
0.65784
0.642682
0.627133
0.611203
0.594903
0.578241
0.561228
0.543875
0.526191
0.508188
0.489876
0.471267
0.452372
0.433203
0.41377
0.394086
0.374163
0.354012
0.333647
0.313079
0.292321
0.271386
0.250286
0.229034
0.207642
0.186125
0.164495
0.142765
0.120948
0.0990581
0.0771078
0.0551107
0.0330802
0.0110295
-0.0110278
-0.0330784
-0.055109
-0.0771061
-0.0990564
-0.120947
-0.142763
-0.164493
-0.186123
-0.207641
-0.229032
-0.250284
-0.271384
-0.292319
-0.313077
-0.333645
-0.35401
-0.374161
-0.394084
-0.413768
-0.433201
-0.452371
-0.471266
-0.489875
-0.508186
-0.52619
-0.543873
-0.561227
-0.57824
-0.594901
-0.611202
-0.627131
-0.64268
-0.657839
-0.672598
-0.686949
-0.700883
-0.714391
-0.727466
-0.740099
-0.752282
-0.764009
-0.775273
-0.786065
-0.79638
-0.806212
-0.815555
-0.824402
-0.832749
-0.84059
-0.847921
-0.854737
-0.861034
-0.866808
-0.872057
-0.876775
-0.880962
-0.884614
-0.887728
-0.890304
-0.892339
-0.893833
-0.894783
-0.895191
-0.895055
-0.894376
-0.893154
-0.891389
-0.889084
-0.886238
-0.882855
-0.878935
-0.874482
-0.869499
-0.863987
-0.857951
-0.851393
-0.844319
-0.836733
-0.828638
-0.820041
-0.810945
-0.801357
-0.791283
-0.780728
-0.7697
-0.758204
-0.746248
-0.733838
-0.720984
-0.707691
-0.693969
-0.679825
-0.665269
-0.650309
-0.634954
-0.619214
-0.603098
-0.586615
-0.569777
-0.552592
-0.535073
-0.517228
-0.499069
-0.480607
-0.461854
-0.44282
-0.423517
-0.403957
-0.384152
-0.364114
-0.343855
-0.323386
-0.302722
-0.281874
-0.260854
-0.239677
-0.218354
-0.196898
-0.175322
-0.153641
-0.131866
-0.110011
-0.0880887
-0.0661134
-0.0440979
-0.0220556
0
0
0.0223196
0.0446256
0.0669045
0.0891428
0.111327
0.133444
0.155479
0.17742
0.199254
0.220966
0.242545
0.263976
0.285247
0.306344
0.327256
0.347969
0.368471
0.388749
0.408791
0.428585
0.448118
0.46738
0.486358
0.505041
0.523417
0.541475
0.559205
0.576595
0.593635
0.610314
0.626623
0.642552
0.658091
0.67323
0.68796
0.702273
0.716159
0.72961
0.742619
0.755177
0.767276
0.77891
0.79007
0.800751
0.810946
0.820649
0.829853
0.838553
0.846745
0.854422
0.861581
0.868217
0.874325
0.879903
0.884946
0.889453
0.893419
0.896843
0.899722
0.902055
0.903841
0.905078
0.905765
0.905903
0.90549
0.904528
0.903017
0.900957
0.898351
0.895199
0.891503
0.887267
0.882492
0.877181
0.871337
0.864965
0.858067
0.850648
0.842713
0.834267
0.825314
0.81586
0.80591
0.795471
0.78455
0.773152
0.761285
0.748955
0.736171
0.72294
0.70927
0.695169
0.680647
0.665711
0.650371
0.634636
0.618516
0.602021
0.58516
0.567943
0.550382
0.532487
0.514268
0.495738
0.476906
0.457785
0.438386
0.41872
0.398801
0.378639
0.358248
0.337639
0.316825
0.295819
0.274633
0.25328
0.231774
0.210127
0.188352
0.166463
0.144473
0.122395
0.100243
0.0780304
0.0557701
0.033476
0.0111615
-0.0111597
-0.0334742
-0.0557683
-0.0780286
-0.100242
-0.122394
-0.144471
-0.166461
-0.18835
-0.210125
-0.231772
-0.253278
-0.274631
-0.295817
-0.316823
-0.337637
-0.358246
-0.378637
-0.398799
-0.418719
-0.438384
-0.457783
-0.476904
-0.495736
-0.514267
-0.532485
-0.55038
-0.567942
-0.585158
-0.602019
-0.618515
-0.634635
-0.650369
-0.665709
-0.680645
-0.695168
-0.709268
-0.722938
-0.736169
-0.748954
-0.761283
-0.77315
-0.784548
-0.79547
-0.805909
-0.815858
-0.825312
-0.834265
-0.842712
-0.850647
-0.858065
-0.864963
-0.871336
-0.877179
-0.88249
-0.887265
-0.891502
-0.895197
-0.898349
-0.900956
-0.903015
-0.904527
-0.905489
-0.905901
-0.905764
-0.905077
-0.90384
-0.902054
-0.899721
-0.896842
-0.893418
-0.889451
-0.884945
-0.879902
-0.874324
-0.868215
-0.86158
-0.854421
-0.846744
-0.838552
-0.829852
-0.820648
-0.810945
-0.80075
-0.790069
-0.778909
-0.767275
-0.755176
-0.742618
-0.72961
-0.716158
-0.702272
-0.687959
-0.673229
-0.65809
-0.642551
-0.626623
-0.610314
-0.593634
-0.576594
-0.559204
-0.541474
-0.523416
-0.50504
-0.486358
-0.46738
-0.448118
-0.428584
-0.40879
-0.388748
-0.36847
-0.347969
-0.327256
-0.306344
-0.285246
-0.263975
-0.242544
-0.220966
-0.199254
-0.17742
-0.155479
-0.133443
-0.111327
-0.0891427
-0.0669044
-0.0446255
-0.0223195
0
0
0.0225699
0.0451261
0.0676549
0.0901426
0.112576
0.13494
0.157223
0.17941
0.201489
0.223445
0.245265
0.266936
0.288446
0.30978
0.330926
0.351872
0.372603
0.393109
0.413376
0.433392
0.453145
0.472622
0.491813
0.510705
0.529287
0.547548
0.565476
0.583062
0.600293
0.617159
0.633651
0.649759
0.665472
0.68078
0.695676
0.710149
0.724191
0.737794
0.750948
0.763647
0.775882
0.787646
0.798932
0.809732
0.820042
0.829853
0.839161
0.847959
0.856242
0.864005
0.871244
0.877954
0.884131
0.889772
0.894872
0.899429
0.903439
0.906902
0.909813
0.912173
0.913978
0.915229
0.915924
0.916063
0.915646
0.914673
0.913145
0.911062
0.908426
0.905239
0.901502
0.897218
0.89239
0.887019
0.88111
0.874666
0.867691
0.860189
0.852165
0.843624
0.83457
0.82501
0.814949
0.804393
0.793349
0.781824
0.769823
0.757355
0.744428
0.731048
0.717225
0.702966
0.688281
0.673178
0.657666
0.641754
0.625453
0.608773
0.591723
0.574313
0.556555
0.538459
0.520036
0.501298
0.482255
0.462919
0.443302
0.423417
0.403274
0.382886
0.362266
0.341426
0.320378
0.299136
0.277713
0.256121
0.234373
0.212483
0.190465
0.16833
0.146093
0.123768
0.101368
0.0789056
0.0563956
0.0338514
0.0112867
-0.0112849
-0.0338496
-0.0563938
-0.0789038
-0.101366
-0.123766
-0.146092
-0.168328
-0.190463
-0.212482
-0.234372
-0.256119
-0.277711
-0.299135
-0.320377
-0.341424
-0.362264
-0.382884
-0.403272
-0.423415
-0.443301
-0.462917
-0.482253
-0.501296
-0.520035
-0.538457
-0.556553
-0.574311
-0.591721
-0.608771
-0.625452
-0.641753
-0.657664
-0.673176
-0.688279
-0.702965
-0.717223
-0.731047
-0.744426
-0.757354
-0.769822
-0.781822
-0.793348
-0.804392
-0.814948
-0.825009
-0.834569
-0.843622
-0.852164
-0.860188
-0.867689
-0.874664
-0.881108
-0.887018
-0.892388
-0.897217
-0.901501
-0.905238
-0.908425
-0.911061
-0.913144
-0.914672
-0.915645
-0.916062
-0.915923
-0.915228
-0.913977
-0.912172
-0.909812
-0.9069
-0.903438
-0.899427
-0.894871
-0.889771
-0.88413
-0.877953
-0.871243
-0.864004
-0.856241
-0.847958
-0.83916
-0.829852
-0.820041
-0.809731
-0.798931
-0.787645
-0.775881
-0.763646
-0.750947
-0.737793
-0.72419
-0.710148
-0.695675
-0.68078
-0.665471
-0.649758
-0.633651
-0.617159
-0.600292
-0.583061
-0.565476
-0.547548
-0.529287
-0.510705
-0.491812
-0.472622
-0.453144
-0.433391
-0.413375
-0.393109
-0.372603
-0.351871
-0.330926
-0.30978
-0.288446
-0.266936
-0.245265
-0.223444
-0.201488
-0.17941
-0.157223
-0.13494
-0.112575
-0.0901425
-0.0676548
-0.045126
-0.0225699
0
0
0.0228065
0.0455992
0.0683642
0.0910877
0.113756
0.136355
0.158871
0.181291
0.203601
0.225787
0.247836
0.269735
0.29147
0.313028
0.334396
0.355561
0.37651
0.39723
0.41771
0.437936
0.457895
0.477577
0.496969
0.51606
0.534837
0.553289
0.571405
0.589175
0.606586
0.62363
0.640295
0.656571
0.672449
0.687918
0.70297
0.717595
0.731784
0.745529
0.758821
0.771653
0.784017
0.795904
0.807308
0.818222
0.828639
0.838553
0.847959
0.856849
0.865219
0.873064
0.880379
0.887159
0.893401
0.8991
0.904254
0.908859
0.912911
0.91641
0.919352
0.921736
0.923561
0.924825
0.925527
0.925668
0.925246
0.924263
0.922719
0.920614
0.917951
0.91473
0.910954
0.906625
0.901746
0.896319
0.890348
0.883836
0.876788
0.869208
0.8611
0.852469
0.84332
0.83366
0.823493
0.812827
0.801667
0.79002
0.777894
0.765296
0.752233
0.738713
0.724745
0.710337
0.695497
0.680235
0.664561
0.648483
0.632011
0.615155
0.597926
0.580335
0.56239
0.544105
0.525489
0.506554
0.487311
0.467773
0.44795
0.427856
0.407502
0.3869
0.366064
0.345005
0.323737
0.302273
0.280625
0.258806
0.236831
0.214711
0.192462
0.170095
0.147625
0.125066
0.10243
0.0797328
0.0569869
0.0342063
0.011405
-0.0114032
-0.0342045
-0.0569851
-0.079731
-0.102429
-0.125064
-0.147623
-0.170093
-0.19246
-0.214709
-0.236829
-0.258804
-0.280623
-0.302271
-0.323736
-0.345004
-0.366062
-0.386899
-0.4075
-0.427854
-0.447948
-0.467771
-0.487309
-0.506552
-0.525487
-0.544103
-0.562389
-0.580333
-0.597925
-0.615154
-0.632009
-0.648481
-0.664559
-0.680234
-0.695495
-0.710335
-0.724743
-0.738711
-0.752231
-0.765294
-0.777893
-0.790019
-0.801665
-0.812825
-0.823492
-0.833658
-0.843319
-0.852467
-0.861098
-0.869206
-0.876787
-0.883835
-0.890346
-0.896317
-0.901744
-0.906624
-0.910953
-0.914729
-0.917949
-0.920613
-0.922717
-0.924262
-0.925245
-0.925666
-0.925526
-0.924823
-0.92356
-0.921735
-0.919351
-0.916409
-0.91291
-0.908857
-0.904253
-0.899099
-0.8934
-0.887158
-0.880378
-0.873063
-0.865218
-0.856848
-0.847958
-0.838552
-0.828638
-0.818221
-0.807307
-0.795903
-0.784016
-0.771652
-0.758821
-0.745528
-0.731783
-0.717594
-0.702969
-0.687917
-0.672448
-0.65657
-0.640294
-0.623629
-0.606586
-0.589174
-0.571405
-0.553288
-0.534836
-0.516059
-0.496969
-0.477577
-0.457895
-0.437935
-0.417709
-0.39723
-0.37651
-0.355561
-0.334396
-0.313028
-0.29147
-0.269735
-0.247836
-0.225787
-0.203601
-0.181291
-0.158871
-0.136355
-0.113756
-0.0910876
-0.0683641
-0.0455991
-0.0228065
0
0
0.0230293
0.0460446
0.069032
0.0919774
0.114867
0.137687
0.160423
0.183062
0.20559
0.227993
0.250257
0.27237
0.294317
0.316086
0.337663
0.359034
0.380188
0.401111
0.42179
0.442214
0.462368
0.482243
0.501824
0.521101
0.540061
0.558694
0.576987
0.59493
0.612512
0.629722
0.64655
0.662985
0.679017
0.694638
0.709837
0.724605
0.738932
0.752812
0.766234
0.779191
0.791675
0.803679
0.815194
0.826215
0.836734
0.846745
0.856242
0.865219
0.873671
0.881593
0.888979
0.895825
0.902128
0.907883
0.913087
0.917737
0.921829
0.925362
0.928333
0.93074
0.932583
0.933859
0.934568
0.93471
0.934284
0.933292
0.931732
0.929607
0.926918
0.923666
0.919853
0.915482
0.910554
0.905075
0.899045
0.89247
0.885353
0.877699
0.869511
0.860796
0.851558
0.841804
0.831538
0.820767
0.809498
0.797738
0.785493
0.772772
0.759581
0.745929
0.731824
0.717276
0.702291
0.68688
0.671053
0.654817
0.638185
0.621165
0.603767
0.586004
0.567884
0.54942
0.530622
0.511502
0.492071
0.472342
0.452326
0.432035
0.411482
0.39068
0.36964
0.348376
0.3269
0.305225
0.283366
0.261334
0.239144
0.216809
0.194342
0.171757
0.149067
0.126287
0.103431
0.0805117
0.0575436
0.0345405
0.0115165
-0.0115146
-0.0345386
-0.0575417
-0.0805099
-0.103429
-0.126286
-0.149065
-0.171755
-0.19434
-0.216807
-0.239142
-0.261332
-0.283364
-0.305224
-0.326898
-0.348374
-0.369638
-0.390678
-0.411481
-0.432034
-0.452324
-0.47234
-0.492069
-0.5115
-0.53062
-0.549418
-0.567882
-0.586002
-0.603766
-0.621163
-0.638183
-0.654816
-0.671051
-0.686879
-0.702289
-0.717274
-0.731823
-0.745927
-0.759579
-0.77277
-0.785492
-0.797736
-0.809497
-0.820765
-0.831536
-0.841802
-0.851557
-0.860795
-0.86951
-0.877697
-0.885352
-0.892469
-0.899044
-0.905073
-0.910553
-0.91548
-0.919851
-0.923664
-0.926916
-0.929606
-0.931731
-0.93329
-0.934283
-0.934709
-0.934567
-0.933858
-0.932581
-0.930739
-0.928332
-0.925361
-0.921828
-0.917736
-0.913086
-0.907882
-0.902127
-0.895824
-0.888978
-0.881591
-0.87367
-0.865218
-0.856241
-0.846744
-0.836733
-0.826214
-0.815193
-0.803678
-0.791674
-0.77919
-0.766233
-0.752811
-0.738932
-0.724604
-0.709836
-0.694637
-0.679017
-0.662984
-0.646549
-0.629721
-0.612511
-0.594929
-0.576986
-0.558693
-0.540061
-0.5211
-0.501823
-0.482242
-0.462368
-0.442213
-0.42179
-0.40111
-0.380188
-0.359034
-0.337662
-0.316086
-0.294317
-0.27237
-0.250257
-0.227993
-0.20559
-0.183062
-0.160423
-0.137687
-0.114867
-0.0919774
-0.0690319
-0.0460446
-0.0230293
0
0
0.0232381
0.0464621
0.0696579
0.0928114
0.115909
0.138935
0.161878
0.184722
0.207454
0.23006
0.252526
0.27484
0.296986
0.318952
0.340724
0.36229
0.383635
0.404748
0.425615
0.446223
0.466561
0.486615
0.506374
0.525826
0.544958
0.563759
0.582218
0.600324
0.618065
0.635432
0.652412
0.668996
0.685174
0.700936
0.716273
0.731174
0.745632
0.759637
0.773181
0.786256
0.798853
0.810966
0.822585
0.833706
0.84432
0.854422
0.864005
0.873064
0.881593
0.889586
0.897039
0.903948
0.910308
0.916115
0.921366
0.926058
0.930187
0.933752
0.93675
0.939179
0.941038
0.942326
0.943042
0.943185
0.942755
0.941754
0.94018
0.938036
0.935322
0.932041
0.928193
0.923782
0.91881
0.913281
0.907197
0.900562
0.89338
0.885657
0.877395
0.868601
0.859279
0.849436
0.839077
0.828209
0.816838
0.804971
0.792615
0.779778
0.766468
0.752692
0.73846
0.723779
0.708659
0.693108
0.677137
0.660755
0.643971
0.626797
0.609242
0.591317
0.573033
0.554401
0.535433
0.51614
0.496533
0.476625
0.456427
0.435953
0.415213
0.394222
0.372991
0.351534
0.329864
0.307993
0.285935
0.263704
0.241312
0.218774
0.196104
0.173314
0.150419
0.127433
0.104369
0.0812417
0.0580653
0.0348537
0.0116209
-0.011619
-0.0348518
-0.0580634
-0.0812398
-0.104367
-0.127431
-0.150417
-0.173312
-0.196102
-0.218773
-0.241311
-0.263702
-0.285933
-0.307991
-0.329862
-0.351532
-0.372989
-0.39422
-0.415212
-0.435951
-0.456425
-0.476623
-0.496531
-0.516138
-0.535431
-0.554399
-0.573031
-0.591315
-0.60924
-0.626795
-0.643969
-0.660753
-0.677135
-0.693106
-0.708657
-0.723777
-0.738458
-0.752691
-0.766466
-0.779777
-0.792614
-0.804969
-0.816836
-0.828207
-0.839076
-0.849435
-0.859278
-0.868599
-0.877393
-0.885655
-0.893379
-0.90056
-0.907195
-0.913279
-0.918809
-0.923781
-0.928192
-0.932039
-0.935321
-0.938034
-0.940179
-0.941752
-0.942754
-0.943184
-0.94304
-0.942325
-0.941037
-0.939178
-0.936749
-0.933751
-0.930186
-0.926057
-0.921365
-0.916114
-0.910307
-0.903947
-0.897038
-0.889585
-0.881591
-0.873063
-0.864004
-0.854421
-0.844319
-0.833705
-0.822585
-0.810965
-0.798852
-0.786255
-0.773181
-0.759637
-0.745631
-0.731174
-0.716272
-0.700935
-0.685173
-0.668995
-0.652411
-0.635431
-0.618065
-0.600324
-0.582218
-0.563759
-0.544957
-0.525825
-0.506373
-0.486615
-0.46656
-0.446223
-0.425614
-0.404747
-0.383635
-0.362289
-0.340724
-0.318951
-0.296986
-0.274839
-0.252526
-0.23006
-0.207454
-0.184722
-0.161878
-0.138935
-0.115908
-0.0928113
-0.0696578
-0.0464621
-0.0232381
0
0
0.0234328
0.0468514
0.0702415
0.093589
0.11688
0.140099
0.163234
0.18627
0.209192
0.231988
0.254642
0.277142
0.299474
0.321624
0.343579
0.365325
0.386849
0.408139
0.429181
0.449962
0.47047
0.490692
0.510617
0.530231
0.549524
0.568483
0.587096
0.605354
0.623244
0.640755
0.657878
0.674601
0.690915
0.706809
0.722274
0.737301
0.751879
0.766002
0.779659
0.792844
0.805546
0.81776
0.829477
0.840691
0.851394
0.861581
0.871244
0.880379
0.888979
0.897039
0.904555
0.911521
0.917935
0.92379
0.929086
0.933817
0.937981
0.941575
0.944598
0.947048
0.948923
0.950221
0.950943
0.951087
0.950654
0.949644
0.948057
0.945895
0.943159
0.939849
0.93597
0.931522
0.926508
0.920933
0.914798
0.908107
0.900866
0.893077
0.884746
0.875878
0.866479
0.856553
0.846107
0.835148
0.823682
0.811715
0.799256
0.786312
0.77289
0.758999
0.744647
0.729843
0.714596
0.698915
0.68281
0.666291
0.649367
0.632048
0.614346
0.596271
0.577834
0.559046
0.539919
0.520464
0.500693
0.480618
0.460251
0.439605
0.418692
0.397525
0.376116
0.35448
0.332627
0.310573
0.288331
0.265913
0.243334
0.220607
0.197747
0.174766
0.151679
0.1285
0.105243
0.0819224
0.0585518
0.0351457
0.0117183
-0.0117163
-0.0351438
-0.0585499
-0.0819205
-0.105241
-0.128498
-0.151677
-0.174764
-0.197745
-0.220606
-0.243332
-0.265911
-0.288329
-0.310572
-0.332626
-0.354478
-0.376115
-0.397523
-0.41869
-0.439603
-0.460249
-0.480616
-0.500691
-0.520462
-0.539917
-0.559044
-0.577832
-0.596269
-0.614344
-0.632046
-0.649365
-0.666289
-0.682808
-0.698914
-0.714594
-0.729841
-0.744645
-0.758997
-0.772888
-0.78631
-0.799254
-0.811714
-0.82368
-0.835146
-0.846106
-0.856551
-0.866477
-0.875877
-0.884745
-0.893075
-0.900864
-0.908106
-0.914796
-0.920931
-0.926507
-0.93152
-0.935968
-0.939848
-0.943157
-0.945894
-0.948056
-0.949643
-0.950653
-0.951086
-0.950942
-0.95022
-0.948921
-0.947047
-0.944597
-0.941574
-0.937979
-0.933815
-0.929084
-0.923789
-0.917933
-0.91152
-0.904554
-0.897038
-0.888978
-0.880378
-0.871243
-0.86158
-0.851393
-0.84069
-0.829476
-0.817759
-0.805545
-0.792843
-0.779659
-0.766001
-0.751879
-0.7373
-0.722273
-0.706808
-0.690914
-0.6746
-0.657877
-0.640755
-0.623243
-0.605353
-0.587096
-0.568482
-0.549523
-0.530231
-0.510616
-0.490692
-0.470469
-0.449961
-0.42918
-0.408138
-0.386849
-0.365325
-0.343578
-0.321624
-0.299474
-0.277142
-0.254642
-0.231987
-0.209192
-0.186269
-0.163234
-0.140099
-0.11688
-0.0935889
-0.0702414
-0.0468513
-0.0234328
0
0
0.0236133
0.0472122
0.0707825
0.0943098
0.11778
0.141178
0.164491
0.187704
0.210803
0.233774
0.256603
0.279277
0.301781
0.324101
0.346225
0.368139
0.389829
0.411282
0.432486
0.453427
0.474093
0.494471
0.514549
0.534315
0.553756
0.572861
0.591618
0.610016
0.628044
0.64569
0.662945
0.679797
0.696236
0.712252
0.727837
0.742979
0.75767
0.771901
0.785664
0.79895
0.81175
0.824058
0.835866
0.847166
0.857952
0.868217
0.877954
0.887159
0.895825
0.903948
0.911521
0.918542
0.925004
0.930905
0.936241
0.941009
0.945205
0.948827
0.951873
0.954342
0.956231
0.95754
0.958267
0.958412
0.957976
0.956958
0.955359
0.95318
0.950422
0.947088
0.943178
0.938696
0.933644
0.928025
0.921843
0.915101
0.907804
0.899955
0.89156
0.882624
0.873152
0.86315
0.852624
0.84158
0.830025
0.817967
0.805412
0.792367
0.778842
0.764844
0.750382
0.735464
0.7201
0.704298
0.688069
0.671422
0.654368
0.636916
0.619078
0.600863
0.582284
0.563352
0.544077
0.524472
0.504549
0.48432
0.463796
0.442991
0.421917
0.400587
0.379013
0.35721
0.335189
0.312965
0.290552
0.267961
0.245208
0.222306
0.19927
0.176112
0.152847
0.12949
0.106054
0.0825534
0.0590028
0.0354164
0.0118085
-0.0118065
-0.0354144
-0.0590008
-0.0825514
-0.106052
-0.129488
-0.152845
-0.17611
-0.199268
-0.222305
-0.245206
-0.267959
-0.29055
-0.312963
-0.335187
-0.357208
-0.379011
-0.400585
-0.421915
-0.442989
-0.463794
-0.484318
-0.504547
-0.524471
-0.544075
-0.56335
-0.582282
-0.600861
-0.619076
-0.636914
-0.654366
-0.67142
-0.688067
-0.704296
-0.720098
-0.735462
-0.75038
-0.764843
-0.778841
-0.792366
-0.80541
-0.817965
-0.830024
-0.841578
-0.852622
-0.863148
-0.87315
-0.882622
-0.891559
-0.899954
-0.907802
-0.9151
-0.921841
-0.928024
-0.933643
-0.938695
-0.943177
-0.947086
-0.950421
-0.953179
-0.955358
-0.956956
-0.957974
-0.958411
-0.958265
-0.957538
-0.95623
-0.954341
-0.951872
-0.948826
-0.945203
-0.941007
-0.93624
-0.930904
-0.925003
-0.91854
-0.91152
-0.903947
-0.895824
-0.887158
-0.877953
-0.868215
-0.857951
-0.847165
-0.835865
-0.824057
-0.811749
-0.798949
-0.785663
-0.771901
-0.757669
-0.742978
-0.727836
-0.712252
-0.696235
-0.679796
-0.662944
-0.64569
-0.628043
-0.610015
-0.591617
-0.57286
-0.553755
-0.534314
-0.514549
-0.494471
-0.474093
-0.453427
-0.432485
-0.411282
-0.389828
-0.368138
-0.346225
-0.324101
-0.30178
-0.279276
-0.256603
-0.233774
-0.210803
-0.187704
-0.164491
-0.141178
-0.11778
-0.0943097
-0.0707824
-0.0472122
-0.0236133
0
0
0.0237794
0.0475444
0.0712805
0.0949733
0.118609
0.142172
0.165649
0.189025
0.212286
0.235419
0.258409
0.281242
0.303904
0.326381
0.348661
0.370729
0.392571
0.414176
0.435529
0.456617
0.477429
0.49795
0.518169
0.538074
0.557652
0.576891
0.595781
0.614308
0.632463
0.650233
0.667609
0.684579
0.701134
0.717264
0.732957
0.748206
0.763001
0.777332
0.791192
0.804571
0.817462
0.829856
0.841747
0.853126
0.863988
0.874325
0.884131
0.893401
0.902128
0.910308
0.917935
0.925004
0.931512
0.937455
0.942828
0.947629
0.951855
0.955503
0.958571
0.961056
0.962959
0.964276
0.965009
0.965155
0.964716
0.963691
0.962081
0.959886
0.957109
0.953751
0.949814
0.945301
0.940213
0.934555
0.928329
0.92154
0.914191
0.906287
0.897833
0.888834
0.879295
0.869223
0.858623
0.847501
0.835865
0.823722
0.811078
0.797942
0.784322
0.770226
0.755661
0.740639
0.725166
0.709253
0.69291
0.676146
0.658972
0.641397
0.623433
0.605091
0.586381
0.567315
0.547905
0.528162
0.508099
0.487727
0.467059
0.446108
0.424885
0.403405
0.38168
0.359723
0.337548
0.315167
0.292596
0.269847
0.246934
0.223871
0.200672
0.177351
0.153923
0.130401
0.1068
0.0831342
0.0594179
0.0356656
0.0118916
-0.0118896
-0.0356636
-0.0594159
-0.0831322
-0.106798
-0.130399
-0.153921
-0.177349
-0.20067
-0.223869
-0.246932
-0.269845
-0.292594
-0.315165
-0.337546
-0.359721
-0.381678
-0.403403
-0.424883
-0.446106
-0.467057
-0.487725
-0.508097
-0.528161
-0.547903
-0.567313
-0.586379
-0.605089
-0.623431
-0.641395
-0.65897
-0.676144
-0.692908
-0.709252
-0.725164
-0.740637
-0.75566
-0.770224
-0.78432
-0.797941
-0.811076
-0.82372
-0.835863
-0.847499
-0.858621
-0.869221
-0.879294
-0.888832
-0.897831
-0.906285
-0.914189
-0.921538
-0.928327
-0.934553
-0.940211
-0.945299
-0.949813
-0.95375
-0.957108
-0.959885
-0.962079
-0.963689
-0.964714
-0.965154
-0.965007
-0.964275
-0.962957
-0.961055
-0.958569
-0.955501
-0.951854
-0.947628
-0.942827
-0.937454
-0.931511
-0.925003
-0.917933
-0.910307
-0.902127
-0.8934
-0.88413
-0.874324
-0.863987
-0.853125
-0.841746
-0.829855
-0.817461
-0.80457
-0.791191
-0.777331
-0.763
-0.748205
-0.732957
-0.717263
-0.701134
-0.684579
-0.667608
-0.650232
-0.632462
-0.614307
-0.59578
-0.576891
-0.557651
-0.538073
-0.518169
-0.49795
-0.477428
-0.456617
-0.435528
-0.414175
-0.392571
-0.370728
-0.34866
-0.326381
-0.303903
-0.281241
-0.258409
-0.235419
-0.212286
-0.189025
-0.165648
-0.142172
-0.118608
-0.0949732
-0.0712804
-0.0475443
-0.0237794
0
0
0.0239311
0.0478477
0.0717352
0.0955792
0.119365
0.143079
0.166705
0.190231
0.213641
0.236921
0.260057
0.283036
0.305842
0.328464
0.350885
0.373094
0.395076
0.416818
0.438307
0.45953
0.480474
0.501127
0.521475
0.541507
0.561209
0.580572
0.599581
0.618227
0.636497
0.654381
0.671868
0.688947
0.705607
0.721839
0.737633
0.752979
0.767868
0.782291
0.796239
0.809704
0.822677
0.83515
0.847117
0.858569
0.8695
0.879903
0.889772
0.8991
0.907883
0.916115
0.92379
0.930905
0.937455
0.943435
0.948843
0.953675
0.957927
0.961598
0.964686
0.967187
0.969102
0.970428
0.971165
0.971312
0.97087
0.969839
0.968218
0.96601
0.963215
0.959836
0.955874
0.951331
0.946211
0.940517
0.934251
0.927418
0.920023
0.912069
0.903561
0.894504
0.884905
0.874768
0.8641
0.852908
0.841197
0.828977
0.816252
0.803033
0.789326
0.775139
0.760482
0.745363
0.729792
0.713778
0.69733
0.68046
0.663176
0.645489
0.62741
0.608951
0.590122
0.570935
0.551401
0.531532
0.51134
0.490839
0.470039
0.448954
0.427596
0.405978
0.384115
0.362018
0.339701
0.317178
0.294462
0.271568
0.248509
0.225299
0.201952
0.178482
0.154905
0.131233
0.107481
0.0836645
0.059797
0.0358931
0.0119675
-0.0119654
-0.0358911
-0.0597949
-0.0836625
-0.107479
-0.131231
-0.154903
-0.17848
-0.20195
-0.225297
-0.248507
-0.271566
-0.29446
-0.317176
-0.339699
-0.362016
-0.384113
-0.405976
-0.427594
-0.448952
-0.470037
-0.490837
-0.511338
-0.53153
-0.551399
-0.570933
-0.59012
-0.608949
-0.627408
-0.645487
-0.663174
-0.680458
-0.697329
-0.713776
-0.72979
-0.745362
-0.76048
-0.775137
-0.789324
-0.803031
-0.816251
-0.828975
-0.841196
-0.852906
-0.864098
-0.874766
-0.884903
-0.894502
-0.903559
-0.912067
-0.920021
-0.927417
-0.934249
-0.940515
-0.946209
-0.951329
-0.955872
-0.959834
-0.963214
-0.966008
-0.968217
-0.969837
-0.970869
-0.971311
-0.971164
-0.970427
-0.9691
-0.967186
-0.964684
-0.961597
-0.957926
-0.953673
-0.948842
-0.943434
-0.937454
-0.930904
-0.923789
-0.916114
-0.907882
-0.899099
-0.889771
-0.879902
-0.869499
-0.858568
-0.847115
-0.835149
-0.822676
-0.809703
-0.796238
-0.78229
-0.767868
-0.752979
-0.737632
-0.721839
-0.705606
-0.688946
-0.671867
-0.654381
-0.636497
-0.618226
-0.599581
-0.580571
-0.561209
-0.541506
-0.521474
-0.501126
-0.480474
-0.45953
-0.438307
-0.416818
-0.395075
-0.373093
-0.350885
-0.328463
-0.305842
-0.283036
-0.260057
-0.236921
-0.21364
-0.190231
-0.166705
-0.143079
-0.119365
-0.0955791
-0.0717352
-0.0478476
-0.0239311
0
0
0.0240683
0.048122
0.0721464
0.0961271
0.120049
0.143899
0.167661
0.191321
0.214865
0.238279
0.261548
0.284658
0.307596
0.330346
0.352896
0.375232
0.39734
0.419207
0.44082
0.462164
0.483228
0.503999
0.524464
0.54461
0.564426
0.583899
0.603018
0.621771
0.640146
0.658132
0.675719
0.692896
0.709652
0.725977
0.741861
0.757295
0.77227
0.786775
0.800803
0.814345
0.827392
0.839937
0.851972
0.86349
0.874484
0.884946
0.894872
0.904254
0.913087
0.921366
0.929086
0.936241
0.942828
0.948843
0.954282
0.959141
0.963418
0.96711
0.970215
0.972731
0.974657
0.97599
0.976732
0.97688
0.976435
0.975398
0.973768
0.971547
0.968736
0.965337
0.961353
0.956784
0.951635
0.945907
0.939606
0.932734
0.925296
0.917296
0.90874
0.899631
0.889977
0.879782
0.869053
0.857796
0.846019
0.833728
0.820931
0.807636
0.79385
0.779582
0.764841
0.749636
0.733975
0.717869
0.701327
0.68436
0.666977
0.649189
0.631007
0.612441
0.593504
0.574207
0.554561
0.534579
0.514271
0.493652
0.472733
0.451527
0.430047
0.408306
0.386316
0.364093
0.341648
0.318996
0.29615
0.273125
0.249933
0.22659
0.203109
0.179506
0.155793
0.131985
0.108097
0.0841441
0.0601397
0.0360989
0.0120361
-0.012034
-0.0360968
-0.0601377
-0.084142
-0.108095
-0.131983
-0.155791
-0.179503
-0.203107
-0.226588
-0.249931
-0.273123
-0.296148
-0.318994
-0.341646
-0.364091
-0.386314
-0.408304
-0.430045
-0.451525
-0.472731
-0.49365
-0.514269
-0.534577
-0.554559
-0.574205
-0.593502
-0.612439
-0.631005
-0.649187
-0.666975
-0.684358
-0.701326
-0.717867
-0.733973
-0.749634
-0.764839
-0.77958
-0.793848
-0.807634
-0.820929
-0.833726
-0.846017
-0.857795
-0.869051
-0.87978
-0.889975
-0.89963
-0.908738
-0.917295
-0.925295
-0.932733
-0.939604
-0.945906
-0.951633
-0.956782
-0.961351
-0.965336
-0.968735
-0.971545
-0.973766
-0.975396
-0.976434
-0.976878
-0.97673
-0.975989
-0.974655
-0.97273
-0.970214
-0.967109
-0.963417
-0.95914
-0.95428
-0.948842
-0.942827
-0.93624
-0.929084
-0.921365
-0.913086
-0.904253
-0.894871
-0.884945
-0.874482
-0.863489
-0.851971
-0.839936
-0.827391
-0.814344
-0.800802
-0.786774
-0.772269
-0.757295
-0.741861
-0.725976
-0.709651
-0.692895
-0.675718
-0.658131
-0.640145
-0.62177
-0.603017
-0.583899
-0.564426
-0.54461
-0.524463
-0.503999
-0.483228
-0.462164
-0.440819
-0.419207
-0.39734
-0.375232
-0.352896
-0.330346
-0.307595
-0.284658
-0.261548
-0.238279
-0.214865
-0.191321
-0.167661
-0.143899
-0.120049
-0.096127
-0.0721463
-0.0481219
-0.0240683
0
0
0.0241908
0.048367
0.0725138
0.0966166
0.120661
0.144632
0.168515
0.192295
0.215959
0.239492
0.26288
0.286108
0.309162
0.332028
0.354693
0.377143
0.399364
0.421342
0.443064
0.464518
0.485689
0.506566
0.527135
0.547384
0.5673
0.586873
0.606089
0.624937
0.643405
0.661483
0.67916
0.696424
0.713265
0.729674
0.745639
0.761152
0.776202
0.790782
0.804881
0.818492
0.831605
0.844214
0.85631
0.867887
0.878937
0.889453
0.899429
0.908859
0.917737
0.926058
0.933817
0.941009
0.947629
0.953675
0.959141
0.964025
0.968324
0.972035
0.975156
0.977684
0.97962
0.98096
0.981705
0.981854
0.981407
0.980364
0.978726
0.976494
0.973669
0.970253
0.966248
0.961656
0.95648
0.950724
0.944391
0.937484
0.930008
0.921967
0.913367
0.904212
0.894509
0.884262
0.873478
0.862165
0.850327
0.837974
0.825111
0.811748
0.797892
0.783552
0.768736
0.753453
0.737713
0.721525
0.704899
0.687845
0.670373
0.652495
0.63422
0.61556
0.596527
0.577131
0.557385
0.537301
0.51689
0.496166
0.47514
0.453826
0.432237
0.410385
0.388284
0.365947
0.343388
0.32062
0.297658
0.274515
0.251206
0.227744
0.204144
0.18042
0.156586
0.132657
0.108648
0.0845726
0.060446
0.0362827
0.0120974
-0.0120953
-0.0362806
-0.0604439
-0.0845705
-0.108646
-0.132655
-0.156584
-0.180418
-0.204142
-0.227742
-0.251204
-0.274513
-0.297656
-0.320618
-0.343386
-0.365945
-0.388282
-0.410383
-0.432235
-0.453824
-0.475138
-0.496164
-0.516888
-0.537299
-0.557383
-0.577129
-0.596525
-0.615558
-0.634218
-0.652493
-0.670371
-0.687843
-0.704897
-0.721523
-0.737711
-0.753451
-0.768734
-0.78355
-0.79789
-0.811746
-0.82511
-0.837972
-0.850325
-0.862163
-0.873477
-0.88426
-0.894507
-0.904211
-0.913365
-0.921966
-0.930006
-0.937482
-0.944389
-0.950723
-0.956479
-0.961654
-0.966246
-0.970251
-0.973668
-0.976493
-0.978725
-0.980363
-0.981406
-0.981853
-0.981704
-0.980959
-0.979618
-0.977683
-0.975154
-0.972033
-0.968322
-0.964024
-0.95914
-0.953673
-0.947628
-0.941007
-0.933815
-0.926057
-0.917736
-0.908857
-0.899427
-0.889451
-0.878935
-0.867886
-0.856309
-0.844213
-0.831604
-0.818491
-0.80488
-0.790781
-0.776201
-0.761151
-0.745638
-0.729673
-0.713265
-0.696423
-0.679159
-0.661483
-0.643405
-0.624936
-0.606088
-0.586872
-0.5673
-0.547383
-0.527134
-0.506565
-0.485689
-0.464517
-0.443064
-0.421341
-0.399363
-0.377143
-0.354693
-0.332028
-0.309162
-0.286107
-0.262879
-0.239492
-0.215959
-0.192295
-0.168514
-0.144631
-0.120661
-0.0966164
-0.0725137
-0.0483669
-0.0241908
0
0
0.0242987
0.0485827
0.0728371
0.0970474
0.121199
0.145276
0.169266
0.193153
0.216922
0.24056
0.264052
0.287383
0.310541
0.333509
0.356275
0.378825
0.401144
0.423221
0.44504
0.466589
0.487855
0.508825
0.529485
0.549825
0.56983
0.58949
0.608791
0.627723
0.646274
0.664433
0.682188
0.69953
0.716446
0.732927
0.748964
0.764546
0.779664
0.794308
0.80847
0.822141
0.835314
0.847979
0.860129
0.871757
0.882856
0.893419
0.903439
0.912911
0.921829
0.930187
0.937981
0.945205
0.951855
0.957927
0.963418
0.968324
0.972642
0.976369
0.979504
0.982044
0.983988
0.985335
0.986083
0.986233
0.985784
0.984736
0.983091
0.980849
0.978011
0.97458
0.970557
0.965944
0.960746
0.954964
0.948602
0.941664
0.934155
0.926079
0.91744
0.908245
0.898498
0.888205
0.877373
0.866009
0.854119
0.84171
0.828791
0.815368
0.80145
0.787046
0.772164
0.756813
0.741003
0.724742
0.708042
0.690912
0.673362
0.655404
0.637048
0.618305
0.599187
0.579705
0.559871
0.539697
0.519195
0.498378
0.477259
0.45585
0.434164
0.412215
0.390015
0.367579
0.344919
0.32205
0.298986
0.27574
0.252326
0.22876
0.205054
0.181224
0.157284
0.133249
0.109132
0.0849497
0.0607155
0.0364445
0.0121513
-0.0121492
-0.0364424
-0.0607134
-0.0849476
-0.10913
-0.133247
-0.157282
-0.181222
-0.205052
-0.228757
-0.252324
-0.275737
-0.298983
-0.322048
-0.344917
-0.367577
-0.390013
-0.412213
-0.434162
-0.455848
-0.477257
-0.498376
-0.519193
-0.539695
-0.559869
-0.579703
-0.599185
-0.618303
-0.637046
-0.655402
-0.673361
-0.69091
-0.70804
-0.72474
-0.741001
-0.756811
-0.772162
-0.787044
-0.801448
-0.815366
-0.828789
-0.841709
-0.854117
-0.866007
-0.877372
-0.888203
-0.898496
-0.908243
-0.917438
-0.926077
-0.934153
-0.941663
-0.9486
-0.954962
-0.960744
-0.965943
-0.970555
-0.974578
-0.978009
-0.980847
-0.983089
-0.984735
-0.985782
-0.986231
-0.986081
-0.985333
-0.983987
-0.982043
-0.979503
-0.976368
-0.97264
-0.968322
-0.963417
-0.957926
-0.951854
-0.945203
-0.937979
-0.930186
-0.921828
-0.91291
-0.903438
-0.893418
-0.882855
-0.871756
-0.860128
-0.847978
-0.835313
-0.82214
-0.808469
-0.794307
-0.779663
-0.764545
-0.748963
-0.732927
-0.716445
-0.699529
-0.682188
-0.664432
-0.646274
-0.627723
-0.608791
-0.589489
-0.569829
-0.549824
-0.529485
-0.508824
-0.487854
-0.466589
-0.445039
-0.42322
-0.401144
-0.378824
-0.356275
-0.333509
-0.31054
-0.287383
-0.264052
-0.24056
-0.216922
-0.193153
-0.169266
-0.145276
-0.121199
-0.0970473
-0.0728371
-0.0485826
-0.0242987
0
0
0.0243918
0.0487689
0.0731163
0.0974193
0.121663
0.145833
0.169915
0.193893
0.217754
0.241482
0.265064
0.288485
0.311731
0.334787
0.35764
0.380277
0.402682
0.424843
0.446746
0.468377
0.489725
0.510775
0.531515
0.551932
0.572014
0.591749
0.611124
0.630129
0.648751
0.666979
0.684803
0.70221
0.719192
0.735736
0.751834
0.767476
0.782652
0.797352
0.811568
0.825292
0.838515
0.851228
0.863425
0.875098
0.886239
0.896843
0.906902
0.91641
0.925362
0.933752
0.941575
0.948827
0.955503
0.961598
0.96711
0.972035
0.976369
0.980111
0.983258
0.985808
0.987759
0.989111
0.989862
0.990012
0.989562
0.98851
0.986858
0.984608
0.981759
0.978315
0.974276
0.969646
0.964428
0.958623
0.952237
0.945273
0.937735
0.929628
0.920956
0.911725
0.901941
0.891609
0.880736
0.869328
0.857392
0.844936
0.831967
0.818493
0.804522
0.790062
0.775123
0.759713
0.743842
0.72752
0.710756
0.69356
0.675943
0.657916
0.639489
0.620675
0.601483
0.581926
0.562016
0.541765
0.521185
0.500288
0.479088
0.457597
0.435828
0.413794
0.39151
0.368987
0.346241
0.323284
0.300131
0.276796
0.253293
0.229636
0.20584
0.181919
0.157887
0.133759
0.109551
0.0852753
0.0609482
0.0365842
0.0121979
-0.0121958
-0.036582
-0.0609461
-0.0852731
-0.109548
-0.133757
-0.157885
-0.181917
-0.205838
-0.229634
-0.253291
-0.276794
-0.300129
-0.323282
-0.346239
-0.368985
-0.391508
-0.413792
-0.435826
-0.457595
-0.479086
-0.500286
-0.521183
-0.541763
-0.562014
-0.581924
-0.601481
-0.620673
-0.639487
-0.657914
-0.675941
-0.693558
-0.710754
-0.727518
-0.74384
-0.759711
-0.775121
-0.79006
-0.80452
-0.818491
-0.831965
-0.844934
-0.85739
-0.869326
-0.880734
-0.891607
-0.901939
-0.911723
-0.920954
-0.929626
-0.937733
-0.945271
-0.952236
-0.958622
-0.964426
-0.969645
-0.974274
-0.978313
-0.981757
-0.984606
-0.986857
-0.988508
-0.98956
-0.990011
-0.98986
-0.989109
-0.987758
-0.985806
-0.983256
-0.98011
-0.976368
-0.972033
-0.967109
-0.961597
-0.955501
-0.948826
-0.941574
-0.933751
-0.925361
-0.916409
-0.9069
-0.896842
-0.886238
-0.875097
-0.863424
-0.851227
-0.838514
-0.825291
-0.811567
-0.797351
-0.782651
-0.767475
-0.751833
-0.735735
-0.719191
-0.70221
-0.684802
-0.666979
-0.64875
-0.630128
-0.611124
-0.591748
-0.572013
-0.551931
-0.531514
-0.510774
-0.489724
-0.468377
-0.446745
-0.424842
-0.402681
-0.380276
-0.35764
-0.334787
-0.31173
-0.288485
-0.265064
-0.241482
-0.217753
-0.193893
-0.169915
-0.145833
-0.121663
-0.0974192
-0.0731162
-0.0487688
-0.0243918
0
0
0.0244701
0.0489254
0.073351
0.0977321
0.122054
0.146301
0.17046
0.194516
0.218453
0.242257
0.265915
0.289411
0.312731
0.335862
0.358789
0.381497
0.403975
0.426207
0.44818
0.469881
0.491297
0.512414
0.533221
0.553704
0.57385
0.593649
0.613087
0.632152
0.650834
0.669121
0.687001
0.704465
0.721501
0.738099
0.754248
0.76994
0.785164
0.799912
0.814174
0.827942
0.841207
0.853961
0.866197
0.877908
0.889085
0.899722
0.909813
0.919352
0.928333
0.93675
0.944598
0.951873
0.958571
0.964686
0.970215
0.975156
0.979504
0.983258
0.986415
0.988973
0.99093
0.992286
0.99304
0.993191
0.992739
0.991684
0.990027
0.987769
0.984911
0.981456
0.977404
0.972759
0.967524
0.961701
0.955295
0.948308
0.940746
0.932613
0.923913
0.914652
0.904837
0.894472
0.883564
0.872119
0.860145
0.847649
0.834638
0.821121
0.807105
0.792599
0.777612
0.762152
0.746231
0.729856
0.713038
0.695787
0.678113
0.660028
0.641543
0.622667
0.603414
0.583795
0.563821
0.543504
0.522858
0.501895
0.480626
0.459066
0.437227
0.415123
0.392767
0.370172
0.347353
0.324322
0.301095
0.277685
0.254106
0.230374
0.206501
0.182503
0.158394
0.134189
0.109902
0.0855491
0.0611439
0.0367017
0.0122371
-0.0122349
-0.0366995
-0.0611417
-0.0855469
-0.1099
-0.134187
-0.158392
-0.182501
-0.206499
-0.230371
-0.254104
-0.277683
-0.301093
-0.32432
-0.34735
-0.37017
-0.392765
-0.415121
-0.437225
-0.459064
-0.480624
-0.501892
-0.522856
-0.543502
-0.563819
-0.583793
-0.603412
-0.622665
-0.64154
-0.660026
-0.678111
-0.695785
-0.713036
-0.729854
-0.746229
-0.76215
-0.77761
-0.792597
-0.807103
-0.821119
-0.834636
-0.847647
-0.860143
-0.872117
-0.883562
-0.89447
-0.904835
-0.914651
-0.923911
-0.932611
-0.940744
-0.948306
-0.955293
-0.9617
-0.967522
-0.972758
-0.977402
-0.981454
-0.98491
-0.987767
-0.990025
-0.991682
-0.992737
-0.993189
-0.993039
-0.992285
-0.990929
-0.988971
-0.986413
-0.983256
-0.979503
-0.975154
-0.970214
-0.964684
-0.958569
-0.951872
-0.944597
-0.936749
-0.928332
-0.919351
-0.909812
-0.899721
-0.889084
-0.877906
-0.866196
-0.85396
-0.841206
-0.827941
-0.814173
-0.799911
-0.785163
-0.769939
-0.754247
-0.738098
-0.7215
-0.704464
-0.687001
-0.66912
-0.650833
-0.632152
-0.613086
-0.593648
-0.57385
-0.553703
-0.53322
-0.512414
-0.491296
-0.46988
-0.448179
-0.426206
-0.403974
-0.381497
-0.358788
-0.335862
-0.312731
-0.289411
-0.265915
-0.242257
-0.218453
-0.194515
-0.17046
-0.146301
-0.122054
-0.097732
-0.0733509
-0.0489254
-0.0244701
0
0
0.0245336
0.0490523
0.0735412
0.0979855
0.12237
0.146681
0.170902
0.19502
0.219019
0.242886
0.266605
0.290162
0.313542
0.336733
0.359719
0.382487
0.405022
0.427312
0.449342
0.4711
0.492571
0.513743
0.534604
0.55514
0.575339
0.595188
0.614676
0.633792
0.652522
0.670856
0.688783
0.706292
0.723372
0.740013
0.756204
0.771937
0.7872
0.801986
0.816285
0.830089
0.843388
0.856176
0.868444
0.880184
0.89139
0.902055
0.912173
0.921736
0.93074
0.939179
0.947048
0.954342
0.961056
0.967187
0.972731
0.977684
0.982044
0.985808
0.988973
0.991537
0.9935
0.99486
0.995615
0.995766
0.995313
0.994255
0.992594
0.99033
0.987465
0.984001
0.979939
0.975282
0.970033
0.964195
0.957772
0.950767
0.943185
0.935031
0.926309
0.917024
0.907183
0.896791
0.885855
0.874381
0.862376
0.849847
0.836803
0.82325
0.809198
0.794654
0.779628
0.764129
0.748166
0.731748
0.714887
0.697591
0.679872
0.66174
0.643206
0.624282
0.604979
0.585309
0.565283
0.544914
0.524214
0.503196
0.481873
0.460257
0.438361
0.4162
0.393785
0.371132
0.348253
0.325163
0.301876
0.278405
0.254765
0.230971
0.207036
0.182976
0.158805
0.134537
0.110187
0.085771
0.0613025
0.0367968
0.0122688
-0.0122666
-0.0367946
-0.0613003
-0.0857687
-0.110185
-0.134535
-0.158802
-0.182974
-0.207034
-0.230969
-0.254763
-0.278403
-0.301874
-0.325161
-0.348251
-0.37113
-0.393783
-0.416197
-0.438359
-0.460254
-0.48187
-0.503194
-0.524212
-0.544912
-0.565281
-0.585306
-0.604977
-0.62428
-0.643204
-0.661738
-0.67987
-0.697589
-0.714885
-0.731746
-0.748164
-0.764127
-0.779626
-0.794652
-0.809196
-0.823248
-0.836801
-0.849845
-0.862374
-0.874379
-0.885853
-0.896789
-0.907181
-0.917023
-0.926307
-0.935029
-0.943184
-0.950766
-0.95777
-0.964193
-0.970031
-0.97528
-0.979937
-0.983999
-0.987464
-0.990329
-0.992593
-0.994254
-0.995311
-0.995765
-0.995614
-0.994858
-0.993499
-0.991536
-0.988971
-0.985806
-0.982043
-0.977683
-0.97273
-0.967186
-0.961055
-0.954341
-0.947047
-0.939178
-0.930739
-0.921735
-0.912172
-0.902054
-0.891389
-0.880183
-0.868443
-0.856175
-0.843387
-0.830088
-0.816284
-0.801985
-0.787199
-0.771936
-0.756203
-0.740012
-0.723371
-0.706291
-0.688782
-0.670855
-0.652521
-0.633791
-0.614676
-0.595188
-0.575338
-0.555139
-0.534603
-0.513743
-0.49257
-0.471099
-0.449342
-0.427311
-0.405022
-0.382486
-0.359719
-0.336733
-0.313542
-0.290161
-0.266604
-0.242885
-0.219019
-0.19502
-0.170902
-0.146681
-0.12237
-0.0979854
-0.0735412
-0.0490523
-0.0245336
0
0
0.0245822
0.0491494
0.0736868
0.0981795
0.122613
0.146971
0.171241
0.195406
0.219453
0.243366
0.267132
0.290736
0.314163
0.3374
0.360431
0.383244
0.405824
0.428158
0.450232
0.472032
0.493546
0.51476
0.535662
0.556239
0.576477
0.596366
0.615893
0.635046
0.653814
0.672184
0.690146
0.70769
0.724804
0.741477
0.757701
0.773465
0.788759
0.803574
0.817901
0.831732
0.845058
0.857871
0.870163
0.881926
0.893155
0.903841
0.913978
0.923561
0.932583
0.941038
0.948923
0.956231
0.962959
0.969102
0.974657
0.97962
0.983988
0.987759
0.99093
0.9935
0.995467
0.996829
0.997586
0.997738
0.997283
0.996224
0.994559
0.992291
0.98942
0.985949
0.981879
0.977213
0.971953
0.966104
0.959668
0.952649
0.945052
0.936882
0.928142
0.91884
0.908979
0.898566
0.887608
0.876112
0.864083
0.851529
0.838459
0.82488
0.8108
0.796227
0.781171
0.765641
0.749647
0.733197
0.716302
0.698972
0.681218
0.66305
0.644479
0.625518
0.606176
0.586467
0.566402
0.545992
0.525252
0.504192
0.482826
0.461168
0.439229
0.417023
0.394565
0.371867
0.348943
0.325807
0.302473
0.278956
0.25527
0.231428
0.207446
0.183338
0.159119
0.134803
0.110405
0.0859408
0.0614239
0.0368697
0.0122931
-0.0122909
-0.0368674
-0.0614216
-0.0859385
-0.110403
-0.134801
-0.159117
-0.183336
-0.207444
-0.231426
-0.255267
-0.278954
-0.302471
-0.325805
-0.34894
-0.371864
-0.394563
-0.417021
-0.439227
-0.461165
-0.482824
-0.50419
-0.52525
-0.54599
-0.5664
-0.586465
-0.606174
-0.625516
-0.644477
-0.663048
-0.681215
-0.69897
-0.7163
-0.733195
-0.749645
-0.765639
-0.781169
-0.796225
-0.810798
-0.824878
-0.838457
-0.851527
-0.864081
-0.87611
-0.887606
-0.898565
-0.908977
-0.918838
-0.928141
-0.93688
-0.945051
-0.952648
-0.959666
-0.966102
-0.971951
-0.977211
-0.981877
-0.985947
-0.989418
-0.992289
-0.994557
-0.996222
-0.997282
-0.997736
-0.997585
-0.996827
-0.995465
-0.993499
-0.990929
-0.987758
-0.983987
-0.979618
-0.974655
-0.9691
-0.962957
-0.95623
-0.948921
-0.941037
-0.932581
-0.92356
-0.913977
-0.90384
-0.893154
-0.881925
-0.870162
-0.85787
-0.845057
-0.831731
-0.8179
-0.803573
-0.788758
-0.773464
-0.7577
-0.741476
-0.724803
-0.707689
-0.690146
-0.672183
-0.653813
-0.635045
-0.615892
-0.596366
-0.576477
-0.556238
-0.535661
-0.51476
-0.493545
-0.472031
-0.450231
-0.428157
-0.405824
-0.383243
-0.360431
-0.337399
-0.314163
-0.290736
-0.267132
-0.243366
-0.219453
-0.195406
-0.17124
-0.146971
-0.122612
-0.0981794
-0.0736867
-0.0491494
-0.0245821
0
0
0.0246158
0.0492167
0.0737877
0.0983138
0.12278
0.147172
0.171475
0.195673
0.219753
0.243699
0.267498
0.291134
0.314593
0.337861
0.360924
0.383768
0.406379
0.428744
0.450848
0.472678
0.494221
0.515465
0.536395
0.557
0.577266
0.597182
0.616736
0.635915
0.654708
0.673104
0.691091
0.708658
0.725796
0.742492
0.758738
0.774523
0.789838
0.804674
0.81902
0.83287
0.846214
0.859045
0.871354
0.883133
0.894377
0.905078
0.915229
0.924825
0.933859
0.942326
0.950221
0.95754
0.964276
0.970428
0.97599
0.98096
0.985335
0.989111
0.992286
0.99486
0.996829
0.998193
0.998951
0.999103
0.998648
0.997587
0.99592
0.993649
0.990774
0.987298
0.983222
0.97855
0.973283
0.967426
0.960981
0.953953
0.946346
0.938164
0.929413
0.920097
0.910223
0.899796
0.888823
0.87731
0.865265
0.852695
0.839606
0.826009
0.811909
0.797317
0.78224
0.766689
0.750673
0.7342
0.717282
0.699928
0.68215
0.663957
0.645361
0.626374
0.607006
0.58727
0.567177
0.54674
0.525971
0.504882
0.483487
0.461799
0.43983
0.417594
0.395105
0.372376
0.34942
0.326253
0.302887
0.279338
0.255619
0.231745
0.20773
0.183589
0.159337
0.134988
0.110557
0.0860584
0.0615079
0.0369202
0.01231
-0.0123077
-0.0369179
-0.0615057
-0.0860561
-0.110554
-0.134985
-0.159334
-0.183587
-0.207728
-0.231743
-0.255617
-0.279336
-0.302885
-0.326251
-0.349418
-0.372373
-0.395102
-0.417592
-0.439828
-0.461797
-0.483485
-0.50488
-0.525968
-0.546737
-0.567175
-0.587268
-0.607004
-0.626372
-0.645359
-0.663955
-0.682148
-0.699926
-0.71728
-0.734198
-0.75067
-0.766687
-0.782238
-0.797315
-0.811907
-0.826006
-0.839604
-0.852693
-0.865263
-0.877308
-0.888821
-0.899794
-0.910221
-0.920095
-0.929411
-0.938162
-0.946344
-0.953951
-0.960979
-0.967424
-0.973281
-0.978548
-0.98322
-0.987296
-0.990772
-0.993647
-0.995918
-0.997585
-0.998646
-0.999101
-0.99895
-0.998192
-0.996827
-0.994858
-0.992285
-0.989109
-0.985333
-0.980959
-0.975989
-0.970427
-0.964275
-0.957538
-0.95022
-0.942325
-0.933858
-0.924823
-0.915228
-0.905077
-0.894376
-0.883132
-0.871352
-0.859044
-0.846213
-0.832869
-0.819019
-0.804672
-0.789837
-0.774522
-0.758737
-0.742491
-0.725795
-0.708657
-0.69109
-0.673103
-0.654707
-0.635914
-0.616735
-0.597182
-0.577266
-0.556999
-0.536394
-0.515464
-0.494221
-0.472677
-0.450847
-0.428743
-0.406379
-0.383768
-0.360924
-0.337861
-0.314593
-0.291133
-0.267498
-0.243699
-0.219753
-0.195673
-0.171475
-0.147172
-0.12278
-0.0983137
-0.0737876
-0.0492166
-0.0246158
0
0
0.0246345
0.0492541
0.0738437
0.0983885
0.122874
0.147284
0.171605
0.195822
0.21992
0.243885
0.267701
0.291355
0.314832
0.338118
0.361198
0.38406
0.406688
0.429069
0.45119
0.473037
0.494597
0.515856
0.536802
0.557423
0.577705
0.597636
0.617204
0.636398
0.655206
0.673615
0.691616
0.709197
0.726347
0.743056
0.759314
0.775111
0.790438
0.805285
0.819643
0.833503
0.846857
0.859697
0.872015
0.883804
0.895056
0.905765
0.915924
0.925527
0.934568
0.943042
0.950943
0.958267
0.965009
0.971165
0.976732
0.981705
0.986083
0.989862
0.99304
0.995615
0.997586
0.998951
0.99971
0.999862
0.999406
0.998344
0.996676
0.994403
0.991526
0.988048
0.983969
0.979293
0.974022
0.968161
0.961711
0.954678
0.947064
0.938876
0.930118
0.920796
0.910914
0.900479
0.889498
0.877977
0.865922
0.853342
0.840244
0.826636
0.812526
0.797922
0.782835
0.767272
0.751243
0.734758
0.717827
0.70046
0.682668
0.664461
0.645852
0.62685
0.607467
0.587716
0.567608
0.547155
0.52637
0.505266
0.483854
0.462149
0.440164
0.417911
0.395405
0.372658
0.349686
0.326501
0.303117
0.27955
0.255813
0.231921
0.207888
0.183729
0.159458
0.13509
0.110641
0.0861237
0.0615547
0.0369482
0.0123193
-0.012317
-0.0369459
-0.0615524
-0.0861214
-0.110638
-0.135088
-0.159455
-0.183726
-0.207886
-0.231919
-0.255811
-0.279548
-0.303115
-0.326498
-0.349683
-0.372656
-0.395403
-0.417909
-0.440162
-0.462147
-0.483852
-0.505263
-0.526368
-0.547153
-0.567605
-0.587714
-0.607465
-0.626847
-0.645849
-0.664459
-0.682666
-0.700458
-0.717825
-0.734756
-0.751241
-0.767269
-0.782832
-0.79792
-0.812524
-0.826634
-0.840242
-0.85334
-0.86592
-0.877975
-0.889496
-0.900478
-0.910912
-0.920794
-0.930117
-0.938875
-0.947063
-0.954676
-0.961709
-0.968159
-0.974021
-0.979291
-0.983967
-0.988046
-0.991525
-0.994402
-0.996675
-0.998343
-0.999405
-0.99986
-0.999708
-0.99895
-0.997585
-0.995614
-0.993039
-0.98986
-0.986081
-0.981704
-0.97673
-0.971164
-0.965007
-0.958265
-0.950942
-0.94304
-0.934567
-0.925526
-0.915923
-0.905764
-0.895055
-0.883803
-0.872014
-0.859696
-0.846856
-0.833502
-0.819641
-0.805284
-0.790437
-0.77511
-0.759313
-0.743055
-0.726346
-0.709196
-0.691615
-0.673614
-0.655205
-0.636397
-0.617204
-0.597635
-0.577704
-0.557422
-0.536802
-0.515856
-0.494596
-0.473036
-0.45119
-0.429069
-0.406688
-0.384059
-0.361198
-0.338117
-0.314832
-0.291355
-0.267701
-0.243884
-0.21992
-0.195822
-0.171605
-0.147284
-0.122873
-0.0983884
-0.0738436
-0.049254
-0.0246345
0
0
0.0246382
0.0492615
0.0738549
0.0984034
0.122892
0.147306
0.171631
0.195852
0.219953
0.243922
0.267742
0.291399
0.31488
0.338169
0.361253
0.384118
0.40675
0.429134
0.451259
0.473109
0.494672
0.515934
0.536884
0.557507
0.577792
0.597727
0.617298
0.636495
0.655305
0.673717
0.691721
0.709304
0.726457
0.743169
0.759429
0.775229
0.790558
0.805407
0.819767
0.833629
0.846986
0.859828
0.872148
0.883938
0.895192
0.905903
0.916063
0.925668
0.93471
0.943185
0.951087
0.958412
0.965155
0.971312
0.97688
0.981854
0.986233
0.990012
0.993191
0.995766
0.997738
0.999103
0.999862
1.00001
0.999558
0.998496
0.996828
0.994554
0.991677
0.988198
0.984118
0.979442
0.97417
0.968308
0.961857
0.954822
0.947208
0.939019
0.93026
0.920936
0.911052
0.900616
0.889633
0.87811
0.866054
0.853472
0.840372
0.826761
0.812649
0.798044
0.782953
0.767388
0.751357
0.734869
0.717936
0.700566
0.682772
0.664562
0.64595
0.626945
0.607559
0.587805
0.567694
0.547238
0.52645
0.505342
0.483928
0.46222
0.440231
0.417975
0.395465
0.372715
0.349739
0.32655
0.303163
0.279593
0.255852
0.231956
0.207919
0.183756
0.159482
0.135111
0.110657
0.0861368
0.061564
0.0369538
0.0123212
-0.0123189
-0.0369515
-0.0615617
-0.0861345
-0.110655
-0.135108
-0.15948
-0.183754
-0.207917
-0.231954
-0.25585
-0.27959
-0.303161
-0.326548
-0.349736
-0.372713
-0.395463
-0.417972
-0.440229
-0.462217
-0.483926
-0.50534
-0.526448
-0.547236
-0.567692
-0.587803
-0.607557
-0.626943
-0.645947
-0.66456
-0.682769
-0.700564
-0.717934
-0.734867
-0.751355
-0.767386
-0.782951
-0.798041
-0.812647
-0.826759
-0.84037
-0.85347
-0.866052
-0.878108
-0.889631
-0.900614
-0.91105
-0.920934
-0.930258
-0.939017
-0.947206
-0.954821
-0.961855
-0.968306
-0.974168
-0.97944
-0.984117
-0.988196
-0.991675
-0.994552
-0.996826
-0.998494
-0.999556
-1.00001
-0.99986
-0.999101
-0.997736
-0.995765
-0.993189
-0.990011
-0.986231
-0.981853
-0.976878
-0.971311
-0.965154
-0.958411
-0.951086
-0.943184
-0.934709
-0.925666
-0.916062
-0.905901
-0.895191
-0.883937
-0.872146
-0.859826
-0.846984
-0.833628
-0.819766
-0.805406
-0.790557
-0.775228
-0.759428
-0.743168
-0.726456
-0.709303
-0.69172
-0.673717
-0.655304
-0.636494
-0.617297
-0.597726
-0.577792
-0.557507
-0.536883
-0.515934
-0.494671
-0.473108
-0.451258
-0.429134
-0.406749
-0.384118
-0.361253
-0.338169
-0.314879
-0.291399
-0.267741
-0.243921
-0.219953
-0.195852
-0.171631
-0.147306
-0.122892
-0.0984033
-0.0738548
-0.0492615
-0.0246382
0
0
0.024627
0.0492391
0.0738213
0.0983586
0.122836
0.147239
0.171553
0.195763
0.219853
0.243811
0.26762
0.291266
0.314736
0.338015
0.361089
0.383943
0.406565
0.428939
0.451053
0.472893
0.494447
0.5157
0.536639
0.557254
0.577529
0.597455
0.617017
0.636205
0.655007
0.673411
0.691406
0.708981
0.726126
0.74283
0.759084
0.774876
0.790198
0.80504
0.819394
0.83325
0.8466
0.859436
0.871751
0.883536
0.894785
0.90549
0.915646
0.925246
0.934284
0.942755
0.950654
0.957976
0.964716
0.97087
0.976435
0.981407
0.985784
0.989562
0.992739
0.995313
0.997283
0.998648
0.999406
0.999558
0.999103
0.998041
0.996374
0.994101
0.991225
0.987748
0.98367
0.978996
0.973727
0.967867
0.961419
0.954388
0.946777
0.938591
0.929836
0.920516
0.910638
0.900206
0.889228
0.87771
0.865659
0.853083
0.839989
0.826385
0.812279
0.79768
0.782597
0.767039
0.751015
0.734535
0.717609
0.700247
0.682461
0.66426
0.645655
0.626659
0.607283
0.587537
0.567435
0.546989
0.52621
0.505112
0.483708
0.462009
0.44003
0.417784
0.395285
0.372545
0.349579
0.326402
0.303025
0.279465
0.255736
0.231851
0.207825
0.183673
0.159409
0.135049
0.110607
0.0860976
0.061536
0.036937
0.0123156
-0.0123133
-0.0369347
-0.0615336
-0.0860953
-0.110605
-0.135047
-0.159407
-0.18367
-0.207822
-0.231848
-0.255733
-0.279463
-0.303023
-0.326399
-0.349577
-0.372543
-0.395282
-0.417782
-0.440028
-0.462007
-0.483705
-0.50511
-0.526208
-0.546987
-0.567433
-0.587535
-0.60728
-0.626657
-0.645653
-0.664257
-0.682458
-0.700245
-0.717607
-0.734533
-0.751012
-0.767036
-0.782595
-0.797678
-0.812277
-0.826383
-0.839987
-0.853081
-0.865657
-0.877708
-0.889226
-0.900204
-0.910636
-0.920514
-0.929834
-0.93859
-0.946775
-0.954386
-0.961417
-0.967865
-0.973725
-0.978994
-0.983668
-0.987746
-0.991224
-0.9941
-0.996372
-0.99804
-0.999101
-0.999556
-0.999405
-0.998646
-0.997282
-0.995311
-0.992737
-0.98956
-0.985782
-0.981406
-0.976434
-0.970869
-0.964714
-0.957974
-0.950653
-0.942754
-0.934283
-0.925245
-0.915645
-0.905489
-0.894783
-0.883535
-0.871749
-0.859435
-0.846599
-0.833249
-0.819393
-0.805039
-0.790197
-0.774875
-0.759083
-0.742829
-0.726125
-0.70898
-0.691405
-0.67341
-0.655006
-0.636204
-0.617016
-0.597454
-0.577529
-0.557253
-0.536639
-0.515699
-0.494446
-0.472893
-0.451053
-0.428939
-0.406564
-0.383943
-0.361088
-0.338015
-0.314736
-0.291266
-0.267619
-0.24381
-0.219853
-0.195762
-0.171553
-0.147239
-0.122836
-0.0983585
-0.0738212
-0.049239
-0.024627
0
0
0.0246009
0.0491868
0.0737428
0.0982541
0.122706
0.147083
0.171371
0.195555
0.21962
0.243551
0.267335
0.290957
0.314402
0.337656
0.360705
0.383535
0.406133
0.428483
0.450574
0.472391
0.493921
0.515152
0.536069
0.556661
0.576916
0.59682
0.616361
0.635529
0.654311
0.672695
0.690671
0.708228
0.725355
0.742041
0.758277
0.774053
0.789358
0.804185
0.818523
0.832364
0.8457
0.858523
0.870824
0.882597
0.893834
0.904528
0.914673
0.924263
0.933292
0.941754
0.949644
0.956958
0.963691
0.969839
0.975398
0.980364
0.984736
0.98851
0.991684
0.994255
0.996224
0.997587
0.998344
0.998496
0.998041
0.996981
0.995315
0.993045
0.990172
0.986698
0.982625
0.977955
0.972692
0.966838
0.960397
0.953374
0.945771
0.937594
0.928848
0.919538
0.90967
0.89925
0.888283
0.876778
0.86474
0.852177
0.839096
0.825507
0.811416
0.796833
0.781765
0.766224
0.750217
0.733754
0.716846
0.699503
0.681735
0.663554
0.644969
0.625993
0.606637
0.586913
0.566832
0.546408
0.525651
0.504575
0.483194
0.461518
0.439563
0.41734
0.394865
0.372149
0.349208
0.326055
0.302703
0.279168
0.255464
0.231604
0.207604
0.183478
0.15924
0.134906
0.110489
0.0860062
0.0614706
0.0368978
0.0123026
-0.0123002
-0.0368954
-0.0614682
-0.0860038
-0.110487
-0.134903
-0.159238
-0.183475
-0.207602
-0.231602
-0.255461
-0.279166
-0.302701
-0.326052
-0.349206
-0.372147
-0.394862
-0.417338
-0.43956
-0.461516
-0.483191
-0.504573
-0.525649
-0.546405
-0.56683
-0.586911
-0.606635
-0.625991
-0.644967
-0.663552
-0.681733
-0.699501
-0.716844
-0.733752
-0.750214
-0.766221
-0.781763
-0.79683
-0.811414
-0.825505
-0.839094
-0.852175
-0.864738
-0.876775
-0.888281
-0.899248
-0.909668
-0.919536
-0.928846
-0.937592
-0.945769
-0.953372
-0.960396
-0.966836
-0.97269
-0.977954
-0.982623
-0.986696
-0.99017
-0.993043
-0.995313
-0.996979
-0.99804
-0.998494
-0.998343
-0.997585
-0.996222
-0.994254
-0.991682
-0.988508
-0.984735
-0.980363
-0.975396
-0.969837
-0.963689
-0.956956
-0.949643
-0.941752
-0.93329
-0.924262
-0.914672
-0.904527
-0.893833
-0.882596
-0.870823
-0.858522
-0.845699
-0.832363
-0.818522
-0.804184
-0.789357
-0.774052
-0.758276
-0.74204
-0.725354
-0.708227
-0.69067
-0.672694
-0.65431
-0.635528
-0.616361
-0.596819
-0.576915
-0.556661
-0.536069
-0.515151
-0.493921
-0.47239
-0.450573
-0.428483
-0.406132
-0.383535
-0.360705
-0.337656
-0.314402
-0.290957
-0.267335
-0.243551
-0.219619
-0.195554
-0.171371
-0.147083
-0.122706
-0.098254
-0.0737427
-0.0491867
-0.0246008
0
0
0.0245598
0.0491046
0.0736196
0.09809
0.122501
0.146837
0.171084
0.195228
0.219253
0.243145
0.266889
0.290471
0.313877
0.337092
0.360102
0.382894
0.405454
0.427767
0.449821
0.471602
0.493096
0.514291
0.535174
0.555731
0.575952
0.595823
0.615332
0.634467
0.653217
0.671571
0.689517
0.707045
0.724143
0.740801
0.75701
0.772759
0.788039
0.802841
0.817155
0.830974
0.844287
0.857088
0.869369
0.881122
0.89234
0.903017
0.913145
0.922719
0.931732
0.94018
0.948057
0.955359
0.962081
0.968218
0.973768
0.978726
0.983091
0.986858
0.990027
0.992594
0.994559
0.99592
0.996676
0.996828
0.996374
0.995315
0.993652
0.991386
0.988518
0.985049
0.980983
0.976321
0.971067
0.965223
0.958793
0.951781
0.944191
0.936028
0.927296
0.918002
0.90815
0.897747
0.886799
0.875313
0.863295
0.850753
0.837694
0.824128
0.81006
0.795501
0.780459
0.764943
0.748963
0.732528
0.715649
0.698334
0.680596
0.662445
0.643892
0.624947
0.605624
0.585932
0.565885
0.545495
0.524773
0.503732
0.482386
0.460747
0.438828
0.416643
0.394205
0.371528
0.348625
0.32551
0.302198
0.278702
0.255037
0.231217
0.207257
0.183171
0.158974
0.13468
0.110305
0.0858625
0.0613679
0.0368362
0.012282
-0.0122796
-0.0368337
-0.0613655
-0.08586
-0.110302
-0.134678
-0.158972
-0.183169
-0.207255
-0.231215
-0.255035
-0.2787
-0.302195
-0.325508
-0.348622
-0.371525
-0.394203
-0.416641
-0.438826
-0.460745
-0.482384
-0.50373
-0.524771
-0.545492
-0.565883
-0.58593
-0.605621
-0.624945
-0.64389
-0.662443
-0.680594
-0.698332
-0.715646
-0.732526
-0.748961
-0.764941
-0.780457
-0.795499
-0.810058
-0.824125
-0.837692
-0.850751
-0.863293
-0.875311
-0.886797
-0.897745
-0.908148
-0.918
-0.927294
-0.936026
-0.944189
-0.951779
-0.958791
-0.965221
-0.971065
-0.97632
-0.980981
-0.985048
-0.988516
-0.991384
-0.99365
-0.995313
-0.996372
-0.996826
-0.996675
-0.995918
-0.994557
-0.992593
-0.990025
-0.986857
-0.983089
-0.978725
-0.973766
-0.968217
-0.962079
-0.955358
-0.948056
-0.940179
-0.931731
-0.922717
-0.913144
-0.903015
-0.892339
-0.881121
-0.869368
-0.857087
-0.844286
-0.830972
-0.817154
-0.80284
-0.788038
-0.772758
-0.757009
-0.7408
-0.724142
-0.707044
-0.689516
-0.67157
-0.653217
-0.634466
-0.615331
-0.595822
-0.575951
-0.555731
-0.535173
-0.51429
-0.493095
-0.471601
-0.44982
-0.427767
-0.405453
-0.382894
-0.360102
-0.337091
-0.313876
-0.29047
-0.266888
-0.243144
-0.219252
-0.195228
-0.171084
-0.146837
-0.122501
-0.0980898
-0.0736195
-0.0491045
-0.0245597
0
0
0.0245037
0.0489926
0.0734517
0.0978662
0.122221
0.146502
0.170694
0.194783
0.218753
0.24259
0.26628
0.289808
0.313161
0.336323
0.359281
0.382021
0.404529
0.426792
0.448795
0.470526
0.491971
0.513118
0.533953
0.554464
0.574638
0.594464
0.613928
0.63302
0.651728
0.670039
0.687945
0.705432
0.722491
0.739112
0.755284
0.770997
0.786242
0.80101
0.815292
0.829078
0.842362
0.855134
0.867386
0.879113
0.890305
0.900957
0.911062
0.920614
0.929607
0.938036
0.945895
0.95318
0.959886
0.96601
0.971547
0.976494
0.980849
0.984608
0.987769
0.99033
0.992291
0.993649
0.994403
0.994554
0.994101
0.993045
0.991386
0.989125
0.986263
0.982803
0.978746
0.974095
0.968852
0.963021
0.956606
0.94961
0.942037
0.933893
0.925181
0.915908
0.906079
0.8957
0.884776
0.873316
0.861326
0.848813
0.835784
0.822248
0.808213
0.793687
0.778679
0.763199
0.747255
0.730858
0.714016
0.696742
0.679044
0.660934
0.642423
0.623522
0.604243
0.584596
0.564595
0.544251
0.523576
0.502584
0.481286
0.459696
0.437828
0.415693
0.393306
0.37068
0.347829
0.324768
0.301508
0.278066
0.254455
0.23069
0.206784
0.182753
0.158611
0.134373
0.110053
0.0856667
0.061228
0.0367522
0.012254
-0.0122516
-0.0367497
-0.0612255
-0.0856642
-0.110051
-0.134371
-0.158609
-0.182751
-0.206782
-0.230687
-0.254453
-0.278064
-0.301506
-0.324765
-0.347827
-0.370678
-0.393304
-0.415691
-0.437825
-0.459694
-0.481284
-0.502581
-0.523574
-0.544248
-0.564592
-0.584594
-0.60424
-0.62352
-0.642421
-0.660932
-0.679042
-0.69674
-0.714014
-0.730855
-0.747253
-0.763196
-0.778677
-0.793685
-0.808211
-0.822246
-0.835782
-0.84881
-0.861324
-0.873314
-0.884774
-0.895697
-0.906077
-0.915906
-0.925179
-0.933891
-0.942035
-0.949608
-0.956604
-0.963019
-0.96885
-0.974093
-0.978744
-0.982801
-0.986261
-0.989123
-0.991384
-0.993043
-0.9941
-0.994552
-0.994402
-0.993647
-0.992289
-0.990329
-0.987767
-0.984606
-0.980847
-0.976493
-0.971545
-0.966008
-0.959885
-0.953179
-0.945894
-0.938034
-0.929606
-0.920613
-0.911061
-0.900956
-0.890304
-0.879111
-0.867385
-0.855132
-0.842361
-0.829077
-0.815291
-0.801009
-0.786241
-0.770996
-0.755283
-0.739111
-0.72249
-0.705431
-0.687944
-0.670039
-0.651727
-0.633019
-0.613927
-0.594463
-0.574637
-0.554463
-0.533952
-0.513117
-0.491971
-0.470525
-0.448795
-0.426791
-0.404529
-0.382021
-0.359281
-0.336323
-0.31316
-0.289808
-0.26628
-0.24259
-0.218752
-0.194782
-0.170694
-0.146502
-0.122221
-0.0978661
-0.0734516
-0.0489925
-0.0245037
0
0
0.0244328
0.0488509
0.0732392
0.0975831
0.121868
0.146078
0.1702
0.194219
0.21812
0.241888
0.26551
0.28897
0.312255
0.33535
0.358242
0.380916
0.403359
0.425557
0.447497
0.469165
0.490548
0.511633
0.532408
0.55286
0.572976
0.592744
0.612152
0.631189
0.649842
0.668101
0.685954
0.703391
0.720401
0.736973
0.753098
0.768766
0.783967
0.798693
0.812933
0.82668
0.839925
0.85266
0.864877
0.876569
0.887729
0.898351
0.908426
0.917951
0.926918
0.935322
0.943159
0.950422
0.957109
0.963215
0.968736
0.973669
0.978011
0.981759
0.984911
0.987465
0.98942
0.990774
0.991526
0.991677
0.991225
0.990172
0.988518
0.986263
0.98341
0.97996
0.975914
0.971277
0.966049
0.960235
0.953839
0.946863
0.939312
0.931191
0.922505
0.913258
0.903458
0.893108
0.882217
0.87079
0.858834
0.846357
0.833366
0.819869
0.805875
0.791391
0.776426
0.760991
0.745093
0.728743
0.711951
0.694726
0.67708
0.659022
0.640565
0.621718
0.602494
0.582905
0.562961
0.542676
0.522061
0.50113
0.479894
0.458366
0.436561
0.41449
0.392168
0.369608
0.346823
0.323828
0.300636
0.277262
0.253719
0.230023
0.206186
0.182225
0.158153
0.133984
0.109735
0.0854188
0.0610509
0.0366459
0.0122186
-0.0122161
-0.0366434
-0.0610484
-0.0854164
-0.109732
-0.133982
-0.15815
-0.182222
-0.206184
-0.23002
-0.253717
-0.277259
-0.300634
-0.323826
-0.346821
-0.369605
-0.392166
-0.414488
-0.436558
-0.458364
-0.479891
-0.501127
-0.522059
-0.542674
-0.562959
-0.582902
-0.602492
-0.621716
-0.640562
-0.65902
-0.677077
-0.694724
-0.711948
-0.728741
-0.745091
-0.760989
-0.776424
-0.791388
-0.805872
-0.819867
-0.833364
-0.846355
-0.858832
-0.870788
-0.882215
-0.893106
-0.903455
-0.913256
-0.922503
-0.931189
-0.93931
-0.946861
-0.953837
-0.960233
-0.966047
-0.971275
-0.975912
-0.979958
-0.983408
-0.986261
-0.988516
-0.99017
-0.991224
-0.991675
-0.991525
-0.990772
-0.989418
-0.987464
-0.98491
-0.981757
-0.978009
-0.973668
-0.968735
-0.963214
-0.957108
-0.950421
-0.943157
-0.935321
-0.926916
-0.917949
-0.908425
-0.898349
-0.887728
-0.876568
-0.864876
-0.852658
-0.839924
-0.826679
-0.812932
-0.798692
-0.783966
-0.768765
-0.753097
-0.736972
-0.7204
-0.70339
-0.685953
-0.6681
-0.649841
-0.631188
-0.612151
-0.592743
-0.572975
-0.552859
-0.532408
-0.511633
-0.490547
-0.469164
-0.447496
-0.425556
-0.403358
-0.380915
-0.358241
-0.33535
-0.312254
-0.28897
-0.265509
-0.241888
-0.21812
-0.194219
-0.1702
-0.146078
-0.121868
-0.097583
-0.0732391
-0.0488508
-0.0244328
0
0
0.0243471
0.0486795
0.0729823
0.0972407
0.12144
0.145566
0.169603
0.193538
0.217355
0.241039
0.264578
0.287956
0.311159
0.334173
0.356985
0.379579
0.401944
0.424064
0.445927
0.467519
0.488827
0.509838
0.53054
0.55092
0.570965
0.590664
0.610004
0.628974
0.647562
0.665757
0.683548
0.700923
0.717873
0.734388
0.750456
0.766069
0.781217
0.79589
0.810081
0.823779
0.836978
0.849668
0.861843
0.873494
0.884615
0.895199
0.905239
0.91473
0.923666
0.932041
0.939849
0.947088
0.953751
0.959836
0.965337
0.970253
0.97458
0.978315
0.981456
0.984001
0.985949
0.987298
0.988048
0.988198
0.987748
0.986698
0.985049
0.982803
0.97996
0.976521
0.97249
0.967869
0.96266
0.956866
0.950492
0.943541
0.936016
0.927924
0.919268
0.910054
0.900288
0.889975
0.879122
0.867735
0.855821
0.843387
0.830442
0.816993
0.803047
0.788614
0.773702
0.758321
0.742479
0.726186
0.709453
0.692289
0.674704
0.65671
0.638317
0.619537
0.600381
0.58086
0.560986
0.540772
0.52023
0.499371
0.47821
0.456758
0.435029
0.413036
0.390792
0.368311
0.345606
0.322692
0.299581
0.276289
0.252829
0.229215
0.205463
0.181585
0.157598
0.133514
0.10935
0.0851192
0.0608367
0.0365173
0.0121757
-0.0121732
-0.0365148
-0.0608342
-0.0851167
-0.109347
-0.133512
-0.157595
-0.181583
-0.20546
-0.229213
-0.252827
-0.276287
-0.299579
-0.322689
-0.345604
-0.368309
-0.39079
-0.413034
-0.435027
-0.456756
-0.478208
-0.499369
-0.520227
-0.54077
-0.560984
-0.580857
-0.600378
-0.619535
-0.638315
-0.656708
-0.674702
-0.692286
-0.709451
-0.726184
-0.742477
-0.758319
-0.7737
-0.788612
-0.803045
-0.81699
-0.83044
-0.843385
-0.855819
-0.867732
-0.879119
-0.889973
-0.900286
-0.910052
-0.919266
-0.927922
-0.936014
-0.943539
-0.95049
-0.956864
-0.962658
-0.967867
-0.972488
-0.976519
-0.979958
-0.982801
-0.985048
-0.986696
-0.987746
-0.988196
-0.988046
-0.987296
-0.985947
-0.983999
-0.981454
-0.978313
-0.974578
-0.970251
-0.965336
-0.959834
-0.95375
-0.947086
-0.939848
-0.932039
-0.923664
-0.914729
-0.905238
-0.895197
-0.884614
-0.873493
-0.861841
-0.849667
-0.836977
-0.823778
-0.81008
-0.795889
-0.781216
-0.766068
-0.750455
-0.734387
-0.717872
-0.700922
-0.683547
-0.665756
-0.647561
-0.628973
-0.610003
-0.590663
-0.570965
-0.550919
-0.53054
-0.509838
-0.488826
-0.467518
-0.445926
-0.424063
-0.401943
-0.379579
-0.356984
-0.334173
-0.311159
-0.287956
-0.264578
-0.241039
-0.217354
-0.193537
-0.169603
-0.145566
-0.12144
-0.0972406
-0.0729822
-0.0486794
-0.0243471
0
0
0.0242466
0.0484785
0.072681
0.0968393
0.120939
0.144965
0.168903
0.192739
0.216457
0.240044
0.263486
0.286767
0.309875
0.332794
0.355511
0.378013
0.400284
0.422313
0.444086
0.465589
0.486809
0.507734
0.52835
0.548646
0.568608
0.588226
0.607486
0.626378
0.644889
0.663009
0.680726
0.69803
0.71491
0.731356
0.747358
0.762907
0.777992
0.792605
0.806737
0.820379
0.833523
0.846161
0.858285
0.869888
0.880963
0.891503
0.901502
0.910954
0.919853
0.928193
0.93597
0.943178
0.949814
0.955874
0.961353
0.966248
0.970557
0.974276
0.977404
0.979939
0.981879
0.983222
0.983969
0.984118
0.98367
0.982625
0.980983
0.978746
0.975914
0.97249
0.968476
0.963874
0.958686
0.952916
0.946568
0.939646
0.932152
0.924093
0.915473
0.906297
0.896571
0.886301
0.875493
0.864153
0.852288
0.839906
0.827014
0.81362
0.799732
0.785359
0.770508
0.75519
0.739414
0.723189
0.706524
0.689431
0.671919
0.653999
0.635682
0.61698
0.597902
0.578462
0.55867
0.53854
0.518082
0.49731
0.476236
0.454873
0.433233
0.411331
0.389179
0.366791
0.34418
0.32136
0.298345
0.275149
0.251785
0.228269
0.204615
0.180836
0.156947
0.132963
0.108899
0.0847678
0.0605856
0.0363666
0.0121255
-0.012123
-0.036364
-0.060583
-0.0847653
-0.108896
-0.132961
-0.156945
-0.180833
-0.204612
-0.228267
-0.251783
-0.275146
-0.298342
-0.321357
-0.344177
-0.366788
-0.389177
-0.411329
-0.433231
-0.45487
-0.476233
-0.497308
-0.51808
-0.538537
-0.558668
-0.578459
-0.5979
-0.616977
-0.63568
-0.653997
-0.671917
-0.689429
-0.706522
-0.723186
-0.739412
-0.755188
-0.770506
-0.785356
-0.79973
-0.813618
-0.827012
-0.839904
-0.852286
-0.86415
-0.87549
-0.886299
-0.896569
-0.906295
-0.915471
-0.924091
-0.93215
-0.939644
-0.946566
-0.952914
-0.958684
-0.963872
-0.968474
-0.972488
-0.975912
-0.978744
-0.980981
-0.982623
-0.983668
-0.984117
-0.983967
-0.98322
-0.981877
-0.979937
-0.977402
-0.974274
-0.970555
-0.966246
-0.961351
-0.955872
-0.949813
-0.943177
-0.935968
-0.928192
-0.919851
-0.910953
-0.901501
-0.891502
-0.880962
-0.869887
-0.858284
-0.846159
-0.833522
-0.820378
-0.806736
-0.792604
-0.777991
-0.762906
-0.747357
-0.731355
-0.714909
-0.698029
-0.680725
-0.663008
-0.644888
-0.626377
-0.607485
-0.588225
-0.568608
-0.548645
-0.528349
-0.507733
-0.486808
-0.465588
-0.444085
-0.422313
-0.400284
-0.378012
-0.355511
-0.332794
-0.309874
-0.286767
-0.263486
-0.240044
-0.216457
-0.192738
-0.168903
-0.144965
-0.120939
-0.0968392
-0.0726809
-0.0484785
-0.0242466
0
0
0.0241314
0.0482481
0.0723356
0.0963791
0.120364
0.144276
0.1681
0.191823
0.215429
0.238904
0.262234
0.285405
0.308402
0.331212
0.353822
0.376216
0.398382
0.420306
0.441975
0.463376
0.484496
0.505321
0.525839
0.546039
0.565906
0.585431
0.604599
0.623401
0.641824
0.659858
0.677491
0.694713
0.711513
0.727881
0.743807
0.759281
0.774295
0.788838
0.802903
0.81648
0.829562
0.84214
0.854206
0.865754
0.876777
0.887267
0.897218
0.906625
0.915482
0.923782
0.931522
0.938696
0.945301
0.951331
0.956784
0.961656
0.965944
0.969646
0.972759
0.975282
0.977213
0.97855
0.979293
0.979442
0.978996
0.977955
0.976321
0.974095
0.971277
0.967869
0.963874
0.959293
0.95413
0.948388
0.94207
0.93518
0.927723
0.919702
0.911123
0.901991
0.892311
0.882089
0.871332
0.860046
0.848238
0.835915
0.823084
0.809754
0.795932
0.781627
0.766847
0.751602
0.7359
0.719752
0.703167
0.686155
0.668726
0.650891
0.632661
0.614048
0.595061
0.575713
0.556016
0.535981
0.51562
0.494947
0.473973
0.452711
0.431175
0.409376
0.38733
0.365048
0.342544
0.319833
0.296927
0.273841
0.250589
0.227185
0.203642
0.179976
0.156201
0.132331
0.108381
0.084365
0.0602977
0.0361938
0.0120679
-0.0120653
-0.0361912
-0.0602951
-0.0843624
-0.108379
-0.132329
-0.156199
-0.179974
-0.20364
-0.227182
-0.250586
-0.273839
-0.296924
-0.31983
-0.342542
-0.365045
-0.387327
-0.409374
-0.431172
-0.452709
-0.47397
-0.494944
-0.515618
-0.535978
-0.556013
-0.575711
-0.595058
-0.614045
-0.632659
-0.650889
-0.668724
-0.686152
-0.703164
-0.71975
-0.735898
-0.751599
-0.766845
-0.781624
-0.795929
-0.809751
-0.823082
-0.835912
-0.848236
-0.860044
-0.87133
-0.882087
-0.892309
-0.901988
-0.911121
-0.9197
-0.927721
-0.935178
-0.942068
-0.948386
-0.954128
-0.959291
-0.963872
-0.967867
-0.971275
-0.974093
-0.97632
-0.977954
-0.978994
-0.97944
-0.979291
-0.978548
-0.977211
-0.97528
-0.972758
-0.969645
-0.965943
-0.961654
-0.956782
-0.951329
-0.945299
-0.938695
-0.93152
-0.923781
-0.91548
-0.906624
-0.897217
-0.887265
-0.876775
-0.865753
-0.854205
-0.842138
-0.82956
-0.816479
-0.802902
-0.788837
-0.774294
-0.75928
-0.743806
-0.72788
-0.711512
-0.694712
-0.67749
-0.659857
-0.641823
-0.6234
-0.604598
-0.58543
-0.565906
-0.546038
-0.525839
-0.50532
-0.484495
-0.463376
-0.441975
-0.420306
-0.398382
-0.376216
-0.353821
-0.331212
-0.308402
-0.285404
-0.262233
-0.238903
-0.215428
-0.191823
-0.1681
-0.144276
-0.120364
-0.096379
-0.0723355
-0.0482481
-0.0241314
0
0
0.0240015
0.0479885
0.0719463
0.0958604
0.119716
0.1435
0.167196
0.19079
0.214269
0.237618
0.260822
0.283869
0.306742
0.32943
0.351917
0.374191
0.396238
0.418044
0.439597
0.460882
0.481888
0.502601
0.523009
0.5431
0.562861
0.58228
0.601345
0.620046
0.63837
0.656307
0.673845
0.690974
0.707683
0.723963
0.739804
0.755195
0.770128
0.784593
0.798582
0.812086
0.825097
0.837607
0.849609
0.861095
0.872058
0.882492
0.89239
0.901746
0.910554
0.91881
0.926508
0.933644
0.940213
0.946211
0.951635
0.95648
0.960746
0.964428
0.967524
0.970033
0.971953
0.973283
0.974022
0.97417
0.973727
0.972692
0.971067
0.968852
0.966049
0.96266
0.958686
0.95413
0.948995
0.943284
0.937
0.930147
0.92273
0.914752
0.906219
0.897136
0.887508
0.877342
0.866643
0.855417
0.843673
0.831416
0.818654
0.805396
0.791648
0.77742
0.76272
0.747557
0.73194
0.715878
0.699382
0.682462
0.665127
0.647388
0.629257
0.610743
0.591858
0.572615
0.553023
0.533096
0.512845
0.492283
0.471422
0.450275
0.428854
0.407173
0.385245
0.363083
0.340701
0.318111
0.295329
0.272367
0.24924
0.225962
0.202546
0.179008
0.155361
0.131619
0.107798
0.083911
0.0599732
0.035999
0.012003
-0.0120004
-0.0359964
-0.0599706
-0.0839084
-0.107795
-0.131617
-0.155358
-0.179005
-0.202544
-0.225959
-0.249238
-0.272365
-0.295326
-0.318109
-0.340698
-0.36308
-0.385243
-0.407171
-0.428852
-0.450272
-0.471419
-0.49228
-0.512843
-0.533093
-0.553021
-0.572612
-0.591856
-0.61074
-0.629254
-0.647386
-0.665124
-0.682459
-0.69938
-0.715876
-0.731937
-0.747554
-0.762717
-0.777418
-0.791646
-0.805393
-0.818652
-0.831413
-0.84367
-0.855415
-0.86664
-0.87734
-0.887506
-0.897134
-0.906217
-0.91475
-0.922728
-0.930145
-0.936998
-0.943282
-0.948993
-0.954128
-0.958684
-0.962658
-0.966047
-0.96885
-0.971065
-0.97269
-0.973725
-0.974168
-0.974021
-0.973281
-0.971951
-0.970031
-0.967522
-0.964426
-0.960744
-0.956479
-0.951633
-0.946209
-0.940211
-0.933643
-0.926507
-0.918809
-0.910553
-0.901744
-0.892388
-0.88249
-0.872057
-0.861093
-0.849608
-0.837606
-0.825096
-0.812085
-0.798581
-0.784592
-0.770127
-0.755194
-0.739803
-0.723962
-0.707682
-0.690973
-0.673844
-0.656306
-0.638369
-0.620045
-0.601345
-0.582279
-0.56286
-0.543099
-0.523009
-0.502601
-0.481887
-0.460882
-0.439596
-0.418044
-0.396238
-0.374191
-0.351917
-0.329429
-0.306742
-0.283868
-0.260822
-0.237618
-0.214269
-0.19079
-0.167196
-0.143499
-0.119716
-0.0958603
-0.0719462
-0.0479884
-0.0240015
0
0
0.0238571
0.0476997
0.0715133
0.0952835
0.118996
0.142636
0.16619
0.189642
0.21298
0.236188
0.259253
0.28216
0.304896
0.327447
0.3498
0.371939
0.393854
0.415529
0.436951
0.458109
0.478988
0.499576
0.519862
0.539831
0.559473
0.578776
0.597726
0.616314
0.634528
0.652357
0.669789
0.686815
0.703424
0.719606
0.735351
0.75065
0.765493
0.779871
0.793776
0.807199
0.820131
0.832566
0.844496
0.855913
0.86681
0.877181
0.887019
0.896319
0.905075
0.913281
0.920933
0.928025
0.934555
0.940517
0.945907
0.950724
0.954964
0.958623
0.961701
0.964195
0.966104
0.967426
0.968161
0.968308
0.967867
0.966838
0.965223
0.963021
0.960235
0.956866
0.952916
0.948388
0.943284
0.937607
0.931361
0.924549
0.917177
0.909247
0.900765
0.891737
0.882167
0.872062
0.861427
0.850269
0.838595
0.826412
0.813727
0.800549
0.786884
0.772741
0.75813
0.743058
0.727535
0.71157
0.695173
0.678355
0.661124
0.643492
0.62547
0.607067
0.588296
0.569168
0.549695
0.529888
0.509759
0.48932
0.468585
0.447565
0.426273
0.404723
0.382927
0.360898
0.33865
0.316197
0.293552
0.270728
0.24774
0.224602
0.201327
0.177931
0.154426
0.130827
0.107149
0.083406
0.0596123
0.0357824
0.0119307
-0.0119281
-0.0357798
-0.0596097
-0.0834034
-0.107146
-0.130824
-0.154423
-0.177928
-0.201325
-0.224599
-0.247738
-0.270726
-0.293549
-0.316194
-0.338648
-0.360895
-0.382924
-0.40472
-0.426271
-0.447562
-0.468582
-0.489318
-0.509756
-0.529885
-0.549692
-0.569166
-0.588294
-0.607065
-0.625467
-0.64349
-0.661122
-0.678352
-0.695171
-0.711568
-0.727532
-0.743055
-0.758127
-0.772739
-0.786881
-0.800546
-0.813725
-0.82641
-0.838593
-0.850267
-0.861425
-0.87206
-0.882165
-0.891735
-0.900763
-0.909245
-0.917174
-0.924547
-0.931359
-0.937605
-0.943282
-0.948386
-0.952914
-0.956864
-0.960233
-0.963019
-0.965221
-0.966836
-0.967865
-0.968306
-0.968159
-0.967424
-0.966102
-0.964193
-0.9617
-0.958622
-0.954962
-0.950723
-0.945906
-0.940515
-0.934553
-0.928024
-0.920931
-0.913279
-0.905073
-0.896317
-0.887018
-0.877179
-0.866808
-0.855911
-0.844494
-0.832565
-0.82013
-0.807197
-0.793775
-0.77987
-0.765492
-0.750649
-0.73535
-0.719605
-0.703423
-0.686814
-0.669788
-0.652356
-0.634527
-0.616313
-0.597726
-0.578775
-0.559472
-0.539831
-0.519861
-0.499576
-0.478987
-0.458108
-0.436951
-0.415528
-0.393853
-0.371939
-0.349799
-0.327447
-0.304896
-0.28216
-0.259252
-0.236188
-0.212979
-0.189642
-0.166189
-0.142636
-0.118996
-0.0952834
-0.0715132
-0.0476996
-0.023857
0
0
0.0236981
0.0473819
0.0710369
0.0946488
0.118203
0.141686
0.165082
0.188379
0.211561
0.234615
0.257526
0.280281
0.302865
0.325266
0.347469
0.369462
0.39123
0.41276
0.43404
0.455057
0.475797
0.496248
0.516399
0.536235
0.555746
0.57492
0.593744
0.612209
0.630301
0.648011
0.665327
0.68224
0.698738
0.714812
0.730453
0.745649
0.760393
0.774676
0.788488
0.801821
0.814668
0.82702
0.83887
0.850211
0.861035
0.871337
0.88111
0.890348
0.899045
0.907197
0.914798
0.921843
0.928329
0.934251
0.939606
0.944391
0.948602
0.952237
0.955295
0.957772
0.959668
0.960981
0.961711
0.961857
0.961419
0.960397
0.958793
0.956606
0.953839
0.950492
0.946568
0.94207
0.937
0.931361
0.925156
0.91839
0.911067
0.90319
0.894765
0.885796
0.87629
0.866252
0.855688
0.844605
0.833009
0.820907
0.808307
0.795216
0.781642
0.767593
0.753079
0.738108
0.722688
0.70683
0.690542
0.673836
0.65672
0.639205
0.621303
0.603023
0.584377
0.565377
0.546033
0.526358
0.506363
0.486061
0.465463
0.444583
0.423433
0.402027
0.380376
0.358494
0.336394
0.31409
0.291596
0.268925
0.24609
0.223106
0.199986
0.176745
0.153397
0.129956
0.106435
0.0828504
0.0592152
0.035544
0.0118513
-0.0118486
-0.0355414
-0.0592125
-0.0828477
-0.106433
-0.129953
-0.153394
-0.176743
-0.199984
-0.223103
-0.246087
-0.268922
-0.291593
-0.314088
-0.336392
-0.358491
-0.380373
-0.402024
-0.423431
-0.444581
-0.465461
-0.486058
-0.50636
-0.526355
-0.54603
-0.565374
-0.584375
-0.603021
-0.6213
-0.639203
-0.656717
-0.673833
-0.69054
-0.706827
-0.722686
-0.738105
-0.753077
-0.767591
-0.781639
-0.795213
-0.808304
-0.820905
-0.833006
-0.844603
-0.855686
-0.86625
-0.876288
-0.885794
-0.894763
-0.903188
-0.911064
-0.918388
-0.925154
-0.931359
-0.936998
-0.942068
-0.946566
-0.95049
-0.953837
-0.956604
-0.958791
-0.960396
-0.961417
-0.961855
-0.961709
-0.960979
-0.959666
-0.95777
-0.955293
-0.952236
-0.9486
-0.944389
-0.939604
-0.934249
-0.928327
-0.921841
-0.914796
-0.907195
-0.899044
-0.890346
-0.881108
-0.871336
-0.861034
-0.850209
-0.838869
-0.827019
-0.814667
-0.80182
-0.788487
-0.774675
-0.760392
-0.745648
-0.730452
-0.714811
-0.698737
-0.682239
-0.665326
-0.64801
-0.6303
-0.612208
-0.593744
-0.574919
-0.555745
-0.536234
-0.516398
-0.496248
-0.475796
-0.455056
-0.43404
-0.41276
-0.391229
-0.369461
-0.347469
-0.325266
-0.302865
-0.28028
-0.257525
-0.234614
-0.211561
-0.188379
-0.165082
-0.141686
-0.118203
-0.0946486
-0.0710368
-0.0473818
-0.0236981
0
0
0.0235248
0.0470354
0.0705174
0.0939566
0.117339
0.14065
0.163875
0.187001
0.210014
0.232899
0.255642
0.278231
0.30065
0.322887
0.344928
0.36676
0.388369
0.409742
0.430866
0.451729
0.472317
0.492619
0.512622
0.532313
0.551682
0.570715
0.589402
0.607731
0.625691
0.643272
0.660462
0.67725
0.693628
0.709585
0.72511
0.740196
0.754832
0.76901
0.782721
0.795957
0.80871
0.820972
0.832735
0.843993
0.854738
0.864965
0.874666
0.883836
0.89247
0.900562
0.908107
0.915101
0.92154
0.927418
0.932734
0.937484
0.941664
0.945273
0.948308
0.950767
0.952649
0.953953
0.954678
0.954822
0.954388
0.953374
0.951781
0.94961
0.946863
0.943541
0.939646
0.93518
0.930147
0.924549
0.91839
0.911674
0.904404
0.896584
0.888221
0.879318
0.869882
0.859917
0.84943
0.838428
0.826917
0.814903
0.802395
0.7894
0.775925
0.76198
0.747572
0.73271
0.717403
0.70166
0.685492
0.668907
0.651917
0.634531
0.616759
0.598613
0.580104
0.561242
0.54204
0.522508
0.50266
0.482506
0.462059
0.441332
0.420337
0.399086
0.377594
0.355872
0.333934
0.311793
0.289464
0.266958
0.24429
0.221474
0.198524
0.175453
0.152275
0.129005
0.105657
0.0822445
0.0587821
0.0352841
0.0117646
-0.011762
-0.0352814
-0.0587795
-0.0822418
-0.105654
-0.129003
-0.152272
-0.17545
-0.198521
-0.221471
-0.244288
-0.266955
-0.289461
-0.311791
-0.333931
-0.355869
-0.377591
-0.399084
-0.420334
-0.441329
-0.462057
-0.482503
-0.502657
-0.522506
-0.542037
-0.561239
-0.580101
-0.59861
-0.616756
-0.634528
-0.651914
-0.668905
-0.68549
-0.701658
-0.7174
-0.732707
-0.747569
-0.761977
-0.775923
-0.789397
-0.802393
-0.814901
-0.826914
-0.838426
-0.849428
-0.859915
-0.869879
-0.879316
-0.888219
-0.896582
-0.904401
-0.911672
-0.918388
-0.924547
-0.930145
-0.935178
-0.939644
-0.943539
-0.946861
-0.949608
-0.951779
-0.953372
-0.954386
-0.954821
-0.954676
-0.953951
-0.952648
-0.950766
-0.948306
-0.945271
-0.941663
-0.937482
-0.932733
-0.927417
-0.921538
-0.9151
-0.908106
-0.90056
-0.892469
-0.883835
-0.874664
-0.864963
-0.854737
-0.843991
-0.832734
-0.82097
-0.808709
-0.795956
-0.78272
-0.769009
-0.754831
-0.740195
-0.725109
-0.709584
-0.693627
-0.677249
-0.660461
-0.643271
-0.625691
-0.60773
-0.589401
-0.570714
-0.551681
-0.532313
-0.512621
-0.492618
-0.472317
-0.451728
-0.430865
-0.409741
-0.388368
-0.366759
-0.344928
-0.322887
-0.30065
-0.27823
-0.255642
-0.232898
-0.210013
-0.187001
-0.163875
-0.140649
-0.117339
-0.0939564
-0.0705173
-0.0470353
-0.0235248
0
0
0.0233372
0.0466603
0.069955
0.0932073
0.116403
0.139528
0.162568
0.18551
0.208339
0.231041
0.253604
0.276012
0.298253
0.320312
0.342177
0.363835
0.385272
0.406474
0.42743
0.448127
0.468551
0.488691
0.508534
0.528068
0.547282
0.566164
0.584702
0.602885
0.620702
0.638142
0.655195
0.67185
0.688097
0.703926
0.719328
0.734293
0.748813
0.762878
0.77648
0.78961
0.802261
0.814425
0.826094
0.837262
0.847922
0.858067
0.867691
0.876788
0.885353
0.89338
0.900866
0.907804
0.914191
0.920023
0.925296
0.930008
0.934155
0.937735
0.940746
0.943185
0.945052
0.946346
0.947064
0.947208
0.946777
0.945771
0.944191
0.942037
0.939312
0.936016
0.932152
0.927723
0.92273
0.917177
0.911067
0.904404
0.897191
0.889435
0.881138
0.872306
0.862945
0.85306
0.842657
0.831742
0.820322
0.808405
0.795996
0.783105
0.769738
0.755903
0.74161
0.726867
0.711682
0.696065
0.680026
0.663573
0.646718
0.629471
0.611841
0.593839
0.575478
0.556766
0.537717
0.518341
0.498651
0.478658
0.458374
0.437813
0.416985
0.395904
0.374583
0.353034
0.331271
0.309307
0.287155
0.264829
0.242342
0.219708
0.196941
0.174054
0.151061
0.127976
0.104814
0.0815886
0.0583134
0.0350027
0.0116708
-0.0116682
-0.0350001
-0.0583107
-0.081586
-0.104812
-0.127974
-0.151058
-0.174051
-0.196938
-0.219705
-0.242339
-0.264826
-0.287153
-0.309304
-0.331268
-0.353031
-0.37458
-0.395901
-0.416982
-0.43781
-0.458372
-0.478655
-0.498649
-0.518339
-0.537715
-0.556764
-0.575475
-0.593837
-0.611838
-0.629468
-0.646716
-0.663571
-0.680023
-0.696063
-0.711679
-0.726864
-0.741608
-0.755901
-0.769735
-0.783102
-0.795994
-0.808402
-0.82032
-0.83174
-0.842654
-0.853057
-0.862943
-0.872304
-0.881136
-0.889432
-0.897189
-0.904401
-0.911064
-0.917174
-0.922728
-0.927721
-0.93215
-0.936014
-0.93931
-0.942035
-0.944189
-0.945769
-0.946775
-0.947206
-0.947063
-0.946344
-0.945051
-0.943184
-0.940744
-0.937733
-0.934153
-0.930006
-0.925295
-0.920021
-0.914189
-0.907802
-0.900864
-0.893379
-0.885352
-0.876787
-0.867689
-0.858065
-0.847921
-0.837261
-0.826093
-0.814423
-0.80226
-0.789609
-0.776478
-0.762877
-0.748812
-0.734292
-0.719327
-0.703925
-0.688096
-0.671849
-0.655194
-0.638141
-0.620701
-0.602884
-0.584701
-0.566163
-0.547282
-0.528068
-0.508533
-0.48869
-0.46855
-0.448126
-0.427429
-0.406474
-0.385271
-0.363834
-0.342177
-0.320312
-0.298252
-0.276012
-0.253603
-0.231041
-0.208339
-0.18551
-0.162568
-0.139528
-0.116403
-0.0932072
-0.0699549
-0.0466602
-0.0233372
0
0
0.0231355
0.0462569
0.0693502
0.0924015
0.115397
0.138322
0.161163
0.183906
0.206538
0.229044
0.251411
0.273626
0.295674
0.317543
0.339219
0.360689
0.381941
0.40296
0.423735
0.444252
0.4645
0.484466
0.504137
0.523503
0.542551
0.561269
0.579647
0.597673
0.615336
0.632625
0.64953
0.666041
0.682148
0.69784
0.713109
0.727945
0.742339
0.756282
0.769766
0.782783
0.795325
0.807384
0.818952
0.830024
0.840591
0.850648
0.860189
0.869208
0.877699
0.885657
0.893077
0.899955
0.906287
0.912069
0.917296
0.921967
0.926079
0.929628
0.932613
0.935031
0.936882
0.938164
0.938876
0.939019
0.938591
0.937594
0.936028
0.933893
0.931191
0.927924
0.924093
0.919702
0.914752
0.909247
0.90319
0.896584
0.889435
0.881745
0.87352
0.864764
0.855484
0.845684
0.835371
0.824551
0.81323
0.801416
0.789114
0.776334
0.763083
0.749368
0.735198
0.720582
0.705529
0.690047
0.674146
0.657836
0.641127
0.624028
0.606551
0.588705
0.570502
0.551953
0.533068
0.51386
0.49434
0.47452
0.454411
0.434027
0.41338
0.392481
0.371344
0.349982
0.328407
0.306633
0.284673
0.262539
0.240247
0.217808
0.195238
0.172549
0.149755
0.12687
0.103908
0.0808833
0.0578093
0.0347001
0.01157
-0.0115672
-0.0346974
-0.0578065
-0.0808806
-0.103905
-0.126867
-0.149752
-0.172546
-0.195235
-0.217806
-0.240244
-0.262537
-0.28467
-0.30663
-0.328404
-0.349979
-0.371342
-0.392478
-0.413377
-0.434025
-0.454409
-0.474517
-0.494337
-0.513857
-0.533066
-0.55195
-0.5705
-0.588703
-0.606548
-0.624026
-0.641124
-0.657834
-0.674144
-0.690045
-0.705526
-0.72058
-0.735196
-0.749366
-0.76308
-0.776332
-0.789112
-0.801413
-0.813228
-0.824549
-0.835369
-0.845682
-0.855482
-0.864762
-0.873518
-0.881743
-0.889432
-0.896582
-0.903188
-0.909245
-0.91475
-0.9197
-0.924091
-0.927922
-0.931189
-0.933891
-0.936026
-0.937592
-0.93859
-0.939017
-0.938875
-0.938162
-0.93688
-0.935029
-0.932611
-0.929626
-0.926077
-0.921966
-0.917295
-0.912067
-0.906285
-0.899954
-0.893075
-0.885655
-0.877697
-0.869206
-0.860188
-0.850647
-0.84059
-0.830022
-0.818951
-0.807382
-0.795323
-0.782782
-0.769765
-0.756281
-0.742338
-0.727944
-0.713108
-0.697839
-0.682147
-0.66604
-0.649529
-0.632624
-0.615335
-0.597672
-0.579646
-0.561268
-0.54255
-0.523502
-0.504137
-0.484465
-0.464499
-0.444251
-0.423734
-0.402959
-0.38194
-0.360689
-0.339219
-0.317543
-0.295674
-0.273625
-0.251411
-0.229044
-0.206537
-0.183906
-0.161163
-0.138321
-0.115396
-0.0924013
-0.0693501
-0.0462568
-0.0231354
0
0
0.0229197
0.0458254
0.0687033
0.0915395
0.11432
0.137031
0.159659
0.182191
0.204611
0.226907
0.249066
0.271073
0.292916
0.314581
0.336055
0.357325
0.378378
0.399201
0.419782
0.440108
0.460167
0.479947
0.499435
0.51862
0.53749
0.556034
0.57424
0.592097
0.609596
0.626724
0.643471
0.659828
0.675785
0.691331
0.706457
0.721155
0.735414
0.749227
0.762586
0.775481
0.787906
0.799852
0.811313
0.822281
0.83275
0.842713
0.852165
0.8611
0.869511
0.877395
0.884746
0.89156
0.897833
0.903561
0.90874
0.913367
0.91744
0.920956
0.923913
0.926309
0.928142
0.929413
0.930118
0.93026
0.929836
0.928848
0.927296
0.925181
0.922505
0.919268
0.915473
0.911123
0.906219
0.900765
0.894765
0.888221
0.881138
0.87352
0.865371
0.856698
0.847504
0.837796
0.827579
0.816859
0.805644
0.79394
0.781753
0.769092
0.755965
0.742378
0.72834
0.713861
0.698948
0.68361
0.667858
0.6517
0.635146
0.618207
0.600893
0.583214
0.56518
0.546804
0.528096
0.509067
0.489729
0.470093
0.450173
0.429979
0.409524
0.38882
0.36788
0.346717
0.325344
0.303773
0.282017
0.26009
0.238006
0.215777
0.193417
0.170939
0.148358
0.125687
0.102939
0.0801288
0.05727
0.0343765
0.0114621
-0.0114593
-0.0343737
-0.0572673
-0.0801261
-0.102936
-0.125684
-0.148355
-0.170936
-0.193414
-0.215774
-0.238003
-0.260088
-0.282014
-0.30377
-0.325341
-0.346715
-0.367878
-0.388817
-0.409521
-0.429976
-0.45017
-0.470091
-0.489726
-0.509064
-0.528093
-0.546801
-0.565178
-0.583211
-0.60089
-0.618205
-0.635144
-0.651697
-0.667855
-0.683608
-0.698945
-0.713858
-0.728338
-0.742375
-0.755962
-0.76909
-0.781751
-0.793937
-0.805642
-0.816857
-0.827576
-0.837793
-0.847502
-0.856696
-0.865369
-0.873518
-0.881136
-0.888219
-0.894763
-0.900763
-0.906217
-0.911121
-0.915471
-0.919266
-0.922503
-0.925179
-0.927294
-0.928846
-0.929834
-0.930258
-0.930117
-0.929411
-0.928141
-0.926307
-0.923911
-0.920954
-0.917438
-0.913365
-0.908738
-0.903559
-0.897831
-0.891559
-0.884745
-0.877393
-0.86951
-0.861098
-0.852164
-0.842712
-0.832749
-0.82228
-0.811311
-0.799851
-0.787905
-0.77548
-0.762585
-0.749226
-0.735413
-0.721153
-0.706456
-0.69133
-0.675783
-0.659827
-0.64347
-0.626723
-0.609595
-0.592096
-0.574239
-0.556033
-0.537489
-0.518619
-0.499434
-0.479946
-0.460166
-0.440107
-0.419781
-0.3992
-0.378377
-0.357324
-0.336054
-0.31458
-0.292916
-0.271073
-0.249066
-0.226907
-0.204611
-0.18219
-0.159659
-0.137031
-0.11432
-0.0915394
-0.0687032
-0.0458253
-0.0229196
0
0
0.0226899
0.0453661
0.0680147
0.090622
0.113174
0.135658
0.158059
0.180364
0.20256
0.224633
0.246569
0.268356
0.28998
0.311428
0.332687
0.353743
0.374585
0.3952
0.415574
0.435697
0.455555
0.475136
0.494429
0.513421
0.532102
0.55046
0.568484
0.586163
0.603486
0.620442
0.637022
0.653215
0.669011
0.684401
0.699376
0.713926
0.728043
0.741718
0.754942
0.767709
0.780009
0.791835
0.803181
0.814039
0.824403
0.834267
0.843624
0.852469
0.860796
0.868601
0.875878
0.882624
0.888834
0.894504
0.899631
0.904212
0.908245
0.911725
0.914652
0.917024
0.91884
0.920097
0.920796
0.920936
0.920516
0.919538
0.918002
0.915908
0.913258
0.910054
0.906297
0.901991
0.897136
0.891737
0.885796
0.879318
0.872306
0.864764
0.856698
0.848111
0.839009
0.829398
0.819284
0.808672
0.797569
0.785982
0.773918
0.761384
0.748388
0.734937
0.72104
0.706706
0.691942
0.676758
0.661164
0.645168
0.62878
0.612011
0.59487
0.577368
0.559516
0.541323
0.522803
0.503964
0.48482
0.465382
0.445661
0.425669
0.405419
0.384923
0.364193
0.343242
0.322083
0.300728
0.27919
0.257484
0.23562
0.213614
0.191478
0.169226
0.146871
0.124427
0.101907
0.0793257
0.056696
0.0340319
0.0113472
-0.0113444
-0.0340292
-0.0566933
-0.0793229
-0.101904
-0.124424
-0.146868
-0.169223
-0.191475
-0.213611
-0.235618
-0.257481
-0.279188
-0.300725
-0.32208
-0.343239
-0.36419
-0.38492
-0.405416
-0.425666
-0.445658
-0.465379
-0.484817
-0.503962
-0.5228
-0.541321
-0.559513
-0.577366
-0.594868
-0.612008
-0.628778
-0.645165
-0.661161
-0.676756
-0.691939
-0.706703
-0.721038
-0.734934
-0.748385
-0.761381
-0.773915
-0.78598
-0.797567
-0.80867
-0.819282
-0.829396
-0.839007
-0.848109
-0.856696
-0.864762
-0.872304
-0.879316
-0.885794
-0.891735
-0.897134
-0.901988
-0.906295
-0.910052
-0.913256
-0.915906
-0.918
-0.919536
-0.920514
-0.920934
-0.920794
-0.920095
-0.918838
-0.917023
-0.914651
-0.911723
-0.908243
-0.904211
-0.89963
-0.894502
-0.888832
-0.882622
-0.875877
-0.868599
-0.860795
-0.852467
-0.843622
-0.834265
-0.824402
-0.814038
-0.80318
-0.791834
-0.780007
-0.767707
-0.754941
-0.741717
-0.728042
-0.713925
-0.699375
-0.6844
-0.66901
-0.653214
-0.637021
-0.620441
-0.603485
-0.586162
-0.568483
-0.55046
-0.532102
-0.513421
-0.494428
-0.475135
-0.455554
-0.435696
-0.415574
-0.395199
-0.374585
-0.353743
-0.332686
-0.311427
-0.28998
-0.268356
-0.246569
-0.224633
-0.20256
-0.180364
-0.158059
-0.135658
-0.113174
-0.0906219
-0.0680146
-0.045366
-0.0226899
0
0
0.0224464
0.0448792
0.0672848
0.0896495
0.11196
0.134202
0.156363
0.178429
0.200386
0.222222
0.243923
0.265476
0.286868
0.308086
0.329116
0.349947
0.370565
0.390959
0.411115
0.431021
0.450666
0.470037
0.489123
0.507912
0.526392
0.544553
0.562383
0.579872
0.597009
0.613784
0.630185
0.646205
0.661831
0.677057
0.691871
0.706265
0.72023
0.733758
0.746841
0.75947
0.771638
0.783337
0.794562
0.805303
0.815556
0.825314
0.83457
0.84332
0.851558
0.859279
0.866479
0.873152
0.879295
0.884905
0.889977
0.894509
0.898498
0.901941
0.904837
0.907183
0.908979
0.910223
0.910914
0.911052
0.910638
0.90967
0.90815
0.906079
0.903458
0.900288
0.896571
0.892311
0.887508
0.882167
0.87629
0.869882
0.862945
0.855484
0.847504
0.839009
0.830005
0.820498
0.810492
0.799994
0.78901
0.777547
0.765612
0.753213
0.740356
0.72705
0.713302
0.699121
0.684516
0.669496
0.654068
0.638244
0.622032
0.605443
0.588486
0.571172
0.553511
0.535514
0.517192
0.498556
0.479617
0.460387
0.440878
0.421101
0.401068
0.380792
0.360285
0.339558
0.318626
0.297501
0.276194
0.25472
0.233092
0.211322
0.189423
0.16741
0.145295
0.123092
0.100814
0.0784744
0.0560876
0.0336667
0.0112254
-0.0112227
-0.033664
-0.0560848
-0.0784716
-0.100811
-0.123089
-0.145292
-0.167407
-0.18942
-0.211319
-0.233089
-0.254718
-0.276192
-0.297498
-0.318624
-0.339556
-0.360282
-0.380789
-0.401065
-0.421098
-0.440875
-0.460385
-0.479615
-0.498553
-0.517189
-0.535511
-0.553508
-0.571169
-0.588484
-0.60544
-0.62203
-0.638242
-0.654066
-0.669493
-0.684514
-0.699119
-0.7133
-0.727047
-0.740354
-0.75321
-0.76561
-0.777545
-0.789007
-0.799991
-0.810489
-0.820495
-0.830003
-0.839007
-0.847502
-0.855482
-0.862943
-0.869879
-0.876288
-0.882165
-0.887506
-0.892309
-0.896569
-0.900286
-0.903455
-0.906077
-0.908148
-0.909668
-0.910636
-0.91105
-0.910912
-0.910221
-0.908977
-0.907181
-0.904835
-0.901939
-0.898496
-0.894507
-0.889975
-0.884903
-0.879294
-0.87315
-0.866477
-0.859278
-0.851557
-0.843319
-0.834569
-0.825312
-0.815555
-0.805302
-0.79456
-0.783336
-0.771636
-0.759468
-0.746839
-0.733757
-0.720229
-0.706264
-0.69187
-0.677055
-0.66183
-0.646203
-0.630184
-0.613783
-0.597008
-0.579871
-0.562382
-0.544552
-0.526391
-0.507911
-0.489122
-0.470036
-0.450665
-0.43102
-0.411114
-0.390958
-0.370565
-0.349946
-0.329116
-0.308085
-0.286868
-0.265476
-0.243923
-0.222222
-0.200386
-0.178429
-0.156363
-0.134202
-0.11196
-0.0896493
-0.0672847
-0.0448792
-0.0224464
0
0
0.0221893
0.0443651
0.066514
0.0886225
0.110677
0.132665
0.154572
0.176385
0.198091
0.219677
0.241129
0.262435
0.283582
0.304556
0.325346
0.345938
0.36632
0.38648
0.406405
0.426084
0.445503
0.464653
0.48352
0.502093
0.520362
0.538315
0.555941
0.57323
0.59017
0.606753
0.622966
0.638802
0.65425
0.669301
0.683945
0.698174
0.71198
0.725353
0.738285
0.75077
0.762799
0.774364
0.78546
0.796078
0.806214
0.81586
0.82501
0.83366
0.841804
0.849436
0.856553
0.86315
0.869223
0.874768
0.879782
0.884262
0.888205
0.891609
0.894472
0.896791
0.898566
0.899796
0.900479
0.900616
0.900206
0.89925
0.897747
0.8957
0.893108
0.889975
0.886301
0.882089
0.877342
0.872062
0.866252
0.859917
0.85306
0.845684
0.837796
0.829398
0.820498
0.811099
0.801207
0.79083
0.779972
0.76864
0.756842
0.744585
0.731875
0.718721
0.705131
0.691113
0.676675
0.661826
0.646576
0.630933
0.614907
0.598508
0.581745
0.564629
0.547171
0.52938
0.511268
0.492845
0.474123
0.455114
0.435828
0.416277
0.396474
0.37643
0.356157
0.335669
0.314976
0.294093
0.27303
0.251802
0.230422
0.208901
0.187253
0.165492
0.14363
0.121682
0.0996588
0.0775755
0.0554451
0.0332811
0.0110969
-0.0110941
-0.0332783
-0.0554423
-0.0775727
-0.099656
-0.121679
-0.143628
-0.165489
-0.187251
-0.208898
-0.230419
-0.2518
-0.273028
-0.29409
-0.314974
-0.335666
-0.356155
-0.376427
-0.396471
-0.416274
-0.435825
-0.455111
-0.47412
-0.492842
-0.511265
-0.529377
-0.547168
-0.564626
-0.581742
-0.598505
-0.614904
-0.63093
-0.646573
-0.661824
-0.676672
-0.69111
-0.705129
-0.718719
-0.731873
-0.744582
-0.75684
-0.768638
-0.779969
-0.790827
-0.801205
-0.811096
-0.820495
-0.829396
-0.837793
-0.845682
-0.853057
-0.859915
-0.86625
-0.87206
-0.87734
-0.882087
-0.886299
-0.889973
-0.893106
-0.895697
-0.897745
-0.899248
-0.900204
-0.900614
-0.900478
-0.899794
-0.898565
-0.896789
-0.89447
-0.891607
-0.888203
-0.88426
-0.87978
-0.874766
-0.869221
-0.863148
-0.856551
-0.849435
-0.841802
-0.833658
-0.825009
-0.815858
-0.806212
-0.796077
-0.785458
-0.774363
-0.762797
-0.750769
-0.738284
-0.725351
-0.711978
-0.698173
-0.683944
-0.6693
-0.654249
-0.638801
-0.622965
-0.606752
-0.590169
-0.573229
-0.55594
-0.538314
-0.520361
-0.502093
-0.483519
-0.464652
-0.445503
-0.426083
-0.406405
-0.38648
-0.36632
-0.345938
-0.325346
-0.304556
-0.283581
-0.262435
-0.241129
-0.219676
-0.198091
-0.176385
-0.154572
-0.132665
-0.110677
-0.0886224
-0.0665139
-0.0443651
-0.0221893
0
0
0.0219187
0.0438241
0.0657029
0.0875418
0.109328
0.131047
0.152687
0.174234
0.195675
0.216998
0.238189
0.259235
0.280124
0.300842
0.321379
0.34172
0.361853
0.381767
0.401449
0.420888
0.44007
0.458986
0.477623
0.49597
0.514016
0.53175
0.549161
0.566239
0.582973
0.599353
0.615369
0.631012
0.646271
0.661139
0.675604
0.68966
0.703297
0.716507
0.729282
0.741614
0.753496
0.764921
0.775881
0.78637
0.796382
0.80591
0.814949
0.823493
0.831538
0.839077
0.846107
0.852624
0.858623
0.8641
0.869053
0.873478
0.877373
0.880736
0.883564
0.885855
0.887608
0.888823
0.889498
0.889633
0.889228
0.888283
0.886799
0.884776
0.882217
0.879122
0.875493
0.871332
0.866643
0.861427
0.855688
0.84943
0.842657
0.835371
0.827579
0.819284
0.810492
0.801207
0.791437
0.781185
0.77046
0.759267
0.747613
0.735504
0.72295
0.709957
0.696532
0.682685
0.668423
0.653755
0.638691
0.623239
0.607408
0.591209
0.574651
0.557743
0.540498
0.522924
0.505033
0.486835
0.468341
0.449563
0.430513
0.411201
0.391639
0.371839
0.351814
0.331575
0.311135
0.290506
0.269701
0.248732
0.227612
0.206353
0.18497
0.163474
0.141879
0.120198
0.0984435
0.0766295
0.054769
0.0328753
0.0109616
-0.0109588
-0.0328725
-0.0547662
-0.0766267
-0.0984406
-0.120195
-0.141876
-0.163471
-0.184967
-0.206351
-0.227609
-0.248729
-0.269698
-0.290503
-0.311132
-0.331573
-0.351811
-0.371837
-0.391636
-0.411198
-0.43051
-0.449561
-0.468339
-0.486832
-0.50503
-0.522921
-0.540495
-0.557741
-0.574648
-0.591206
-0.607406
-0.623236
-0.638688
-0.653753
-0.66842
-0.682682
-0.69653
-0.709954
-0.722947
-0.735502
-0.74761
-0.759264
-0.770457
-0.781183
-0.791434
-0.801205
-0.810489
-0.819282
-0.827576
-0.835369
-0.842654
-0.849428
-0.855686
-0.861425
-0.86664
-0.87133
-0.87549
-0.879119
-0.882215
-0.884774
-0.886797
-0.888281
-0.889226
-0.889631
-0.889496
-0.888821
-0.887606
-0.885853
-0.883562
-0.880734
-0.877372
-0.873477
-0.869051
-0.864098
-0.858621
-0.852622
-0.846106
-0.839076
-0.831536
-0.823492
-0.814948
-0.805909
-0.79638
-0.786369
-0.77588
-0.764919
-0.753495
-0.741613
-0.729281
-0.716506
-0.703296
-0.689659
-0.675603
-0.661137
-0.64627
-0.631011
-0.615368
-0.599352
-0.582972
-0.566238
-0.549161
-0.531749
-0.514015
-0.49597
-0.477622
-0.458985
-0.44007
-0.420887
-0.401449
-0.381766
-0.361853
-0.341719
-0.321378
-0.300842
-0.280123
-0.259234
-0.238188
-0.216997
-0.195675
-0.174234
-0.152686
-0.131047
-0.109327
-0.0875416
-0.0657028
-0.043824
-0.0219187
0
0
0.0216348
0.0432565
0.0648519
0.0864079
0.107911
0.12935
0.150709
0.171977
0.193141
0.214187
0.235103
0.255877
0.276495
0.296946
0.317216
0.337293
0.357166
0.376822
0.396249
0.415436
0.43437
0.453041
0.471437
0.489546
0.507358
0.524863
0.542048
0.558905
0.575422
0.59159
0.607399
0.622839
0.637901
0.652575
0.666854
0.680727
0.694187
0.707226
0.719836
0.732008
0.743736
0.755013
0.765831
0.776185
0.786067
0.795471
0.804393
0.812827
0.820767
0.828209
0.835148
0.84158
0.847501
0.852908
0.857796
0.862165
0.866009
0.869328
0.872119
0.874381
0.876112
0.87731
0.877977
0.87811
0.87771
0.876778
0.875313
0.873316
0.87079
0.867735
0.864153
0.860046
0.855417
0.850269
0.844605
0.838428
0.831742
0.824551
0.816859
0.808672
0.799994
0.79083
0.781185
0.771067
0.76048
0.749432
0.737929
0.725978
0.713586
0.700761
0.68751
0.673842
0.659765
0.645288
0.630418
0.615166
0.599541
0.583551
0.567207
0.550519
0.533497
0.516151
0.498491
0.480529
0.462275
0.44374
0.424936
0.405874
0.386566
0.367023
0.347257
0.327281
0.307105
0.286743
0.266208
0.24551
0.224664
0.203681
0.182574
0.161357
0.140041
0.118641
0.0971684
0.075637
0.0540596
0.0324495
0.0108196
-0.0108168
-0.0324466
-0.0540568
-0.0756341
-0.0971655
-0.118638
-0.140038
-0.161354
-0.182571
-0.203678
-0.224661
-0.245507
-0.266205
-0.286741
-0.307102
-0.327278
-0.347254
-0.36702
-0.386563
-0.405872
-0.424934
-0.443738
-0.462272
-0.480526
-0.498488
-0.516148
-0.533494
-0.550517
-0.567205
-0.583548
-0.599538
-0.615164
-0.630416
-0.645285
-0.659763
-0.67384
-0.687508
-0.700758
-0.713583
-0.725975
-0.737926
-0.74943
-0.760478
-0.771064
-0.781183
-0.790827
-0.799991
-0.80867
-0.816857
-0.824549
-0.83174
-0.838426
-0.844603
-0.850267
-0.855415
-0.860044
-0.86415
-0.867732
-0.870788
-0.873314
-0.875311
-0.876775
-0.877708
-0.878108
-0.877975
-0.877308
-0.87611
-0.874379
-0.872117
-0.869326
-0.866007
-0.862163
-0.857795
-0.852906
-0.847499
-0.841578
-0.835146
-0.828207
-0.820765
-0.812825
-0.804392
-0.79547
-0.786065
-0.776183
-0.76583
-0.755012
-0.743735
-0.732007
-0.719835
-0.707225
-0.694186
-0.680726
-0.666852
-0.652574
-0.637899
-0.622838
-0.607398
-0.591589
-0.575421
-0.558904
-0.542047
-0.524862
-0.507358
-0.489545
-0.471436
-0.45304
-0.43437
-0.415435
-0.396249
-0.376822
-0.357166
-0.337293
-0.317215
-0.296945
-0.276495
-0.255877
-0.235103
-0.214187
-0.19314
-0.171977
-0.150709
-0.129349
-0.107911
-0.0864077
-0.0648517
-0.0432564
-0.0216348
0
0
0.0213378
0.0426626
0.0639615
0.0852215
0.10643
0.127574
0.14864
0.169616
0.190489
0.211246
0.231876
0.252364
0.272699
0.292869
0.312861
0.332662
0.352262
0.371648
0.390809
0.409732
0.428407
0.446821
0.464964
0.482825
0.500393
0.517656
0.534606
0.551231
0.567522
0.583468
0.599059
0.614287
0.629142
0.643615
0.657698
0.671381
0.684656
0.697516
0.709953
0.721958
0.733525
0.744647
0.755317
0.765528
0.775274
0.78455
0.793349
0.801667
0.809498
0.816838
0.823682
0.830025
0.835865
0.841197
0.846019
0.850327
0.854119
0.857392
0.860145
0.862376
0.864083
0.865265
0.865922
0.866054
0.865659
0.86474
0.863295
0.861326
0.858834
0.855821
0.852288
0.848238
0.843673
0.838595
0.833009
0.826917
0.820322
0.81323
0.805644
0.797569
0.78901
0.779972
0.77046
0.76048
0.750039
0.739143
0.727797
0.71601
0.703788
0.691139
0.678071
0.66459
0.650707
0.636428
0.621763
0.60672
0.591309
0.575539
0.55942
0.542961
0.526172
0.509064
0.491647
0.473931
0.455928
0.437648
0.419102
0.400302
0.381259
0.361984
0.34249
0.322787
0.302889
0.282807
0.262553
0.242139
0.221579
0.200884
0.180067
0.159141
0.138118
0.117012
0.0958343
0.0745985
0.0533174
0.032004
0.0106711
-0.0106682
-0.0320011
-0.0533146
-0.0745957
-0.0958315
-0.117009
-0.138116
-0.159138
-0.180064
-0.200881
-0.221576
-0.242136
-0.26255
-0.282804
-0.302886
-0.322784
-0.342487
-0.361981
-0.381256
-0.400299
-0.419099
-0.437645
-0.455925
-0.473929
-0.491644
-0.509061
-0.526169
-0.542958
-0.559417
-0.575536
-0.591306
-0.606717
-0.62176
-0.636425
-0.650704
-0.664588
-0.678068
-0.691137
-0.703786
-0.716008
-0.727795
-0.73914
-0.750037
-0.760478
-0.770457
-0.779969
-0.789007
-0.797567
-0.805642
-0.813228
-0.82032
-0.826914
-0.833006
-0.838593
-0.84367
-0.848236
-0.852286
-0.855819
-0.858832
-0.861324
-0.863293
-0.864738
-0.865657
-0.866052
-0.86592
-0.865263
-0.864081
-0.862374
-0.860143
-0.85739
-0.854117
-0.850325
-0.846017
-0.841196
-0.835863
-0.830024
-0.82368
-0.816836
-0.809497
-0.801665
-0.793348
-0.784548
-0.775273
-0.765526
-0.755315
-0.744645
-0.733524
-0.721957
-0.709951
-0.697515
-0.684655
-0.67138
-0.657697
-0.643614
-0.629141
-0.614286
-0.599058
-0.583467
-0.567521
-0.55123
-0.534605
-0.517656
-0.500392
-0.482824
-0.464963
-0.44682
-0.428406
-0.409731
-0.390808
-0.371648
-0.352262
-0.332662
-0.31286
-0.292868
-0.272699
-0.252363
-0.231875
-0.211246
-0.190489
-0.169616
-0.14864
-0.127573
-0.10643
-0.0852214
-0.0639613
-0.0426625
-0.0213377
0
0
0.0210278
0.0420428
0.0630322
0.0839834
0.104884
0.12572
0.14648
0.167152
0.187722
0.208177
0.228507
0.248698
0.268737
0.288614
0.308315
0.32783
0.347145
0.366249
0.385131
0.40378
0.422183
0.44033
0.458209
0.47581
0.493123
0.510136
0.526839
0.543223
0.559277
0.574991
0.590356
0.605363
0.620002
0.634265
0.648143
0.661627
0.67471
0.687383
0.699638
0.711469
0.722869
0.733829
0.744343
0.754406
0.764011
0.773152
0.781824
0.79002
0.797738
0.804971
0.811715
0.817967
0.823722
0.828977
0.833728
0.837974
0.84171
0.844936
0.847649
0.849847
0.851529
0.852695
0.853342
0.853472
0.853083
0.852177
0.850753
0.848813
0.846357
0.843387
0.839906
0.835915
0.831416
0.826412
0.820907
0.814903
0.808405
0.801416
0.79394
0.785982
0.777547
0.76864
0.759267
0.749432
0.739143
0.728404
0.717224
0.705608
0.693564
0.681099
0.66822
0.654935
0.641253
0.627182
0.61273
0.597906
0.582719
0.567178
0.551293
0.535073
0.518528
0.501668
0.484504
0.467046
0.449304
0.43129
0.413013
0.394486
0.37572
0.356725
0.337514
0.318098
0.298488
0.278698
0.258738
0.238622
0.21836
0.197966
0.177451
0.156829
0.136112
0.115312
0.0944421
0.0735148
0.0525429
0.0315391
0.0105161
-0.0105132
-0.0315362
-0.05254
-0.0735119
-0.0944392
-0.115309
-0.136109
-0.156826
-0.177448
-0.197963
-0.218357
-0.238619
-0.258735
-0.278695
-0.298486
-0.318095
-0.337511
-0.356722
-0.375717
-0.394484
-0.413011
-0.431287
-0.449302
-0.467043
-0.484502
-0.501666
-0.518525
-0.53507
-0.55129
-0.567175
-0.582716
-0.597903
-0.612727
-0.627179
-0.641251
-0.654933
-0.668217
-0.681096
-0.693561
-0.705606
-0.717221
-0.728402
-0.73914
-0.74943
-0.759264
-0.768638
-0.777545
-0.78598
-0.793937
-0.801413
-0.808402
-0.814901
-0.820905
-0.82641
-0.831413
-0.835912
-0.839904
-0.843385
-0.846355
-0.84881
-0.850751
-0.852175
-0.853081
-0.85347
-0.85334
-0.852693
-0.851527
-0.849845
-0.847647
-0.844934
-0.841709
-0.837972
-0.833726
-0.828975
-0.82372
-0.817965
-0.811714
-0.804969
-0.797736
-0.790019
-0.781822
-0.77315
-0.764009
-0.754405
-0.744342
-0.733827
-0.722867
-0.711468
-0.699637
-0.687381
-0.674708
-0.661626
-0.648142
-0.634264
-0.620001
-0.605362
-0.590355
-0.57499
-0.559276
-0.543222
-0.526838
-0.510135
-0.493122
-0.47581
-0.458208
-0.440329
-0.422182
-0.403779
-0.385131
-0.366249
-0.347144
-0.327829
-0.308315
-0.288613
-0.268737
-0.248697
-0.228506
-0.208177
-0.187721
-0.167151
-0.14648
-0.12572
-0.104883
-0.0839833
-0.0630321
-0.0420427
-0.0210277
0
0
0.020705
0.0413974
0.0620647
0.0826943
0.103274
0.12379
0.144232
0.164586
0.18484
0.204982
0.224999
0.24488
0.264612
0.284184
0.303583
0.322798
0.341816
0.360628
0.37922
0.397582
0.415703
0.433571
0.451176
0.468507
0.485554
0.502306
0.518753
0.534885
0.550692
0.566165
0.581295
0.596071
0.610486
0.62453
0.638194
0.651472
0.664353
0.676832
0.6889
0.700549
0.711773
0.722565
0.732918
0.742827
0.752284
0.761285
0.769823
0.777894
0.785493
0.792615
0.799256
0.805412
0.811078
0.816252
0.820931
0.825111
0.828791
0.831967
0.834638
0.836803
0.838459
0.839606
0.840244
0.840372
0.839989
0.839096
0.837694
0.835784
0.833366
0.830442
0.827014
0.823084
0.818654
0.813727
0.808307
0.802395
0.795996
0.789114
0.781753
0.773918
0.765612
0.756842
0.747613
0.737929
0.727797
0.717224
0.706215
0.694778
0.682918
0.670644
0.657963
0.644883
0.631411
0.617555
0.603325
0.588728
0.573774
0.558472
0.542831
0.52686
0.510569
0.493968
0.477068
0.459877
0.442408
0.42467
0.406674
0.388431
0.369953
0.35125
0.332333
0.313215
0.293907
0.27442
0.254767
0.234959
0.215008
0.194927
0.174728
0.154422
0.134023
0.113542
0.0929925
0.0723864
0.0517364
0.031055
0.0103547
-0.0103518
-0.0310521
-0.0517335
-0.0723835
-0.0929896
-0.113539
-0.13402
-0.154419
-0.174725
-0.194924
-0.215005
-0.234956
-0.254764
-0.274417
-0.293904
-0.313212
-0.33233
-0.351247
-0.36995
-0.388429
-0.406671
-0.424667
-0.442405
-0.459875
-0.477065
-0.493965
-0.510566
-0.526857
-0.542828
-0.558469
-0.573772
-0.588726
-0.603322
-0.617553
-0.631408
-0.64488
-0.657961
-0.670642
-0.682916
-0.694775
-0.706213
-0.717221
-0.727795
-0.737926
-0.74761
-0.75684
-0.76561
-0.773915
-0.781751
-0.789112
-0.795994
-0.802393
-0.808304
-0.813725
-0.818652
-0.823082
-0.827012
-0.83044
-0.833364
-0.835782
-0.837692
-0.839094
-0.839987
-0.84037
-0.840242
-0.839604
-0.838457
-0.836801
-0.834636
-0.831965
-0.828789
-0.82511
-0.820929
-0.816251
-0.811076
-0.80541
-0.799254
-0.792614
-0.785492
-0.777893
-0.769822
-0.761283
-0.752282
-0.742825
-0.732917
-0.722564
-0.711772
-0.700548
-0.688898
-0.676831
-0.664352
-0.65147
-0.638193
-0.624528
-0.610484
-0.59607
-0.581294
-0.566164
-0.550691
-0.534884
-0.518752
-0.502305
-0.485553
-0.468506
-0.451175
-0.43357
-0.415702
-0.397581
-0.379219
-0.360627
-0.341816
-0.322797
-0.303582
-0.284183
-0.264612
-0.24488
-0.224999
-0.204982
-0.18484
-0.164586
-0.144232
-0.12379
-0.103274
-0.0826942
-0.0620646
-0.0413974
-0.020705
0
0
0.0203697
0.040727
0.0610596
0.0813551
0.101601
0.121786
0.141896
0.16192
0.181847
0.201662
0.221355
0.240914
0.260327
0.279581
0.298666
0.31757
0.33628
0.354787
0.373078
0.391143
0.40897
0.426549
0.443869
0.460919
0.47769
0.494171
0.510351
0.526222
0.541773
0.556996
0.57188
0.586417
0.600598
0.614415
0.627858
0.640921
0.653594
0.66587
0.677742
0.689203
0.700245
0.710863
0.721048
0.730796
0.7401
0.748955
0.757355
0.765296
0.772772
0.779778
0.786312
0.792367
0.797942
0.803033
0.807636
0.811748
0.815368
0.818493
0.821121
0.82325
0.82488
0.826009
0.826636
0.826761
0.826385
0.825507
0.824128
0.822248
0.819869
0.816993
0.81362
0.809754
0.805396
0.800549
0.795216
0.7894
0.783105
0.776334
0.769092
0.761384
0.753213
0.744585
0.735504
0.725978
0.71601
0.705608
0.694778
0.683525
0.671858
0.659783
0.647307
0.634438
0.621185
0.607554
0.593554
0.579194
0.564482
0.549427
0.534039
0.518327
0.5023
0.485968
0.469341
0.452429
0.435243
0.417792
0.400088
0.38214
0.363961
0.345561
0.326951
0.308142
0.289147
0.269976
0.250641
0.231154
0.211526
0.19177
0.171898
0.151921
0.131852
0.111703
0.0914864
0.0712141
0.0508985
0.0305521
0.0101871
-0.0101841
-0.0305492
-0.0508956
-0.0712112
-0.0914835
-0.1117
-0.131849
-0.151918
-0.171895
-0.191767
-0.211523
-0.231151
-0.250638
-0.269973
-0.289144
-0.30814
-0.326948
-0.345558
-0.363958
-0.382138
-0.400085
-0.417789
-0.43524
-0.452427
-0.469338
-0.485965
-0.502297
-0.518324
-0.534036
-0.549425
-0.564479
-0.579191
-0.593551
-0.607551
-0.621182
-0.634436
-0.647304
-0.65978
-0.671855
-0.683523
-0.694775
-0.705606
-0.716008
-0.725975
-0.735502
-0.744582
-0.75321
-0.761381
-0.76909
-0.776332
-0.783102
-0.789397
-0.795213
-0.800546
-0.805393
-0.809751
-0.813618
-0.81699
-0.819867
-0.822246
-0.824125
-0.825505
-0.826383
-0.826759
-0.826634
-0.826006
-0.824878
-0.823248
-0.821119
-0.818491
-0.815366
-0.811746
-0.807634
-0.803031
-0.797941
-0.792366
-0.78631
-0.779777
-0.77277
-0.765294
-0.757354
-0.748954
-0.740099
-0.730795
-0.721047
-0.710861
-0.700244
-0.689202
-0.677741
-0.665869
-0.653593
-0.640919
-0.627857
-0.614414
-0.600597
-0.586416
-0.571879
-0.556995
-0.541772
-0.526221
-0.51035
-0.49417
-0.477689
-0.460918
-0.443868
-0.426548
-0.408969
-0.391142
-0.373077
-0.354786
-0.33628
-0.317569
-0.298666
-0.279581
-0.260326
-0.240914
-0.221355
-0.201662
-0.181846
-0.16192
-0.141896
-0.121785
-0.101601
-0.0813549
-0.0610594
-0.0407269
-0.0203696
0
0
0.020022
0.0400318
0.0600173
0.0799664
0.0998669
0.119707
0.139474
0.159157
0.178743
0.19822
0.217577
0.236802
0.255883
0.274809
0.293568
0.312149
0.33054
0.348731
0.36671
0.384466
0.401989
0.419268
0.436292
0.453052
0.469536
0.485735
0.50164
0.51724
0.532526
0.547488
0.562119
0.576408
0.590347
0.603927
0.617141
0.629981
0.642437
0.654504
0.666174
0.677439
0.688293
0.698729
0.70874
0.718322
0.727467
0.736171
0.744428
0.752233
0.759581
0.766468
0.77289
0.778842
0.784322
0.789326
0.79385
0.797892
0.80145
0.804522
0.807105
0.809198
0.8108
0.811909
0.812526
0.812649
0.812279
0.811416
0.81006
0.808213
0.805875
0.803047
0.799732
0.795932
0.791648
0.786884
0.781642
0.775925
0.769738
0.763083
0.755965
0.748388
0.740356
0.731875
0.72295
0.713586
0.703788
0.693564
0.682918
0.671858
0.66039
0.648521
0.636258
0.623609
0.610581
0.597183
0.583422
0.569307
0.554846
0.540049
0.524924
0.509479
0.493726
0.477673
0.46133
0.444707
0.427814
0.410661
0.393259
0.375618
0.357749
0.339663
0.32137
0.302883
0.284211
0.265368
0.246363
0.227208
0.207916
0.188497
0.168964
0.149328
0.129602
0.109797
0.0899249
0.0699986
0.0500298
0.0300306
0.0100132
-0.0100103
-0.0300277
-0.0500268
-0.0699956
-0.0899219
-0.109794
-0.129599
-0.149325
-0.168961
-0.188494
-0.207913
-0.227205
-0.24636
-0.265365
-0.284209
-0.30288
-0.321367
-0.33966
-0.357746
-0.375615
-0.393256
-0.410658
-0.427811
-0.444704
-0.461327
-0.47767
-0.493723
-0.509477
-0.524921
-0.540046
-0.554844
-0.569304
-0.583419
-0.59718
-0.610579
-0.623606
-0.636255
-0.648518
-0.660387
-0.671855
-0.682916
-0.693561
-0.703786
-0.713583
-0.722947
-0.731873
-0.740354
-0.748385
-0.755962
-0.76308
-0.769735
-0.775923
-0.781639
-0.786881
-0.791646
-0.795929
-0.79973
-0.803045
-0.805872
-0.808211
-0.810058
-0.811414
-0.812277
-0.812647
-0.812524
-0.811907
-0.810798
-0.809196
-0.807103
-0.80452
-0.801448
-0.79789
-0.793848
-0.789324
-0.78432
-0.778841
-0.772888
-0.766466
-0.759579
-0.752231
-0.744426
-0.736169
-0.727466
-0.71832
-0.708739
-0.698727
-0.688291
-0.677438
-0.666172
-0.654503
-0.642436
-0.629979
-0.61714
-0.603926
-0.590345
-0.576406
-0.562118
-0.547487
-0.532525
-0.517239
-0.501639
-0.485735
-0.469535
-0.453051
-0.436291
-0.419267
-0.401988
-0.384466
-0.366709
-0.34873
-0.33054
-0.312148
-0.293568
-0.274809
-0.255883
-0.236802
-0.217577
-0.19822
-0.178742
-0.159156
-0.139474
-0.119707
-0.0998667
-0.0799662
-0.0600172
-0.0400317
-0.0200219
0
0
0.0196621
0.0393123
0.0589386
0.0785292
0.098072
0.117555
0.136967
0.156296
0.17553
0.194657
0.213667
0.232546
0.251284
0.26987
0.288292
0.306539
0.3246
0.342463
0.360119
0.377556
0.394764
0.411733
0.428451
0.444909
0.461097
0.477005
0.492624
0.507944
0.522955
0.537648
0.552016
0.566048
0.579736
0.593073
0.606049
0.618658
0.630891
0.642741
0.654201
0.665263
0.675922
0.686171
0.696002
0.705412
0.714393
0.72294
0.731048
0.738713
0.745929
0.752692
0.758999
0.764844
0.770226
0.775139
0.779582
0.783552
0.787046
0.790062
0.792599
0.794654
0.796227
0.797317
0.797922
0.798044
0.79768
0.796833
0.795501
0.793687
0.791391
0.788614
0.785359
0.781627
0.77742
0.772741
0.767593
0.76198
0.755903
0.749368
0.742378
0.734937
0.72705
0.718721
0.709957
0.700761
0.691139
0.681099
0.670644
0.659783
0.648521
0.636865
0.624823
0.612401
0.599607
0.58645
0.572936
0.559075
0.544874
0.530343
0.515489
0.500323
0.484852
0.469088
0.453039
0.436714
0.420125
0.40328
0.386191
0.368867
0.351319
0.333558
0.315594
0.297439
0.279103
0.260598
0.241935
0.223124
0.204179
0.185109
0.165927
0.146644
0.127272
0.107823
0.0883087
0.0687405
0.0491306
0.0294909
0.00983328
-0.00983032
-0.0294879
-0.0491277
-0.0687376
-0.0883057
-0.10782
-0.127269
-0.146641
-0.165924
-0.185106
-0.204176
-0.223122
-0.241932
-0.260595
-0.2791
-0.297436
-0.315591
-0.333555
-0.351316
-0.368864
-0.386188
-0.403277
-0.420122
-0.436711
-0.453036
-0.469085
-0.48485
-0.50032
-0.515486
-0.53034
-0.544872
-0.559072
-0.572934
-0.586447
-0.599605
-0.612398
-0.62482
-0.636862
-0.648518
-0.65978
-0.670642
-0.681096
-0.691137
-0.700758
-0.709954
-0.718719
-0.727047
-0.734934
-0.742375
-0.749366
-0.755901
-0.761977
-0.767591
-0.772739
-0.777418
-0.781624
-0.785356
-0.788612
-0.791388
-0.793685
-0.795499
-0.79683
-0.797678
-0.798041
-0.79792
-0.797315
-0.796225
-0.794652
-0.792597
-0.79006
-0.787044
-0.78355
-0.77958
-0.775137
-0.770224
-0.764843
-0.758997
-0.752691
-0.745927
-0.738711
-0.731047
-0.722938
-0.714391
-0.70541
-0.696001
-0.686169
-0.675921
-0.665262
-0.654199
-0.64274
-0.63089
-0.618657
-0.606048
-0.593072
-0.579735
-0.566047
-0.552015
-0.537647
-0.522954
-0.507943
-0.492623
-0.477005
-0.461096
-0.444908
-0.42845
-0.411732
-0.394763
-0.377556
-0.360118
-0.342463
-0.324599
-0.306538
-0.288291
-0.26987
-0.251284
-0.232546
-0.213666
-0.194657
-0.17553
-0.156296
-0.136967
-0.117555
-0.0980718
-0.078529
-0.0589385
-0.0393122
-0.0196621
0
0
0.0192903
0.038569
0.0578242
0.0770443
0.0962176
0.115333
0.134377
0.153341
0.172211
0.190977
0.209626
0.228149
0.246533
0.264767
0.282841
0.300743
0.318462
0.335988
0.35331
0.370417
0.3873
0.403947
0.420349
0.436496
0.452378
0.467986
0.483309
0.498339
0.513066
0.527482
0.541578
0.555345
0.568774
0.581859
0.59459
0.60696
0.618962
0.630588
0.641831
0.652684
0.663141
0.673196
0.682842
0.692073
0.700884
0.70927
0.717225
0.724745
0.731824
0.73846
0.744647
0.750382
0.755661
0.760482
0.764841
0.768736
0.772164
0.775123
0.777612
0.779628
0.781171
0.78224
0.782835
0.782953
0.782597
0.781765
0.780459
0.778679
0.776426
0.773702
0.770508
0.766847
0.76272
0.75813
0.753079
0.747572
0.74161
0.735198
0.72834
0.72104
0.713302
0.705131
0.696532
0.68751
0.678071
0.66822
0.657963
0.647307
0.636258
0.624823
0.613008
0.600821
0.58827
0.575361
0.562103
0.548504
0.534571
0.520315
0.505742
0.490862
0.475684
0.460218
0.444472
0.428456
0.412181
0.395654
0.378888
0.361892
0.344676
0.327251
0.309627
0.291815
0.273826
0.255671
0.23736
0.218905
0.200318
0.181609
0.16279
0.143871
0.124866
0.105784
0.0866389
0.0674408
0.0482017
0.0289333
0.00964738
-0.0096444
-0.0289303
-0.0481987
-0.0674378
-0.0866359
-0.105781
-0.124863
-0.143868
-0.162787
-0.181606
-0.200315
-0.218903
-0.237357
-0.255668
-0.273823
-0.291812
-0.309624
-0.327248
-0.344673
-0.361889
-0.378885
-0.395652
-0.412178
-0.428454
-0.444469
-0.460215
-0.475682
-0.490859
-0.505739
-0.520312
-0.534569
-0.548501
-0.5621
-0.575358
-0.588267
-0.600818
-0.613005
-0.62482
-0.636255
-0.647304
-0.657961
-0.668217
-0.678068
-0.687508
-0.69653
-0.705129
-0.7133
-0.721038
-0.728338
-0.735196
-0.741608
-0.747569
-0.753077
-0.758127
-0.762717
-0.766845
-0.770506
-0.7737
-0.776424
-0.778677
-0.780457
-0.781763
-0.782595
-0.782951
-0.782832
-0.782238
-0.781169
-0.779626
-0.77761
-0.775121
-0.772162
-0.768734
-0.764839
-0.76048
-0.75566
-0.75038
-0.744645
-0.738458
-0.731823
-0.724743
-0.717223
-0.709268
-0.700883
-0.692072
-0.68284
-0.673194
-0.66314
-0.652683
-0.641829
-0.630586
-0.61896
-0.606959
-0.594589
-0.581857
-0.568773
-0.555343
-0.541577
-0.527481
-0.513065
-0.498338
-0.483308
-0.467985
-0.452378
-0.436496
-0.420349
-0.403946
-0.387299
-0.370416
-0.353309
-0.335987
-0.318461
-0.300742
-0.28284
-0.264767
-0.246532
-0.228148
-0.209626
-0.190976
-0.172211
-0.15334
-0.134377
-0.115332
-0.0962174
-0.0770441
-0.0578241
-0.0385689
-0.0192903
0
0
0.0189068
0.0378022
0.0566746
0.0755126
0.0943048
0.11304
0.131706
0.150292
0.168787
0.18718
0.205459
0.223613
0.241632
0.259503
0.277218
0.294764
0.312131
0.329308
0.346286
0.363053
0.3796
0.395917
0.411993
0.427819
0.443385
0.458682
0.473701
0.488432
0.502866
0.516996
0.530811
0.544304
0.557467
0.570291
0.582769
0.594893
0.606656
0.618051
0.629071
0.639708
0.649958
0.659812
0.669267
0.678314
0.68695
0.695169
0.702966
0.710337
0.717276
0.723779
0.729843
0.735464
0.740639
0.745363
0.749636
0.753453
0.756813
0.759713
0.762152
0.764129
0.765641
0.766689
0.767272
0.767388
0.767039
0.766224
0.764943
0.763199
0.760991
0.758321
0.75519
0.751602
0.747557
0.743058
0.738108
0.73271
0.726867
0.720582
0.713861
0.706706
0.699121
0.691113
0.682685
0.673842
0.66459
0.654935
0.644883
0.634438
0.623609
0.612401
0.600821
0.588877
0.576575
0.563923
0.550928
0.537599
0.523944
0.509971
0.495688
0.481104
0.466228
0.451069
0.435636
0.419939
0.403986
0.387789
0.371356
0.354697
0.337824
0.320745
0.303471
0.286014
0.268382
0.250588
0.232641
0.214554
0.196336
0.177998
0.159553
0.141011
0.122383
0.103681
0.0849165
0.0661
0.0472434
0.0283581
0.00945562
-0.00945263
-0.0283551
-0.0472404
-0.0660971
-0.0849135
-0.103678
-0.12238
-0.141008
-0.15955
-0.177995
-0.196333
-0.214551
-0.232638
-0.250585
-0.268379
-0.286011
-0.303468
-0.320742
-0.337821
-0.354695
-0.371353
-0.387786
-0.403983
-0.419936
-0.435633
-0.451066
-0.466225
-0.481101
-0.495685
-0.509968
-0.523941
-0.537596
-0.550925
-0.56392
-0.576572
-0.588874
-0.600818
-0.612398
-0.623606
-0.634436
-0.64488
-0.654933
-0.664588
-0.67384
-0.682682
-0.69111
-0.699119
-0.706703
-0.713858
-0.72058
-0.726864
-0.732707
-0.738105
-0.743055
-0.747554
-0.751599
-0.755188
-0.758319
-0.760989
-0.763196
-0.764941
-0.766221
-0.767036
-0.767386
-0.767269
-0.766687
-0.765639
-0.764127
-0.76215
-0.759711
-0.756811
-0.753451
-0.749634
-0.745362
-0.740637
-0.735462
-0.729841
-0.723777
-0.717274
-0.710335
-0.702965
-0.695168
-0.686949
-0.678313
-0.669265
-0.659811
-0.649956
-0.639707
-0.629069
-0.61805
-0.606655
-0.594892
-0.582768
-0.57029
-0.557466
-0.544303
-0.53081
-0.516995
-0.502865
-0.488431
-0.4737
-0.458681
-0.443384
-0.427818
-0.411992
-0.395916
-0.379599
-0.363052
-0.346285
-0.329307
-0.31213
-0.294763
-0.277217
-0.259503
-0.241631
-0.223613
-0.205459
-0.18718
-0.168787
-0.150292
-0.131706
-0.113039
-0.0943046
-0.0755124
-0.0566745
-0.0378021
-0.0189068
0
0
0.0185119
0.0370125
0.0554906
0.0739351
0.0923347
0.110678
0.128954
0.147153
0.165261
0.18327
0.201167
0.218942
0.236584
0.254082
0.271426
0.288606
0.30561
0.322429
0.339052
0.355469
0.37167
0.387646
0.403386
0.418881
0.434122
0.4491
0.463805
0.478228
0.492361
0.506195
0.519722
0.532933
0.545821
0.558377
0.570595
0.582466
0.593983
0.60514
0.615929
0.626344
0.63638
0.646028
0.655285
0.664144
0.6726
0.680647
0.688281
0.695497
0.702291
0.708659
0.714596
0.7201
0.725166
0.729792
0.733975
0.737713
0.741003
0.743842
0.746231
0.748166
0.749647
0.750673
0.751243
0.751357
0.751015
0.750217
0.748963
0.747255
0.745093
0.742479
0.739414
0.7359
0.73194
0.727535
0.722688
0.717403
0.711682
0.705529
0.698948
0.691942
0.684516
0.676675
0.668423
0.659765
0.650707
0.641253
0.631411
0.621185
0.610581
0.599607
0.58827
0.576575
0.56453
0.552142
0.539419
0.526368
0.512998
0.499317
0.485332
0.471053
0.456488
0.441646
0.426535
0.411166
0.395547
0.379688
0.363598
0.347288
0.330766
0.314044
0.297132
0.280039
0.262775
0.245353
0.227781
0.210071
0.192234
0.17428
0.15622
0.138065
0.119827
0.101516
0.0831426
0.0647192
0.0462565
0.0277657
0.00925812
-0.00925512
-0.0277627
-0.0462535
-0.0647162
-0.0831396
-0.101513
-0.119824
-0.138062
-0.156217
-0.174277
-0.192231
-0.210068
-0.227778
-0.24535
-0.262772
-0.280036
-0.297129
-0.314041
-0.330763
-0.347285
-0.363595
-0.379685
-0.395544
-0.411163
-0.426532
-0.441643
-0.456485
-0.47105
-0.485329
-0.499314
-0.512996
-0.526366
-0.539416
-0.552139
-0.564527
-0.576572
-0.588267
-0.599605
-0.610579
-0.621182
-0.631408
-0.641251
-0.650704
-0.659763
-0.66842
-0.676672
-0.684514
-0.691939
-0.698945
-0.705526
-0.711679
-0.7174
-0.722686
-0.727532
-0.731937
-0.735898
-0.739412
-0.742477
-0.745091
-0.747253
-0.748961
-0.750214
-0.751012
-0.751355
-0.751241
-0.75067
-0.749645
-0.748164
-0.746229
-0.74384
-0.741001
-0.737711
-0.733973
-0.72979
-0.725164
-0.720098
-0.714594
-0.708657
-0.702289
-0.695495
-0.688279
-0.680645
-0.672598
-0.664142
-0.655284
-0.646027
-0.636378
-0.626343
-0.615928
-0.605138
-0.593982
-0.582464
-0.570593
-0.558376
-0.54582
-0.532932
-0.519721
-0.506194
-0.49236
-0.478227
-0.463804
-0.449099
-0.434121
-0.41888
-0.403385
-0.387645
-0.371669
-0.355468
-0.339051
-0.322428
-0.305609
-0.288605
-0.271426
-0.254082
-0.236583
-0.218941
-0.201166
-0.183269
-0.165261
-0.147152
-0.128954
-0.110678
-0.0923345
-0.0739349
-0.0554905
-0.0370124
-0.0185118
0
0
0.0181056
0.0362003
0.054273
0.0723127
0.0903085
0.108249
0.126125
0.143923
0.161635
0.179248
0.196752
0.214137
0.231392
0.248507
0.26547
0.282273
0.298904
0.315353
0.331612
0.347668
0.363514
0.379139
0.394534
0.409689
0.424596
0.439245
0.453627
0.467734
0.481557
0.495087
0.508317
0.521239
0.533844
0.546124
0.558074
0.569684
0.580949
0.591861
0.602413
0.6126
0.622415
0.631852
0.640906
0.64957
0.65784
0.665711
0.673178
0.680235
0.68688
0.693108
0.698915
0.704298
0.709253
0.713778
0.717869
0.721525
0.724742
0.72752
0.729856
0.731748
0.733197
0.7342
0.734758
0.734869
0.734535
0.733754
0.732528
0.730858
0.728743
0.726186
0.723189
0.719752
0.715878
0.71157
0.70683
0.70166
0.696065
0.690047
0.68361
0.676758
0.669496
0.661826
0.653755
0.645288
0.636428
0.627182
0.617555
0.607554
0.597183
0.58645
0.575361
0.563923
0.552142
0.540026
0.527582
0.514818
0.501741
0.48836
0.474682
0.460717
0.446471
0.431954
0.417175
0.402143
0.386867
0.371356
0.355619
0.339667
0.323508
0.307153
0.290612
0.273894
0.257009
0.239969
0.222783
0.205462
0.188016
0.170456
0.152792
0.135036
0.117197
0.0992879
0.0813182
0.0632991
0.0452415
0.0271565
0.00905501
-0.00905199
-0.0271535
-0.0452385
-0.063296
-0.0813152
-0.0992849
-0.117194
-0.135033
-0.152789
-0.170453
-0.188013
-0.205459
-0.22278
-0.239966
-0.257006
-0.273891
-0.290609
-0.30715
-0.323505
-0.339664
-0.355616
-0.371353
-0.386864
-0.40214
-0.417173
-0.431951
-0.446468
-0.460714
-0.47468
-0.488357
-0.501739
-0.514815
-0.527579
-0.540023
-0.552139
-0.56392
-0.575358
-0.586447
-0.59718
-0.607551
-0.617553
-0.627179
-0.636425
-0.645285
-0.653753
-0.661824
-0.669493
-0.676756
-0.683608
-0.690045
-0.696063
-0.701658
-0.706827
-0.711568
-0.715876
-0.71975
-0.723186
-0.726184
-0.728741
-0.730855
-0.732526
-0.733752
-0.734533
-0.734867
-0.734756
-0.734198
-0.733195
-0.731746
-0.729854
-0.727518
-0.72474
-0.721523
-0.717867
-0.713776
-0.709252
-0.704296
-0.698914
-0.693106
-0.686879
-0.680234
-0.673176
-0.665709
-0.657839
-0.649569
-0.640904
-0.631851
-0.622414
-0.612599
-0.602412
-0.591859
-0.580947
-0.569683
-0.558072
-0.546123
-0.533842
-0.521238
-0.508316
-0.495086
-0.481556
-0.467733
-0.453626
-0.439244
-0.424595
-0.409689
-0.394533
-0.379138
-0.363513
-0.347668
-0.331611
-0.315353
-0.298903
-0.282272
-0.26547
-0.248506
-0.231392
-0.214137
-0.196752
-0.179248
-0.161634
-0.143923
-0.126125
-0.108249
-0.0903083
-0.0723125
-0.0542728
-0.0362002
-0.0181056
0
0
0.0176884
0.0353661
0.0530223
0.0706464
0.0882275
0.105755
0.123218
0.140607
0.15791
0.175118
0.192219
0.209203
0.22606
0.24278
0.259353
0.275768
0.292016
0.308087
0.32397
0.339657
0.355138
0.370403
0.385443
0.400249
0.414812
0.429124
0.443174
0.456956
0.47046
0.483679
0.496604
0.509228
0.521542
0.53354
0.545214
0.556557
0.567562
0.578223
0.588532
0.598484
0.608073
0.617293
0.626137
0.634602
0.642682
0.650371
0.657666
0.664561
0.671053
0.677137
0.68281
0.688069
0.69291
0.69733
0.701327
0.704899
0.708042
0.710756
0.713038
0.714887
0.716302
0.717282
0.717827
0.717936
0.717609
0.716846
0.715649
0.714016
0.711951
0.709453
0.706524
0.703167
0.699382
0.695173
0.690542
0.685492
0.680026
0.674146
0.667858
0.661164
0.654068
0.646576
0.638691
0.630418
0.621763
0.61273
0.603325
0.593554
0.583422
0.572936
0.562103
0.550928
0.539419
0.527582
0.515425
0.502955
0.49018
0.477107
0.463744
0.4501
0.436183
0.422001
0.407563
0.392877
0.377953
0.362799
0.347425
0.33184
0.316054
0.300075
0.283915
0.267582
0.251087
0.234439
0.217649
0.200727
0.183683
0.166528
0.149271
0.131924
0.114497
0.0970001
0.0794444
0.0618405
0.0441991
0.0265308
0.0088464
-0.00884336
-0.0265277
-0.044196
-0.0618375
-0.0794414
-0.0969971
-0.114494
-0.131921
-0.149268
-0.166525
-0.18368
-0.200724
-0.217646
-0.234436
-0.251084
-0.267579
-0.283912
-0.300072
-0.316051
-0.331837
-0.347422
-0.362796
-0.37795
-0.392874
-0.40756
-0.421998
-0.43618
-0.450097
-0.463741
-0.477104
-0.490177
-0.502952
-0.515422
-0.527579
-0.539416
-0.550925
-0.5621
-0.572934
-0.583419
-0.593551
-0.603322
-0.612727
-0.62176
-0.630416
-0.638688
-0.646573
-0.654066
-0.661161
-0.667855
-0.674144
-0.680023
-0.68549
-0.69054
-0.695171
-0.69938
-0.703164
-0.706522
-0.709451
-0.711948
-0.714014
-0.715646
-0.716844
-0.717607
-0.717934
-0.717825
-0.71728
-0.7163
-0.714885
-0.713036
-0.710754
-0.70804
-0.704897
-0.701326
-0.697329
-0.692908
-0.688067
-0.682808
-0.677135
-0.671051
-0.664559
-0.657664
-0.650369
-0.64268
-0.634601
-0.626136
-0.617291
-0.608071
-0.598483
-0.588531
-0.578221
-0.567561
-0.556556
-0.545213
-0.533539
-0.521541
-0.509227
-0.496603
-0.483678
-0.470459
-0.456955
-0.443173
-0.429123
-0.414811
-0.400248
-0.385442
-0.370402
-0.355137
-0.339656
-0.32397
-0.308086
-0.292016
-0.275768
-0.259353
-0.24278
-0.22606
-0.209203
-0.192218
-0.175117
-0.15791
-0.140607
-0.123218
-0.105755
-0.0882273
-0.0706462
-0.0530222
-0.0353661
-0.0176884
0
0
0.0172605
0.0345105
0.0517395
0.0689372
0.086093
0.103197
0.120237
0.137205
0.15409
0.170881
0.187568
0.204142
0.220591
0.236907
0.253078
0.269097
0.284951
0.300633
0.316132
0.33144
0.346546
0.361441
0.376118
0.390566
0.404776
0.418741
0.432452
0.445901
0.459078
0.471977
0.48459
0.496908
0.508924
0.520632
0.532023
0.543092
0.553831
0.564233
0.574293
0.584005
0.593361
0.602358
0.610989
0.619249
0.627133
0.634636
0.641754
0.648483
0.654817
0.660755
0.666291
0.671422
0.676146
0.68046
0.68436
0.687845
0.690912
0.69356
0.695787
0.697591
0.698972
0.699928
0.70046
0.700566
0.700247
0.699503
0.698334
0.696742
0.694726
0.692289
0.689431
0.686155
0.682462
0.678355
0.673836
0.668907
0.663573
0.657836
0.6517
0.645168
0.638244
0.630933
0.623239
0.615166
0.60672
0.597906
0.588728
0.579194
0.569307
0.559075
0.548504
0.537599
0.526368
0.514818
0.502955
0.490787
0.478321
0.465564
0.452525
0.439211
0.42563
0.411791
0.397702
0.383372
0.368809
0.354021
0.339019
0.323812
0.308407
0.292816
0.277046
0.261108
0.245012
0.228768
0.212384
0.195871
0.179239
0.162499
0.14566
0.128732
0.111727
0.0946534
0.0775224
0.0603444
0.0431298
0.025889
0.00863242
-0.00862936
-0.0258859
-0.0431267
-0.0603414
-0.0775194
-0.0946503
-0.111724
-0.128729
-0.145657
-0.162496
-0.179236
-0.195868
-0.212381
-0.228764
-0.245009
-0.261105
-0.277043
-0.292813
-0.308404
-0.323809
-0.339016
-0.354018
-0.368806
-0.383369
-0.397699
-0.411788
-0.425627
-0.439208
-0.452522
-0.465561
-0.478318
-0.490784
-0.502952
-0.514815
-0.526366
-0.537596
-0.548501
-0.559072
-0.569304
-0.579191
-0.588726
-0.597903
-0.606717
-0.615164
-0.623236
-0.63093
-0.638242
-0.645165
-0.651697
-0.657834
-0.663571
-0.668905
-0.673833
-0.678352
-0.682459
-0.686152
-0.689429
-0.692286
-0.694724
-0.69674
-0.698332
-0.699501
-0.700245
-0.700564
-0.700458
-0.699926
-0.69897
-0.697589
-0.695785
-0.693558
-0.69091
-0.687843
-0.684358
-0.680458
-0.676144
-0.67142
-0.666289
-0.660753
-0.654816
-0.648481
-0.641753
-0.634635
-0.627131
-0.619247
-0.610987
-0.602357
-0.59336
-0.584003
-0.574292
-0.564232
-0.553829
-0.543091
-0.532022
-0.520631
-0.508923
-0.496907
-0.484588
-0.471976
-0.459077
-0.4459
-0.432451
-0.418741
-0.404775
-0.390565
-0.376117
-0.361441
-0.346545
-0.331439
-0.316132
-0.300632
-0.284951
-0.269096
-0.253078
-0.236906
-0.220591
-0.204141
-0.187568
-0.170881
-0.15409
-0.137205
-0.120237
-0.103196
-0.0860928
-0.068937
-0.0517394
-0.0345104
-0.0172604
0
0
0.0168221
0.0336339
0.0504253
0.0671862
0.0839062
0.100575
0.117183
0.13372
0.150176
0.16654
0.182804
0.198956
0.214988
0.230889
0.24665
0.262261
0.277713
0.292997
0.308102
0.323021
0.337743
0.352261
0.366564
0.380645
0.394495
0.408105
0.421468
0.434575
0.447417
0.459989
0.472281
0.484286
0.495997
0.507408
0.51851
0.529297
0.539763
0.549901
0.559706
0.569171
0.57829
0.587058
0.595469
0.60352
0.611203
0.618516
0.625453
0.632011
0.638185
0.643971
0.649367
0.654368
0.658972
0.663176
0.666977
0.670373
0.673362
0.675943
0.678113
0.679872
0.681218
0.68215
0.682668
0.682772
0.682461
0.681735
0.680596
0.679044
0.67708
0.674704
0.671919
0.668726
0.665127
0.661124
0.65672
0.651917
0.646718
0.641127
0.635146
0.62878
0.622032
0.614907
0.607408
0.599541
0.591309
0.582719
0.573774
0.564482
0.554846
0.544874
0.534571
0.523944
0.512998
0.501741
0.49018
0.478321
0.466171
0.453738
0.44103
0.428055
0.414819
0.401331
0.3876
0.373634
0.359441
0.345029
0.330408
0.315587
0.300573
0.285378
0.270009
0.254476
0.238789
0.222957
0.206989
0.190896
0.174687
0.158372
0.14196
0.125463
0.108889
0.0922492
0.0755533
0.0588117
0.0420343
0.0252314
0.00841319
-0.00841012
-0.0252283
-0.0420312
-0.0588086
-0.0755503
-0.0922461
-0.108886
-0.12546
-0.141957
-0.158368
-0.174684
-0.190893
-0.206986
-0.222954
-0.238786
-0.254473
-0.270006
-0.285375
-0.300571
-0.315584
-0.330405
-0.345026
-0.359438
-0.373631
-0.387597
-0.401329
-0.414816
-0.428052
-0.441028
-0.453736
-0.466168
-0.478318
-0.490177
-0.501739
-0.512996
-0.523941
-0.534569
-0.544872
-0.554844
-0.564479
-0.573772
-0.582716
-0.591306
-0.599538
-0.607406
-0.614904
-0.62203
-0.628778
-0.635144
-0.641124
-0.646716
-0.651914
-0.656717
-0.661122
-0.665124
-0.668724
-0.671917
-0.674702
-0.677077
-0.679042
-0.680594
-0.681733
-0.682458
-0.682769
-0.682666
-0.682148
-0.681215
-0.67987
-0.678111
-0.675941
-0.673361
-0.670371
-0.666975
-0.663174
-0.65897
-0.654366
-0.649365
-0.643969
-0.638183
-0.632009
-0.625452
-0.618515
-0.611202
-0.603518
-0.595468
-0.587056
-0.578288
-0.569169
-0.559704
-0.5499
-0.539762
-0.529296
-0.518508
-0.507406
-0.495996
-0.484285
-0.47228
-0.459988
-0.447416
-0.434574
-0.421467
-0.408104
-0.394494
-0.380644
-0.366563
-0.35226
-0.337742
-0.32302
-0.308102
-0.292996
-0.277713
-0.262261
-0.24665
-0.230889
-0.214987
-0.198956
-0.182803
-0.16654
-0.150176
-0.13372
-0.117183
-0.100575
-0.083906
-0.067186
-0.0504252
-0.0336338
-0.016822
0
0
0.0163734
0.0327369
0.0490805
0.0653943
0.0816684
0.097893
0.114058
0.130154
0.146171
0.162099
0.177929
0.19365
0.209254
0.224731
0.240072
0.255267
0.270307
0.285183
0.299885
0.314406
0.328736
0.342866
0.356788
0.370493
0.383974
0.397221
0.410227
0.422985
0.435485
0.447721
0.459685
0.47137
0.482769
0.493875
0.504681
0.515181
0.525368
0.535236
0.544779
0.553991
0.562867
0.571401
0.579589
0.587424
0.594903
0.602021
0.608773
0.615155
0.621165
0.626797
0.632048
0.636916
0.641397
0.645489
0.649189
0.652495
0.655404
0.657916
0.660028
0.66174
0.66305
0.663957
0.664461
0.664562
0.66426
0.663554
0.662445
0.660934
0.659022
0.65671
0.653999
0.650891
0.647388
0.643492
0.639205
0.634531
0.629471
0.624028
0.618207
0.612011
0.605443
0.598508
0.591209
0.583551
0.575539
0.567178
0.558472
0.549427
0.540049
0.530343
0.520315
0.509971
0.499317
0.48836
0.477107
0.465564
0.453738
0.441637
0.429268
0.416639
0.403756
0.390628
0.377263
0.363669
0.349855
0.335827
0.321596
0.30717
0.292557
0.277767
0.262808
0.247689
0.232421
0.217011
0.201469
0.185805
0.170028
0.154148
0.138174
0.122117
0.105985
0.0897889
0.0735384
0.0572432
0.0409133
0.0245585
0.00818887
-0.00818578
-0.0245555
-0.0409102
-0.0572402
-0.0735353
-0.0897859
-0.105982
-0.122114
-0.138171
-0.154145
-0.170025
-0.185802
-0.201466
-0.217008
-0.232418
-0.247686
-0.262805
-0.277764
-0.292554
-0.307167
-0.321593
-0.335824
-0.349852
-0.363666
-0.37726
-0.390625
-0.403753
-0.416636
-0.429265
-0.441635
-0.453736
-0.465561
-0.477104
-0.488357
-0.499314
-0.509968
-0.520312
-0.53034
-0.540046
-0.549425
-0.558469
-0.567175
-0.575536
-0.583548
-0.591206
-0.598505
-0.60544
-0.612008
-0.618205
-0.624026
-0.629468
-0.634528
-0.639203
-0.64349
-0.647386
-0.650889
-0.653997
-0.656708
-0.65902
-0.660932
-0.662443
-0.663552
-0.664257
-0.66456
-0.664459
-0.663955
-0.663048
-0.661738
-0.660026
-0.657914
-0.655402
-0.652493
-0.649187
-0.645487
-0.641395
-0.636914
-0.632046
-0.626795
-0.621163
-0.615154
-0.608771
-0.602019
-0.594901
-0.587422
-0.579587
-0.5714
-0.562865
-0.55399
-0.544777
-0.535234
-0.525366
-0.51518
-0.50468
-0.493874
-0.482768
-0.471369
-0.459684
-0.44772
-0.435484
-0.422984
-0.410226
-0.39722
-0.383973
-0.370492
-0.356787
-0.342865
-0.328735
-0.314405
-0.299885
-0.285182
-0.270306
-0.255266
-0.240071
-0.224731
-0.209254
-0.19365
-0.177928
-0.162098
-0.14617
-0.130154
-0.114058
-0.0978927
-0.0816682
-0.0653942
-0.0490804
-0.0327368
-0.0163734
0
0
0.0159148
0.03182
0.0477059
0.0635628
0.0793811
0.0951512
0.110864
0.126509
0.142077
0.157559
0.172945
0.188227
0.203394
0.218437
0.233348
0.248118
0.262736
0.277195
0.291486
0.3056
0.319529
0.333263
0.346795
0.360117
0.37322
0.386096
0.398738
0.411138
0.423288
0.435181
0.446811
0.458168
0.469248
0.480043
0.490546
0.500752
0.510654
0.520245
0.529521
0.538475
0.547103
0.555398
0.563356
0.570972
0.578241
0.58516
0.591723
0.597926
0.603767
0.609242
0.614346
0.619078
0.623433
0.62741
0.631007
0.63422
0.637048
0.639489
0.641543
0.643206
0.644479
0.645361
0.645852
0.64595
0.645655
0.644969
0.643892
0.642423
0.640565
0.638317
0.635682
0.632661
0.629257
0.62547
0.621303
0.616759
0.611841
0.606551
0.600893
0.59487
0.588486
0.581745
0.574651
0.567207
0.55942
0.551293
0.542831
0.534039
0.524924
0.515489
0.505742
0.495688
0.485332
0.474682
0.463744
0.452525
0.44103
0.429268
0.417246
0.40497
0.392448
0.379688
0.366697
0.353484
0.340056
0.326422
0.312589
0.298567
0.284364
0.269987
0.255447
0.240752
0.225911
0.210933
0.195826
0.180601
0.165266
0.149831
0.134304
0.118697
0.103017
0.0872742
0.0714788
0.05564
0.0397675
0.0238708
0.00795957
-0.00795647
-0.0238677
-0.0397644
-0.0556369
-0.0714757
-0.0872711
-0.103014
-0.118693
-0.134301
-0.149828
-0.165263
-0.180598
-0.195823
-0.21093
-0.225908
-0.240749
-0.255444
-0.269984
-0.284361
-0.298564
-0.312586
-0.326419
-0.340053
-0.353481
-0.366694
-0.379685
-0.392445
-0.404967
-0.417243
-0.429265
-0.441028
-0.452522
-0.463741
-0.47468
-0.485329
-0.495685
-0.505739
-0.515486
-0.524921
-0.534036
-0.542828
-0.55129
-0.559417
-0.567205
-0.574648
-0.581742
-0.588484
-0.594868
-0.60089
-0.606548
-0.611838
-0.616756
-0.6213
-0.625467
-0.629254
-0.632659
-0.63568
-0.638315
-0.640562
-0.642421
-0.64389
-0.644967
-0.645653
-0.645947
-0.645849
-0.645359
-0.644477
-0.643204
-0.64154
-0.639487
-0.637046
-0.634218
-0.631005
-0.627408
-0.623431
-0.619076
-0.614344
-0.60924
-0.603766
-0.597925
-0.591721
-0.585158
-0.57824
-0.57097
-0.563354
-0.555396
-0.547101
-0.538474
-0.529519
-0.520244
-0.510652
-0.500751
-0.490545
-0.480042
-0.469247
-0.458167
-0.446809
-0.43518
-0.423287
-0.411137
-0.398737
-0.386095
-0.373219
-0.360116
-0.346794
-0.333262
-0.319528
-0.305599
-0.291486
-0.277195
-0.262736
-0.248117
-0.233348
-0.218437
-0.203393
-0.188226
-0.172945
-0.157558
-0.142077
-0.126508
-0.110863
-0.095151
-0.0793809
-0.0635626
-0.0477058
-0.0318199
-0.0159148
0
0
0.0154466
0.0308838
0.0463023
0.0616927
0.0770456
0.0923517
0.107602
0.122787
0.137897
0.152923
0.167857
0.182689
0.197409
0.21201
0.226483
0.240818
0.255006
0.26904
0.28291
0.296609
0.310128
0.323458
0.336592
0.349522
0.362239
0.374736
0.387006
0.399042
0.410834
0.422378
0.433665
0.444688
0.455442
0.465919
0.476114
0.486019
0.495629
0.504939
0.513942
0.522632
0.531006
0.539057
0.546781
0.554173
0.561228
0.567943
0.574313
0.580335
0.586004
0.591317
0.596271
0.600863
0.605091
0.608951
0.612441
0.61556
0.618305
0.620675
0.622667
0.624282
0.625518
0.626374
0.62685
0.626945
0.626659
0.625993
0.624947
0.623522
0.621718
0.619537
0.61698
0.614048
0.610743
0.607067
0.603023
0.598613
0.593839
0.588705
0.583214
0.577368
0.571172
0.564629
0.557743
0.550519
0.542961
0.535073
0.52686
0.518327
0.509479
0.500323
0.490862
0.481104
0.471053
0.460717
0.4501
0.439211
0.428055
0.416639
0.40497
0.393055
0.380901
0.368517
0.355908
0.343084
0.330051
0.316818
0.303392
0.289783
0.275997
0.262044
0.247932
0.233669
0.219265
0.204727
0.190065
0.175287
0.160404
0.145422
0.130353
0.115204
0.0999858
0.0847065
0.0693759
0.0540031
0.0385975
0.0231685
0.00772543
-0.00772232
-0.0231654
-0.0385944
-0.054
-0.0693728
-0.0847034
-0.0999827
-0.115201
-0.13035
-0.145419
-0.1604
-0.175284
-0.190062
-0.204724
-0.219261
-0.233666
-0.247929
-0.262041
-0.275994
-0.28978
-0.303389
-0.316815
-0.330048
-0.343081
-0.355905
-0.368514
-0.380898
-0.393052
-0.404967
-0.416636
-0.428052
-0.439208
-0.450097
-0.460714
-0.47105
-0.481101
-0.490859
-0.50032
-0.509477
-0.518324
-0.526857
-0.53507
-0.542958
-0.550517
-0.557741
-0.564626
-0.571169
-0.577366
-0.583211
-0.588703
-0.593837
-0.59861
-0.603021
-0.607065
-0.61074
-0.614045
-0.616977
-0.619535
-0.621716
-0.62352
-0.624945
-0.625991
-0.626657
-0.626943
-0.626847
-0.626372
-0.625516
-0.62428
-0.622665
-0.620673
-0.618303
-0.615558
-0.612439
-0.608949
-0.605089
-0.600861
-0.596269
-0.591315
-0.586002
-0.580333
-0.574311
-0.567942
-0.561227
-0.554171
-0.546779
-0.539055
-0.531004
-0.522631
-0.51394
-0.504937
-0.495628
-0.486018
-0.476112
-0.465918
-0.455441
-0.444687
-0.433664
-0.422377
-0.410833
-0.399041
-0.387005
-0.374736
-0.362238
-0.349521
-0.336591
-0.323457
-0.310127
-0.296608
-0.28291
-0.269039
-0.255005
-0.240817
-0.226482
-0.21201
-0.197409
-0.182688
-0.167856
-0.152923
-0.137896
-0.122786
-0.107602
-0.0923515
-0.0770454
-0.0616925
-0.0463022
-0.0308838
-0.0154466
0
0
0.014969
0.0299289
0.0448706
0.0597851
0.0746633
0.0894962
0.104275
0.11899
0.133633
0.148195
0.162667
0.17704
0.191305
0.205455
0.21948
0.233371
0.247121
0.260721
0.274163
0.287438
0.300538
0.313456
0.326184
0.338714
0.351038
0.363149
0.37504
0.386703
0.398131
0.409318
0.420256
0.430938
0.44136
0.451513
0.461392
0.470991
0.480304
0.489326
0.49805
0.506472
0.514587
0.522389
0.529874
0.537038
0.543875
0.550382
0.556555
0.56239
0.567884
0.573033
0.577834
0.582284
0.586381
0.590122
0.593504
0.596527
0.599187
0.601483
0.603414
0.604979
0.606176
0.607006
0.607467
0.607559
0.607283
0.606637
0.605624
0.604243
0.602494
0.600381
0.597902
0.595061
0.591858
0.588296
0.584377
0.580104
0.575478
0.570502
0.56518
0.559516
0.553511
0.547171
0.540498
0.533497
0.526172
0.518528
0.510569
0.5023
0.493726
0.484852
0.475684
0.466228
0.456488
0.446471
0.436183
0.42563
0.414819
0.403756
0.392448
0.380901
0.369124
0.357122
0.344903
0.332476
0.319846
0.307022
0.294011
0.280823
0.267463
0.253942
0.240266
0.226444
0.212485
0.198397
0.184188
0.169867
0.155444
0.140926
0.126322
0.111642
0.0968942
0.0820874
0.0672308
0.0523333
0.0374041
0.0224522
0.00748661
-0.00748349
-0.022449
-0.037401
-0.0523302
-0.0672277
-0.0820843
-0.0968911
-0.111639
-0.126319
-0.140923
-0.155441
-0.169864
-0.184185
-0.198393
-0.212482
-0.226441
-0.240263
-0.253939
-0.26746
-0.28082
-0.294008
-0.307019
-0.319843
-0.332473
-0.3449
-0.357119
-0.369121
-0.380898
-0.392445
-0.403753
-0.414816
-0.425627
-0.43618
-0.446468
-0.456485
-0.466225
-0.475682
-0.48485
-0.493723
-0.502297
-0.510566
-0.518525
-0.526169
-0.533494
-0.540495
-0.547168
-0.553508
-0.559513
-0.565178
-0.5705
-0.575475
-0.580101
-0.584375
-0.588294
-0.591856
-0.595058
-0.5979
-0.600378
-0.602492
-0.60424
-0.605621
-0.606635
-0.60728
-0.607557
-0.607465
-0.607004
-0.606174
-0.604977
-0.603412
-0.601481
-0.599185
-0.596525
-0.593502
-0.59012
-0.586379
-0.582282
-0.577832
-0.573031
-0.567882
-0.562389
-0.556553
-0.55038
-0.543873
-0.537036
-0.529873
-0.522388
-0.514585
-0.506471
-0.498049
-0.489324
-0.480303
-0.47099
-0.461391
-0.451512
-0.441358
-0.430937
-0.420254
-0.409316
-0.39813
-0.386702
-0.375039
-0.363148
-0.351037
-0.338713
-0.326183
-0.313456
-0.300537
-0.287437
-0.274162
-0.26072
-0.247121
-0.233371
-0.219479
-0.205454
-0.191305
-0.177039
-0.162666
-0.148194
-0.133633
-0.11899
-0.104274
-0.0894959
-0.0746631
-0.0597849
-0.0448705
-0.0299288
-0.0149689
0
0
0.0144823
0.0289558
0.0434117
0.0578412
0.0722357
0.0865863
0.100884
0.115121
0.129288
0.143376
0.157378
0.171283
0.185085
0.198775
0.212344
0.225783
0.239086
0.252244
0.265248
0.278092
0.290767
0.303265
0.315579
0.327701
0.339625
0.351342
0.362846
0.37413
0.385186
0.396009
0.406591
0.416927
0.427009
0.436832
0.44639
0.455677
0.464687
0.473416
0.481856
0.490005
0.497855
0.505404
0.512646
0.519576
0.526191
0.532487
0.538459
0.544105
0.54942
0.554401
0.559046
0.563352
0.567315
0.570935
0.574207
0.577131
0.579705
0.581926
0.583795
0.585309
0.586467
0.58727
0.587716
0.587805
0.587537
0.586913
0.585932
0.584596
0.582905
0.58086
0.578462
0.575713
0.572615
0.569168
0.565377
0.561242
0.556766
0.551953
0.546804
0.541323
0.535514
0.52938
0.522924
0.516151
0.509064
0.501668
0.493968
0.485968
0.477673
0.469088
0.460218
0.451069
0.441646
0.431954
0.422001
0.411791
0.401331
0.390628
0.379688
0.368517
0.357122
0.34551
0.333689
0.321665
0.309446
0.297039
0.284452
0.271692
0.258767
0.245685
0.232454
0.219081
0.205576
0.191946
0.178199
0.164344
0.15039
0.136344
0.122215
0.108012
0.0937438
0.0794185
0.0650449
0.0506318
0.036188
0.0217222
0.00724325
-0.00724011
-0.0217191
-0.0361849
-0.0506287
-0.0650417
-0.0794153
-0.0937407
-0.108009
-0.122212
-0.136341
-0.150387
-0.164341
-0.178196
-0.191943
-0.205573
-0.219078
-0.232451
-0.245682
-0.258764
-0.271689
-0.284449
-0.297036
-0.309443
-0.321662
-0.333686
-0.345507
-0.357119
-0.368514
-0.379685
-0.390625
-0.401329
-0.411788
-0.421998
-0.431951
-0.441643
-0.451066
-0.460215
-0.469085
-0.47767
-0.485965
-0.493965
-0.501666
-0.509061
-0.516148
-0.522921
-0.529377
-0.535511
-0.541321
-0.546801
-0.55195
-0.556764
-0.561239
-0.565374
-0.569166
-0.572612
-0.575711
-0.578459
-0.580857
-0.582902
-0.584594
-0.58593
-0.586911
-0.587535
-0.587803
-0.587714
-0.587268
-0.586465
-0.585306
-0.583793
-0.581924
-0.579703
-0.577129
-0.574205
-0.570933
-0.567313
-0.56335
-0.559044
-0.554399
-0.549418
-0.544103
-0.538457
-0.532485
-0.52619
-0.519575
-0.512644
-0.505402
-0.497854
-0.490003
-0.481855
-0.473414
-0.464686
-0.455676
-0.446389
-0.436831
-0.427008
-0.416926
-0.40659
-0.396008
-0.385185
-0.374129
-0.362845
-0.351341
-0.339624
-0.3277
-0.315578
-0.303264
-0.290766
-0.278091
-0.265248
-0.252243
-0.239086
-0.225783
-0.212343
-0.198774
-0.185085
-0.171283
-0.157377
-0.143376
-0.129288
-0.115121
-0.100884
-0.086586
-0.0722355
-0.0578411
-0.0434116
-0.0289557
-0.0144822
0
0
0.0139868
0.0279651
0.0419264
0.0558623
0.0697642
0.0836238
0.0974326
0.111182
0.124864
0.138471
0.151993
0.165423
0.178753
0.191974
0.205078
0.218058
0.230906
0.243614
0.256173
0.268577
0.280818
0.292889
0.304781
0.316489
0.328005
0.339321
0.350431
0.361329
0.372007
0.38246
0.39268
0.402662
0.412399
0.421887
0.431117
0.440087
0.448789
0.457218
0.46537
0.47324
0.480822
0.488112
0.495106
0.501799
0.508188
0.514268
0.520036
0.525489
0.530622
0.535433
0.539919
0.544077
0.547905
0.551401
0.554561
0.557385
0.559871
0.562016
0.563821
0.565283
0.566402
0.567177
0.567608
0.567694
0.567435
0.566832
0.565885
0.564595
0.562961
0.560986
0.55867
0.556016
0.553023
0.549695
0.546033
0.54204
0.537717
0.533068
0.528096
0.522803
0.517192
0.511268
0.505033
0.498491
0.491647
0.484504
0.477068
0.469341
0.46133
0.453039
0.444472
0.435636
0.426535
0.417175
0.407563
0.397702
0.3876
0.377263
0.366697
0.355908
0.344903
0.333689
0.322272
0.31066
0.298859
0.286876
0.27472
0.262396
0.249914
0.237279
0.224501
0.211586
0.198542
0.185379
0.172102
0.158722
0.145244
0.131679
0.118034
0.104317
0.0905365
0.0767013
0.0628195
0.0488995
0.0349499
0.0209791
0.00699549
-0.00699234
-0.0209759
-0.0349468
-0.0488964
-0.0628163
-0.0766981
-0.0905334
-0.104314
-0.118031
-0.131676
-0.145241
-0.158718
-0.172099
-0.185376
-0.198539
-0.211583
-0.224497
-0.237276
-0.24991
-0.262393
-0.274717
-0.286873
-0.298856
-0.310657
-0.322269
-0.333686
-0.3449
-0.355905
-0.366694
-0.37726
-0.387597
-0.397699
-0.40756
-0.417173
-0.426532
-0.435633
-0.444469
-0.453036
-0.461327
-0.469338
-0.477065
-0.484502
-0.491644
-0.498488
-0.50503
-0.511265
-0.517189
-0.5228
-0.528093
-0.533066
-0.537715
-0.542037
-0.54603
-0.549692
-0.553021
-0.556013
-0.558668
-0.560984
-0.562959
-0.564592
-0.565883
-0.56683
-0.567433
-0.567692
-0.567605
-0.567175
-0.5664
-0.565281
-0.563819
-0.562014
-0.559869
-0.557383
-0.554559
-0.551399
-0.547903
-0.544075
-0.539917
-0.535431
-0.53062
-0.525487
-0.520035
-0.514267
-0.508186
-0.501798
-0.495104
-0.488111
-0.48082
-0.473238
-0.465369
-0.457217
-0.448787
-0.440085
-0.431116
-0.421885
-0.412398
-0.402661
-0.392679
-0.382459
-0.372006
-0.361328
-0.35043
-0.33932
-0.328004
-0.316488
-0.304781
-0.292888
-0.280817
-0.268576
-0.256172
-0.243613
-0.230905
-0.218058
-0.205078
-0.191973
-0.178752
-0.165423
-0.151993
-0.13847
-0.124864
-0.111182
-0.0974324
-0.0836236
-0.069764
-0.0558621
-0.0419263
-0.027965
-0.0139867
0
0
0.0134828
0.0269574
0.0404156
0.0538494
0.0672504
0.0806106
0.0939218
0.107176
0.120365
0.133481
0.146516
0.159462
0.172312
0.185056
0.197689
0.210201
0.222586
0.234835
0.246942
0.2589
0.270699
0.282335
0.293799
0.305085
0.316186
0.327094
0.337804
0.348309
0.358603
0.368679
0.378531
0.388153
0.397539
0.406685
0.415583
0.424229
0.432617
0.440743
0.448601
0.456187
0.463496
0.470524
0.477266
0.483718
0.489876
0.495738
0.501298
0.506554
0.511502
0.51614
0.520464
0.524472
0.528162
0.531532
0.534579
0.537301
0.539697
0.541765
0.543504
0.544914
0.545992
0.54674
0.547155
0.547238
0.546989
0.546408
0.545495
0.544251
0.542676
0.540772
0.53854
0.535981
0.533096
0.529888
0.526358
0.522508
0.518341
0.51386
0.509067
0.503964
0.498556
0.492845
0.486835
0.480529
0.473931
0.467046
0.459877
0.452429
0.444707
0.436714
0.428456
0.419939
0.411166
0.402143
0.392877
0.383372
0.373634
0.363669
0.353484
0.343084
0.332476
0.321665
0.31066
0.299466
0.28809
0.276539
0.264821
0.252941
0.240908
0.228729
0.216411
0.203962
0.191388
0.178699
0.165901
0.153002
0.140011
0.126934
0.113781
0.100558
0.0872743
0.0739376
0.060556
0.0471376
0.0336906
0.0202232
0.00674348
-0.00674032
-0.02022
-0.0336875
-0.0471344
-0.0605528
-0.0739344
-0.0872711
-0.100555
-0.113778
-0.126931
-0.140008
-0.152999
-0.165898
-0.178696
-0.191385
-0.203959
-0.216408
-0.228726
-0.240905
-0.252938
-0.264818
-0.276536
-0.288087
-0.299463
-0.310657
-0.321662
-0.332473
-0.343081
-0.353481
-0.363666
-0.373631
-0.383369
-0.392874
-0.40214
-0.411163
-0.419936
-0.428454
-0.436711
-0.444704
-0.452427
-0.459875
-0.467043
-0.473929
-0.480526
-0.486832
-0.492842
-0.498553
-0.503962
-0.509064
-0.513857
-0.518339
-0.522506
-0.526355
-0.529885
-0.533093
-0.535978
-0.538537
-0.54077
-0.542674
-0.544248
-0.545492
-0.546405
-0.546987
-0.547236
-0.547153
-0.546737
-0.54599
-0.544912
-0.543502
-0.541763
-0.539695
-0.537299
-0.534577
-0.53153
-0.528161
-0.524471
-0.520462
-0.516138
-0.5115
-0.506552
-0.501296
-0.495736
-0.489875
-0.483716
-0.477264
-0.470522
-0.463495
-0.456186
-0.4486
-0.440742
-0.432616
-0.424228
-0.415582
-0.406683
-0.397538
-0.388152
-0.378529
-0.368678
-0.358602
-0.348308
-0.337803
-0.327093
-0.316185
-0.305084
-0.293798
-0.282334
-0.270699
-0.258899
-0.246942
-0.234835
-0.222585
-0.2102
-0.197688
-0.185056
-0.172311
-0.159462
-0.146516
-0.133481
-0.120365
-0.107176
-0.0939215
-0.0806103
-0.0672502
-0.0538492
-0.0404155
-0.0269573
-0.0134828
0
0
0.0129706
0.0259334
0.0388804
0.0518038
0.0646957
0.0775484
0.090354
0.103105
0.115793
0.128411
0.140951
0.153405
0.165766
0.178027
0.190179
0.202216
0.21413
0.225915
0.237562
0.249065
0.260416
0.27161
0.282639
0.293496
0.304175
0.314669
0.324972
0.335078
0.344981
0.354674
0.364151
0.373408
0.382438
0.391236
0.399796
0.408114
0.416183
0.424001
0.43156
0.438858
0.445889
0.45265
0.459136
0.465343
0.471267
0.476906
0.482255
0.487311
0.492071
0.496533
0.500693
0.504549
0.508099
0.51134
0.514271
0.51689
0.519195
0.521185
0.522858
0.524214
0.525252
0.525971
0.52637
0.52645
0.52621
0.525651
0.524773
0.523576
0.522061
0.52023
0.518082
0.51562
0.512845
0.509759
0.506363
0.50266
0.498651
0.49434
0.489729
0.48482
0.479617
0.474123
0.468341
0.462275
0.455928
0.449304
0.442408
0.435243
0.427814
0.420125
0.412181
0.403986
0.395547
0.386867
0.377953
0.368809
0.359441
0.349855
0.340056
0.330051
0.319846
0.309446
0.298859
0.28809
0.277146
0.266034
0.254761
0.243333
0.231757
0.22004
0.20819
0.196214
0.184118
0.171911
0.159599
0.14719
0.134692
0.122112
0.109459
0.0967381
0.083959
0.0711289
0.0582557
0.045347
0.0324109
0.019455
0.00648738
-0.00648421
-0.0194519
-0.0324077
-0.0453439
-0.0582525
-0.0711258
-0.0839559
-0.096735
-0.109455
-0.122109
-0.134689
-0.147187
-0.159596
-0.171908
-0.184115
-0.196211
-0.208187
-0.220037
-0.231754
-0.24333
-0.254758
-0.266031
-0.277143
-0.288087
-0.298856
-0.309443
-0.319843
-0.330048
-0.340053
-0.349852
-0.359438
-0.368806
-0.37795
-0.386864
-0.395544
-0.403983
-0.412178
-0.420122
-0.427811
-0.43524
-0.442405
-0.449302
-0.455925
-0.462272
-0.468339
-0.47412
-0.479615
-0.484817
-0.489726
-0.494337
-0.498649
-0.502657
-0.50636
-0.509756
-0.512843
-0.515618
-0.51808
-0.520227
-0.522059
-0.523574
-0.524771
-0.525649
-0.526208
-0.526448
-0.526368
-0.525968
-0.52525
-0.524212
-0.522856
-0.521183
-0.519193
-0.516888
-0.514269
-0.511338
-0.508097
-0.504547
-0.500691
-0.496531
-0.492069
-0.487309
-0.482253
-0.476904
-0.471266
-0.465341
-0.459134
-0.452648
-0.445888
-0.438857
-0.431559
-0.423999
-0.416182
-0.408112
-0.399795
-0.391234
-0.382437
-0.373407
-0.36415
-0.354672
-0.344979
-0.335077
-0.324971
-0.314668
-0.304174
-0.293495
-0.282638
-0.271609
-0.260416
-0.249064
-0.237561
-0.225914
-0.21413
-0.202216
-0.190179
-0.178026
-0.165766
-0.153404
-0.14095
-0.12841
-0.115793
-0.103104
-0.0903537
-0.0775482
-0.0646955
-0.0518036
-0.0388803
-0.0259333
-0.0129706
0
0
0.0124506
0.0248936
0.0373215
0.0497267
0.0621018
0.0744391
0.0867313
0.0989708
0.11115
0.123262
0.135299
0.147254
0.15912
0.170889
0.182554
0.194108
0.205545
0.216857
0.228037
0.239079
0.249975
0.26072
0.271306
0.281728
0.291979
0.302052
0.311943
0.321643
0.331149
0.340453
0.349551
0.358436
0.367104
0.375549
0.383767
0.391751
0.399497
0.407001
0.414257
0.421262
0.428012
0.434501
0.440727
0.446685
0.452372
0.457785
0.462919
0.467773
0.472342
0.476625
0.480618
0.48432
0.487727
0.490839
0.493652
0.496166
0.498378
0.500288
0.501895
0.503196
0.504192
0.504882
0.505266
0.505342
0.505112
0.504575
0.503732
0.502584
0.50113
0.499371
0.49731
0.494947
0.492283
0.48932
0.486061
0.482506
0.478658
0.47452
0.470093
0.465382
0.460387
0.455114
0.449563
0.44374
0.437648
0.43129
0.42467
0.417792
0.410661
0.40328
0.395654
0.387789
0.379688
0.371356
0.362799
0.354021
0.345029
0.335827
0.326422
0.316818
0.307022
0.297039
0.286876
0.276539
0.266034
0.255368
0.244547
0.233577
0.222465
0.211218
0.199843
0.188347
0.176736
0.165018
0.1532
0.141289
0.129292
0.117216
0.10507
0.0928595
0.0805928
0.0682771
0.05592
0.0435289
0.0311114
0.0186751
0.00622734
-0.00622416
-0.0186719
-0.0311083
-0.0435258
-0.0559168
-0.0682739
-0.0805896
-0.0928564
-0.105067
-0.117213
-0.129289
-0.141286
-0.153197
-0.165015
-0.176733
-0.188344
-0.19984
-0.211215
-0.222462
-0.233574
-0.244543
-0.255365
-0.266031
-0.276536
-0.286873
-0.297036
-0.307019
-0.316815
-0.326419
-0.335824
-0.345026
-0.354018
-0.362796
-0.371353
-0.379685
-0.387786
-0.395652
-0.403277
-0.410658
-0.417789
-0.424667
-0.431287
-0.437645
-0.443738
-0.449561
-0.455111
-0.460385
-0.465379
-0.470091
-0.474517
-0.478655
-0.482503
-0.486058
-0.489318
-0.49228
-0.494944
-0.497308
-0.499369
-0.501127
-0.502581
-0.50373
-0.504573
-0.50511
-0.50534
-0.505263
-0.50488
-0.50419
-0.503194
-0.501892
-0.500286
-0.498376
-0.496164
-0.49365
-0.490837
-0.487725
-0.484318
-0.480616
-0.476623
-0.47234
-0.467771
-0.462917
-0.457783
-0.452371
-0.446684
-0.440725
-0.4345
-0.42801
-0.421261
-0.414256
-0.406999
-0.399495
-0.391749
-0.383765
-0.375548
-0.367103
-0.358435
-0.34955
-0.340452
-0.331148
-0.321642
-0.311941
-0.302051
-0.291978
-0.281727
-0.271305
-0.260719
-0.249974
-0.239078
-0.228036
-0.216856
-0.205544
-0.194108
-0.182553
-0.170888
-0.159119
-0.147254
-0.135299
-0.123262
-0.11115
-0.0989705
-0.086731
-0.0744389
-0.0621016
-0.0497266
-0.0373214
-0.0248935
-0.0124505
0
0
0.011923
0.0238387
0.0357399
0.0476195
0.0594702
0.0712847
0.083056
0.0947768
0.10644
0.118039
0.129566
0.141014
0.152377
0.163647
0.174818
0.185883
0.196835
0.207667
0.218374
0.228947
0.239382
0.249672
0.259809
0.26979
0.279606
0.289253
0.298724
0.308013
0.317116
0.326026
0.334738
0.343247
0.351548
0.359635
0.367504
0.37515
0.382568
0.389753
0.396703
0.403411
0.409874
0.416089
0.422051
0.427756
0.433203
0.438386
0.443302
0.44795
0.452326
0.456427
0.460251
0.463796
0.467059
0.470039
0.472733
0.47514
0.477259
0.479088
0.480626
0.481873
0.482826
0.483487
0.483854
0.483928
0.483708
0.483194
0.482386
0.481286
0.479894
0.47821
0.476236
0.473973
0.471422
0.468585
0.465463
0.462059
0.458374
0.454411
0.450173
0.445661
0.440878
0.435828
0.430513
0.424936
0.419102
0.413013
0.406674
0.400088
0.393259
0.386191
0.378888
0.371356
0.363598
0.355619
0.347425
0.339019
0.330408
0.321596
0.312589
0.303392
0.294011
0.284452
0.27472
0.264821
0.254761
0.244547
0.234184
0.223679
0.213038
0.202268
0.191375
0.180365
0.169247
0.158025
0.146708
0.135302
0.123813
0.112249
0.100618
0.0889246
0.0771777
0.0653839
0.0535504
0.0416844
0.0297931
0.0178838
0.00596352
-0.00596033
-0.0178806
-0.0297899
-0.0416812
-0.0535472
-0.0653807
-0.0771745
-0.0889214
-0.100614
-0.112246
-0.12381
-0.135298
-0.146705
-0.158022
-0.169244
-0.180362
-0.191371
-0.202264
-0.213035
-0.223676
-0.234181
-0.244543
-0.254758
-0.264818
-0.274717
-0.284449
-0.294008
-0.303389
-0.312586
-0.321593
-0.330405
-0.339016
-0.347422
-0.355616
-0.363595
-0.371353
-0.378885
-0.386188
-0.393256
-0.400085
-0.406671
-0.413011
-0.419099
-0.424934
-0.43051
-0.435825
-0.440875
-0.445658
-0.45017
-0.454409
-0.458372
-0.462057
-0.465461
-0.468582
-0.471419
-0.47397
-0.476233
-0.478208
-0.479891
-0.481284
-0.482384
-0.483191
-0.483705
-0.483926
-0.483852
-0.483485
-0.482824
-0.48187
-0.480624
-0.479086
-0.477257
-0.475138
-0.472731
-0.470037
-0.467057
-0.463794
-0.460249
-0.456425
-0.452324
-0.447948
-0.443301
-0.438384
-0.433201
-0.427755
-0.422049
-0.416087
-0.409873
-0.403409
-0.396701
-0.389752
-0.382566
-0.375148
-0.367503
-0.359634
-0.351547
-0.343246
-0.334737
-0.326025
-0.317115
-0.308012
-0.298723
-0.289252
-0.279605
-0.269789
-0.259809
-0.249671
-0.239381
-0.228947
-0.218373
-0.207667
-0.196834
-0.185882
-0.174818
-0.163647
-0.152376
-0.141014
-0.129565
-0.118038
-0.10644
-0.0947765
-0.0830557
-0.0712845
-0.05947
-0.0476193
-0.0357398
-0.0238386
-0.0119229
0
0
0.0113881
0.0227693
0.0341367
0.0454834
0.0568024
0.068087
0.0793302
0.0905253
0.101665
0.112744
0.123754
0.134689
0.145542
0.156306
0.166976
0.177544
0.188005
0.198352
0.208578
0.218677
0.228644
0.238472
0.248155
0.257687
0.267063
0.276277
0.285323
0.294196
0.302891
0.311401
0.319722
0.32785
0.335778
0.343502
0.351018
0.358321
0.365406
0.37227
0.378907
0.385315
0.391488
0.397424
0.403118
0.408568
0.41377
0.41872
0.423417
0.427856
0.432035
0.435953
0.439605
0.442991
0.446108
0.448954
0.451527
0.453826
0.45585
0.457597
0.459066
0.460257
0.461168
0.461799
0.462149
0.46222
0.462009
0.461518
0.460747
0.459696
0.458366
0.456758
0.454873
0.452711
0.450275
0.447565
0.444583
0.441332
0.437813
0.434027
0.429979
0.425669
0.421101
0.416277
0.411201
0.405874
0.400302
0.394486
0.388431
0.38214
0.375618
0.368867
0.361892
0.354697
0.347288
0.339667
0.33184
0.323812
0.315587
0.30717
0.298567
0.289783
0.280823
0.271692
0.262396
0.252941
0.243333
0.233577
0.223679
0.213645
0.203481
0.193194
0.18279
0.172275
0.161655
0.150937
0.140127
0.129232
0.118259
0.107214
0.096104
0.0849356
0.0737157
0.0624509
0.0511483
0.0398146
0.0284567
0.0170816
0.00569609
-0.00569288
-0.0170784
-0.0284535
-0.0398114
-0.0511451
-0.0624477
-0.0737125
-0.0849324
-0.0961009
-0.107211
-0.118256
-0.129229
-0.140124
-0.150934
-0.161652
-0.172271
-0.182787
-0.193191
-0.203478
-0.213642
-0.223676
-0.233574
-0.24333
-0.252938
-0.262393
-0.271689
-0.28082
-0.28978
-0.298564
-0.307167
-0.315584
-0.323809
-0.331837
-0.339664
-0.347285
-0.354695
-0.361889
-0.368864
-0.375615
-0.382138
-0.388429
-0.394484
-0.400299
-0.405872
-0.411198
-0.416274
-0.421098
-0.425666
-0.429976
-0.434025
-0.43781
-0.441329
-0.444581
-0.447562
-0.450272
-0.452709
-0.45487
-0.456756
-0.458364
-0.459694
-0.460745
-0.461516
-0.462007
-0.462217
-0.462147
-0.461797
-0.461165
-0.460254
-0.459064
-0.457595
-0.455848
-0.453824
-0.451525
-0.448952
-0.446106
-0.442989
-0.439603
-0.435951
-0.432034
-0.427854
-0.423415
-0.418719
-0.413768
-0.408566
-0.403117
-0.397422
-0.391486
-0.385313
-0.378906
-0.372268
-0.365405
-0.35832
-0.351017
-0.343501
-0.335777
-0.327849
-0.319721
-0.3114
-0.30289
-0.294195
-0.285322
-0.276276
-0.267062
-0.257686
-0.248154
-0.238471
-0.228643
-0.218676
-0.208577
-0.198351
-0.188004
-0.177544
-0.166975
-0.156306
-0.145541
-0.134688
-0.123753
-0.112743
-0.101665
-0.090525
-0.0793299
-0.0680867
-0.0568022
-0.0454832
-0.0341366
-0.0227692
-0.0113881
0
0
0.0108464
0.0216861
0.0325127
0.0433196
0.0541002
0.0648479
0.0755563
0.0862188
0.0968289
0.10738
0.117866
0.128281
0.138618
0.14887
0.159033
0.169098
0.179061
0.188916
0.198655
0.208274
0.217767
0.227127
0.23635
0.245429
0.254358
0.263134
0.27175
0.280201
0.288481
0.296587
0.304513
0.312253
0.319804
0.327161
0.33432
0.341275
0.348023
0.35456
0.360882
0.366984
0.372864
0.378517
0.383941
0.389131
0.394086
0.398801
0.403274
0.407502
0.411482
0.415213
0.418692
0.421917
0.424885
0.427596
0.430047
0.432237
0.434164
0.435828
0.437227
0.438361
0.439229
0.43983
0.440164
0.440231
0.44003
0.439563
0.438828
0.437828
0.436561
0.435029
0.433233
0.431175
0.428854
0.426273
0.423433
0.420337
0.416985
0.41338
0.409524
0.405419
0.401068
0.396474
0.391639
0.386566
0.381259
0.37572
0.369953
0.363961
0.357749
0.351319
0.344676
0.337824
0.330766
0.323508
0.316054
0.308407
0.300573
0.292557
0.284364
0.275997
0.267463
0.258767
0.249914
0.240908
0.231757
0.222465
0.213038
0.203481
0.193801
0.184004
0.174094
0.164079
0.153964
0.143756
0.133461
0.123084
0.112633
0.102114
0.0915322
0.0808951
0.0702089
0.0594801
0.0487151
0.0379206
0.0271031
0.0162691
0.00542519
-0.00542198
-0.0162658
-0.0270998
-0.0379174
-0.0487119
-0.0594769
-0.0702057
-0.0808919
-0.091529
-0.102111
-0.11263
-0.123081
-0.133458
-0.143753
-0.153961
-0.164076
-0.174091
-0.184
-0.193798
-0.203478
-0.213035
-0.222462
-0.231754
-0.240905
-0.24991
-0.258764
-0.26746
-0.275994
-0.284361
-0.292554
-0.300571
-0.308404
-0.316051
-0.323505
-0.330763
-0.337821
-0.344673
-0.351316
-0.357746
-0.363958
-0.36995
-0.375717
-0.381256
-0.386563
-0.391636
-0.396471
-0.401065
-0.405416
-0.409521
-0.413377
-0.416982
-0.420334
-0.423431
-0.426271
-0.428852
-0.431172
-0.433231
-0.435027
-0.436558
-0.437825
-0.438826
-0.43956
-0.440028
-0.440229
-0.440162
-0.439828
-0.439227
-0.438359
-0.437225
-0.435826
-0.434162
-0.432235
-0.430045
-0.427594
-0.424883
-0.421915
-0.41869
-0.415212
-0.411481
-0.4075
-0.403272
-0.398799
-0.394084
-0.38913
-0.383939
-0.378516
-0.372862
-0.366983
-0.36088
-0.354559
-0.348022
-0.341274
-0.334318
-0.32716
-0.319803
-0.312252
-0.304511
-0.296586
-0.28848
-0.2802
-0.271749
-0.263133
-0.254358
-0.245428
-0.236349
-0.227126
-0.217766
-0.208273
-0.198654
-0.188915
-0.179061
-0.169098
-0.159032
-0.14887
-0.138617
-0.128281
-0.117866
-0.10738
-0.0968286
-0.0862185
-0.075556
-0.0648477
-0.0541
-0.0433195
-0.0325126
-0.0216861
-0.0108463
0
0
0.010298
0.0205898
0.030869
0.0411296
0.0513651
0.0615695
0.0717365
0.0818599
0.0919337
0.101952
0.111908
0.121796
0.13161
0.141344
0.150993
0.160549
0.170009
0.179365
0.188612
0.197745
0.206757
0.215645
0.224401
0.233021
0.241499
0.249831
0.258011
0.266035
0.273897
0.281593
0.289118
0.296467
0.303636
0.310621
0.317418
0.324022
0.330429
0.336635
0.342637
0.348431
0.354014
0.359381
0.364531
0.369459
0.374163
0.378639
0.382886
0.3869
0.39068
0.394222
0.397525
0.400587
0.403405
0.405978
0.408306
0.410385
0.412215
0.413794
0.415123
0.4162
0.417023
0.417594
0.417911
0.417975
0.417784
0.41734
0.416643
0.415693
0.41449
0.413036
0.411331
0.409376
0.407173
0.404723
0.402027
0.399086
0.395904
0.392481
0.38882
0.384923
0.380792
0.37643
0.371839
0.367023
0.361984
0.356725
0.35125
0.345561
0.339663
0.333558
0.327251
0.320745
0.314044
0.307153
0.300075
0.292816
0.285378
0.277767
0.269987
0.262044
0.253942
0.245685
0.237279
0.228729
0.22004
0.211218
0.202268
0.193194
0.184004
0.174701
0.165293
0.155784
0.146181
0.136489
0.126714
0.116862
0.106939
0.0969514
0.0869048
0.0768055
0.0666595
0.0564731
0.0462524
0.0360036
0.0257329
0.0154467
0.005151
-0.00514778
-0.0154434
-0.0257297
-0.0360004
-0.0462492
-0.0564699
-0.0666563
-0.0768023
-0.0869016
-0.0969482
-0.106936
-0.116859
-0.126711
-0.136486
-0.146178
-0.155781
-0.16529
-0.174698
-0.184
-0.193191
-0.202264
-0.211215
-0.220037
-0.228726
-0.237276
-0.245682
-0.253939
-0.262041
-0.269984
-0.277764
-0.285375
-0.292813
-0.300072
-0.30715
-0.314041
-0.320742
-0.327248
-0.333555
-0.33966
-0.345558
-0.351247
-0.356722
-0.361981
-0.36702
-0.371837
-0.376427
-0.380789
-0.38492
-0.388817
-0.392478
-0.395901
-0.399084
-0.402024
-0.40472
-0.407171
-0.409374
-0.411329
-0.413034
-0.414488
-0.415691
-0.416641
-0.417338
-0.417782
-0.417972
-0.417909
-0.417592
-0.417021
-0.416197
-0.415121
-0.413792
-0.412213
-0.410383
-0.408304
-0.405976
-0.403403
-0.400585
-0.397523
-0.39422
-0.390678
-0.386899
-0.382884
-0.378637
-0.374161
-0.369457
-0.364529
-0.35938
-0.354012
-0.34843
-0.342636
-0.336634
-0.330427
-0.32402
-0.317417
-0.31062
-0.303635
-0.296466
-0.289117
-0.281592
-0.273896
-0.266034
-0.25801
-0.24983
-0.241498
-0.23302
-0.2244
-0.215644
-0.206757
-0.197744
-0.188611
-0.179364
-0.170008
-0.160549
-0.150992
-0.141344
-0.131609
-0.121795
-0.111907
-0.101951
-0.0919333
-0.0818596
-0.0717362
-0.0615693
-0.0513649
-0.0411294
-0.0308689
-0.0205897
-0.010298
0
0
0.00974342
0.0194809
0.0292066
0.0389146
0.0485989
0.0582537
0.0678732
0.0774514
0.0869826
0.0964611
0.105881
0.115236
0.124522
0.133732
0.142861
0.151903
0.160853
0.169705
0.178454
0.187095
0.195623
0.204031
0.212316
0.220471
0.228493
0.236377
0.244116
0.251708
0.259146
0.266428
0.273547
0.280501
0.287284
0.293893
0.300323
0.306572
0.312634
0.318506
0.324185
0.329667
0.334948
0.340027
0.344899
0.349562
0.354012
0.358248
0.362266
0.366064
0.36964
0.372991
0.376116
0.379013
0.38168
0.384115
0.386316
0.388284
0.390015
0.39151
0.392767
0.393785
0.394565
0.395105
0.395405
0.395465
0.395285
0.394865
0.394205
0.393306
0.392168
0.390792
0.389179
0.38733
0.385245
0.382927
0.380376
0.377594
0.374583
0.371344
0.36788
0.364193
0.360285
0.356157
0.351814
0.347257
0.34249
0.337514
0.332333
0.326951
0.32137
0.315594
0.309627
0.303471
0.297132
0.290612
0.283915
0.277046
0.270009
0.262808
0.255447
0.247932
0.240266
0.232454
0.224501
0.216411
0.20819
0.199843
0.191375
0.18279
0.174094
0.165293
0.156391
0.147394
0.138308
0.129138
0.11989
0.110568
0.10118
0.0917302
0.0822247
0.0726693
0.0630697
0.0534318
0.0437616
0.0340647
0.0243472
0.0146149
0.00487369
-0.00487045
-0.0146116
-0.024344
-0.0340615
-0.0437583
-0.0534286
-0.0630665
-0.072666
-0.0822215
-0.091727
-0.101177
-0.110565
-0.119887
-0.129135
-0.138305
-0.147391
-0.156388
-0.16529
-0.174091
-0.182787
-0.191371
-0.19984
-0.208187
-0.216408
-0.224497
-0.232451
-0.240263
-0.247929
-0.255444
-0.262805
-0.270006
-0.277043
-0.283912
-0.290609
-0.297129
-0.303468
-0.309624
-0.315591
-0.321367
-0.326948
-0.33233
-0.337511
-0.342487
-0.347254
-0.351811
-0.356155
-0.360282
-0.36419
-0.367878
-0.371342
-0.37458
-0.377591
-0.380373
-0.382924
-0.385243
-0.387327
-0.389177
-0.39079
-0.392166
-0.393304
-0.394203
-0.394862
-0.395282
-0.395463
-0.395403
-0.395102
-0.394563
-0.393783
-0.392765
-0.391508
-0.390013
-0.388282
-0.386314
-0.384113
-0.381678
-0.379011
-0.376115
-0.372989
-0.369638
-0.366062
-0.362264
-0.358246
-0.35401
-0.34956
-0.344897
-0.340025
-0.334947
-0.329665
-0.324183
-0.318504
-0.312632
-0.30657
-0.300322
-0.293892
-0.287283
-0.2805
-0.273546
-0.266427
-0.259145
-0.251707
-0.244115
-0.236376
-0.228492
-0.220471
-0.212315
-0.20403
-0.195622
-0.187094
-0.178454
-0.169704
-0.160852
-0.151902
-0.14286
-0.133732
-0.124522
-0.115236
-0.10588
-0.0964607
-0.0869823
-0.0774511
-0.0678729
-0.0582535
-0.0485987
-0.0389144
-0.0292065
-0.0194808
-0.00974338
0
0
0.00918291
0.0183602
0.0275264
0.0366759
0.0458031
0.0549025
0.0639686
0.0729958
0.0819788
0.0909119
0.0997899
0.108607
0.117359
0.126039
0.134643
0.143165
0.1516
0.159943
0.168188
0.176332
0.184369
0.192294
0.200102
0.207788
0.215349
0.222779
0.230073
0.237228
0.244239
0.251101
0.257811
0.264365
0.270758
0.276986
0.283047
0.288935
0.294649
0.300183
0.305535
0.310702
0.31568
0.320466
0.325058
0.329452
0.333647
0.337639
0.341426
0.345005
0.348376
0.351534
0.35448
0.35721
0.359723
0.362018
0.364093
0.365947
0.367579
0.368987
0.370172
0.371132
0.371867
0.372376
0.372658
0.372715
0.372545
0.372149
0.371528
0.37068
0.369608
0.368311
0.366791
0.365048
0.363083
0.360898
0.358494
0.355872
0.353034
0.349982
0.346717
0.343242
0.339558
0.335669
0.331575
0.327281
0.322787
0.318098
0.313215
0.308142
0.302883
0.297439
0.291815
0.286014
0.280039
0.273894
0.267582
0.261108
0.254476
0.247689
0.240752
0.233669
0.226444
0.219081
0.211586
0.203962
0.196214
0.188347
0.180365
0.172275
0.164079
0.155784
0.147394
0.138915
0.130352
0.121709
0.112993
0.104208
0.0953595
0.0864533
0.0774946
0.0684889
0.0594416
0.0503582
0.0412442
0.0321052
0.0229467
0.0137742
0.00459341
-0.00459017
-0.013771
-0.0229434
-0.0321019
-0.0412409
-0.0503549
-0.0594383
-0.0684857
-0.0774914
-0.0864501
-0.0953563
-0.104205
-0.11299
-0.121706
-0.130349
-0.138912
-0.147391
-0.155781
-0.164076
-0.172271
-0.180362
-0.188344
-0.196211
-0.203959
-0.211583
-0.219078
-0.226441
-0.233666
-0.240749
-0.247686
-0.254473
-0.261105
-0.267579
-0.273891
-0.280036
-0.286011
-0.291812
-0.297436
-0.30288
-0.30814
-0.313212
-0.318095
-0.322784
-0.327278
-0.331573
-0.335666
-0.339556
-0.343239
-0.346715
-0.349979
-0.353031
-0.355869
-0.358491
-0.360895
-0.36308
-0.365045
-0.366788
-0.368309
-0.369605
-0.370678
-0.371525
-0.372147
-0.372543
-0.372713
-0.372656
-0.372373
-0.371864
-0.37113
-0.37017
-0.368985
-0.367577
-0.365945
-0.364091
-0.362016
-0.359721
-0.357208
-0.354478
-0.351532
-0.348374
-0.345004
-0.341424
-0.337637
-0.333645
-0.329451
-0.325056
-0.320465
-0.315678
-0.3107
-0.305534
-0.300182
-0.294647
-0.288934
-0.283045
-0.276985
-0.270756
-0.264363
-0.25781
-0.2511
-0.244237
-0.237227
-0.230072
-0.222778
-0.215348
-0.207787
-0.200101
-0.192293
-0.184368
-0.176331
-0.168188
-0.159942
-0.151599
-0.143164
-0.134642
-0.126038
-0.117358
-0.108607
-0.0997895
-0.0909115
-0.0819784
-0.0729955
-0.0639683
-0.0549023
-0.0458029
-0.0366758
-0.0275263
-0.0183602
-0.00918287
0
0
0.00861683
0.0172284
0.0258296
0.034415
0.0429796
0.051518
0.0600252
0.068496
0.0769251
0.0853076
0.0936383
0.101912
0.110124
0.118269
0.126342
0.134339
0.142254
0.150083
0.15782
0.165462
0.173003
0.18044
0.187766
0.194979
0.202074
0.209045
0.21589
0.222604
0.229182
0.235622
0.241918
0.248068
0.254067
0.259911
0.265598
0.271124
0.276485
0.281678
0.2867
0.291548
0.29622
0.300711
0.30502
0.309143
0.313079
0.316825
0.320378
0.323737
0.3269
0.329864
0.332627
0.335189
0.337548
0.339701
0.341648
0.343388
0.344919
0.346241
0.347353
0.348253
0.348943
0.34942
0.349686
0.349739
0.349579
0.349208
0.348625
0.347829
0.346823
0.345606
0.34418
0.342544
0.340701
0.33865
0.336394
0.333934
0.331271
0.328407
0.325344
0.322083
0.318626
0.314976
0.311135
0.307105
0.302889
0.298488
0.293907
0.289147
0.284211
0.279103
0.273826
0.268382
0.262775
0.257009
0.251087
0.245012
0.238789
0.232421
0.225911
0.219265
0.212485
0.205576
0.198542
0.191388
0.184118
0.176736
0.169247
0.161655
0.153964
0.146181
0.138308
0.130352
0.122316
0.114207
0.106027
0.097784
0.0894811
0.081124
0.0727175
0.0642669
0.0557774
0.0472539
0.0387018
0.0301261
0.0215322
0.0129252
0.00431035
-0.00430711
-0.0129219
-0.0215289
-0.0301229
-0.0386985
-0.0472507
-0.0557741
-0.0642637
-0.0727143
-0.0811207
-0.0894779
-0.0977808
-0.106024
-0.114203
-0.122313
-0.130349
-0.138305
-0.146178
-0.153961
-0.161652
-0.169244
-0.176733
-0.184115
-0.191385
-0.198539
-0.205573
-0.212482
-0.219261
-0.225908
-0.232418
-0.238786
-0.245009
-0.251084
-0.257006
-0.262772
-0.268379
-0.273823
-0.2791
-0.284209
-0.289144
-0.293904
-0.298486
-0.302886
-0.307102
-0.311132
-0.314974
-0.318624
-0.32208
-0.325341
-0.328404
-0.331268
-0.333931
-0.336392
-0.338648
-0.340698
-0.342542
-0.344177
-0.345604
-0.346821
-0.347827
-0.348622
-0.349206
-0.349577
-0.349736
-0.349683
-0.349418
-0.34894
-0.348251
-0.34735
-0.346239
-0.344917
-0.343386
-0.341646
-0.339699
-0.337546
-0.335187
-0.332626
-0.329862
-0.326898
-0.323736
-0.320377
-0.316823
-0.313077
-0.309141
-0.305018
-0.300709
-0.296218
-0.291547
-0.286699
-0.281677
-0.276483
-0.271122
-0.265597
-0.25991
-0.254065
-0.248066
-0.241917
-0.235621
-0.229181
-0.222603
-0.215889
-0.209044
-0.202073
-0.194978
-0.187766
-0.180439
-0.173003
-0.165461
-0.15782
-0.150082
-0.142253
-0.134338
-0.126342
-0.118269
-0.110124
-0.101912
-0.0936378
-0.0853072
-0.0769248
-0.0684957
-0.0600249
-0.0515178
-0.0429794
-0.0344148
-0.0258294
-0.0172283
-0.00861679
0
0
0.00804551
0.0160861
0.024117
0.0321332
0.0401299
0.0481023
0.0560454
0.0639545
0.0718248
0.0796515
0.0874298
0.0951551
0.102823
0.110428
0.117966
0.125432
0.132822
0.140132
0.147356
0.154492
0.161533
0.168476
0.175317
0.182052
0.188676
0.195185
0.201576
0.207845
0.213987
0.219999
0.225878
0.23162
0.237221
0.242678
0.247988
0.253148
0.258153
0.263002
0.267691
0.272218
0.276579
0.280773
0.284796
0.288646
0.292321
0.295819
0.299136
0.302273
0.305225
0.307993
0.310573
0.312965
0.315167
0.317178
0.318996
0.32062
0.32205
0.323284
0.324322
0.325163
0.325807
0.326253
0.326501
0.32655
0.326402
0.326055
0.32551
0.324768
0.323828
0.322692
0.32136
0.319833
0.318111
0.316197
0.31409
0.311793
0.309307
0.306633
0.303773
0.300728
0.297501
0.294093
0.290506
0.286743
0.282807
0.278698
0.27442
0.269976
0.265368
0.260598
0.255671
0.250588
0.245353
0.239969
0.234439
0.228768
0.222957
0.217011
0.210933
0.204727
0.198397
0.191946
0.185379
0.178699
0.171911
0.165018
0.158025
0.150937
0.143756
0.136489
0.129138
0.121709
0.114207
0.106635
0.0989977
0.0913008
0.0835484
0.0757453
0.0678963
0.060006
0.0520793
0.0441209
0.0361358
0.0281288
0.0201047
0.0120683
0.00402468
-0.00402142
-0.0120651
-0.0201014
-0.0281255
-0.0361326
-0.0441177
-0.052076
-0.0600027
-0.067893
-0.0757421
-0.0835452
-0.0912975
-0.0989945
-0.106631
-0.114203
-0.121706
-0.129135
-0.136486
-0.143753
-0.150934
-0.158022
-0.165015
-0.171908
-0.178696
-0.185376
-0.191943
-0.198393
-0.204724
-0.21093
-0.217008
-0.222954
-0.228764
-0.234436
-0.239966
-0.24535
-0.250585
-0.255668
-0.260595
-0.265365
-0.269973
-0.274417
-0.278695
-0.282804
-0.286741
-0.290503
-0.29409
-0.297498
-0.300725
-0.30377
-0.30663
-0.309304
-0.311791
-0.314088
-0.316194
-0.318109
-0.31983
-0.321357
-0.322689
-0.323826
-0.324765
-0.325508
-0.326052
-0.326399
-0.326548
-0.326498
-0.326251
-0.325805
-0.325161
-0.32432
-0.323282
-0.322048
-0.320618
-0.318994
-0.317176
-0.315165
-0.312963
-0.310572
-0.307991
-0.305224
-0.302271
-0.299135
-0.295817
-0.292319
-0.288645
-0.284794
-0.280771
-0.276578
-0.272216
-0.26769
-0.263001
-0.258152
-0.253146
-0.247987
-0.242677
-0.23722
-0.231619
-0.225877
-0.219998
-0.213986
-0.207843
-0.201575
-0.195184
-0.188675
-0.182051
-0.175316
-0.168475
-0.161532
-0.154491
-0.147356
-0.140131
-0.132822
-0.125431
-0.117965
-0.110427
-0.102822
-0.0951546
-0.0874294
-0.0796511
-0.0718245
-0.0639542
-0.0560451
-0.048102
-0.0401297
-0.032133
-0.0241169
-0.0160861
-0.00804547
0
0
0.00746931
0.0149341
0.0223898
0.0298319
0.0372559
0.0446573
0.0520316
0.0593742
0.0666809
0.073947
0.0811683
0.0883403
0.0954586
0.102519
0.109517
0.116449
0.12331
0.130096
0.136803
0.143427
0.149964
0.15641
0.162761
0.169013
0.175163
0.181206
0.18714
0.192959
0.198662
0.204244
0.209701
0.215032
0.220232
0.225298
0.230228
0.235018
0.239665
0.244166
0.24852
0.252722
0.256771
0.260665
0.2644
0.267974
0.271386
0.274633
0.277713
0.280625
0.283366
0.285935
0.288331
0.290552
0.292596
0.294462
0.29615
0.297658
0.298986
0.300131
0.301095
0.301876
0.302473
0.302887
0.303117
0.303163
0.303025
0.302703
0.302198
0.301508
0.300636
0.299581
0.298345
0.296927
0.295329
0.293552
0.291596
0.289464
0.287155
0.284673
0.282017
0.27919
0.276194
0.27303
0.269701
0.266208
0.262553
0.258738
0.254767
0.250641
0.246363
0.241935
0.23736
0.232641
0.227781
0.222783
0.217649
0.212384
0.206989
0.201469
0.195826
0.190065
0.184188
0.178199
0.172102
0.165901
0.159599
0.1532
0.146708
0.140127
0.133461
0.126714
0.11989
0.112993
0.106027
0.0989977
0.0919078
0.0847621
0.077565
0.0703207
0.0630338
0.0557086
0.0483496
0.0409612
0.033548
0.0261144
0.0186649
0.0112041
0.00373656
-0.0037333
-0.0112009
-0.0186617
-0.0261111
-0.0335447
-0.040958
-0.0483463
-0.0557054
-0.0630306
-0.0703175
-0.0775617
-0.0847589
-0.0919046
-0.0989945
-0.106024
-0.11299
-0.119887
-0.126711
-0.133458
-0.140124
-0.146705
-0.153197
-0.159596
-0.165898
-0.172099
-0.178196
-0.184185
-0.190062
-0.195823
-0.201466
-0.206986
-0.212381
-0.217646
-0.22278
-0.227778
-0.232638
-0.237357
-0.241932
-0.24636
-0.250638
-0.254764
-0.258735
-0.26255
-0.266205
-0.269698
-0.273028
-0.276192
-0.279188
-0.282014
-0.28467
-0.287153
-0.289461
-0.291593
-0.293549
-0.295326
-0.296924
-0.298342
-0.299579
-0.300634
-0.301506
-0.302195
-0.302701
-0.303023
-0.303161
-0.303115
-0.302885
-0.302471
-0.301874
-0.301093
-0.300129
-0.298983
-0.297656
-0.296148
-0.29446
-0.292594
-0.29055
-0.288329
-0.285933
-0.283364
-0.280623
-0.277711
-0.274631
-0.271384
-0.267972
-0.264398
-0.260663
-0.25677
-0.252721
-0.248518
-0.244165
-0.239663
-0.235016
-0.230227
-0.225297
-0.220231
-0.215031
-0.2097
-0.204242
-0.198661
-0.192958
-0.187138
-0.181205
-0.175162
-0.169012
-0.16276
-0.156409
-0.149963
-0.143426
-0.136802
-0.130095
-0.123309
-0.116448
-0.109517
-0.102518
-0.0954581
-0.0883398
-0.0811679
-0.0739466
-0.0666805
-0.0593739
-0.0520313
-0.044657
-0.0372557
-0.0298317
-0.0223897
-0.014934
-0.00746927
0
0
0.00688857
0.013773
0.020649
0.0275125
0.0343593
0.0411852
0.0479861
0.0547579
0.0614965
0.0681977
0.0748575
0.0814719
0.0880368
0.0945482
0.101002
0.107395
0.113723
0.119981
0.126167
0.132276
0.138305
0.144249
0.150107
0.155873
0.161544
0.167118
0.17259
0.177957
0.183216
0.188364
0.193397
0.198313
0.203109
0.207782
0.212328
0.216745
0.221031
0.225183
0.229198
0.233073
0.236808
0.240398
0.243843
0.247139
0.250286
0.25328
0.256121
0.258806
0.261334
0.263704
0.265913
0.267961
0.269847
0.271568
0.273125
0.274515
0.27574
0.276796
0.277685
0.278405
0.278956
0.279338
0.27955
0.279593
0.279465
0.279168
0.278702
0.278066
0.277262
0.276289
0.275149
0.273841
0.272367
0.270728
0.268925
0.266958
0.264829
0.262539
0.26009
0.257484
0.25472
0.251802
0.248732
0.24551
0.242139
0.238622
0.234959
0.231154
0.227208
0.223124
0.218905
0.214554
0.210071
0.205462
0.200727
0.195871
0.190896
0.185805
0.180601
0.175287
0.169867
0.164344
0.158722
0.153002
0.14719
0.141289
0.135302
0.129232
0.123084
0.116862
0.110568
0.104208
0.097784
0.0913008
0.0847621
0.078172
0.0715344
0.0648534
0.0581331
0.0513774
0.0445905
0.0377766
0.0309398
0.0240841
0.0172139
0.0103332
0.00344617
-0.0034429
-0.0103299
-0.0172106
-0.0240809
-0.0309365
-0.0377734
-0.0445873
-0.0513741
-0.0581298
-0.0648502
-0.0715312
-0.0781688
-0.0847589
-0.0912975
-0.0977808
-0.104205
-0.110565
-0.116859
-0.123081
-0.129229
-0.135298
-0.141286
-0.147187
-0.152999
-0.158718
-0.164341
-0.169864
-0.175284
-0.180598
-0.185802
-0.190893
-0.195868
-0.200724
-0.205459
-0.210068
-0.214551
-0.218903
-0.223122
-0.227205
-0.231151
-0.234956
-0.238619
-0.242136
-0.245507
-0.248729
-0.2518
-0.254718
-0.257481
-0.260088
-0.262537
-0.264826
-0.266955
-0.268922
-0.270726
-0.272365
-0.273839
-0.275146
-0.276287
-0.277259
-0.278064
-0.2787
-0.279166
-0.279463
-0.27959
-0.279548
-0.279336
-0.278954
-0.278403
-0.277683
-0.276794
-0.275737
-0.274513
-0.273123
-0.271566
-0.269845
-0.267959
-0.265911
-0.263702
-0.261332
-0.258804
-0.256119
-0.253278
-0.250284
-0.247137
-0.243841
-0.240396
-0.236806
-0.233072
-0.229196
-0.225181
-0.22103
-0.216744
-0.212326
-0.20778
-0.203108
-0.198312
-0.193396
-0.188363
-0.183215
-0.177956
-0.172588
-0.167117
-0.161543
-0.155872
-0.150106
-0.144249
-0.138304
-0.132275
-0.126166
-0.11998
-0.113722
-0.107394
-0.101002
-0.0945477
-0.0880362
-0.0814714
-0.0748571
-0.0681973
-0.0614961
-0.0547576
-0.0479858
-0.041185
-0.0343591
-0.0275123
-0.0206489
-0.0137729
-0.00688853
0
0
0.00630365
0.0126035
0.0188957
0.0251764
0.0314418
0.0376881
0.0439116
0.0501083
0.0562747
0.0624069
0.0685012
0.074554
0.0805614
0.08652
0.092426
0.098276
0.104066
0.109793
0.115454
0.121044
0.126561
0.132001
0.137361
0.142637
0.147827
0.152927
0.157935
0.162846
0.167659
0.172369
0.176976
0.181474
0.185863
0.190139
0.194299
0.198341
0.202263
0.206062
0.209736
0.213283
0.2167
0.219986
0.223138
0.226154
0.229034
0.231774
0.234373
0.236831
0.239144
0.241312
0.243334
0.245208
0.246934
0.248509
0.249933
0.251206
0.252326
0.253293
0.254106
0.254765
0.25527
0.255619
0.255813
0.255852
0.255736
0.255464
0.255037
0.254455
0.253719
0.252829
0.251785
0.250589
0.24924
0.24774
0.24609
0.24429
0.242342
0.240247
0.238006
0.23562
0.233092
0.230422
0.227612
0.224664
0.221579
0.21836
0.215008
0.211526
0.207916
0.204179
0.200318
0.196336
0.192234
0.188016
0.183683
0.179239
0.174687
0.170028
0.165266
0.160404
0.155444
0.15039
0.145244
0.140011
0.134692
0.129292
0.123813
0.118259
0.112633
0.106939
0.10118
0.0953595
0.0894811
0.0835484
0.077565
0.0715344
0.0654605
0.0593468
0.053197
0.047015
0.0408044
0.0345691
0.0283128
0.0220392
0.0157523
0.00945589
0.00315369
-0.00315042
-0.00945262
-0.0157491
-0.022036
-0.0283095
-0.0345658
-0.0408012
-0.0470117
-0.0531938
-0.0593435
-0.0654572
-0.0715312
-0.0775617
-0.0835452
-0.0894779
-0.0953563
-0.101177
-0.106936
-0.11263
-0.118256
-0.12381
-0.129289
-0.134689
-0.140008
-0.145241
-0.150387
-0.155441
-0.1604
-0.165263
-0.170025
-0.174684
-0.179236
-0.18368
-0.188013
-0.192231
-0.196333
-0.200315
-0.204176
-0.207913
-0.211523
-0.215005
-0.218357
-0.221576
-0.224661
-0.227609
-0.230419
-0.233089
-0.235618
-0.238003
-0.240244
-0.242339
-0.244288
-0.246087
-0.247738
-0.249238
-0.250586
-0.251783
-0.252827
-0.253717
-0.254453
-0.255035
-0.255461
-0.255733
-0.25585
-0.255811
-0.255617
-0.255267
-0.254763
-0.254104
-0.253291
-0.252324
-0.251204
-0.249931
-0.248507
-0.246932
-0.245206
-0.243332
-0.241311
-0.239142
-0.236829
-0.234372
-0.231772
-0.229032
-0.226153
-0.223136
-0.219984
-0.216698
-0.213281
-0.209735
-0.206061
-0.202262
-0.19834
-0.194297
-0.190137
-0.185862
-0.181473
-0.176974
-0.172368
-0.167658
-0.162845
-0.157934
-0.152926
-0.147826
-0.142636
-0.13736
-0.132
-0.12656
-0.121043
-0.115453
-0.109793
-0.104066
-0.0982753
-0.0924254
-0.0865194
-0.0805609
-0.0745535
-0.0685008
-0.0624065
-0.0562744
-0.050108
-0.0439113
-0.0376879
-0.0314416
-0.0251762
-0.0188955
-0.0126034
-0.00630361
0
0
0.00571491
0.0114263
0.0171308
0.0228249
0.0285052
0.0341681
0.0398103
0.0454284
0.0510188
0.0565783
0.0621034
0.0675908
0.0730372
0.0784393
0.0837937
0.0890973
0.0943467
0.0995389
0.104671
0.109739
0.11474
0.119672
0.124532
0.129315
0.134021
0.138644
0.143184
0.147637
0.152
0.156271
0.160447
0.164525
0.168504
0.17238
0.176152
0.179817
0.183372
0.186816
0.190147
0.193363
0.196461
0.199439
0.202297
0.205032
0.207642
0.210127
0.212483
0.214711
0.216809
0.218774
0.220607
0.222306
0.223871
0.225299
0.22659
0.227744
0.22876
0.229636
0.230374
0.230971
0.231428
0.231745
0.231921
0.231956
0.231851
0.231604
0.231217
0.23069
0.230023
0.229215
0.228269
0.227185
0.225962
0.224602
0.223106
0.221474
0.219708
0.217808
0.215777
0.213614
0.211322
0.208901
0.206353
0.203681
0.200884
0.197966
0.194927
0.19177
0.188497
0.185109
0.181609
0.177998
0.17428
0.170456
0.166528
0.162499
0.158372
0.154148
0.149831
0.145422
0.140926
0.136344
0.131679
0.126934
0.122112
0.117216
0.112249
0.107214
0.102114
0.0969514
0.0917302
0.0864533
0.081124
0.0757453
0.0703207
0.0648534
0.0593468
0.0538041
0.0482287
0.0426241
0.0369935
0.0313406
0.0256686
0.019981
0.0142813
0.00857289
0.0028593
-0.00285602
-0.00856961
-0.014278
-0.0199777
-0.0256653
-0.0313373
-0.0369903
-0.0426208
-0.0482254
-0.0538008
-0.0593435
-0.0648502
-0.0703175
-0.0757421
-0.0811207
-0.0864501
-0.091727
-0.0969482
-0.102111
-0.107211
-0.112246
-0.117213
-0.122109
-0.126931
-0.131676
-0.136341
-0.140923
-0.145419
-0.149828
-0.154145
-0.158368
-0.162496
-0.166525
-0.170453
-0.174277
-0.177995
-0.181606
-0.185106
-0.188494
-0.191767
-0.194924
-0.197963
-0.200881
-0.203678
-0.206351
-0.208898
-0.211319
-0.213611
-0.215774
-0.217806
-0.219705
-0.221471
-0.223103
-0.224599
-0.225959
-0.227182
-0.228267
-0.229213
-0.23002
-0.230687
-0.231215
-0.231602
-0.231848
-0.231954
-0.231919
-0.231743
-0.231426
-0.230969
-0.230371
-0.229634
-0.228757
-0.227742
-0.226588
-0.225297
-0.223869
-0.222305
-0.220606
-0.218773
-0.216807
-0.214709
-0.212482
-0.210125
-0.207641
-0.20503
-0.202295
-0.199438
-0.196459
-0.193361
-0.190146
-0.186815
-0.183371
-0.179815
-0.17615
-0.172379
-0.168502
-0.164524
-0.160445
-0.156269
-0.151999
-0.147636
-0.143183
-0.138643
-0.13402
-0.129314
-0.124531
-0.119672
-0.11474
-0.109738
-0.10467
-0.0995382
-0.094346
-0.0890966
-0.0837931
-0.0784387
-0.0730367
-0.0675903
-0.062103
-0.0565779
-0.0510184
-0.045428
-0.03981
-0.0341679
-0.028505
-0.0228248
-0.0171307
-0.0114263
-0.00571487
0
0
0.00512269
0.0102423
0.0153556
0.0204597
0.0255513
0.0306274
0.0356849
0.0407208
0.0457319
0.0507153
0.0556679
0.0605866
0.0654686
0.0703109
0.0751105
0.0798644
0.0845699
0.0892241
0.093824
0.0983671
0.10285
0.107271
0.111627
0.115915
0.120133
0.124277
0.128346
0.132338
0.136249
0.140077
0.14382
0.147476
0.151042
0.154517
0.157898
0.161183
0.16437
0.167457
0.170443
0.173325
0.176102
0.178772
0.181334
0.183785
0.186125
0.188352
0.190465
0.192462
0.194342
0.196104
0.197747
0.19927
0.200672
0.201952
0.203109
0.204144
0.205054
0.20584
0.206501
0.207036
0.207446
0.20773
0.207888
0.207919
0.207825
0.207604
0.207257
0.206784
0.206186
0.205463
0.204615
0.203642
0.202546
0.201327
0.199986
0.198524
0.196941
0.195238
0.193417
0.191478
0.189423
0.187253
0.18497
0.182574
0.180067
0.177451
0.174728
0.171898
0.168964
0.165927
0.16279
0.159553
0.15622
0.152792
0.149271
0.14566
0.14196
0.138174
0.134304
0.130353
0.126322
0.122215
0.118034
0.113781
0.109459
0.10507
0.100618
0.096104
0.0915322
0.0869048
0.0822247
0.0774946
0.0727175
0.0678963
0.0630338
0.0581331
0.053197
0.0482287
0.0432311
0.0382072
0.0331602
0.028093
0.0230088
0.0179106
0.0128015
0.00768468
0.00256317
-0.00255989
-0.0076814
-0.0127982
-0.0179073
-0.0230055
-0.0280897
-0.0331569
-0.038204
-0.0432278
-0.0482254
-0.0531938
-0.0581298
-0.0630306
-0.067893
-0.0727143
-0.0774914
-0.0822215
-0.0869016
-0.091529
-0.0961009
-0.100614
-0.105067
-0.109455
-0.113778
-0.118031
-0.122212
-0.126319
-0.13035
-0.134301
-0.138171
-0.141957
-0.145657
-0.149268
-0.152789
-0.156217
-0.15955
-0.162787
-0.165924
-0.168961
-0.171895
-0.174725
-0.177448
-0.180064
-0.182571
-0.184967
-0.187251
-0.18942
-0.191475
-0.193414
-0.195235
-0.196938
-0.198521
-0.199984
-0.201325
-0.202544
-0.20364
-0.204612
-0.20546
-0.206184
-0.206782
-0.207255
-0.207602
-0.207822
-0.207917
-0.207886
-0.207728
-0.207444
-0.207034
-0.206499
-0.205838
-0.205052
-0.204142
-0.203107
-0.20195
-0.20067
-0.199268
-0.197745
-0.196102
-0.19434
-0.19246
-0.190463
-0.18835
-0.186123
-0.183784
-0.181332
-0.178771
-0.176101
-0.173324
-0.170441
-0.167456
-0.164369
-0.161181
-0.157896
-0.154516
-0.151041
-0.147475
-0.143819
-0.140076
-0.136247
-0.132337
-0.128345
-0.124276
-0.120132
-0.115914
-0.111626
-0.10727
-0.10285
-0.0983663
-0.0938233
-0.0892233
-0.0845692
-0.0798638
-0.0751099
-0.0703103
-0.0654681
-0.0605862
-0.0556674
-0.0507149
-0.0457316
-0.0407205
-0.0356846
-0.0306272
-0.0255511
-0.0204595
-0.0153555
-0.0102422
-0.00512265
0
0
0.00452737
0.00905199
0.0135711
0.018082
0.0225819
0.0270681
0.0315379
0.0359885
0.0404173
0.0448215
0.0491985
0.0535457
0.0578603
0.0621398
0.0663816
0.0705831
0.0747418
0.0788551
0.0829205
0.0869355
0.0908978
0.0948049
0.0986544
0.102444
0.106172
0.109835
0.113431
0.116958
0.120415
0.123798
0.127106
0.130337
0.133489
0.13656
0.139548
0.142451
0.145268
0.147997
0.150635
0.153183
0.155637
0.157997
0.16026
0.162427
0.164495
0.166463
0.16833
0.170095
0.171757
0.173314
0.174766
0.176112
0.177351
0.178482
0.179506
0.18042
0.181224
0.181919
0.182503
0.182976
0.183338
0.183589
0.183729
0.183756
0.183673
0.183478
0.183171
0.182753
0.182225
0.181585
0.180836
0.179976
0.179008
0.177931
0.176745
0.175453
0.174054
0.172549
0.170939
0.169226
0.16741
0.165492
0.163474
0.161357
0.159141
0.156829
0.154422
0.151921
0.149328
0.146644
0.143871
0.141011
0.138065
0.135036
0.131924
0.128732
0.125463
0.122117
0.118697
0.115204
0.111642
0.108012
0.104317
0.100558
0.0967381
0.0928595
0.0889246
0.0849356
0.0808951
0.0768055
0.0726693
0.0684889
0.0642669
0.060006
0.0557086
0.0513774
0.047015
0.0426241
0.0382072
0.0337672
0.0293067
0.0248284
0.020335
0.0158293
0.011314
0.00679181
0.00226549
-0.0022622
-0.00678852
-0.0113107
-0.015826
-0.0203318
-0.0248251
-0.0293034
-0.033764
-0.038204
-0.0426208
-0.0470117
-0.0513741
-0.0557054
-0.0600027
-0.0642637
-0.0684857
-0.072666
-0.0768023
-0.0808919
-0.0849324
-0.0889214
-0.0928564
-0.096735
-0.100555
-0.104314
-0.108009
-0.111639
-0.115201
-0.118693
-0.122114
-0.12546
-0.128729
-0.131921
-0.135033
-0.138062
-0.141008
-0.143868
-0.146641
-0.149325
-0.151918
-0.154419
-0.156826
-0.159138
-0.161354
-0.163471
-0.165489
-0.167407
-0.169223
-0.170936
-0.172546
-0.174051
-0.17545
-0.176743
-0.177928
-0.179005
-0.179974
-0.180833
-0.181583
-0.182222
-0.182751
-0.183169
-0.183475
-0.18367
-0.183754
-0.183726
-0.183587
-0.183336
-0.182974
-0.182501
-0.181917
-0.181222
-0.180418
-0.179503
-0.17848
-0.177349
-0.17611
-0.174764
-0.173312
-0.171755
-0.170093
-0.168328
-0.166461
-0.164493
-0.162425
-0.160259
-0.157995
-0.155635
-0.153181
-0.150634
-0.147995
-0.145267
-0.14245
-0.139547
-0.136559
-0.133488
-0.130336
-0.127105
-0.123797
-0.120414
-0.116957
-0.11343
-0.109833
-0.106171
-0.102443
-0.0986535
-0.094804
-0.090897
-0.0869347
-0.0829197
-0.0788543
-0.0747411
-0.0705825
-0.066381
-0.0621393
-0.0578598
-0.0535452
-0.0491981
-0.0448211
-0.0404169
-0.0359882
-0.0315376
-0.0270679
-0.0225817
-0.0180818
-0.013571
-0.00905191
-0.00452733
0
0
0.0039293
0.00785621
0.0117783
0.0156933
0.0195988
0.0234924
0.0273717
0.0312344
0.0350781
0.0389005
0.0426993
0.0464722
0.0502169
0.0539311
0.0576125
0.061259
0.0648683
0.0684382
0.0719665
0.0754512
0.07889
0.082281
0.085622
0.088911
0.0921461
0.0953252
0.0984465
0.101508
0.104508
0.107444
0.110315
0.11312
0.115855
0.11852
0.121114
0.123633
0.126078
0.128446
0.130736
0.132947
0.135077
0.137125
0.13909
0.14097
0.142765
0.144473
0.146093
0.147625
0.149067
0.150419
0.151679
0.152847
0.153923
0.154905
0.155793
0.156586
0.157284
0.157887
0.158394
0.158805
0.159119
0.159337
0.159458
0.159482
0.159409
0.15924
0.158974
0.158611
0.158153
0.157598
0.156947
0.156201
0.155361
0.154426
0.153397
0.152275
0.151061
0.149755
0.148358
0.146871
0.145295
0.14363
0.141879
0.140041
0.138118
0.136112
0.134023
0.131852
0.129602
0.127272
0.124866
0.122383
0.119827
0.117197
0.114497
0.111727
0.108889
0.105985
0.103017
0.0999858
0.0968942
0.0937438
0.0905365
0.0872743
0.083959
0.0805928
0.0771777
0.0737157
0.0702089
0.0666595
0.0630697
0.0594416
0.0557774
0.0520793
0.0483496
0.0445905
0.0408044
0.0369935
0.0331602
0.0293067
0.0254355
0.0215487
0.017649
0.0137385
0.00981961
0.00589481
0.00196643
-0.00196314
-0.00589152
-0.00981633
-0.0137352
-0.0176457
-0.0215455
-0.0254322
-0.0293034
-0.0331569
-0.0369903
-0.0408012
-0.0445873
-0.0483463
-0.052076
-0.0557741
-0.0594383
-0.0630665
-0.0666563
-0.0702057
-0.0737125
-0.0771745
-0.0805896
-0.0839559
-0.0872711
-0.0905334
-0.0937407
-0.0968911
-0.0999827
-0.103014
-0.105982
-0.108886
-0.111724
-0.114494
-0.117194
-0.119824
-0.12238
-0.124863
-0.127269
-0.129599
-0.131849
-0.13402
-0.136109
-0.138116
-0.140038
-0.141876
-0.143628
-0.145292
-0.146868
-0.148355
-0.149752
-0.151058
-0.152272
-0.153394
-0.154423
-0.155358
-0.156199
-0.156945
-0.157595
-0.15815
-0.158609
-0.158972
-0.159238
-0.159407
-0.15948
-0.159455
-0.159334
-0.159117
-0.158802
-0.158392
-0.157885
-0.157282
-0.156584
-0.155791
-0.154903
-0.153921
-0.152845
-0.151677
-0.150417
-0.149065
-0.147623
-0.146092
-0.144471
-0.142763
-0.140968
-0.139088
-0.137123
-0.135075
-0.132945
-0.130735
-0.128445
-0.126076
-0.123632
-0.121112
-0.118519
-0.115854
-0.113118
-0.110314
-0.107443
-0.104507
-0.101507
-0.0984454
-0.0953242
-0.0921451
-0.0889101
-0.0856211
-0.0822801
-0.0788892
-0.0754504
-0.0719658
-0.0684374
-0.0648676
-0.0612583
-0.0576119
-0.0539305
-0.0502164
-0.0464717
-0.0426989
-0.0389001
-0.0350777
-0.031234
-0.0273714
-0.0234921
-0.0195986
-0.0156932
-0.0117782
-0.00785613
-0.00392926
0
0
0.00332884
0.00665565
0.00997843
0.0132951
0.0166038
0.0199024
0.0231888
0.0264613
0.0297176
0.0329559
0.0361742
0.0393705
0.0425429
0.0456896
0.0488084
0.0518977
0.0549554
0.0579797
0.0609689
0.0639211
0.0668344
0.0697072
0.0725376
0.075324
0.0780647
0.080758
0.0834023
0.0859959
0.0885373
0.091025
0.0934574
0.0958331
0.0981506
0.100409
0.102605
0.10474
0.106811
0.108817
0.110758
0.112631
0.114435
0.11617
0.117835
0.119428
0.120948
0.122395
0.123768
0.125066
0.126287
0.127433
0.1285
0.12949
0.130401
0.131233
0.131985
0.132657
0.133249
0.133759
0.134189
0.134537
0.134803
0.134988
0.13509
0.135111
0.135049
0.134906
0.13468
0.134373
0.133984
0.133514
0.132963
0.132331
0.131619
0.130827
0.129956
0.129005
0.127976
0.12687
0.125687
0.124427
0.123092
0.121682
0.120198
0.118641
0.117012
0.115312
0.113542
0.111703
0.109797
0.107823
0.105784
0.103681
0.101516
0.0992879
0.0970001
0.0946534
0.0922492
0.0897889
0.0872742
0.0847065
0.0820874
0.0794185
0.0767013
0.0739376
0.0711289
0.0682771
0.0653839
0.0624509
0.0594801
0.0564731
0.0534318
0.0503582
0.0472539
0.0441209
0.0409612
0.0377766
0.0345691
0.0313406
0.028093
0.0248284
0.0215487
0.018256
0.0149522
0.0116392
0.00831927
0.00499424
0.00166618
-0.00166289
-0.00499095
-0.00831598
-0.011636
-0.0149489
-0.0182527
-0.0215455
-0.0248251
-0.0280897
-0.0313373
-0.0345658
-0.0377734
-0.040958
-0.0441177
-0.0472507
-0.0503549
-0.0534286
-0.0564699
-0.0594769
-0.0624477
-0.0653807
-0.0682739
-0.0711258
-0.0739344
-0.0766981
-0.0794153
-0.0820843
-0.0847034
-0.0872711
-0.0897859
-0.0922461
-0.0946503
-0.0969971
-0.0992849
-0.101513
-0.103678
-0.105781
-0.10782
-0.109794
-0.1117
-0.113539
-0.115309
-0.117009
-0.118638
-0.120195
-0.121679
-0.123089
-0.124424
-0.125684
-0.126867
-0.127974
-0.129003
-0.129953
-0.130824
-0.131617
-0.132329
-0.132961
-0.133512
-0.133982
-0.134371
-0.134678
-0.134903
-0.135047
-0.135108
-0.135088
-0.134985
-0.134801
-0.134535
-0.134187
-0.133757
-0.133247
-0.132655
-0.131983
-0.131231
-0.130399
-0.129488
-0.128498
-0.127431
-0.126286
-0.125064
-0.123766
-0.122394
-0.120947
-0.119426
-0.117833
-0.116169
-0.114433
-0.112629
-0.110756
-0.108816
-0.10681
-0.104739
-0.102604
-0.100407
-0.0981493
-0.0958318
-0.0934562
-0.0910238
-0.0885362
-0.0859948
-0.0834012
-0.080757
-0.0780637
-0.0753231
-0.0725367
-0.0697063
-0.0668336
-0.0639203
-0.0609681
-0.057979
-0.0549547
-0.051897
-0.0488078
-0.045689
-0.0425424
-0.03937
-0.0361737
-0.0329555
-0.0297172
-0.0264609
-0.0231886
-0.0199021
-0.0166036
-0.013295
-0.00997831
-0.00665557
-0.0033288
0
0
0.00272636
0.00545106
0.00817245
0.0108889
0.0135987
0.0163003
0.0189919
0.0216721
0.0243391
0.0269913
0.0296271
0.0322449
0.0348432
0.0374203
0.0399747
0.0425048
0.0450091
0.0474861
0.0499343
0.0523521
0.0547382
0.057091
0.0594092
0.0616913
0.063936
0.0661418
0.0683075
0.0704317
0.0725132
0.0745506
0.0765428
0.0784885
0.0803865
0.0822358
0.0840351
0.0857834
0.0874797
0.0891228
0.0907118
0.0922458
0.0937237
0.0951448
0.0965081
0.0978128
0.0990581
0.100243
0.101368
0.10243
0.103431
0.104369
0.105243
0.106054
0.1068
0.107481
0.108097
0.108648
0.109132
0.109551
0.109902
0.110187
0.110405
0.110557
0.110641
0.110657
0.110607
0.110489
0.110305
0.110053
0.109735
0.10935
0.108899
0.108381
0.107798
0.107149
0.106435
0.105657
0.104814
0.103908
0.102939
0.101907
0.100814
0.0996588
0.0984435
0.0971684
0.0958343
0.0944421
0.0929925
0.0914864
0.0899249
0.0883087
0.0866389
0.0849165
0.0831426
0.0813182
0.0794444
0.0775224
0.0755533
0.0735384
0.0714788
0.0693759
0.0672308
0.0650449
0.0628195
0.060556
0.0582557
0.05592
0.0535504
0.0511483
0.0487151
0.0462524
0.0437616
0.0412442
0.0387018
0.0361358
0.033548
0.0309398
0.0283128
0.0256686
0.0230088
0.020335
0.017649
0.0149522
0.0122463
0.00953297
0.00681387
0.00409064
0.00136492
-0.00136162
-0.00408734
-0.00681058
-0.00952968
-0.012243
-0.0149489
-0.0176457
-0.0203318
-0.0230055
-0.0256653
-0.0283095
-0.0309365
-0.0335447
-0.0361326
-0.0386985
-0.0412409
-0.0437583
-0.0462492
-0.0487119
-0.0511451
-0.0535472
-0.0559168
-0.0582525
-0.0605528
-0.0628163
-0.0650417
-0.0672277
-0.0693728
-0.0714757
-0.0735353
-0.0755503
-0.0775194
-0.0794414
-0.0813152
-0.0831396
-0.0849135
-0.0866359
-0.0883057
-0.0899219
-0.0914835
-0.0929896
-0.0944392
-0.0958315
-0.0971655
-0.0984406
-0.099656
-0.100811
-0.101904
-0.102936
-0.103905
-0.104812
-0.105654
-0.106433
-0.107146
-0.107795
-0.108379
-0.108896
-0.109347
-0.109732
-0.110051
-0.110302
-0.110487
-0.110605
-0.110655
-0.110638
-0.110554
-0.110403
-0.110185
-0.1099
-0.109548
-0.10913
-0.108646
-0.108095
-0.107479
-0.106798
-0.106052
-0.105241
-0.104367
-0.103429
-0.102429
-0.101366
-0.100242
-0.0990564
-0.0978111
-0.0965064
-0.0951432
-0.0937221
-0.0922442
-0.0907103
-0.0891213
-0.0874782
-0.085782
-0.0840338
-0.0822345
-0.0803852
-0.0784872
-0.0765415
-0.0745494
-0.072512
-0.0704306
-0.0683064
-0.0661408
-0.063935
-0.0616903
-0.0594083
-0.0570901
-0.0547373
-0.0523513
-0.0499335
-0.0474854
-0.0450084
-0.0425042
-0.0399741
-0.0374197
-0.0348427
-0.0322444
-0.0296267
-0.0269909
-0.0243387
-0.0216718
-0.0189917
-0.0163
-0.0135985
-0.0108887
-0.00817233
-0.00545098
-0.00272632
0
0
0.00212222
0.00424316
0.00636152
0.00847602
0.0105854
0.0126883
0.0147835
0.0168698
0.0189458
0.0210103
0.023062
0.0250998
0.0271223
0.0291283
0.0311167
0.0330862
0.0350355
0.0369637
0.0388693
0.0407514
0.0426087
0.0444402
0.0462447
0.0480211
0.0497684
0.0514854
0.0531712
0.0548247
0.056445
0.0580309
0.0595816
0.0610962
0.0625737
0.0640132
0.0654138
0.0667747
0.0680951
0.0693741
0.070611
0.071805
0.0729555
0.0740617
0.0751229
0.0761384
0.0771078
0.0780304
0.0789056
0.0797328
0.0805117
0.0812417
0.0819224
0.0825534
0.0831342
0.0836645
0.0841441
0.0845726
0.0849497
0.0852753
0.0855491
0.085771
0.0859408
0.0860584
0.0861237
0.0861368
0.0860976
0.0860062
0.0858625
0.0856667
0.0854188
0.0851192
0.0847678
0.084365
0.083911
0.083406
0.0828504
0.0822445
0.0815886
0.0808833
0.0801288
0.0793257
0.0784744
0.0775755
0.0766295
0.075637
0.0745985
0.0735148
0.0723864
0.0712141
0.0699986
0.0687405
0.0674408
0.0661
0.0647192
0.0632991
0.0618405
0.0603444
0.0588117
0.0572432
0.05564
0.0540031
0.0523333
0.0506318
0.0488995
0.0471376
0.045347
0.0435289
0.0416844
0.0398146
0.0379206
0.0360036
0.0340647
0.0321052
0.0301261
0.0281288
0.0261144
0.0240841
0.0220392
0.019981
0.0179106
0.0158293
0.0137385
0.0116392
0.00953297
0.00742091
0.00530434
0.00318455
0.00106283
-0.00105953
-0.00318125
-0.00530104
-0.00741761
-0.00952968
-0.011636
-0.0137352
-0.015826
-0.0179073
-0.0199777
-0.022036
-0.0240809
-0.0261111
-0.0281255
-0.0301229
-0.0321019
-0.0340615
-0.0360004
-0.0379174
-0.0398114
-0.0416812
-0.0435258
-0.0453439
-0.0471344
-0.0488964
-0.0506287
-0.0523302
-0.054
-0.0556369
-0.0572402
-0.0588086
-0.0603414
-0.0618375
-0.063296
-0.0647162
-0.0660971
-0.0674378
-0.0687376
-0.0699956
-0.0712112
-0.0723835
-0.0735119
-0.0745957
-0.0756341
-0.0766267
-0.0775727
-0.0784716
-0.0793229
-0.0801261
-0.0808806
-0.081586
-0.0822418
-0.0828477
-0.0834034
-0.0839084
-0.0843624
-0.0847653
-0.0851167
-0.0854164
-0.0856642
-0.08586
-0.0860038
-0.0860953
-0.0861345
-0.0861214
-0.0860561
-0.0859385
-0.0857687
-0.0855469
-0.0852731
-0.0849476
-0.0845705
-0.084142
-0.0836625
-0.0831322
-0.0825514
-0.0819205
-0.0812398
-0.0805099
-0.079731
-0.0789038
-0.0780286
-0.0771061
-0.0761367
-0.0751212
-0.07406
-0.0729539
-0.0718035
-0.0706095
-0.0693726
-0.0680936
-0.0667733
-0.0654124
-0.0640118
-0.0625724
-0.0610949
-0.0595804
-0.0580297
-0.0564438
-0.0548236
-0.0531701
-0.0514844
-0.0497674
-0.0480202
-0.0462438
-0.0444393
-0.0426079
-0.0407506
-0.0388686
-0.0369629
-0.0350349
-0.0330855
-0.0311161
-0.0291278
-0.0271218
-0.0250993
-0.0230616
-0.0210099
-0.0189454
-0.0168694
-0.0147832
-0.012688
-0.0105852
-0.00847585
-0.0063614
-0.00424308
-0.00212218
0
0
0.0015168
0.00303268
0.00454672
0.006058
0.0075656
0.00906861
0.0105661
0.0120572
0.013541
0.0150165
0.0164829
0.0179394
0.0193849
0.0208187
0.0222398
0.0236474
0.0250407
0.0264188
0.0277808
0.0291259
0.0304534
0.0317624
0.0330521
0.0343218
0.0355706
0.0367978
0.0380027
0.0391845
0.0403425
0.041476
0.0425844
0.0436668
0.0447228
0.0457517
0.0467527
0.0477254
0.0486691
0.0495832
0.0504673
0.0513207
0.052143
0.0529336
0.053692
0.0544179
0.0551107
0.0557701
0.0563956
0.0569869
0.0575436
0.0580653
0.0585518
0.0590028
0.0594179
0.059797
0.0601397
0.060446
0.0607155
0.0609482
0.0611439
0.0613025
0.0614239
0.0615079
0.0615547
0.061564
0.061536
0.0614706
0.0613679
0.061228
0.0610509
0.0608367
0.0605856
0.0602977
0.0599732
0.0596123
0.0592152
0.0587821
0.0583134
0.0578093
0.05727
0.056696
0.0560876
0.0554451
0.054769
0.0540596
0.0533174
0.0525429
0.0517364
0.0508985
0.0500298
0.0491306
0.0482017
0.0472434
0.0462565
0.0452415
0.0441991
0.0431298
0.0420343
0.0409133
0.0397675
0.0385975
0.0374041
0.036188
0.0349499
0.0336906
0.0324109
0.0311114
0.0297931
0.0284567
0.0271031
0.0257329
0.0243472
0.0229467
0.0215322
0.0201047
0.0186649
0.0172139
0.0157523
0.0142813
0.0128015
0.011314
0.00981961
0.00831927
0.00681387
0.00530434
0.00379159
0.00227653
0.000760097
-0.000756798
-0.00227323
-0.00378829
-0.00530104
-0.00681058
-0.00831598
-0.00981633
-0.0113107
-0.0127982
-0.014278
-0.0157491
-0.0172106
-0.0186617
-0.0201014
-0.0215289
-0.0229434
-0.024344
-0.0257297
-0.0270998
-0.0284535
-0.0297899
-0.0311083
-0.0324077
-0.0336875
-0.0349468
-0.0361849
-0.037401
-0.0385944
-0.0397644
-0.0409102
-0.0420312
-0.0431267
-0.044196
-0.0452385
-0.0462535
-0.0472404
-0.0481987
-0.0491277
-0.0500268
-0.0508956
-0.0517335
-0.05254
-0.0533146
-0.0540568
-0.0547662
-0.0554423
-0.0560848
-0.0566933
-0.0572673
-0.0578065
-0.0583107
-0.0587795
-0.0592125
-0.0596097
-0.0599706
-0.0602951
-0.060583
-0.0608342
-0.0610484
-0.0612255
-0.0613655
-0.0614682
-0.0615336
-0.0615617
-0.0615524
-0.0615057
-0.0614216
-0.0613003
-0.0611417
-0.0609461
-0.0607134
-0.0604439
-0.0601377
-0.0597949
-0.0594159
-0.0590008
-0.0585499
-0.0580634
-0.0575417
-0.0569851
-0.0563938
-0.0557683
-0.055109
-0.0544162
-0.0536904
-0.0529319
-0.0521414
-0.0513191
-0.0504658
-0.0495817
-0.0486676
-0.047724
-0.0467513
-0.0457503
-0.0447215
-0.0436656
-0.0425831
-0.0414748
-0.0403413
-0.0391834
-0.0380016
-0.0367968
-0.0355696
-0.0343208
-0.0330512
-0.0317615
-0.0304526
-0.0291251
-0.02778
-0.026418
-0.02504
-0.0236468
-0.0222392
-0.0208181
-0.0193844
-0.0179389
-0.0164825
-0.0150161
-0.0135406
-0.0120569
-0.0105658
-0.00906836
-0.0075654
-0.00605784
-0.0045466
-0.0030326
-0.00151676
0
0
0.000910457
0.00182036
0.00272916
0.0036363
0.00454124
0.00544342
0.00634229
0.00723731
0.00812794
0.00901364
0.00989386
0.0107681
0.0116358
0.0124964
0.0133494
0.0141943
0.0150306
0.0158578
0.0166754
0.0174828
0.0182796
0.0190653
0.0198395
0.0206016
0.0213512
0.0220878
0.022811
0.0235204
0.0242155
0.0248959
0.0255612
0.026211
0.0268448
0.0274624
0.0280633
0.0286471
0.0292136
0.0297623
0.0302929
0.0308052
0.0312988
0.0317733
0.0322286
0.0326643
0.0330802
0.033476
0.0338514
0.0342063
0.0345405
0.0348537
0.0351457
0.0354164
0.0356656
0.0358931
0.0360989
0.0362827
0.0364445
0.0365842
0.0367017
0.0367968
0.0368697
0.0369202
0.0369482
0.0369538
0.036937
0.0368978
0.0368362
0.0367522
0.0366459
0.0365173
0.0363666
0.0361938
0.035999
0.0357824
0.035544
0.0352841
0.0350027
0.0347001
0.0343765
0.0340319
0.0336667
0.0332811
0.0328753
0.0324495
0.032004
0.0315391
0.031055
0.0305521
0.0300306
0.0294909
0.0289333
0.0283581
0.0277657
0.0271565
0.0265308
0.025889
0.0252314
0.0245585
0.0238708
0.0231685
0.0224522
0.0217222
0.0209791
0.0202232
0.019455
0.0186751
0.0178838
0.0170816
0.0162691
0.0154467
0.0146149
0.0137742
0.0129252
0.0120683
0.0112041
0.0103332
0.00945589
0.00857289
0.00768468
0.00679181
0.00589481
0.00499424
0.00409064
0.00318455
0.00227653
0.00136713
0.000456903
-0.000453603
-0.00136383
-0.00227323
-0.00318125
-0.00408734
-0.00499095
-0.00589152
-0.00678852
-0.0076814
-0.00856961
-0.00945262
-0.0103299
-0.0112009
-0.0120651
-0.0129219
-0.013771
-0.0146116
-0.0154434
-0.0162658
-0.0170784
-0.0178806
-0.0186719
-0.0194519
-0.02022
-0.0209759
-0.0217191
-0.022449
-0.0231654
-0.0238677
-0.0245555
-0.0252283
-0.0258859
-0.0265277
-0.0271535
-0.0277627
-0.0283551
-0.0289303
-0.0294879
-0.0300277
-0.0305492
-0.0310521
-0.0315362
-0.0320011
-0.0324466
-0.0328725
-0.0332783
-0.033664
-0.0340292
-0.0343737
-0.0346974
-0.0350001
-0.0352814
-0.0355414
-0.0357798
-0.0359964
-0.0361912
-0.036364
-0.0365148
-0.0366434
-0.0367497
-0.0368337
-0.0368954
-0.0369347
-0.0369515
-0.0369459
-0.0369179
-0.0368674
-0.0367946
-0.0366995
-0.036582
-0.0364424
-0.0362806
-0.0360968
-0.0358911
-0.0356636
-0.0354144
-0.0351438
-0.0348518
-0.0345386
-0.0342045
-0.0338496
-0.0334742
-0.0330784
-0.0326626
-0.0322269
-0.0317717
-0.0312972
-0.0308036
-0.0302914
-0.0297608
-0.0292121
-0.0286457
-0.0280619
-0.027461
-0.0268435
-0.0262097
-0.02556
-0.0248947
-0.0242144
-0.0235193
-0.02281
-0.0220868
-0.0213502
-0.0206006
-0.0198386
-0.0190645
-0.0182788
-0.017482
-0.0166746
-0.0158571
-0.0150299
-0.0141937
-0.0133488
-0.0124958
-0.0116352
-0.0107676
-0.00989341
-0.00901323
-0.00812758
-0.00723699
-0.006342
-0.00544317
-0.00454103
-0.00363614
-0.00272904
-0.00182028
-0.000910416
0
0
0.000303561
0.000606937
0.000909945
0.0012124
0.00151412
0.00181492
0.00211462
0.00241303
0.00270998
0.00300529
0.00329877
0.00359025
0.00387955
0.00416649
0.0044509
0.00473261
0.00501145
0.00528725
0.00555984
0.00582905
0.00609472
0.0063567
0.00661481
0.00686891
0.00711884
0.00736444
0.00760558
0.0078421
0.00807386
0.00830072
0.00852254
0.00873918
0.00895052
0.00915643
0.00935677
0.00955144
0.00974031
0.00992327
0.0101002
0.010271
0.0104356
0.0105938
0.0107456
0.0108909
0.0110295
0.0111615
0.0112867
0.011405
0.0115165
0.0116209
0.0117183
0.0118085
0.0118916
0.0119675
0.0120361
0.0120974
0.0121513
0.0121979
0.0122371
0.0122688
0.0122931
0.01231
0.0123193
0.0123212
0.0123156
0.0123026
0.012282
0.012254
0.0122186
0.0121757
0.0121255
0.0120679
0.012003
0.0119307
0.0118513
0.0117646
0.0116708
0.01157
0.0114621
0.0113472
0.0112254
0.0110969
0.0109616
0.0108196
0.0106711
0.0105161
0.0103547
0.0101871
0.0100132
0.00983328
0.00964738
0.00945562
0.00925812
0.00905501
0.0088464
0.00863242
0.00841319
0.00818887
0.00795957
0.00772543
0.00748661
0.00724325
0.00699549
0.00674348
0.00648738
0.00622734
0.00596352
0.00569609
0.00542519
0.005151
0.00487369
0.00459341
0.00431035
0.00402468
0.00373656
0.00344617
0.00315369
0.0028593
0.00256317
0.00226549
0.00196643
0.00166618
0.00136492
0.00106283
0.000760097
0.000456903
0.000153432
-0.000150132
-0.000453603
-0.000756798
-0.00105953
-0.00136162
-0.00166289
-0.00196314
-0.0022622
-0.00255989
-0.00285602
-0.00315042
-0.0034429
-0.0037333
-0.00402142
-0.00430711
-0.00459017
-0.00487045
-0.00514778
-0.00542198
-0.00569288
-0.00596033
-0.00622416
-0.00648421
-0.00674032
-0.00699234
-0.00724011
-0.00748349
-0.00772232
-0.00795647
-0.00818578
-0.00841012
-0.00862936
-0.00884336
-0.00905199
-0.00925512
-0.00945263
-0.0096444
-0.00983032
-0.0100103
-0.0101841
-0.0103518
-0.0105132
-0.0106682
-0.0108168
-0.0109588
-0.0110941
-0.0112227
-0.0113444
-0.0114593
-0.0115672
-0.0116682
-0.011762
-0.0118486
-0.0119281
-0.0120004
-0.0120653
-0.012123
-0.0121732
-0.0122161
-0.0122516
-0.0122796
-0.0123002
-0.0123133
-0.0123189
-0.012317
-0.0123077
-0.0122909
-0.0122666
-0.0122349
-0.0121958
-0.0121492
-0.0120953
-0.012034
-0.0119654
-0.0118896
-0.0118065
-0.0117163
-0.011619
-0.0115146
-0.0114032
-0.0112849
-0.0111597
-0.0110278
-0.0108892
-0.0107439
-0.0105922
-0.010434
-0.0102694
-0.0100987
-0.00992178
-0.00973886
-0.00955002
-0.00935539
-0.00915508
-0.00894921
-0.00873791
-0.00852131
-0.00829952
-0.00807271
-0.00784098
-0.0076045
-0.00736341
-0.00711784
-0.00686795
-0.00661389
-0.00635581
-0.00609388
-0.00582824
-0.00555907
-0.00528652
-0.00501077
-0.00473197
-0.0044503
-0.00416592
-0.00387902
-0.00358976
-0.00329832
-0.00300488
-0.00270962
-0.00241271
-0.00211433
-0.00181468
-0.00151392
-0.00121224
-0.000909823
-0.000606856
-0.00030352
0
0
-0.00030352
-0.000606856
-0.000909823
-0.00121224
-0.00151392
-0.00181468
-0.00211433
-0.00241271
-0.00270962
-0.00300488
-0.00329832
-0.00358976
-0.00387902
-0.00416592
-0.0044503
-0.00473197
-0.00501077
-0.00528652
-0.00555907
-0.00582824
-0.00609388
-0.00635581
-0.00661389
-0.00686795
-0.00711784
-0.00736341
-0.0076045
-0.00784098
-0.00807271
-0.00829952
-0.00852131
-0.00873791
-0.00894921
-0.00915508
-0.00935539
-0.00955002
-0.00973886
-0.00992178
-0.0100987
-0.0102694
-0.010434
-0.0105922
-0.0107439
-0.0108892
-0.0110278
-0.0111597
-0.0112849
-0.0114032
-0.0115146
-0.011619
-0.0117163
-0.0118065
-0.0118896
-0.0119654
-0.012034
-0.0120953
-0.0121492
-0.0121958
-0.0122349
-0.0122666
-0.0122909
-0.0123077
-0.012317
-0.0123189
-0.0123133
-0.0123002
-0.0122796
-0.0122516
-0.0122161
-0.0121732
-0.012123
-0.0120653
-0.0120004
-0.0119281
-0.0118486
-0.011762
-0.0116682
-0.0115672
-0.0114593
-0.0113444
-0.0112227
-0.0110941
-0.0109588
-0.0108168
-0.0106682
-0.0105132
-0.0103518
-0.0101841
-0.0100103
-0.00983032
-0.0096444
-0.00945263
-0.00925512
-0.00905199
-0.00884336
-0.00862936
-0.00841012
-0.00818578
-0.00795647
-0.00772232
-0.00748349
-0.00724011
-0.00699234
-0.00674032
-0.00648421
-0.00622416
-0.00596033
-0.00569288
-0.00542198
-0.00514778
-0.00487045
-0.00459017
-0.00430711
-0.00402142
-0.0037333
-0.0034429
-0.00315042
-0.00285602
-0.00255989
-0.0022622
-0.00196314
-0.00166289
-0.00136162
-0.00105953
-0.000756798
-0.000453603
-0.000150132
0.000153432
0.000456903
0.000760097
0.00106283
0.00136492
0.00166618
0.00196643
0.00226549
0.00256317
0.0028593
0.00315369
0.00344617
0.00373656
0.00402468
0.00431035
0.00459341
0.00487369
0.005151
0.00542519
0.00569609
0.00596352
0.00622734
0.00648738
0.00674348
0.00699549
0.00724325
0.00748661
0.00772543
0.00795957
0.00818887
0.00841319
0.00863242
0.0088464
0.00905501
0.00925812
0.00945562
0.00964738
0.00983328
0.0100132
0.0101871
0.0103547
0.0105161
0.0106711
0.0108196
0.0109616
0.0110969
0.0112254
0.0113472
0.0114621
0.01157
0.0116708
0.0117646
0.0118513
0.0119307
0.012003
0.0120679
0.0121255
0.0121757
0.0122186
0.012254
0.012282
0.0123026
0.0123156
0.0123212
0.0123193
0.01231
0.0122931
0.0122688
0.0122371
0.0121979
0.0121513
0.0120974
0.0120361
0.0119675
0.0118916
0.0118085
0.0117183
0.0116209
0.0115165
0.011405
0.0112867
0.0111615
0.0110295
0.0108909
0.0107456
0.0105938
0.0104356
0.010271
0.0101002
0.00992327
0.00974031
0.00955144
0.00935677
0.00915643
0.00895052
0.00873918
0.00852254
0.00830072
0.00807386
0.0078421
0.00760558
0.00736444
0.00711884
0.00686891
0.00661481
0.0063567
0.00609472
0.00582905
0.00555984
0.00528725
0.00501145
0.00473261
0.0044509
0.00416649
0.00387955
0.00359025
0.00329877
0.00300529
0.00270998
0.00241303
0.00211462
0.00181492
0.00151412
0.0012124
0.000909945
0.000606937
0.000303561
0
0
-0.000910416
-0.00182028
-0.00272904
-0.00363614
-0.00454103
-0.00544317
-0.006342
-0.00723699
-0.00812758
-0.00901323
-0.00989341
-0.0107676
-0.0116352
-0.0124958
-0.0133488
-0.0141937
-0.0150299
-0.0158571
-0.0166746
-0.017482
-0.0182788
-0.0190645
-0.0198386
-0.0206006
-0.0213502
-0.0220868
-0.02281
-0.0235193
-0.0242144
-0.0248947
-0.02556
-0.0262097
-0.0268435
-0.027461
-0.0280619
-0.0286457
-0.0292121
-0.0297608
-0.0302914
-0.0308036
-0.0312972
-0.0317717
-0.0322269
-0.0326626
-0.0330784
-0.0334742
-0.0338496
-0.0342045
-0.0345386
-0.0348518
-0.0351438
-0.0354144
-0.0356636
-0.0358911
-0.0360968
-0.0362806
-0.0364424
-0.036582
-0.0366995
-0.0367946
-0.0368674
-0.0369179
-0.0369459
-0.0369515
-0.0369347
-0.0368954
-0.0368337
-0.0367497
-0.0366434
-0.0365148
-0.036364
-0.0361912
-0.0359964
-0.0357798
-0.0355414
-0.0352814
-0.0350001
-0.0346974
-0.0343737
-0.0340292
-0.033664
-0.0332783
-0.0328725
-0.0324466
-0.0320011
-0.0315362
-0.0310521
-0.0305492
-0.0300277
-0.0294879
-0.0289303
-0.0283551
-0.0277627
-0.0271535
-0.0265277
-0.0258859
-0.0252283
-0.0245555
-0.0238677
-0.0231654
-0.022449
-0.0217191
-0.0209759
-0.02022
-0.0194519
-0.0186719
-0.0178806
-0.0170784
-0.0162658
-0.0154434
-0.0146116
-0.013771
-0.0129219
-0.0120651
-0.0112009
-0.0103299
-0.00945262
-0.00856961
-0.0076814
-0.00678852
-0.00589152
-0.00499095
-0.00408734
-0.00318125
-0.00227323
-0.00136383
-0.000453603
0.000456903
0.00136713
0.00227653
0.00318455
0.00409064
0.00499424
0.00589481
0.00679181
0.00768468
0.00857289
0.00945589
0.0103332
0.0112041
0.0120683
0.0129252
0.0137742
0.0146149
0.0154467
0.0162691
0.0170816
0.0178838
0.0186751
0.019455
0.0202232
0.0209791
0.0217222
0.0224522
0.0231685
0.0238708
0.0245585
0.0252314
0.025889
0.0265308
0.0271565
0.0277657
0.0283581
0.0289333
0.0294909
0.0300306
0.0305521
0.031055
0.0315391
0.032004
0.0324495
0.0328753
0.0332811
0.0336667
0.0340319
0.0343765
0.0347001
0.0350027
0.0352841
0.035544
0.0357824
0.035999
0.0361938
0.0363666
0.0365173
0.0366459
0.0367522
0.0368362
0.0368978
0.036937
0.0369538
0.0369482
0.0369202
0.0368697
0.0367968
0.0367017
0.0365842
0.0364445
0.0362827
0.0360989
0.0358931
0.0356656
0.0354164
0.0351457
0.0348537
0.0345405
0.0342063
0.0338514
0.033476
0.0330802
0.0326643
0.0322286
0.0317733
0.0312988
0.0308052
0.0302929
0.0297623
0.0292136
0.0286471
0.0280633
0.0274624
0.0268448
0.026211
0.0255612
0.0248959
0.0242155
0.0235204
0.022811
0.0220878
0.0213512
0.0206016
0.0198395
0.0190653
0.0182796
0.0174828
0.0166754
0.0158578
0.0150306
0.0141943
0.0133494
0.0124964
0.0116358
0.0107681
0.00989386
0.00901364
0.00812794
0.00723731
0.00634229
0.00544342
0.00454124
0.0036363
0.00272916
0.00182036
0.000910457
0
0
-0.00151676
-0.0030326
-0.0045466
-0.00605784
-0.0075654
-0.00906836
-0.0105658
-0.0120569
-0.0135406
-0.0150161
-0.0164825
-0.0179389
-0.0193844
-0.0208181
-0.0222392
-0.0236468
-0.02504
-0.026418
-0.02778
-0.0291251
-0.0304526
-0.0317615
-0.0330512
-0.0343208
-0.0355696
-0.0367968
-0.0380016
-0.0391834
-0.0403413
-0.0414748
-0.0425831
-0.0436656
-0.0447215
-0.0457503
-0.0467513
-0.047724
-0.0486676
-0.0495817
-0.0504658
-0.0513191
-0.0521414
-0.0529319
-0.0536904
-0.0544162
-0.055109
-0.0557683
-0.0563938
-0.0569851
-0.0575417
-0.0580634
-0.0585499
-0.0590008
-0.0594159
-0.0597949
-0.0601377
-0.0604439
-0.0607134
-0.0609461
-0.0611417
-0.0613003
-0.0614216
-0.0615057
-0.0615524
-0.0615617
-0.0615336
-0.0614682
-0.0613655
-0.0612255
-0.0610484
-0.0608342
-0.060583
-0.0602951
-0.0599706
-0.0596097
-0.0592125
-0.0587795
-0.0583107
-0.0578065
-0.0572673
-0.0566933
-0.0560848
-0.0554423
-0.0547662
-0.0540568
-0.0533146
-0.05254
-0.0517335
-0.0508956
-0.0500268
-0.0491277
-0.0481987
-0.0472404
-0.0462535
-0.0452385
-0.044196
-0.0431267
-0.0420312
-0.0409102
-0.0397644
-0.0385944
-0.037401
-0.0361849
-0.0349468
-0.0336875
-0.0324077
-0.0311083
-0.0297899
-0.0284535
-0.0270998
-0.0257297
-0.024344
-0.0229434
-0.0215289
-0.0201014
-0.0186617
-0.0172106
-0.0157491
-0.014278
-0.0127982
-0.0113107
-0.00981633
-0.00831598
-0.00681058
-0.00530104
-0.00378829
-0.00227323
-0.000756798
0.000760097
0.00227653
0.00379159
0.00530434
0.00681387
0.00831927
0.00981961
0.011314
0.0128015
0.0142813
0.0157523
0.0172139
0.0186649
0.0201047
0.0215322
0.0229467
0.0243472
0.0257329
0.0271031
0.0284567
0.0297931
0.0311114
0.0324109
0.0336906
0.0349499
0.036188
0.0374041
0.0385975
0.0397675
0.0409133
0.0420343
0.0431298
0.0441991
0.0452415
0.0462565
0.0472434
0.0482017
0.0491306
0.0500298
0.0508985
0.0517364
0.0525429
0.0533174
0.0540596
0.054769
0.0554451
0.0560876
0.056696
0.05727
0.0578093
0.0583134
0.0587821
0.0592152
0.0596123
0.0599732
0.0602977
0.0605856
0.0608367
0.0610509
0.061228
0.0613679
0.0614706
0.061536
0.061564
0.0615547
0.0615079
0.0614239
0.0613025
0.0611439
0.0609482
0.0607155
0.060446
0.0601397
0.059797
0.0594179
0.0590028
0.0585518
0.0580653
0.0575436
0.0569869
0.0563956
0.0557701
0.0551107
0.0544179
0.053692
0.0529336
0.052143
0.0513207
0.0504673
0.0495832
0.0486691
0.0477254
0.0467527
0.0457517
0.0447228
0.0436668
0.0425844
0.041476
0.0403425
0.0391845
0.0380027
0.0367978
0.0355706
0.0343218
0.0330521
0.0317624
0.0304534
0.0291259
0.0277808
0.0264188
0.0250407
0.0236474
0.0222398
0.0208187
0.0193849
0.0179394
0.0164829
0.0150165
0.013541
0.0120572
0.0105661
0.00906861
0.0075656
0.006058
0.00454672
0.00303268
0.0015168
0
0
-0.00212218
-0.00424308
-0.0063614
-0.00847585
-0.0105852
-0.012688
-0.0147832
-0.0168694
-0.0189454
-0.0210099
-0.0230616
-0.0250993
-0.0271218
-0.0291278
-0.0311161
-0.0330855
-0.0350349
-0.0369629
-0.0388686
-0.0407506
-0.0426079
-0.0444393
-0.0462438
-0.0480202
-0.0497674
-0.0514844
-0.0531701
-0.0548236
-0.0564438
-0.0580297
-0.0595804
-0.0610949
-0.0625724
-0.0640118
-0.0654124
-0.0667733
-0.0680936
-0.0693726
-0.0706095
-0.0718035
-0.0729539
-0.07406
-0.0751212
-0.0761367
-0.0771061
-0.0780286
-0.0789038
-0.079731
-0.0805099
-0.0812398
-0.0819205
-0.0825514
-0.0831322
-0.0836625
-0.084142
-0.0845705
-0.0849476
-0.0852731
-0.0855469
-0.0857687
-0.0859385
-0.0860561
-0.0861214
-0.0861345
-0.0860953
-0.0860038
-0.08586
-0.0856642
-0.0854164
-0.0851167
-0.0847653
-0.0843624
-0.0839084
-0.0834034
-0.0828477
-0.0822418
-0.081586
-0.0808806
-0.0801261
-0.0793229
-0.0784716
-0.0775727
-0.0766267
-0.0756341
-0.0745957
-0.0735119
-0.0723835
-0.0712112
-0.0699956
-0.0687376
-0.0674378
-0.0660971
-0.0647162
-0.063296
-0.0618375
-0.0603414
-0.0588086
-0.0572402
-0.0556369
-0.054
-0.0523302
-0.0506287
-0.0488964
-0.0471344
-0.0453439
-0.0435258
-0.0416812
-0.0398114
-0.0379174
-0.0360004
-0.0340615
-0.0321019
-0.0301229
-0.0281255
-0.0261111
-0.0240809
-0.022036
-0.0199777
-0.0179073
-0.015826
-0.0137352
-0.011636
-0.00952968
-0.00741761
-0.00530104
-0.00318125
-0.00105953
0.00106283
0.00318455
0.00530434
0.00742091
0.00953297
0.0116392
0.0137385
0.0158293
0.0179106
0.019981
0.0220392
0.0240841
0.0261144
0.0281288
0.0301261
0.0321052
0.0340647
0.0360036
0.0379206
0.0398146
0.0416844
0.0435289
0.045347
0.0471376
0.0488995
0.0506318
0.0523333
0.0540031
0.05564
0.0572432
0.0588117
0.0603444
0.0618405
0.0632991
0.0647192
0.0661
0.0674408
0.0687405
0.0699986
0.0712141
0.0723864
0.0735148
0.0745985
0.075637
0.0766295
0.0775755
0.0784744
0.0793257
0.0801288
0.0808833
0.0815886
0.0822445
0.0828504
0.083406
0.083911
0.084365
0.0847678
0.0851192
0.0854188
0.0856667
0.0858625
0.0860062
0.0860976
0.0861368
0.0861237
0.0860584
0.0859408
0.085771
0.0855491
0.0852753
0.0849497
0.0845726
0.0841441
0.0836645
0.0831342
0.0825534
0.0819224
0.0812417
0.0805117
0.0797328
0.0789056
0.0780304
0.0771078
0.0761384
0.0751229
0.0740617
0.0729555
0.071805
0.070611
0.0693741
0.0680951
0.0667747
0.0654138
0.0640132
0.0625737
0.0610962
0.0595816
0.0580309
0.056445
0.0548247
0.0531712
0.0514854
0.0497684
0.0480211
0.0462447
0.0444402
0.0426087
0.0407514
0.0388693
0.0369637
0.0350355
0.0330862
0.0311167
0.0291283
0.0271223
0.0250998
0.023062
0.0210103
0.0189458
0.0168698
0.0147835
0.0126883
0.0105854
0.00847602
0.00636152
0.00424316
0.00212222
0
0
-0.00272632
-0.00545098
-0.00817233
-0.0108887
-0.0135985
-0.0163
-0.0189917
-0.0216718
-0.0243387
-0.0269909
-0.0296267
-0.0322444
-0.0348427
-0.0374197
-0.0399741
-0.0425042
-0.0450084
-0.0474854
-0.0499335
-0.0523513
-0.0547373
-0.0570901
-0.0594083
-0.0616903
-0.063935
-0.0661408
-0.0683064
-0.0704306
-0.072512
-0.0745494
-0.0765415
-0.0784872
-0.0803852
-0.0822345
-0.0840338
-0.085782
-0.0874782
-0.0891213
-0.0907103
-0.0922442
-0.0937221
-0.0951432
-0.0965064
-0.0978111
-0.0990564
-0.100242
-0.101366
-0.102429
-0.103429
-0.104367
-0.105241
-0.106052
-0.106798
-0.107479
-0.108095
-0.108646
-0.10913
-0.109548
-0.1099
-0.110185
-0.110403
-0.110554
-0.110638
-0.110655
-0.110605
-0.110487
-0.110302
-0.110051
-0.109732
-0.109347
-0.108896
-0.108379
-0.107795
-0.107146
-0.106433
-0.105654
-0.104812
-0.103905
-0.102936
-0.101904
-0.100811
-0.099656
-0.0984406
-0.0971655
-0.0958315
-0.0944392
-0.0929896
-0.0914835
-0.0899219
-0.0883057
-0.0866359
-0.0849135
-0.0831396
-0.0813152
-0.0794414
-0.0775194
-0.0755503
-0.0735353
-0.0714757
-0.0693728
-0.0672277
-0.0650417
-0.0628163
-0.0605528
-0.0582525
-0.0559168
-0.0535472
-0.0511451
-0.0487119
-0.0462492
-0.0437583
-0.0412409
-0.0386985
-0.0361326
-0.0335447
-0.0309365
-0.0283095
-0.0256653
-0.0230055
-0.0203318
-0.0176457
-0.0149489
-0.012243
-0.00952968
-0.00681058
-0.00408734
-0.00136162
0.00136492
0.00409064
0.00681387
0.00953297
0.0122463
0.0149522
0.017649
0.020335
0.0230088
0.0256686
0.0283128
0.0309398
0.033548
0.0361358
0.0387018
0.0412442
0.0437616
0.0462524
0.0487151
0.0511483
0.0535504
0.05592
0.0582557
0.060556
0.0628195
0.0650449
0.0672308
0.0693759
0.0714788
0.0735384
0.0755533
0.0775224
0.0794444
0.0813182
0.0831426
0.0849165
0.0866389
0.0883087
0.0899249
0.0914864
0.0929925
0.0944421
0.0958343
0.0971684
0.0984435
0.0996588
0.100814
0.101907
0.102939
0.103908
0.104814
0.105657
0.106435
0.107149
0.107798
0.108381
0.108899
0.10935
0.109735
0.110053
0.110305
0.110489
0.110607
0.110657
0.110641
0.110557
0.110405
0.110187
0.109902
0.109551
0.109132
0.108648
0.108097
0.107481
0.1068
0.106054
0.105243
0.104369
0.103431
0.10243
0.101368
0.100243
0.0990581
0.0978128
0.0965081
0.0951448
0.0937237
0.0922458
0.0907118
0.0891228
0.0874797
0.0857834
0.0840351
0.0822358
0.0803865
0.0784885
0.0765428
0.0745506
0.0725132
0.0704317
0.0683075
0.0661418
0.063936
0.0616913
0.0594092
0.057091
0.0547382
0.0523521
0.0499343
0.0474861
0.0450091
0.0425048
0.0399747
0.0374203
0.0348432
0.0322449
0.0296271
0.0269913
0.0243391
0.0216721
0.0189919
0.0163003
0.0135987
0.0108889
0.00817245
0.00545106
0.00272636
0
0
-0.0033288
-0.00665557
-0.00997831
-0.013295
-0.0166036
-0.0199021
-0.0231886
-0.0264609
-0.0297172
-0.0329555
-0.0361737
-0.03937
-0.0425424
-0.045689
-0.0488078
-0.051897
-0.0549547
-0.057979
-0.0609681
-0.0639203
-0.0668336
-0.0697063
-0.0725367
-0.0753231
-0.0780637
-0.080757
-0.0834012
-0.0859948
-0.0885362
-0.0910238
-0.0934562
-0.0958318
-0.0981493
-0.100407
-0.102604
-0.104739
-0.10681
-0.108816
-0.110756
-0.112629
-0.114433
-0.116169
-0.117833
-0.119426
-0.120947
-0.122394
-0.123766
-0.125064
-0.126286
-0.127431
-0.128498
-0.129488
-0.130399
-0.131231
-0.131983
-0.132655
-0.133247
-0.133757
-0.134187
-0.134535
-0.134801
-0.134985
-0.135088
-0.135108
-0.135047
-0.134903
-0.134678
-0.134371
-0.133982
-0.133512
-0.132961
-0.132329
-0.131617
-0.130824
-0.129953
-0.129003
-0.127974
-0.126867
-0.125684
-0.124424
-0.123089
-0.121679
-0.120195
-0.118638
-0.117009
-0.115309
-0.113539
-0.1117
-0.109794
-0.10782
-0.105781
-0.103678
-0.101513
-0.0992849
-0.0969971
-0.0946503
-0.0922461
-0.0897859
-0.0872711
-0.0847034
-0.0820843
-0.0794153
-0.0766981
-0.0739344
-0.0711258
-0.0682739
-0.0653807
-0.0624477
-0.0594769
-0.0564699
-0.0534286
-0.0503549
-0.0472507
-0.0441177
-0.040958
-0.0377734
-0.0345658
-0.0313373
-0.0280897
-0.0248251
-0.0215455
-0.0182527
-0.0149489
-0.011636
-0.00831598
-0.00499095
-0.00166289
0.00166618
0.00499424
0.00831927
0.0116392
0.0149522
0.018256
0.0215487
0.0248284
0.028093
0.0313406
0.0345691
0.0377766
0.0409612
0.0441209
0.0472539
0.0503582
0.0534318
0.0564731
0.0594801
0.0624509
0.0653839
0.0682771
0.0711289
0.0739376
0.0767013
0.0794185
0.0820874
0.0847065
0.0872742
0.0897889
0.0922492
0.0946534
0.0970001
0.0992879
0.101516
0.103681
0.105784
0.107823
0.109797
0.111703
0.113542
0.115312
0.117012
0.118641
0.120198
0.121682
0.123092
0.124427
0.125687
0.12687
0.127976
0.129005
0.129956
0.130827
0.131619
0.132331
0.132963
0.133514
0.133984
0.134373
0.13468
0.134906
0.135049
0.135111
0.13509
0.134988
0.134803
0.134537
0.134189
0.133759
0.133249
0.132657
0.131985
0.131233
0.130401
0.12949
0.1285
0.127433
0.126287
0.125066
0.123768
0.122395
0.120948
0.119428
0.117835
0.11617
0.114435
0.112631
0.110758
0.108817
0.106811
0.10474
0.102605
0.100409
0.0981506
0.0958331
0.0934574
0.091025
0.0885373
0.0859959
0.0834023
0.080758
0.0780647
0.075324
0.0725376
0.0697072
0.0668344
0.0639211
0.0609689
0.0579797
0.0549554
0.0518977
0.0488084
0.0456896
0.0425429
0.0393705
0.0361742
0.0329559
0.0297176
0.0264613
0.0231888
0.0199024
0.0166038
0.0132951
0.00997843
0.00665565
0.00332884
0
0
-0.00392926
-0.00785613
-0.0117782
-0.0156932
-0.0195986
-0.0234921
-0.0273714
-0.031234
-0.0350777
-0.0389001
-0.0426989
-0.0464717
-0.0502164
-0.0539305
-0.0576119
-0.0612583
-0.0648676
-0.0684374
-0.0719658
-0.0754504
-0.0788892
-0.0822801
-0.0856211
-0.0889101
-0.0921451
-0.0953242
-0.0984454
-0.101507
-0.104507
-0.107443
-0.110314
-0.113118
-0.115854
-0.118519
-0.121112
-0.123632
-0.126076
-0.128445
-0.130735
-0.132945
-0.135075
-0.137123
-0.139088
-0.140968
-0.142763
-0.144471
-0.146092
-0.147623
-0.149065
-0.150417
-0.151677
-0.152845
-0.153921
-0.154903
-0.155791
-0.156584
-0.157282
-0.157885
-0.158392
-0.158802
-0.159117
-0.159334
-0.159455
-0.15948
-0.159407
-0.159238
-0.158972
-0.158609
-0.15815
-0.157595
-0.156945
-0.156199
-0.155358
-0.154423
-0.153394
-0.152272
-0.151058
-0.149752
-0.148355
-0.146868
-0.145292
-0.143628
-0.141876
-0.140038
-0.138116
-0.136109
-0.13402
-0.131849
-0.129599
-0.127269
-0.124863
-0.12238
-0.119824
-0.117194
-0.114494
-0.111724
-0.108886
-0.105982
-0.103014
-0.0999827
-0.0968911
-0.0937407
-0.0905334
-0.0872711
-0.0839559
-0.0805896
-0.0771745
-0.0737125
-0.0702057
-0.0666563
-0.0630665
-0.0594383
-0.0557741
-0.052076
-0.0483463
-0.0445873
-0.0408012
-0.0369903
-0.0331569
-0.0293034
-0.0254322
-0.0215455
-0.0176457
-0.0137352
-0.00981633
-0.00589152
-0.00196314
0.00196643
0.00589481
0.00981961
0.0137385
0.017649
0.0215487
0.0254355
0.0293067
0.0331602
0.0369935
0.0408044
0.0445905
0.0483496
0.0520793
0.0557774
0.0594416
0.0630697
0.0666595
0.0702089
0.0737157
0.0771777
0.0805928
0.083959
0.0872743
0.0905365
0.0937438
0.0968942
0.0999858
0.103017
0.105985
0.108889
0.111727
0.114497
0.117197
0.119827
0.122383
0.124866
0.127272
0.129602
0.131852
0.134023
0.136112
0.138118
0.140041
0.141879
0.14363
0.145295
0.146871
0.148358
0.149755
0.151061
0.152275
0.153397
0.154426
0.155361
0.156201
0.156947
0.157598
0.158153
0.158611
0.158974
0.15924
0.159409
0.159482
0.159458
0.159337
0.159119
0.158805
0.158394
0.157887
0.157284
0.156586
0.155793
0.154905
0.153923
0.152847
0.151679
0.150419
0.149067
0.147625
0.146093
0.144473
0.142765
0.14097
0.13909
0.137125
0.135077
0.132947
0.130736
0.128446
0.126078
0.123633
0.121114
0.11852
0.115855
0.11312
0.110315
0.107444
0.104508
0.101508
0.0984465
0.0953252
0.0921461
0.088911
0.085622
0.082281
0.07889
0.0754512
0.0719665
0.0684382
0.0648683
0.061259
0.0576125
0.0539311
0.0502169
0.0464722
0.0426993
0.0389005
0.0350781
0.0312344
0.0273717
0.0234924
0.0195988
0.0156933
0.0117783
0.00785621
0.0039293
0
0
-0.00452733
-0.00905191
-0.013571
-0.0180818
-0.0225817
-0.0270679
-0.0315376
-0.0359882
-0.0404169
-0.0448211
-0.0491981
-0.0535452
-0.0578598
-0.0621393
-0.066381
-0.0705825
-0.0747411
-0.0788543
-0.0829197
-0.0869347
-0.090897
-0.094804
-0.0986535
-0.102443
-0.106171
-0.109833
-0.11343
-0.116957
-0.120414
-0.123797
-0.127105
-0.130336
-0.133488
-0.136559
-0.139547
-0.14245
-0.145267
-0.147995
-0.150634
-0.153181
-0.155635
-0.157995
-0.160259
-0.162425
-0.164493
-0.166461
-0.168328
-0.170093
-0.171755
-0.173312
-0.174764
-0.17611
-0.177349
-0.17848
-0.179503
-0.180418
-0.181222
-0.181917
-0.182501
-0.182974
-0.183336
-0.183587
-0.183726
-0.183754
-0.18367
-0.183475
-0.183169
-0.182751
-0.182222
-0.181583
-0.180833
-0.179974
-0.179005
-0.177928
-0.176743
-0.17545
-0.174051
-0.172546
-0.170936
-0.169223
-0.167407
-0.165489
-0.163471
-0.161354
-0.159138
-0.156826
-0.154419
-0.151918
-0.149325
-0.146641
-0.143868
-0.141008
-0.138062
-0.135033
-0.131921
-0.128729
-0.12546
-0.122114
-0.118693
-0.115201
-0.111639
-0.108009
-0.104314
-0.100555
-0.096735
-0.0928564
-0.0889214
-0.0849324
-0.0808919
-0.0768023
-0.072666
-0.0684857
-0.0642637
-0.0600027
-0.0557054
-0.0513741
-0.0470117
-0.0426208
-0.038204
-0.033764
-0.0293034
-0.0248251
-0.0203318
-0.015826
-0.0113107
-0.00678852
-0.0022622
0.00226549
0.00679181
0.011314
0.0158293
0.020335
0.0248284
0.0293067
0.0337672
0.0382072
0.0426241
0.047015
0.0513774
0.0557086
0.060006
0.0642669
0.0684889
0.0726693
0.0768055
0.0808951
0.0849356
0.0889246
0.0928595
0.0967381
0.100558
0.104317
0.108012
0.111642
0.115204
0.118697
0.122117
0.125463
0.128732
0.131924
0.135036
0.138065
0.141011
0.143871
0.146644
0.149328
0.151921
0.154422
0.156829
0.159141
0.161357
0.163474
0.165492
0.16741
0.169226
0.170939
0.172549
0.174054
0.175453
0.176745
0.177931
0.179008
0.179976
0.180836
0.181585
0.182225
0.182753
0.183171
0.183478
0.183673
0.183756
0.183729
0.183589
0.183338
0.182976
0.182503
0.181919
0.181224
0.18042
0.179506
0.178482
0.177351
0.176112
0.174766
0.173314
0.171757
0.170095
0.16833
0.166463
0.164495
0.162427
0.16026
0.157997
0.155637
0.153183
0.150635
0.147997
0.145268
0.142451
0.139548
0.13656
0.133489
0.130337
0.127106
0.123798
0.120415
0.116958
0.113431
0.109835
0.106172
0.102444
0.0986544
0.0948049
0.0908978
0.0869355
0.0829205
0.0788551
0.0747418
0.0705831
0.0663816
0.0621398
0.0578603
0.0535457
0.0491985
0.0448215
0.0404173
0.0359885
0.0315379
0.0270681
0.0225819
0.018082
0.0135711
0.00905199
0.00452737
0
0
-0.00512265
-0.0102422
-0.0153555
-0.0204595
-0.0255511
-0.0306272
-0.0356846
-0.0407205
-0.0457316
-0.0507149
-0.0556674
-0.0605862
-0.0654681
-0.0703103
-0.0751099
-0.0798638
-0.0845692
-0.0892233
-0.0938233
-0.0983663
-0.10285
-0.10727
-0.111626
-0.115914
-0.120132
-0.124276
-0.128345
-0.132337
-0.136247
-0.140076
-0.143819
-0.147475
-0.151041
-0.154516
-0.157896
-0.161181
-0.164369
-0.167456
-0.170441
-0.173324
-0.176101
-0.178771
-0.181332
-0.183784
-0.186123
-0.18835
-0.190463
-0.19246
-0.19434
-0.196102
-0.197745
-0.199268
-0.20067
-0.20195
-0.203107
-0.204142
-0.205052
-0.205838
-0.206499
-0.207034
-0.207444
-0.207728
-0.207886
-0.207917
-0.207822
-0.207602
-0.207255
-0.206782
-0.206184
-0.20546
-0.204612
-0.20364
-0.202544
-0.201325
-0.199984
-0.198521
-0.196938
-0.195235
-0.193414
-0.191475
-0.18942
-0.187251
-0.184967
-0.182571
-0.180064
-0.177448
-0.174725
-0.171895
-0.168961
-0.165924
-0.162787
-0.15955
-0.156217
-0.152789
-0.149268
-0.145657
-0.141957
-0.138171
-0.134301
-0.13035
-0.126319
-0.122212
-0.118031
-0.113778
-0.109455
-0.105067
-0.100614
-0.0961009
-0.091529
-0.0869016
-0.0822215
-0.0774914
-0.0727143
-0.067893
-0.0630306
-0.0581298
-0.0531938
-0.0482254
-0.0432278
-0.038204
-0.0331569
-0.0280897
-0.0230055
-0.0179073
-0.0127982
-0.0076814
-0.00255989
0.00256317
0.00768468
0.0128015
0.0179106
0.0230088
0.028093
0.0331602
0.0382072
0.0432311
0.0482287
0.053197
0.0581331
0.0630338
0.0678963
0.0727175
0.0774946
0.0822247
0.0869048
0.0915322
0.096104
0.100618
0.10507
0.109459
0.113781
0.118034
0.122215
0.126322
0.130353
0.134304
0.138174
0.14196
0.14566
0.149271
0.152792
0.15622
0.159553
0.16279
0.165927
0.168964
0.171898
0.174728
0.177451
0.180067
0.182574
0.18497
0.187253
0.189423
0.191478
0.193417
0.195238
0.196941
0.198524
0.199986
0.201327
0.202546
0.203642
0.204615
0.205463
0.206186
0.206784
0.207257
0.207604
0.207825
0.207919
0.207888
0.20773
0.207446
0.207036
0.206501
0.20584
0.205054
0.204144
0.203109
0.201952
0.200672
0.19927
0.197747
0.196104
0.194342
0.192462
0.190465
0.188352
0.186125
0.183785
0.181334
0.178772
0.176102
0.173325
0.170443
0.167457
0.16437
0.161183
0.157898
0.154517
0.151042
0.147476
0.14382
0.140077
0.136249
0.132338
0.128346
0.124277
0.120133
0.115915
0.111627
0.107271
0.10285
0.0983671
0.093824
0.0892241
0.0845699
0.0798644
0.0751105
0.0703109
0.0654686
0.0605866
0.0556679
0.0507153
0.0457319
0.0407208
0.0356849
0.0306274
0.0255513
0.0204597
0.0153556
0.0102423
0.00512269
0
0
-0.00571487
-0.0114263
-0.0171307
-0.0228248
-0.028505
-0.0341679
-0.03981
-0.045428
-0.0510184
-0.0565779
-0.062103
-0.0675903
-0.0730367
-0.0784387
-0.0837931
-0.0890966
-0.094346
-0.0995382
-0.10467
-0.109738
-0.11474
-0.119672
-0.124531
-0.129314
-0.13402
-0.138643
-0.143183
-0.147636
-0.151999
-0.156269
-0.160445
-0.164524
-0.168502
-0.172379
-0.17615
-0.179815
-0.183371
-0.186815
-0.190146
-0.193361
-0.196459
-0.199438
-0.202295
-0.20503
-0.207641
-0.210125
-0.212482
-0.214709
-0.216807
-0.218773
-0.220606
-0.222305
-0.223869
-0.225297
-0.226588
-0.227742
-0.228757
-0.229634
-0.230371
-0.230969
-0.231426
-0.231743
-0.231919
-0.231954
-0.231848
-0.231602
-0.231215
-0.230687
-0.23002
-0.229213
-0.228267
-0.227182
-0.225959
-0.224599
-0.223103
-0.221471
-0.219705
-0.217806
-0.215774
-0.213611
-0.211319
-0.208898
-0.206351
-0.203678
-0.200881
-0.197963
-0.194924
-0.191767
-0.188494
-0.185106
-0.181606
-0.177995
-0.174277
-0.170453
-0.166525
-0.162496
-0.158368
-0.154145
-0.149828
-0.145419
-0.140923
-0.136341
-0.131676
-0.126931
-0.122109
-0.117213
-0.112246
-0.107211
-0.102111
-0.0969482
-0.091727
-0.0864501
-0.0811207
-0.0757421
-0.0703175
-0.0648502
-0.0593435
-0.0538008
-0.0482254
-0.0426208
-0.0369903
-0.0313373
-0.0256653
-0.0199777
-0.014278
-0.00856961
-0.00285602
0.0028593
0.00857289
0.0142813
0.019981
0.0256686
0.0313406
0.0369935
0.0426241
0.0482287
0.0538041
0.0593468
0.0648534
0.0703207
0.0757453
0.081124
0.0864533
0.0917302
0.0969514
0.102114
0.107214
0.112249
0.117216
0.122112
0.126934
0.131679
0.136344
0.140926
0.145422
0.149831
0.154148
0.158372
0.162499
0.166528
0.170456
0.17428
0.177998
0.181609
0.185109
0.188497
0.19177
0.194927
0.197966
0.200884
0.203681
0.206353
0.208901
0.211322
0.213614
0.215777
0.217808
0.219708
0.221474
0.223106
0.224602
0.225962
0.227185
0.228269
0.229215
0.230023
0.23069
0.231217
0.231604
0.231851
0.231956
0.231921
0.231745
0.231428
0.230971
0.230374
0.229636
0.22876
0.227744
0.22659
0.225299
0.223871
0.222306
0.220607
0.218774
0.216809
0.214711
0.212483
0.210127
0.207642
0.205032
0.202297
0.199439
0.196461
0.193363
0.190147
0.186816
0.183372
0.179817
0.176152
0.17238
0.168504
0.164525
0.160447
0.156271
0.152
0.147637
0.143184
0.138644
0.134021
0.129315
0.124532
0.119672
0.11474
0.109739
0.104671
0.0995389
0.0943467
0.0890973
0.0837937
0.0784393
0.0730372
0.0675908
0.0621034
0.0565783
0.0510188
0.0454284
0.0398103
0.0341681
0.0285052
0.0228249
0.0171308
0.0114263
0.00571491
0
0
-0.00630361
-0.0126034
-0.0188955
-0.0251762
-0.0314416
-0.0376879
-0.0439113
-0.050108
-0.0562744
-0.0624065
-0.0685008
-0.0745535
-0.0805609
-0.0865194
-0.0924254
-0.0982753
-0.104066
-0.109793
-0.115453
-0.121043
-0.12656
-0.132
-0.13736
-0.142636
-0.147826
-0.152926
-0.157934
-0.162845
-0.167658
-0.172368
-0.176974
-0.181473
-0.185862
-0.190137
-0.194297
-0.19834
-0.202262
-0.206061
-0.209735
-0.213281
-0.216698
-0.219984
-0.223136
-0.226153
-0.229032
-0.231772
-0.234372
-0.236829
-0.239142
-0.241311
-0.243332
-0.245206
-0.246932
-0.248507
-0.249931
-0.251204
-0.252324
-0.253291
-0.254104
-0.254763
-0.255267
-0.255617
-0.255811
-0.25585
-0.255733
-0.255461
-0.255035
-0.254453
-0.253717
-0.252827
-0.251783
-0.250586
-0.249238
-0.247738
-0.246087
-0.244288
-0.242339
-0.240244
-0.238003
-0.235618
-0.233089
-0.230419
-0.227609
-0.224661
-0.221576
-0.218357
-0.215005
-0.211523
-0.207913
-0.204176
-0.200315
-0.196333
-0.192231
-0.188013
-0.18368
-0.179236
-0.174684
-0.170025
-0.165263
-0.1604
-0.155441
-0.150387
-0.145241
-0.140008
-0.134689
-0.129289
-0.12381
-0.118256
-0.11263
-0.106936
-0.101177
-0.0953563
-0.0894779
-0.0835452
-0.0775617
-0.0715312
-0.0654572
-0.0593435
-0.0531938
-0.0470117
-0.0408012
-0.0345658
-0.0283095
-0.022036
-0.0157491
-0.00945262
-0.00315042
0.00315369
0.00945589
0.0157523
0.0220392
0.0283128
0.0345691
0.0408044
0.047015
0.053197
0.0593468
0.0654605
0.0715344
0.077565
0.0835484
0.0894811
0.0953595
0.10118
0.106939
0.112633
0.118259
0.123813
0.129292
0.134692
0.140011
0.145244
0.15039
0.155444
0.160404
0.165266
0.170028
0.174687
0.179239
0.183683
0.188016
0.192234
0.196336
0.200318
0.204179
0.207916
0.211526
0.215008
0.21836
0.221579
0.224664
0.227612
0.230422
0.233092
0.23562
0.238006
0.240247
0.242342
0.24429
0.24609
0.24774
0.24924
0.250589
0.251785
0.252829
0.253719
0.254455
0.255037
0.255464
0.255736
0.255852
0.255813
0.255619
0.25527
0.254765
0.254106
0.253293
0.252326
0.251206
0.249933
0.248509
0.246934
0.245208
0.243334
0.241312
0.239144
0.236831
0.234373
0.231774
0.229034
0.226154
0.223138
0.219986
0.2167
0.213283
0.209736
0.206062
0.202263
0.198341
0.194299
0.190139
0.185863
0.181474
0.176976
0.172369
0.167659
0.162846
0.157935
0.152927
0.147827
0.142637
0.137361
0.132001
0.126561
0.121044
0.115454
0.109793
0.104066
0.098276
0.092426
0.08652
0.0805614
0.074554
0.0685012
0.0624069
0.0562747
0.0501083
0.0439116
0.0376881
0.0314418
0.0251764
0.0188957
0.0126035
0.00630365
0
0
-0.00688853
-0.0137729
-0.0206489
-0.0275123
-0.0343591
-0.041185
-0.0479858
-0.0547576
-0.0614961
-0.0681973
-0.0748571
-0.0814714
-0.0880362
-0.0945477
-0.101002
-0.107394
-0.113722
-0.11998
-0.126166
-0.132275
-0.138304
-0.144249
-0.150106
-0.155872
-0.161543
-0.167117
-0.172588
-0.177956
-0.183215
-0.188363
-0.193396
-0.198312
-0.203108
-0.20778
-0.212326
-0.216744
-0.22103
-0.225181
-0.229196
-0.233072
-0.236806
-0.240396
-0.243841
-0.247137
-0.250284
-0.253278
-0.256119
-0.258804
-0.261332
-0.263702
-0.265911
-0.267959
-0.269845
-0.271566
-0.273123
-0.274513
-0.275737
-0.276794
-0.277683
-0.278403
-0.278954
-0.279336
-0.279548
-0.27959
-0.279463
-0.279166
-0.2787
-0.278064
-0.277259
-0.276287
-0.275146
-0.273839
-0.272365
-0.270726
-0.268922
-0.266955
-0.264826
-0.262537
-0.260088
-0.257481
-0.254718
-0.2518
-0.248729
-0.245507
-0.242136
-0.238619
-0.234956
-0.231151
-0.227205
-0.223122
-0.218903
-0.214551
-0.210068
-0.205459
-0.200724
-0.195868
-0.190893
-0.185802
-0.180598
-0.175284
-0.169864
-0.164341
-0.158718
-0.152999
-0.147187
-0.141286
-0.135298
-0.129229
-0.123081
-0.116859
-0.110565
-0.104205
-0.0977808
-0.0912975
-0.0847589
-0.0781688
-0.0715312
-0.0648502
-0.0581298
-0.0513741
-0.0445873
-0.0377734
-0.0309365
-0.0240809
-0.0172106
-0.0103299
-0.0034429
0.00344617
0.0103332
0.0172139
0.0240841
0.0309398
0.0377766
0.0445905
0.0513774
0.0581331
0.0648534
0.0715344
0.078172
0.0847621
0.0913008
0.097784
0.104208
0.110568
0.116862
0.123084
0.129232
0.135302
0.141289
0.14719
0.153002
0.158722
0.164344
0.169867
0.175287
0.180601
0.185805
0.190896
0.195871
0.200727
0.205462
0.210071
0.214554
0.218905
0.223124
0.227208
0.231154
0.234959
0.238622
0.242139
0.24551
0.248732
0.251802
0.25472
0.257484
0.26009
0.262539
0.264829
0.266958
0.268925
0.270728
0.272367
0.273841
0.275149
0.276289
0.277262
0.278066
0.278702
0.279168
0.279465
0.279593
0.27955
0.279338
0.278956
0.278405
0.277685
0.276796
0.27574
0.274515
0.273125
0.271568
0.269847
0.267961
0.265913
0.263704
0.261334
0.258806
0.256121
0.25328
0.250286
0.247139
0.243843
0.240398
0.236808
0.233073
0.229198
0.225183
0.221031
0.216745
0.212328
0.207782
0.203109
0.198313
0.193397
0.188364
0.183216
0.177957
0.17259
0.167118
0.161544
0.155873
0.150107
0.144249
0.138305
0.132276
0.126167
0.119981
0.113723
0.107395
0.101002
0.0945482
0.0880368
0.0814719
0.0748575
0.0681977
0.0614965
0.0547579
0.0479861
0.0411852
0.0343593
0.0275125
0.020649
0.013773
0.00688857
0
0
-0.00746927
-0.014934
-0.0223897
-0.0298317
-0.0372557
-0.044657
-0.0520313
-0.0593739
-0.0666805
-0.0739466
-0.0811679
-0.0883398
-0.0954581
-0.102518
-0.109517
-0.116448
-0.123309
-0.130095
-0.136802
-0.143426
-0.149963
-0.156409
-0.16276
-0.169012
-0.175162
-0.181205
-0.187138
-0.192958
-0.198661
-0.204242
-0.2097
-0.215031
-0.220231
-0.225297
-0.230227
-0.235016
-0.239663
-0.244165
-0.248518
-0.252721
-0.25677
-0.260663
-0.264398
-0.267972
-0.271384
-0.274631
-0.277711
-0.280623
-0.283364
-0.285933
-0.288329
-0.29055
-0.292594
-0.29446
-0.296148
-0.297656
-0.298983
-0.300129
-0.301093
-0.301874
-0.302471
-0.302885
-0.303115
-0.303161
-0.303023
-0.302701
-0.302195
-0.301506
-0.300634
-0.299579
-0.298342
-0.296924
-0.295326
-0.293549
-0.291593
-0.289461
-0.287153
-0.28467
-0.282014
-0.279188
-0.276192
-0.273028
-0.269698
-0.266205
-0.26255
-0.258735
-0.254764
-0.250638
-0.24636
-0.241932
-0.237357
-0.232638
-0.227778
-0.22278
-0.217646
-0.212381
-0.206986
-0.201466
-0.195823
-0.190062
-0.184185
-0.178196
-0.172099
-0.165898
-0.159596
-0.153197
-0.146705
-0.140124
-0.133458
-0.126711
-0.119887
-0.11299
-0.106024
-0.0989945
-0.0919046
-0.0847589
-0.0775617
-0.0703175
-0.0630306
-0.0557054
-0.0483463
-0.040958
-0.0335447
-0.0261111
-0.0186617
-0.0112009
-0.0037333
0.00373656
0.0112041
0.0186649
0.0261144
0.033548
0.0409612
0.0483496
0.0557086
0.0630338
0.0703207
0.077565
0.0847621
0.0919078
0.0989977
0.106027
0.112993
0.11989
0.126714
0.133461
0.140127
0.146708
0.1532
0.159599
0.165901
0.172102
0.178199
0.184188
0.190065
0.195826
0.201469
0.206989
0.212384
0.217649
0.222783
0.227781
0.232641
0.23736
0.241935
0.246363
0.250641
0.254767
0.258738
0.262553
0.266208
0.269701
0.27303
0.276194
0.27919
0.282017
0.284673
0.287155
0.289464
0.291596
0.293552
0.295329
0.296927
0.298345
0.299581
0.300636
0.301508
0.302198
0.302703
0.303025
0.303163
0.303117
0.302887
0.302473
0.301876
0.301095
0.300131
0.298986
0.297658
0.29615
0.294462
0.292596
0.290552
0.288331
0.285935
0.283366
0.280625
0.277713
0.274633
0.271386
0.267974
0.2644
0.260665
0.256771
0.252722
0.24852
0.244166
0.239665
0.235018
0.230228
0.225298
0.220232
0.215032
0.209701
0.204244
0.198662
0.192959
0.18714
0.181206
0.175163
0.169013
0.162761
0.15641
0.149964
0.143427
0.136803
0.130096
0.12331
0.116449
0.109517
0.102519
0.0954586
0.0883403
0.0811683
0.073947
0.0666809
0.0593742
0.0520316
0.0446573
0.0372559
0.0298319
0.0223898
0.0149341
0.00746931
0
0
-0.00804547
-0.0160861
-0.0241169
-0.032133
-0.0401297
-0.048102
-0.0560451
-0.0639542
-0.0718245
-0.0796511
-0.0874294
-0.0951546
-0.102822
-0.110427
-0.117965
-0.125431
-0.132822
-0.140131
-0.147356
-0.154491
-0.161532
-0.168475
-0.175316
-0.182051
-0.188675
-0.195184
-0.201575
-0.207843
-0.213986
-0.219998
-0.225877
-0.231619
-0.23722
-0.242677
-0.247987
-0.253146
-0.258152
-0.263001
-0.26769
-0.272216
-0.276578
-0.280771
-0.284794
-0.288645
-0.292319
-0.295817
-0.299135
-0.302271
-0.305224
-0.307991
-0.310572
-0.312963
-0.315165
-0.317176
-0.318994
-0.320618
-0.322048
-0.323282
-0.32432
-0.325161
-0.325805
-0.326251
-0.326498
-0.326548
-0.326399
-0.326052
-0.325508
-0.324765
-0.323826
-0.322689
-0.321357
-0.31983
-0.318109
-0.316194
-0.314088
-0.311791
-0.309304
-0.30663
-0.30377
-0.300725
-0.297498
-0.29409
-0.290503
-0.286741
-0.282804
-0.278695
-0.274417
-0.269973
-0.265365
-0.260595
-0.255668
-0.250585
-0.24535
-0.239966
-0.234436
-0.228764
-0.222954
-0.217008
-0.21093
-0.204724
-0.198393
-0.191943
-0.185376
-0.178696
-0.171908
-0.165015
-0.158022
-0.150934
-0.143753
-0.136486
-0.129135
-0.121706
-0.114203
-0.106631
-0.0989945
-0.0912975
-0.0835452
-0.0757421
-0.067893
-0.0600027
-0.052076
-0.0441177
-0.0361326
-0.0281255
-0.0201014
-0.0120651
-0.00402142
0.00402468
0.0120683
0.0201047
0.0281288
0.0361358
0.0441209
0.0520793
0.060006
0.0678963
0.0757453
0.0835484
0.0913008
0.0989977
0.106635
0.114207
0.121709
0.129138
0.136489
0.143756
0.150937
0.158025
0.165018
0.171911
0.178699
0.185379
0.191946
0.198397
0.204727
0.210933
0.217011
0.222957
0.228768
0.234439
0.239969
0.245353
0.250588
0.255671
0.260598
0.265368
0.269976
0.27442
0.278698
0.282807
0.286743
0.290506
0.294093
0.297501
0.300728
0.303773
0.306633
0.309307
0.311793
0.31409
0.316197
0.318111
0.319833
0.32136
0.322692
0.323828
0.324768
0.32551
0.326055
0.326402
0.32655
0.326501
0.326253
0.325807
0.325163
0.324322
0.323284
0.32205
0.32062
0.318996
0.317178
0.315167
0.312965
0.310573
0.307993
0.305225
0.302273
0.299136
0.295819
0.292321
0.288646
0.284796
0.280773
0.276579
0.272218
0.267691
0.263002
0.258153
0.253148
0.247988
0.242678
0.237221
0.23162
0.225878
0.219999
0.213987
0.207845
0.201576
0.195185
0.188676
0.182052
0.175317
0.168476
0.161533
0.154492
0.147356
0.140132
0.132822
0.125432
0.117966
0.110428
0.102823
0.0951551
0.0874298
0.0796515
0.0718248
0.0639545
0.0560454
0.0481023
0.0401299
0.0321332
0.024117
0.0160861
0.00804551
0
0
-0.00861679
-0.0172283
-0.0258294
-0.0344148
-0.0429794
-0.0515178
-0.0600249
-0.0684957
-0.0769248
-0.0853072
-0.0936378
-0.101912
-0.110124
-0.118269
-0.126342
-0.134338
-0.142253
-0.150082
-0.15782
-0.165461
-0.173003
-0.180439
-0.187766
-0.194978
-0.202073
-0.209044
-0.215889
-0.222603
-0.229181
-0.235621
-0.241917
-0.248066
-0.254065
-0.25991
-0.265597
-0.271122
-0.276483
-0.281677
-0.286699
-0.291547
-0.296218
-0.300709
-0.305018
-0.309141
-0.313077
-0.316823
-0.320377
-0.323736
-0.326898
-0.329862
-0.332626
-0.335187
-0.337546
-0.339699
-0.341646
-0.343386
-0.344917
-0.346239
-0.34735
-0.348251
-0.34894
-0.349418
-0.349683
-0.349736
-0.349577
-0.349206
-0.348622
-0.347827
-0.346821
-0.345604
-0.344177
-0.342542
-0.340698
-0.338648
-0.336392
-0.333931
-0.331268
-0.328404
-0.325341
-0.32208
-0.318624
-0.314974
-0.311132
-0.307102
-0.302886
-0.298486
-0.293904
-0.289144
-0.284209
-0.2791
-0.273823
-0.268379
-0.262772
-0.257006
-0.251084
-0.245009
-0.238786
-0.232418
-0.225908
-0.219261
-0.212482
-0.205573
-0.198539
-0.191385
-0.184115
-0.176733
-0.169244
-0.161652
-0.153961
-0.146178
-0.138305
-0.130349
-0.122313
-0.114203
-0.106024
-0.0977808
-0.0894779
-0.0811207
-0.0727143
-0.0642637
-0.0557741
-0.0472507
-0.0386985
-0.0301229
-0.0215289
-0.0129219
-0.00430711
0.00431035
0.0129252
0.0215322
0.0301261
0.0387018
0.0472539
0.0557774
0.0642669
0.0727175
0.081124
0.0894811
0.097784
0.106027
0.114207
0.122316
0.130352
0.138308
0.146181
0.153964
0.161655
0.169247
0.176736
0.184118
0.191388
0.198542
0.205576
0.212485
0.219265
0.225911
0.232421
0.238789
0.245012
0.251087
0.257009
0.262775
0.268382
0.273826
0.279103
0.284211
0.289147
0.293907
0.298488
0.302889
0.307105
0.311135
0.314976
0.318626
0.322083
0.325344
0.328407
0.331271
0.333934
0.336394
0.33865
0.340701
0.342544
0.34418
0.345606
0.346823
0.347829
0.348625
0.349208
0.349579
0.349739
0.349686
0.34942
0.348943
0.348253
0.347353
0.346241
0.344919
0.343388
0.341648
0.339701
0.337548
0.335189
0.332627
0.329864
0.3269
0.323737
0.320378
0.316825
0.313079
0.309143
0.30502
0.300711
0.29622
0.291548
0.2867
0.281678
0.276485
0.271124
0.265598
0.259911
0.254067
0.248068
0.241918
0.235622
0.229182
0.222604
0.21589
0.209045
0.202074
0.194979
0.187766
0.18044
0.173003
0.165462
0.15782
0.150083
0.142254
0.134339
0.126342
0.118269
0.110124
0.101912
0.0936383
0.0853076
0.0769251
0.068496
0.0600252
0.051518
0.0429796
0.034415
0.0258296
0.0172284
0.00861683
0
0
-0.00918287
-0.0183602
-0.0275263
-0.0366758
-0.0458029
-0.0549023
-0.0639683
-0.0729955
-0.0819784
-0.0909115
-0.0997895
-0.108607
-0.117358
-0.126038
-0.134642
-0.143164
-0.151599
-0.159942
-0.168188
-0.176331
-0.184368
-0.192293
-0.200101
-0.207787
-0.215348
-0.222778
-0.230072
-0.237227
-0.244237
-0.2511
-0.25781
-0.264363
-0.270756
-0.276985
-0.283045
-0.288934
-0.294647
-0.300182
-0.305534
-0.3107
-0.315678
-0.320465
-0.325056
-0.329451
-0.333645
-0.337637
-0.341424
-0.345004
-0.348374
-0.351532
-0.354478
-0.357208
-0.359721
-0.362016
-0.364091
-0.365945
-0.367577
-0.368985
-0.37017
-0.37113
-0.371864
-0.372373
-0.372656
-0.372713
-0.372543
-0.372147
-0.371525
-0.370678
-0.369605
-0.368309
-0.366788
-0.365045
-0.36308
-0.360895
-0.358491
-0.355869
-0.353031
-0.349979
-0.346715
-0.343239
-0.339556
-0.335666
-0.331573
-0.327278
-0.322784
-0.318095
-0.313212
-0.30814
-0.30288
-0.297436
-0.291812
-0.286011
-0.280036
-0.273891
-0.267579
-0.261105
-0.254473
-0.247686
-0.240749
-0.233666
-0.226441
-0.219078
-0.211583
-0.203959
-0.196211
-0.188344
-0.180362
-0.172271
-0.164076
-0.155781
-0.147391
-0.138912
-0.130349
-0.121706
-0.11299
-0.104205
-0.0953563
-0.0864501
-0.0774914
-0.0684857
-0.0594383
-0.0503549
-0.0412409
-0.0321019
-0.0229434
-0.013771
-0.00459017
0.00459341
0.0137742
0.0229467
0.0321052
0.0412442
0.0503582
0.0594416
0.0684889
0.0774946
0.0864533
0.0953595
0.104208
0.112993
0.121709
0.130352
0.138915
0.147394
0.155784
0.164079
0.172275
0.180365
0.188347
0.196214
0.203962
0.211586
0.219081
0.226444
0.233669
0.240752
0.247689
0.254476
0.261108
0.267582
0.273894
0.280039
0.286014
0.291815
0.297439
0.302883
0.308142
0.313215
0.318098
0.322787
0.327281
0.331575
0.335669
0.339558
0.343242
0.346717
0.349982
0.353034
0.355872
0.358494
0.360898
0.363083
0.365048
0.366791
0.368311
0.369608
0.37068
0.371528
0.372149
0.372545
0.372715
0.372658
0.372376
0.371867
0.371132
0.370172
0.368987
0.367579
0.365947
0.364093
0.362018
0.359723
0.35721
0.35448
0.351534
0.348376
0.345005
0.341426
0.337639
0.333647
0.329452
0.325058
0.320466
0.31568
0.310702
0.305535
0.300183
0.294649
0.288935
0.283047
0.276986
0.270758
0.264365
0.257811
0.251101
0.244239
0.237228
0.230073
0.222779
0.215349
0.207788
0.200102
0.192294
0.184369
0.176332
0.168188
0.159943
0.1516
0.143165
0.134643
0.126039
0.117359
0.108607
0.0997899
0.0909119
0.0819788
0.0729958
0.0639686
0.0549025
0.0458031
0.0366759
0.0275264
0.0183602
0.00918291
0
0
-0.00974338
-0.0194808
-0.0292065
-0.0389144
-0.0485987
-0.0582535
-0.0678729
-0.0774511
-0.0869823
-0.0964607
-0.10588
-0.115236
-0.124522
-0.133732
-0.14286
-0.151902
-0.160852
-0.169704
-0.178454
-0.187094
-0.195622
-0.20403
-0.212315
-0.220471
-0.228492
-0.236376
-0.244115
-0.251707
-0.259145
-0.266427
-0.273546
-0.2805
-0.287283
-0.293892
-0.300322
-0.30657
-0.312632
-0.318504
-0.324183
-0.329665
-0.334947
-0.340025
-0.344897
-0.34956
-0.35401
-0.358246
-0.362264
-0.366062
-0.369638
-0.372989
-0.376115
-0.379011
-0.381678
-0.384113
-0.386314
-0.388282
-0.390013
-0.391508
-0.392765
-0.393783
-0.394563
-0.395102
-0.395403
-0.395463
-0.395282
-0.394862
-0.394203
-0.393304
-0.392166
-0.39079
-0.389177
-0.387327
-0.385243
-0.382924
-0.380373
-0.377591
-0.37458
-0.371342
-0.367878
-0.36419
-0.360282
-0.356155
-0.351811
-0.347254
-0.342487
-0.337511
-0.33233
-0.326948
-0.321367
-0.315591
-0.309624
-0.303468
-0.297129
-0.290609
-0.283912
-0.277043
-0.270006
-0.262805
-0.255444
-0.247929
-0.240263
-0.232451
-0.224497
-0.216408
-0.208187
-0.19984
-0.191371
-0.182787
-0.174091
-0.16529
-0.156388
-0.147391
-0.138305
-0.129135
-0.119887
-0.110565
-0.101177
-0.091727
-0.0822215
-0.072666
-0.0630665
-0.0534286
-0.0437583
-0.0340615
-0.024344
-0.0146116
-0.00487045
0.00487369
0.0146149
0.0243472
0.0340647
0.0437616
0.0534318
0.0630697
0.0726693
0.0822247
0.0917302
0.10118
0.110568
0.11989
0.129138
0.138308
0.147394
0.156391
0.165293
0.174094
0.18279
0.191375
0.199843
0.20819
0.216411
0.224501
0.232454
0.240266
0.247932
0.255447
0.262808
0.270009
0.277046
0.283915
0.290612
0.297132
0.303471
0.309627
0.315594
0.32137
0.326951
0.332333
0.337514
0.34249
0.347257
0.351814
0.356157
0.360285
0.364193
0.36788
0.371344
0.374583
0.377594
0.380376
0.382927
0.385245
0.38733
0.389179
0.390792
0.392168
0.393306
0.394205
0.394865
0.395285
0.395465
0.395405
0.395105
0.394565
0.393785
0.392767
0.39151
0.390015
0.388284
0.386316
0.384115
0.38168
0.379013
0.376116
0.372991
0.36964
0.366064
0.362266
0.358248
0.354012
0.349562
0.344899
0.340027
0.334948
0.329667
0.324185
0.318506
0.312634
0.306572
0.300323
0.293893
0.287284
0.280501
0.273547
0.266428
0.259146
0.251708
0.244116
0.236377
0.228493
0.220471
0.212316
0.204031
0.195623
0.187095
0.178454
0.169705
0.160853
0.151903
0.142861
0.133732
0.124522
0.115236
0.105881
0.0964611
0.0869826
0.0774514
0.0678732
0.0582537
0.0485989
0.0389146
0.0292066
0.0194809
0.00974342
0
0
-0.010298
-0.0205897
-0.0308689
-0.0411294
-0.0513649
-0.0615693
-0.0717362
-0.0818596
-0.0919333
-0.101951
-0.111907
-0.121795
-0.131609
-0.141344
-0.150992
-0.160549
-0.170008
-0.179364
-0.188611
-0.197744
-0.206757
-0.215644
-0.2244
-0.23302
-0.241498
-0.24983
-0.25801
-0.266034
-0.273896
-0.281592
-0.289117
-0.296466
-0.303635
-0.31062
-0.317417
-0.32402
-0.330427
-0.336634
-0.342636
-0.34843
-0.354012
-0.35938
-0.364529
-0.369457
-0.374161
-0.378637
-0.382884
-0.386899
-0.390678
-0.39422
-0.397523
-0.400585
-0.403403
-0.405976
-0.408304
-0.410383
-0.412213
-0.413792
-0.415121
-0.416197
-0.417021
-0.417592
-0.417909
-0.417972
-0.417782
-0.417338
-0.416641
-0.415691
-0.414488
-0.413034
-0.411329
-0.409374
-0.407171
-0.40472
-0.402024
-0.399084
-0.395901
-0.392478
-0.388817
-0.38492
-0.380789
-0.376427
-0.371837
-0.36702
-0.361981
-0.356722
-0.351247
-0.345558
-0.33966
-0.333555
-0.327248
-0.320742
-0.314041
-0.30715
-0.300072
-0.292813
-0.285375
-0.277764
-0.269984
-0.262041
-0.253939
-0.245682
-0.237276
-0.228726
-0.220037
-0.211215
-0.202264
-0.193191
-0.184
-0.174698
-0.16529
-0.155781
-0.146178
-0.136486
-0.126711
-0.116859
-0.106936
-0.0969482
-0.0869016
-0.0768023
-0.0666563
-0.0564699
-0.0462492
-0.0360004
-0.0257297
-0.0154434
-0.00514778
0.005151
0.0154467
0.0257329
0.0360036
0.0462524
0.0564731
0.0666595
0.0768055
0.0869048
0.0969514
0.106939
0.116862
0.126714
0.136489
0.146181
0.155784
0.165293
0.174701
0.184004
0.193194
0.202268
0.211218
0.22004
0.228729
0.237279
0.245685
0.253942
0.262044
0.269987
0.277767
0.285378
0.292816
0.300075
0.307153
0.314044
0.320745
0.327251
0.333558
0.339663
0.345561
0.35125
0.356725
0.361984
0.367023
0.371839
0.37643
0.380792
0.384923
0.38882
0.392481
0.395904
0.399086
0.402027
0.404723
0.407173
0.409376
0.411331
0.413036
0.41449
0.415693
0.416643
0.41734
0.417784
0.417975
0.417911
0.417594
0.417023
0.4162
0.415123
0.413794
0.412215
0.410385
0.408306
0.405978
0.403405
0.400587
0.397525
0.394222
0.39068
0.3869
0.382886
0.378639
0.374163
0.369459
0.364531
0.359381
0.354014
0.348431
0.342637
0.336635
0.330429
0.324022
0.317418
0.310621
0.303636
0.296467
0.289118
0.281593
0.273897
0.266035
0.258011
0.249831
0.241499
0.233021
0.224401
0.215645
0.206757
0.197745
0.188612
0.179365
0.170009
0.160549
0.150993
0.141344
0.13161
0.121796
0.111908
0.101952
0.0919337
0.0818599
0.0717365
0.0615695
0.0513651
0.0411296
0.030869
0.0205898
0.010298
0
0
-0.0108463
-0.0216861
-0.0325126
-0.0433195
-0.0541
-0.0648477
-0.075556
-0.0862185
-0.0968286
-0.10738
-0.117866
-0.128281
-0.138617
-0.14887
-0.159032
-0.169098
-0.179061
-0.188915
-0.198654
-0.208273
-0.217766
-0.227126
-0.236349
-0.245428
-0.254358
-0.263133
-0.271749
-0.2802
-0.28848
-0.296586
-0.304511
-0.312252
-0.319803
-0.32716
-0.334318
-0.341274
-0.348022
-0.354559
-0.36088
-0.366983
-0.372862
-0.378516
-0.383939
-0.38913
-0.394084
-0.398799
-0.403272
-0.4075
-0.411481
-0.415212
-0.41869
-0.421915
-0.424883
-0.427594
-0.430045
-0.432235
-0.434162
-0.435826
-0.437225
-0.438359
-0.439227
-0.439828
-0.440162
-0.440229
-0.440028
-0.43956
-0.438826
-0.437825
-0.436558
-0.435027
-0.433231
-0.431172
-0.428852
-0.426271
-0.423431
-0.420334
-0.416982
-0.413377
-0.409521
-0.405416
-0.401065
-0.396471
-0.391636
-0.386563
-0.381256
-0.375717
-0.36995
-0.363958
-0.357746
-0.351316
-0.344673
-0.337821
-0.330763
-0.323505
-0.316051
-0.308404
-0.300571
-0.292554
-0.284361
-0.275994
-0.26746
-0.258764
-0.24991
-0.240905
-0.231754
-0.222462
-0.213035
-0.203478
-0.193798
-0.184
-0.174091
-0.164076
-0.153961
-0.143753
-0.133458
-0.123081
-0.11263
-0.102111
-0.091529
-0.0808919
-0.0702057
-0.0594769
-0.0487119
-0.0379174
-0.0270998
-0.0162658
-0.00542198
0.00542519
0.0162691
0.0271031
0.0379206
0.0487151
0.0594801
0.0702089
0.0808951
0.0915322
0.102114
0.112633
0.123084
0.133461
0.143756
0.153964
0.164079
0.174094
0.184004
0.193801
0.203481
0.213038
0.222465
0.231757
0.240908
0.249914
0.258767
0.267463
0.275997
0.284364
0.292557
0.300573
0.308407
0.316054
0.323508
0.330766
0.337824
0.344676
0.351319
0.357749
0.363961
0.369953
0.37572
0.381259
0.386566
0.391639
0.396474
0.401068
0.405419
0.409524
0.41338
0.416985
0.420337
0.423433
0.426273
0.428854
0.431175
0.433233
0.435029
0.436561
0.437828
0.438828
0.439563
0.44003
0.440231
0.440164
0.43983
0.439229
0.438361
0.437227
0.435828
0.434164
0.432237
0.430047
0.427596
0.424885
0.421917
0.418692
0.415213
0.411482
0.407502
0.403274
0.398801
0.394086
0.389131
0.383941
0.378517
0.372864
0.366984
0.360882
0.35456
0.348023
0.341275
0.33432
0.327161
0.319804
0.312253
0.304513
0.296587
0.288481
0.280201
0.27175
0.263134
0.254358
0.245429
0.23635
0.227127
0.217767
0.208274
0.198655
0.188916
0.179061
0.169098
0.159033
0.14887
0.138618
0.128281
0.117866
0.10738
0.0968289
0.0862188
0.0755563
0.0648479
0.0541002
0.0433196
0.0325127
0.0216861
0.0108464
0
0
-0.0113881
-0.0227692
-0.0341366
-0.0454832
-0.0568022
-0.0680867
-0.0793299
-0.090525
-0.101665
-0.112743
-0.123753
-0.134688
-0.145541
-0.156306
-0.166975
-0.177544
-0.188004
-0.198351
-0.208577
-0.218676
-0.228643
-0.238471
-0.248154
-0.257686
-0.267062
-0.276276
-0.285322
-0.294195
-0.30289
-0.3114
-0.319721
-0.327849
-0.335777
-0.343501
-0.351017
-0.35832
-0.365405
-0.372268
-0.378906
-0.385313
-0.391486
-0.397422
-0.403117
-0.408566
-0.413768
-0.418719
-0.423415
-0.427854
-0.432034
-0.435951
-0.439603
-0.442989
-0.446106
-0.448952
-0.451525
-0.453824
-0.455848
-0.457595
-0.459064
-0.460254
-0.461165
-0.461797
-0.462147
-0.462217
-0.462007
-0.461516
-0.460745
-0.459694
-0.458364
-0.456756
-0.45487
-0.452709
-0.450272
-0.447562
-0.444581
-0.441329
-0.43781
-0.434025
-0.429976
-0.425666
-0.421098
-0.416274
-0.411198
-0.405872
-0.400299
-0.394484
-0.388429
-0.382138
-0.375615
-0.368864
-0.361889
-0.354695
-0.347285
-0.339664
-0.331837
-0.323809
-0.315584
-0.307167
-0.298564
-0.28978
-0.28082
-0.271689
-0.262393
-0.252938
-0.24333
-0.233574
-0.223676
-0.213642
-0.203478
-0.193191
-0.182787
-0.172271
-0.161652
-0.150934
-0.140124
-0.129229
-0.118256
-0.107211
-0.0961009
-0.0849324
-0.0737125
-0.0624477
-0.0511451
-0.0398114
-0.0284535
-0.0170784
-0.00569288
0.00569609
0.0170816
0.0284567
0.0398146
0.0511483
0.0624509
0.0737157
0.0849356
0.096104
0.107214
0.118259
0.129232
0.140127
0.150937
0.161655
0.172275
0.18279
0.193194
0.203481
0.213645
0.223679
0.233577
0.243333
0.252941
0.262396
0.271692
0.280823
0.289783
0.298567
0.30717
0.315587
0.323812
0.33184
0.339667
0.347288
0.354697
0.361892
0.368867
0.375618
0.38214
0.388431
0.394486
0.400302
0.405874
0.411201
0.416277
0.421101
0.425669
0.429979
0.434027
0.437813
0.441332
0.444583
0.447565
0.450275
0.452711
0.454873
0.456758
0.458366
0.459696
0.460747
0.461518
0.462009
0.46222
0.462149
0.461799
0.461168
0.460257
0.459066
0.457597
0.45585
0.453826
0.451527
0.448954
0.446108
0.442991
0.439605
0.435953
0.432035
0.427856
0.423417
0.41872
0.41377
0.408568
0.403118
0.397424
0.391488
0.385315
0.378907
0.37227
0.365406
0.358321
0.351018
0.343502
0.335778
0.32785
0.319722
0.311401
0.302891
0.294196
0.285323
0.276277
0.267063
0.257687
0.248155
0.238472
0.228644
0.218677
0.208578
0.198352
0.188005
0.177544
0.166976
0.156306
0.145542
0.134689
0.123754
0.112744
0.101665
0.0905253
0.0793302
0.068087
0.0568024
0.0454834
0.0341367
0.0227693
0.0113881
0
0
-0.0119229
-0.0238386
-0.0357398
-0.0476193
-0.05947
-0.0712845
-0.0830557
-0.0947765
-0.10644
-0.118038
-0.129565
-0.141014
-0.152376
-0.163647
-0.174818
-0.185882
-0.196834
-0.207667
-0.218373
-0.228947
-0.239381
-0.249671
-0.259809
-0.269789
-0.279605
-0.289252
-0.298723
-0.308012
-0.317115
-0.326025
-0.334737
-0.343246
-0.351547
-0.359634
-0.367503
-0.375148
-0.382566
-0.389752
-0.396701
-0.403409
-0.409873
-0.416087
-0.422049
-0.427755
-0.433201
-0.438384
-0.443301
-0.447948
-0.452324
-0.456425
-0.460249
-0.463794
-0.467057
-0.470037
-0.472731
-0.475138
-0.477257
-0.479086
-0.480624
-0.48187
-0.482824
-0.483485
-0.483852
-0.483926
-0.483705
-0.483191
-0.482384
-0.481284
-0.479891
-0.478208
-0.476233
-0.47397
-0.471419
-0.468582
-0.465461
-0.462057
-0.458372
-0.454409
-0.45017
-0.445658
-0.440875
-0.435825
-0.43051
-0.424934
-0.419099
-0.413011
-0.406671
-0.400085
-0.393256
-0.386188
-0.378885
-0.371353
-0.363595
-0.355616
-0.347422
-0.339016
-0.330405
-0.321593
-0.312586
-0.303389
-0.294008
-0.284449
-0.274717
-0.264818
-0.254758
-0.244543
-0.234181
-0.223676
-0.213035
-0.202264
-0.191371
-0.180362
-0.169244
-0.158022
-0.146705
-0.135298
-0.12381
-0.112246
-0.100614
-0.0889214
-0.0771745
-0.0653807
-0.0535472
-0.0416812
-0.0297899
-0.0178806
-0.00596033
0.00596352
0.0178838
0.0297931
0.0416844
0.0535504
0.0653839
0.0771777
0.0889246
0.100618
0.112249
0.123813
0.135302
0.146708
0.158025
0.169247
0.180365
0.191375
0.202268
0.213038
0.223679
0.234184
0.244547
0.254761
0.264821
0.27472
0.284452
0.294011
0.303392
0.312589
0.321596
0.330408
0.339019
0.347425
0.355619
0.363598
0.371356
0.378888
0.386191
0.393259
0.400088
0.406674
0.413013
0.419102
0.424936
0.430513
0.435828
0.440878
0.445661
0.450173
0.454411
0.458374
0.462059
0.465463
0.468585
0.471422
0.473973
0.476236
0.47821
0.479894
0.481286
0.482386
0.483194
0.483708
0.483928
0.483854
0.483487
0.482826
0.481873
0.480626
0.479088
0.477259
0.47514
0.472733
0.470039
0.467059
0.463796
0.460251
0.456427
0.452326
0.44795
0.443302
0.438386
0.433203
0.427756
0.422051
0.416089
0.409874
0.403411
0.396703
0.389753
0.382568
0.37515
0.367504
0.359635
0.351548
0.343247
0.334738
0.326026
0.317116
0.308013
0.298724
0.289253
0.279606
0.26979
0.259809
0.249672
0.239382
0.228947
0.218374
0.207667
0.196835
0.185883
0.174818
0.163647
0.152377
0.141014
0.129566
0.118039
0.10644
0.0947768
0.083056
0.0712847
0.0594702
0.0476195
0.0357399
0.0238387
0.011923
0
0
-0.0124505
-0.0248935
-0.0373214
-0.0497266
-0.0621016
-0.0744389
-0.086731
-0.0989705
-0.11115
-0.123262
-0.135299
-0.147254
-0.159119
-0.170888
-0.182553
-0.194108
-0.205544
-0.216856
-0.228036
-0.239078
-0.249974
-0.260719
-0.271305
-0.281727
-0.291978
-0.302051
-0.311941
-0.321642
-0.331148
-0.340452
-0.34955
-0.358435
-0.367103
-0.375548
-0.383765
-0.391749
-0.399495
-0.406999
-0.414256
-0.421261
-0.42801
-0.4345
-0.440725
-0.446684
-0.452371
-0.457783
-0.462917
-0.467771
-0.47234
-0.476623
-0.480616
-0.484318
-0.487725
-0.490837
-0.49365
-0.496164
-0.498376
-0.500286
-0.501892
-0.503194
-0.50419
-0.50488
-0.505263
-0.50534
-0.50511
-0.504573
-0.50373
-0.502581
-0.501127
-0.499369
-0.497308
-0.494944
-0.49228
-0.489318
-0.486058
-0.482503
-0.478655
-0.474517
-0.470091
-0.465379
-0.460385
-0.455111
-0.449561
-0.443738
-0.437645
-0.431287
-0.424667
-0.417789
-0.410658
-0.403277
-0.395652
-0.387786
-0.379685
-0.371353
-0.362796
-0.354018
-0.345026
-0.335824
-0.326419
-0.316815
-0.307019
-0.297036
-0.286873
-0.276536
-0.266031
-0.255365
-0.244543
-0.233574
-0.222462
-0.211215
-0.19984
-0.188344
-0.176733
-0.165015
-0.153197
-0.141286
-0.129289
-0.117213
-0.105067
-0.0928564
-0.0805896
-0.0682739
-0.0559168
-0.0435258
-0.0311083
-0.0186719
-0.00622416
0.00622734
0.0186751
0.0311114
0.0435289
0.05592
0.0682771
0.0805928
0.0928595
0.10507
0.117216
0.129292
0.141289
0.1532
0.165018
0.176736
0.188347
0.199843
0.211218
0.222465
0.233577
0.244547
0.255368
0.266034
0.276539
0.286876
0.297039
0.307022
0.316818
0.326422
0.335827
0.345029
0.354021
0.362799
0.371356
0.379688
0.387789
0.395654
0.40328
0.410661
0.417792
0.42467
0.43129
0.437648
0.44374
0.449563
0.455114
0.460387
0.465382
0.470093
0.47452
0.478658
0.482506
0.486061
0.48932
0.492283
0.494947
0.49731
0.499371
0.50113
0.502584
0.503732
0.504575
0.505112
0.505342
0.505266
0.504882
0.504192
0.503196
0.501895
0.500288
0.498378
0.496166
0.493652
0.490839
0.487727
0.48432
0.480618
0.476625
0.472342
0.467773
0.462919
0.457785
0.452372
0.446685
0.440727
0.434501
0.428012
0.421262
0.414257
0.407001
0.399497
0.391751
0.383767
0.375549
0.367104
0.358436
0.349551
0.340453
0.331149
0.321643
0.311943
0.302052
0.291979
0.281728
0.271306
0.26072
0.249975
0.239079
0.228037
0.216857
0.205545
0.194108
0.182554
0.170889
0.15912
0.147254
0.135299
0.123262
0.11115
0.0989708
0.0867313
0.0744391
0.0621018
0.0497267
0.0373215
0.0248936
0.0124506
0
0
-0.0129706
-0.0259333
-0.0388803
-0.0518036
-0.0646955
-0.0775482
-0.0903537
-0.103104
-0.115793
-0.12841
-0.14095
-0.153404
-0.165766
-0.178026
-0.190179
-0.202216
-0.21413
-0.225914
-0.237561
-0.249064
-0.260416
-0.271609
-0.282638
-0.293495
-0.304174
-0.314668
-0.324971
-0.335077
-0.344979
-0.354672
-0.36415
-0.373407
-0.382437
-0.391234
-0.399795
-0.408112
-0.416182
-0.423999
-0.431559
-0.438857
-0.445888
-0.452648
-0.459134
-0.465341
-0.471266
-0.476904
-0.482253
-0.487309
-0.492069
-0.496531
-0.500691
-0.504547
-0.508097
-0.511338
-0.514269
-0.516888
-0.519193
-0.521183
-0.522856
-0.524212
-0.52525
-0.525968
-0.526368
-0.526448
-0.526208
-0.525649
-0.524771
-0.523574
-0.522059
-0.520227
-0.51808
-0.515618
-0.512843
-0.509756
-0.50636
-0.502657
-0.498649
-0.494337
-0.489726
-0.484817
-0.479615
-0.47412
-0.468339
-0.462272
-0.455925
-0.449302
-0.442405
-0.43524
-0.427811
-0.420122
-0.412178
-0.403983
-0.395544
-0.386864
-0.37795
-0.368806
-0.359438
-0.349852
-0.340053
-0.330048
-0.319843
-0.309443
-0.298856
-0.288087
-0.277143
-0.266031
-0.254758
-0.24333
-0.231754
-0.220037
-0.208187
-0.196211
-0.184115
-0.171908
-0.159596
-0.147187
-0.134689
-0.122109
-0.109455
-0.096735
-0.0839559
-0.0711258
-0.0582525
-0.0453439
-0.0324077
-0.0194519
-0.00648421
0.00648738
0.019455
0.0324109
0.045347
0.0582557
0.0711289
0.083959
0.0967381
0.109459
0.122112
0.134692
0.14719
0.159599
0.171911
0.184118
0.196214
0.20819
0.22004
0.231757
0.243333
0.254761
0.266034
0.277146
0.28809
0.298859
0.309446
0.319846
0.330051
0.340056
0.349855
0.359441
0.368809
0.377953
0.386867
0.395547
0.403986
0.412181
0.420125
0.427814
0.435243
0.442408
0.449304
0.455928
0.462275
0.468341
0.474123
0.479617
0.48482
0.489729
0.49434
0.498651
0.50266
0.506363
0.509759
0.512845
0.51562
0.518082
0.52023
0.522061
0.523576
0.524773
0.525651
0.52621
0.52645
0.52637
0.525971
0.525252
0.524214
0.522858
0.521185
0.519195
0.51689
0.514271
0.51134
0.508099
0.504549
0.500693
0.496533
0.492071
0.487311
0.482255
0.476906
0.471267
0.465343
0.459136
0.45265
0.445889
0.438858
0.43156
0.424001
0.416183
0.408114
0.399796
0.391236
0.382438
0.373408
0.364151
0.354674
0.344981
0.335078
0.324972
0.314669
0.304175
0.293496
0.282639
0.27161
0.260416
0.249065
0.237562
0.225915
0.21413
0.202216
0.190179
0.178027
0.165766
0.153405
0.140951
0.128411
0.115793
0.103105
0.090354
0.0775484
0.0646957
0.0518038
0.0388804
0.0259334
0.0129706
0
0
-0.0134828
-0.0269573
-0.0404155
-0.0538492
-0.0672502
-0.0806103
-0.0939215
-0.107176
-0.120365
-0.133481
-0.146516
-0.159462
-0.172311
-0.185056
-0.197688
-0.2102
-0.222585
-0.234835
-0.246942
-0.258899
-0.270699
-0.282334
-0.293798
-0.305084
-0.316185
-0.327093
-0.337803
-0.348308
-0.358602
-0.368678
-0.378529
-0.388152
-0.397538
-0.406683
-0.415582
-0.424228
-0.432616
-0.440742
-0.4486
-0.456186
-0.463495
-0.470522
-0.477264
-0.483716
-0.489875
-0.495736
-0.501296
-0.506552
-0.5115
-0.516138
-0.520462
-0.524471
-0.528161
-0.53153
-0.534577
-0.537299
-0.539695
-0.541763
-0.543502
-0.544912
-0.54599
-0.546737
-0.547153
-0.547236
-0.546987
-0.546405
-0.545492
-0.544248
-0.542674
-0.54077
-0.538537
-0.535978
-0.533093
-0.529885
-0.526355
-0.522506
-0.518339
-0.513857
-0.509064
-0.503962
-0.498553
-0.492842
-0.486832
-0.480526
-0.473929
-0.467043
-0.459875
-0.452427
-0.444704
-0.436711
-0.428454
-0.419936
-0.411163
-0.40214
-0.392874
-0.383369
-0.373631
-0.363666
-0.353481
-0.343081
-0.332473
-0.321662
-0.310657
-0.299463
-0.288087
-0.276536
-0.264818
-0.252938
-0.240905
-0.228726
-0.216408
-0.203959
-0.191385
-0.178696
-0.165898
-0.152999
-0.140008
-0.126931
-0.113778
-0.100555
-0.0872711
-0.0739344
-0.0605528
-0.0471344
-0.0336875
-0.02022
-0.00674032
0.00674348
0.0202232
0.0336906
0.0471376
0.060556
0.0739376
0.0872743
0.100558
0.113781
0.126934
0.140011
0.153002
0.165901
0.178699
0.191388
0.203962
0.216411
0.228729
0.240908
0.252941
0.264821
0.276539
0.28809
0.299466
0.31066
0.321665
0.332476
0.343084
0.353484
0.363669
0.373634
0.383372
0.392877
0.402143
0.411166
0.419939
0.428456
0.436714
0.444707
0.452429
0.459877
0.467046
0.473931
0.480529
0.486835
0.492845
0.498556
0.503964
0.509067
0.51386
0.518341
0.522508
0.526358
0.529888
0.533096
0.535981
0.53854
0.540772
0.542676
0.544251
0.545495
0.546408
0.546989
0.547238
0.547155
0.54674
0.545992
0.544914
0.543504
0.541765
0.539697
0.537301
0.534579
0.531532
0.528162
0.524472
0.520464
0.51614
0.511502
0.506554
0.501298
0.495738
0.489876
0.483718
0.477266
0.470524
0.463496
0.456187
0.448601
0.440743
0.432617
0.424229
0.415583
0.406685
0.397539
0.388153
0.378531
0.368679
0.358603
0.348309
0.337804
0.327094
0.316186
0.305085
0.293799
0.282335
0.270699
0.2589
0.246942
0.234835
0.222586
0.210201
0.197689
0.185056
0.172312
0.159462
0.146516
0.133481
0.120365
0.107176
0.0939218
0.0806106
0.0672504
0.0538494
0.0404156
0.0269574
0.0134828
0
0
-0.0139867
-0.027965
-0.0419263
-0.0558621
-0.069764
-0.0836236
-0.0974324
-0.111182
-0.124864
-0.13847
-0.151993
-0.165423
-0.178752
-0.191973
-0.205078
-0.218058
-0.230905
-0.243613
-0.256172
-0.268576
-0.280817
-0.292888
-0.304781
-0.316488
-0.328004
-0.33932
-0.35043
-0.361328
-0.372006
-0.382459
-0.392679
-0.402661
-0.412398
-0.421885
-0.431116
-0.440085
-0.448787
-0.457217
-0.465369
-0.473238
-0.48082
-0.488111
-0.495104
-0.501798
-0.508186
-0.514267
-0.520035
-0.525487
-0.53062
-0.535431
-0.539917
-0.544075
-0.547903
-0.551399
-0.554559
-0.557383
-0.559869
-0.562014
-0.563819
-0.565281
-0.5664
-0.567175
-0.567605
-0.567692
-0.567433
-0.56683
-0.565883
-0.564592
-0.562959
-0.560984
-0.558668
-0.556013
-0.553021
-0.549692
-0.54603
-0.542037
-0.537715
-0.533066
-0.528093
-0.5228
-0.517189
-0.511265
-0.50503
-0.498488
-0.491644
-0.484502
-0.477065
-0.469338
-0.461327
-0.453036
-0.444469
-0.435633
-0.426532
-0.417173
-0.40756
-0.397699
-0.387597
-0.37726
-0.366694
-0.355905
-0.3449
-0.333686
-0.322269
-0.310657
-0.298856
-0.286873
-0.274717
-0.262393
-0.24991
-0.237276
-0.224497
-0.211583
-0.198539
-0.185376
-0.172099
-0.158718
-0.145241
-0.131676
-0.118031
-0.104314
-0.0905334
-0.0766981
-0.0628163
-0.0488964
-0.0349468
-0.0209759
-0.00699234
0.00699549
0.0209791
0.0349499
0.0488995
0.0628195
0.0767013
0.0905365
0.104317
0.118034
0.131679
0.145244
0.158722
0.172102
0.185379
0.198542
0.211586
0.224501
0.237279
0.249914
0.262396
0.27472
0.286876
0.298859
0.31066
0.322272
0.333689
0.344903
0.355908
0.366697
0.377263
0.3876
0.397702
0.407563
0.417175
0.426535
0.435636
0.444472
0.453039
0.46133
0.469341
0.477068
0.484504
0.491647
0.498491
0.505033
0.511268
0.517192
0.522803
0.528096
0.533068
0.537717
0.54204
0.546033
0.549695
0.553023
0.556016
0.55867
0.560986
0.562961
0.564595
0.565885
0.566832
0.567435
0.567694
0.567608
0.567177
0.566402
0.565283
0.563821
0.562016
0.559871
0.557385
0.554561
0.551401
0.547905
0.544077
0.539919
0.535433
0.530622
0.525489
0.520036
0.514268
0.508188
0.501799
0.495106
0.488112
0.480822
0.47324
0.46537
0.457218
0.448789
0.440087
0.431117
0.421887
0.412399
0.402662
0.39268
0.38246
0.372007
0.361329
0.350431
0.339321
0.328005
0.316489
0.304781
0.292889
0.280818
0.268577
0.256173
0.243614
0.230906
0.218058
0.205078
0.191974
0.178753
0.165423
0.151993
0.138471
0.124864
0.111182
0.0974326
0.0836238
0.0697642
0.0558623
0.0419264
0.0279651
0.0139868
0
0
-0.0144822
-0.0289557
-0.0434116
-0.0578411
-0.0722355
-0.086586
-0.100884
-0.115121
-0.129288
-0.143376
-0.157377
-0.171283
-0.185085
-0.198774
-0.212343
-0.225783
-0.239086
-0.252243
-0.265248
-0.278091
-0.290766
-0.303264
-0.315578
-0.3277
-0.339624
-0.351341
-0.362845
-0.374129
-0.385185
-0.396008
-0.40659
-0.416926
-0.427008
-0.436831
-0.446389
-0.455676
-0.464686
-0.473414
-0.481855
-0.490003
-0.497854
-0.505402
-0.512644
-0.519575
-0.52619
-0.532485
-0.538457
-0.544103
-0.549418
-0.554399
-0.559044
-0.56335
-0.567313
-0.570933
-0.574205
-0.577129
-0.579703
-0.581924
-0.583793
-0.585306
-0.586465
-0.587268
-0.587714
-0.587803
-0.587535
-0.586911
-0.58593
-0.584594
-0.582902
-0.580857
-0.578459
-0.575711
-0.572612
-0.569166
-0.565374
-0.561239
-0.556764
-0.55195
-0.546801
-0.541321
-0.535511
-0.529377
-0.522921
-0.516148
-0.509061
-0.501666
-0.493965
-0.485965
-0.47767
-0.469085
-0.460215
-0.451066
-0.441643
-0.431951
-0.421998
-0.411788
-0.401329
-0.390625
-0.379685
-0.368514
-0.357119
-0.345507
-0.333686
-0.321662
-0.309443
-0.297036
-0.284449
-0.271689
-0.258764
-0.245682
-0.232451
-0.219078
-0.205573
-0.191943
-0.178196
-0.164341
-0.150387
-0.136341
-0.122212
-0.108009
-0.0937407
-0.0794153
-0.0650417
-0.0506287
-0.0361849
-0.0217191
-0.00724011
0.00724325
0.0217222
0.036188
0.0506318
0.0650449
0.0794185
0.0937438
0.108012
0.122215
0.136344
0.15039
0.164344
0.178199
0.191946
0.205576
0.219081
0.232454
0.245685
0.258767
0.271692
0.284452
0.297039
0.309446
0.321665
0.333689
0.34551
0.357122
0.368517
0.379688
0.390628
0.401331
0.411791
0.422001
0.431954
0.441646
0.451069
0.460218
0.469088
0.477673
0.485968
0.493968
0.501668
0.509064
0.516151
0.522924
0.52938
0.535514
0.541323
0.546804
0.551953
0.556766
0.561242
0.565377
0.569168
0.572615
0.575713
0.578462
0.58086
0.582905
0.584596
0.585932
0.586913
0.587537
0.587805
0.587716
0.58727
0.586467
0.585309
0.583795
0.581926
0.579705
0.577131
0.574207
0.570935
0.567315
0.563352
0.559046
0.554401
0.54942
0.544105
0.538459
0.532487
0.526191
0.519576
0.512646
0.505404
0.497855
0.490005
0.481856
0.473416
0.464687
0.455677
0.44639
0.436832
0.427009
0.416927
0.406591
0.396009
0.385186
0.37413
0.362846
0.351342
0.339625
0.327701
0.315579
0.303265
0.290767
0.278092
0.265248
0.252244
0.239086
0.225783
0.212344
0.198775
0.185085
0.171283
0.157378
0.143376
0.129288
0.115121
0.100884
0.0865863
0.0722357
0.0578412
0.0434117
0.0289558
0.0144823
0
0
-0.0149689
-0.0299288
-0.0448705
-0.0597849
-0.0746631
-0.0894959
-0.104274
-0.11899
-0.133633
-0.148194
-0.162666
-0.177039
-0.191305
-0.205454
-0.219479
-0.233371
-0.247121
-0.26072
-0.274162
-0.287437
-0.300537
-0.313456
-0.326183
-0.338713
-0.351037
-0.363148
-0.375039
-0.386702
-0.39813
-0.409316
-0.420254
-0.430937
-0.441358
-0.451512
-0.461391
-0.47099
-0.480303
-0.489324
-0.498049
-0.506471
-0.514585
-0.522388
-0.529873
-0.537036
-0.543873
-0.55038
-0.556553
-0.562389
-0.567882
-0.573031
-0.577832
-0.582282
-0.586379
-0.59012
-0.593502
-0.596525
-0.599185
-0.601481
-0.603412
-0.604977
-0.606174
-0.607004
-0.607465
-0.607557
-0.60728
-0.606635
-0.605621
-0.60424
-0.602492
-0.600378
-0.5979
-0.595058
-0.591856
-0.588294
-0.584375
-0.580101
-0.575475
-0.5705
-0.565178
-0.559513
-0.553508
-0.547168
-0.540495
-0.533494
-0.526169
-0.518525
-0.510566
-0.502297
-0.493723
-0.48485
-0.475682
-0.466225
-0.456485
-0.446468
-0.43618
-0.425627
-0.414816
-0.403753
-0.392445
-0.380898
-0.369121
-0.357119
-0.3449
-0.332473
-0.319843
-0.307019
-0.294008
-0.28082
-0.26746
-0.253939
-0.240263
-0.226441
-0.212482
-0.198393
-0.184185
-0.169864
-0.155441
-0.140923
-0.126319
-0.111639
-0.0968911
-0.0820843
-0.0672277
-0.0523302
-0.037401
-0.022449
-0.00748349
0.00748661
0.0224522
0.0374041
0.0523333
0.0672308
0.0820874
0.0968942
0.111642
0.126322
0.140926
0.155444
0.169867
0.184188
0.198397
0.212485
0.226444
0.240266
0.253942
0.267463
0.280823
0.294011
0.307022
0.319846
0.332476
0.344903
0.357122
0.369124
0.380901
0.392448
0.403756
0.414819
0.42563
0.436183
0.446471
0.456488
0.466228
0.475684
0.484852
0.493726
0.5023
0.510569
0.518528
0.526172
0.533497
0.540498
0.547171
0.553511
0.559516
0.56518
0.570502
0.575478
0.580104
0.584377
0.588296
0.591858
0.595061
0.597902
0.600381
0.602494
0.604243
0.605624
0.606637
0.607283
0.607559
0.607467
0.607006
0.606176
0.604979
0.603414
0.601483
0.599187
0.596527
0.593504
0.590122
0.586381
0.582284
0.577834
0.573033
0.567884
0.56239
0.556555
0.550382
0.543875
0.537038
0.529874
0.522389
0.514587
0.506472
0.49805
0.489326
0.480304
0.470991
0.461392
0.451513
0.44136
0.430938
0.420256
0.409318
0.398131
0.386703
0.37504
0.363149
0.351038
0.338714
0.326184
0.313456
0.300538
0.287438
0.274163
0.260721
0.247121
0.233371
0.21948
0.205455
0.191305
0.17704
0.162667
0.148195
0.133633
0.11899
0.104275
0.0894962
0.0746633
0.0597851
0.0448706
0.0299289
0.014969
0
0
-0.0154466
-0.0308838
-0.0463022
-0.0616925
-0.0770454
-0.0923515
-0.107602
-0.122786
-0.137896
-0.152923
-0.167856
-0.182688
-0.197409
-0.21201
-0.226482
-0.240817
-0.255005
-0.269039
-0.28291
-0.296608
-0.310127
-0.323457
-0.336591
-0.349521
-0.362238
-0.374736
-0.387005
-0.399041
-0.410833
-0.422377
-0.433664
-0.444687
-0.455441
-0.465918
-0.476112
-0.486018
-0.495628
-0.504937
-0.51394
-0.522631
-0.531004
-0.539055
-0.546779
-0.554171
-0.561227
-0.567942
-0.574311
-0.580333
-0.586002
-0.591315
-0.596269
-0.600861
-0.605089
-0.608949
-0.612439
-0.615558
-0.618303
-0.620673
-0.622665
-0.62428
-0.625516
-0.626372
-0.626847
-0.626943
-0.626657
-0.625991
-0.624945
-0.62352
-0.621716
-0.619535
-0.616977
-0.614045
-0.61074
-0.607065
-0.603021
-0.59861
-0.593837
-0.588703
-0.583211
-0.577366
-0.571169
-0.564626
-0.557741
-0.550517
-0.542958
-0.53507
-0.526857
-0.518324
-0.509477
-0.50032
-0.490859
-0.481101
-0.47105
-0.460714
-0.450097
-0.439208
-0.428052
-0.416636
-0.404967
-0.393052
-0.380898
-0.368514
-0.355905
-0.343081
-0.330048
-0.316815
-0.303389
-0.28978
-0.275994
-0.262041
-0.247929
-0.233666
-0.219261
-0.204724
-0.190062
-0.175284
-0.1604
-0.145419
-0.13035
-0.115201
-0.0999827
-0.0847034
-0.0693728
-0.054
-0.0385944
-0.0231654
-0.00772232
0.00772543
0.0231685
0.0385975
0.0540031
0.0693759
0.0847065
0.0999858
0.115204
0.130353
0.145422
0.160404
0.175287
0.190065
0.204727
0.219265
0.233669
0.247932
0.262044
0.275997
0.289783
0.303392
0.316818
0.330051
0.343084
0.355908
0.368517
0.380901
0.393055
0.40497
0.416639
0.428055
0.439211
0.4501
0.460717
0.471053
0.481104
0.490862
0.500323
0.509479
0.518327
0.52686
0.535073
0.542961
0.550519
0.557743
0.564629
0.571172
0.577368
0.583214
0.588705
0.593839
0.598613
0.603023
0.607067
0.610743
0.614048
0.61698
0.619537
0.621718
0.623522
0.624947
0.625993
0.626659
0.626945
0.62685
0.626374
0.625518
0.624282
0.622667
0.620675
0.618305
0.61556
0.612441
0.608951
0.605091
0.600863
0.596271
0.591317
0.586004
0.580335
0.574313
0.567943
0.561228
0.554173
0.546781
0.539057
0.531006
0.522632
0.513942
0.504939
0.495629
0.486019
0.476114
0.465919
0.455442
0.444688
0.433665
0.422378
0.410834
0.399042
0.387006
0.374736
0.362239
0.349522
0.336592
0.323458
0.310128
0.296609
0.28291
0.26904
0.255006
0.240818
0.226483
0.21201
0.197409
0.182689
0.167857
0.152923
0.137897
0.122787
0.107602
0.0923517
0.0770456
0.0616927
0.0463023
0.0308838
0.0154466
0
0
-0.0159148
-0.0318199
-0.0477058
-0.0635626
-0.0793809
-0.095151
-0.110863
-0.126508
-0.142077
-0.157558
-0.172945
-0.188226
-0.203393
-0.218437
-0.233348
-0.248117
-0.262736
-0.277195
-0.291486
-0.305599
-0.319528
-0.333262
-0.346794
-0.360116
-0.373219
-0.386095
-0.398737
-0.411137
-0.423287
-0.43518
-0.446809
-0.458167
-0.469247
-0.480042
-0.490545
-0.500751
-0.510652
-0.520244
-0.529519
-0.538474
-0.547101
-0.555396
-0.563354
-0.57097
-0.57824
-0.585158
-0.591721
-0.597925
-0.603766
-0.60924
-0.614344
-0.619076
-0.623431
-0.627408
-0.631005
-0.634218
-0.637046
-0.639487
-0.64154
-0.643204
-0.644477
-0.645359
-0.645849
-0.645947
-0.645653
-0.644967
-0.64389
-0.642421
-0.640562
-0.638315
-0.63568
-0.632659
-0.629254
-0.625467
-0.6213
-0.616756
-0.611838
-0.606548
-0.60089
-0.594868
-0.588484
-0.581742
-0.574648
-0.567205
-0.559417
-0.55129
-0.542828
-0.534036
-0.524921
-0.515486
-0.505739
-0.495685
-0.485329
-0.47468
-0.463741
-0.452522
-0.441028
-0.429265
-0.417243
-0.404967
-0.392445
-0.379685
-0.366694
-0.353481
-0.340053
-0.326419
-0.312586
-0.298564
-0.284361
-0.269984
-0.255444
-0.240749
-0.225908
-0.21093
-0.195823
-0.180598
-0.165263
-0.149828
-0.134301
-0.118693
-0.103014
-0.0872711
-0.0714757
-0.0556369
-0.0397644
-0.0238677
-0.00795647
0.00795957
0.0238708
0.0397675
0.05564
0.0714788
0.0872742
0.103017
0.118697
0.134304
0.149831
0.165266
0.180601
0.195826
0.210933
0.225911
0.240752
0.255447
0.269987
0.284364
0.298567
0.312589
0.326422
0.340056
0.353484
0.366697
0.379688
0.392448
0.40497
0.417246
0.429268
0.44103
0.452525
0.463744
0.474682
0.485332
0.495688
0.505742
0.515489
0.524924
0.534039
0.542831
0.551293
0.55942
0.567207
0.574651
0.581745
0.588486
0.59487
0.600893
0.606551
0.611841
0.616759
0.621303
0.62547
0.629257
0.632661
0.635682
0.638317
0.640565
0.642423
0.643892
0.644969
0.645655
0.64595
0.645852
0.645361
0.644479
0.643206
0.641543
0.639489
0.637048
0.63422
0.631007
0.62741
0.623433
0.619078
0.614346
0.609242
0.603767
0.597926
0.591723
0.58516
0.578241
0.570972
0.563356
0.555398
0.547103
0.538475
0.529521
0.520245
0.510654
0.500752
0.490546
0.480043
0.469248
0.458168
0.446811
0.435181
0.423288
0.411138
0.398738
0.386096
0.37322
0.360117
0.346795
0.333263
0.319529
0.3056
0.291486
0.277195
0.262736
0.248118
0.233348
0.218437
0.203394
0.188227
0.172945
0.157559
0.142077
0.126509
0.110864
0.0951512
0.0793811
0.0635628
0.0477059
0.03182
0.0159148
0
0
-0.0163734
-0.0327368
-0.0490804
-0.0653942
-0.0816682
-0.0978927
-0.114058
-0.130154
-0.14617
-0.162098
-0.177928
-0.19365
-0.209254
-0.224731
-0.240071
-0.255266
-0.270306
-0.285182
-0.299885
-0.314405
-0.328735
-0.342865
-0.356787
-0.370492
-0.383973
-0.39722
-0.410226
-0.422984
-0.435484
-0.44772
-0.459684
-0.471369
-0.482768
-0.493874
-0.50468
-0.51518
-0.525366
-0.535234
-0.544777
-0.55399
-0.562865
-0.5714
-0.579587
-0.587422
-0.594901
-0.602019
-0.608771
-0.615154
-0.621163
-0.626795
-0.632046
-0.636914
-0.641395
-0.645487
-0.649187
-0.652493
-0.655402
-0.657914
-0.660026
-0.661738
-0.663048
-0.663955
-0.664459
-0.66456
-0.664257
-0.663552
-0.662443
-0.660932
-0.65902
-0.656708
-0.653997
-0.650889
-0.647386
-0.64349
-0.639203
-0.634528
-0.629468
-0.624026
-0.618205
-0.612008
-0.60544
-0.598505
-0.591206
-0.583548
-0.575536
-0.567175
-0.558469
-0.549425
-0.540046
-0.53034
-0.520312
-0.509968
-0.499314
-0.488357
-0.477104
-0.465561
-0.453736
-0.441635
-0.429265
-0.416636
-0.403753
-0.390625
-0.37726
-0.363666
-0.349852
-0.335824
-0.321593
-0.307167
-0.292554
-0.277764
-0.262805
-0.247686
-0.232418
-0.217008
-0.201466
-0.185802
-0.170025
-0.154145
-0.138171
-0.122114
-0.105982
-0.0897859
-0.0735353
-0.0572402
-0.0409102
-0.0245555
-0.00818578
0.00818887
0.0245585
0.0409133
0.0572432
0.0735384
0.0897889
0.105985
0.122117
0.138174
0.154148
0.170028
0.185805
0.201469
0.217011
0.232421
0.247689
0.262808
0.277767
0.292557
0.30717
0.321596
0.335827
0.349855
0.363669
0.377263
0.390628
0.403756
0.416639
0.429268
0.441637
0.453738
0.465564
0.477107
0.48836
0.499317
0.509971
0.520315
0.530343
0.540049
0.549427
0.558472
0.567178
0.575539
0.583551
0.591209
0.598508
0.605443
0.612011
0.618207
0.624028
0.629471
0.634531
0.639205
0.643492
0.647388
0.650891
0.653999
0.65671
0.659022
0.660934
0.662445
0.663554
0.66426
0.664562
0.664461
0.663957
0.66305
0.66174
0.660028
0.657916
0.655404
0.652495
0.649189
0.645489
0.641397
0.636916
0.632048
0.626797
0.621165
0.615155
0.608773
0.602021
0.594903
0.587424
0.579589
0.571401
0.562867
0.553991
0.544779
0.535236
0.525368
0.515181
0.504681
0.493875
0.482769
0.47137
0.459685
0.447721
0.435485
0.422985
0.410227
0.397221
0.383974
0.370493
0.356788
0.342866
0.328736
0.314406
0.299885
0.285183
0.270307
0.255267
0.240072
0.224731
0.209254
0.19365
0.177929
0.162099
0.146171
0.130154
0.114058
0.097893
0.0816684
0.0653943
0.0490805
0.0327369
0.0163734
0
0
-0.016822
-0.0336338
-0.0504252
-0.067186
-0.083906
-0.100575
-0.117183
-0.13372
-0.150176
-0.16654
-0.182803
-0.198956
-0.214987
-0.230889
-0.24665
-0.262261
-0.277713
-0.292996
-0.308102
-0.32302
-0.337742
-0.35226
-0.366563
-0.380644
-0.394494
-0.408104
-0.421467
-0.434574
-0.447416
-0.459988
-0.47228
-0.484285
-0.495996
-0.507406
-0.518508
-0.529296
-0.539762
-0.5499
-0.559704
-0.569169
-0.578288
-0.587056
-0.595468
-0.603518
-0.611202
-0.618515
-0.625452
-0.632009
-0.638183
-0.643969
-0.649365
-0.654366
-0.65897
-0.663174
-0.666975
-0.670371
-0.673361
-0.675941
-0.678111
-0.67987
-0.681215
-0.682148
-0.682666
-0.682769
-0.682458
-0.681733
-0.680594
-0.679042
-0.677077
-0.674702
-0.671917
-0.668724
-0.665124
-0.661122
-0.656717
-0.651914
-0.646716
-0.641124
-0.635144
-0.628778
-0.62203
-0.614904
-0.607406
-0.599538
-0.591306
-0.582716
-0.573772
-0.564479
-0.554844
-0.544872
-0.534569
-0.523941
-0.512996
-0.501739
-0.490177
-0.478318
-0.466168
-0.453736
-0.441028
-0.428052
-0.414816
-0.401329
-0.387597
-0.373631
-0.359438
-0.345026
-0.330405
-0.315584
-0.300571
-0.285375
-0.270006
-0.254473
-0.238786
-0.222954
-0.206986
-0.190893
-0.174684
-0.158368
-0.141957
-0.12546
-0.108886
-0.0922461
-0.0755503
-0.0588086
-0.0420312
-0.0252283
-0.00841012
0.00841319
0.0252314
0.0420343
0.0588117
0.0755533
0.0922492
0.108889
0.125463
0.14196
0.158372
0.174687
0.190896
0.206989
0.222957
0.238789
0.254476
0.270009
0.285378
0.300573
0.315587
0.330408
0.345029
0.359441
0.373634
0.3876
0.401331
0.414819
0.428055
0.44103
0.453738
0.466171
0.478321
0.49018
0.501741
0.512998
0.523944
0.534571
0.544874
0.554846
0.564482
0.573774
0.582719
0.591309
0.599541
0.607408
0.614907
0.622032
0.62878
0.635146
0.641127
0.646718
0.651917
0.65672
0.661124
0.665127
0.668726
0.671919
0.674704
0.67708
0.679044
0.680596
0.681735
0.682461
0.682772
0.682668
0.68215
0.681218
0.679872
0.678113
0.675943
0.673362
0.670373
0.666977
0.663176
0.658972
0.654368
0.649367
0.643971
0.638185
0.632011
0.625453
0.618516
0.611203
0.60352
0.595469
0.587058
0.57829
0.569171
0.559706
0.549901
0.539763
0.529297
0.51851
0.507408
0.495997
0.484286
0.472281
0.459989
0.447417
0.434575
0.421468
0.408105
0.394495
0.380645
0.366564
0.352261
0.337743
0.323021
0.308102
0.292997
0.277713
0.262261
0.24665
0.230889
0.214988
0.198956
0.182804
0.16654
0.150176
0.13372
0.117183
0.100575
0.0839062
0.0671862
0.0504253
0.0336339
0.0168221
0
0
-0.0172604
-0.0345104
-0.0517394
-0.068937
-0.0860928
-0.103196
-0.120237
-0.137205
-0.15409
-0.170881
-0.187568
-0.204141
-0.220591
-0.236906
-0.253078
-0.269096
-0.284951
-0.300632
-0.316132
-0.331439
-0.346545
-0.361441
-0.376117
-0.390565
-0.404775
-0.418741
-0.432451
-0.4459
-0.459077
-0.471976
-0.484588
-0.496907
-0.508923
-0.520631
-0.532022
-0.543091
-0.553829
-0.564232
-0.574292
-0.584003
-0.59336
-0.602357
-0.610987
-0.619247
-0.627131
-0.634635
-0.641753
-0.648481
-0.654816
-0.660753
-0.666289
-0.67142
-0.676144
-0.680458
-0.684358
-0.687843
-0.69091
-0.693558
-0.695785
-0.697589
-0.69897
-0.699926
-0.700458
-0.700564
-0.700245
-0.699501
-0.698332
-0.69674
-0.694724
-0.692286
-0.689429
-0.686152
-0.682459
-0.678352
-0.673833
-0.668905
-0.663571
-0.657834
-0.651697
-0.645165
-0.638242
-0.63093
-0.623236
-0.615164
-0.606717
-0.597903
-0.588726
-0.579191
-0.569304
-0.559072
-0.548501
-0.537596
-0.526366
-0.514815
-0.502952
-0.490784
-0.478318
-0.465561
-0.452522
-0.439208
-0.425627
-0.411788
-0.397699
-0.383369
-0.368806
-0.354018
-0.339016
-0.323809
-0.308404
-0.292813
-0.277043
-0.261105
-0.245009
-0.228764
-0.212381
-0.195868
-0.179236
-0.162496
-0.145657
-0.128729
-0.111724
-0.0946503
-0.0775194
-0.0603414
-0.0431267
-0.0258859
-0.00862936
0.00863242
0.025889
0.0431298
0.0603444
0.0775224
0.0946534
0.111727
0.128732
0.14566
0.162499
0.179239
0.195871
0.212384
0.228768
0.245012
0.261108
0.277046
0.292816
0.308407
0.323812
0.339019
0.354021
0.368809
0.383372
0.397702
0.411791
0.42563
0.439211
0.452525
0.465564
0.478321
0.490787
0.502955
0.514818
0.526368
0.537599
0.548504
0.559075
0.569307
0.579194
0.588728
0.597906
0.60672
0.615166
0.623239
0.630933
0.638244
0.645168
0.6517
0.657836
0.663573
0.668907
0.673836
0.678355
0.682462
0.686155
0.689431
0.692289
0.694726
0.696742
0.698334
0.699503
0.700247
0.700566
0.70046
0.699928
0.698972
0.697591
0.695787
0.69356
0.690912
0.687845
0.68436
0.68046
0.676146
0.671422
0.666291
0.660755
0.654817
0.648483
0.641754
0.634636
0.627133
0.619249
0.610989
0.602358
0.593361
0.584005
0.574293
0.564233
0.553831
0.543092
0.532023
0.520632
0.508924
0.496908
0.48459
0.471977
0.459078
0.445901
0.432452
0.418741
0.404776
0.390566
0.376118
0.361441
0.346546
0.33144
0.316132
0.300633
0.284951
0.269097
0.253078
0.236907
0.220591
0.204142
0.187568
0.170881
0.15409
0.137205
0.120237
0.103197
0.086093
0.0689372
0.0517395
0.0345105
0.0172605
0
0
-0.0176884
-0.0353661
-0.0530222
-0.0706462
-0.0882273
-0.105755
-0.123218
-0.140607
-0.15791
-0.175117
-0.192218
-0.209203
-0.22606
-0.24278
-0.259353
-0.275768
-0.292016
-0.308086
-0.32397
-0.339656
-0.355137
-0.370402
-0.385442
-0.400248
-0.414811
-0.429123
-0.443173
-0.456955
-0.470459
-0.483678
-0.496603
-0.509227
-0.521541
-0.533539
-0.545213
-0.556556
-0.567561
-0.578221
-0.588531
-0.598483
-0.608071
-0.617291
-0.626136
-0.634601
-0.64268
-0.650369
-0.657664
-0.664559
-0.671051
-0.677135
-0.682808
-0.688067
-0.692908
-0.697329
-0.701326
-0.704897
-0.70804
-0.710754
-0.713036
-0.714885
-0.7163
-0.71728
-0.717825
-0.717934
-0.717607
-0.716844
-0.715646
-0.714014
-0.711948
-0.709451
-0.706522
-0.703164
-0.69938
-0.695171
-0.69054
-0.68549
-0.680023
-0.674144
-0.667855
-0.661161
-0.654066
-0.646573
-0.638688
-0.630416
-0.62176
-0.612727
-0.603322
-0.593551
-0.583419
-0.572934
-0.5621
-0.550925
-0.539416
-0.527579
-0.515422
-0.502952
-0.490177
-0.477104
-0.463741
-0.450097
-0.43618
-0.421998
-0.40756
-0.392874
-0.37795
-0.362796
-0.347422
-0.331837
-0.316051
-0.300072
-0.283912
-0.267579
-0.251084
-0.234436
-0.217646
-0.200724
-0.18368
-0.166525
-0.149268
-0.131921
-0.114494
-0.0969971
-0.0794414
-0.0618375
-0.044196
-0.0265277
-0.00884336
0.0088464
0.0265308
0.0441991
0.0618405
0.0794444
0.0970001
0.114497
0.131924
0.149271
0.166528
0.183683
0.200727
0.217649
0.234439
0.251087
0.267582
0.283915
0.300075
0.316054
0.33184
0.347425
0.362799
0.377953
0.392877
0.407563
0.422001
0.436183
0.4501
0.463744
0.477107
0.49018
0.502955
0.515425
0.527582
0.539419
0.550928
0.562103
0.572936
0.583422
0.593554
0.603325
0.61273
0.621763
0.630418
0.638691
0.646576
0.654068
0.661164
0.667858
0.674146
0.680026
0.685492
0.690542
0.695173
0.699382
0.703167
0.706524
0.709453
0.711951
0.714016
0.715649
0.716846
0.717609
0.717936
0.717827
0.717282
0.716302
0.714887
0.713038
0.710756
0.708042
0.704899
0.701327
0.69733
0.69291
0.688069
0.68281
0.677137
0.671053
0.664561
0.657666
0.650371
0.642682
0.634602
0.626137
0.617293
0.608073
0.598484
0.588532
0.578223
0.567562
0.556557
0.545214
0.53354
0.521542
0.509228
0.496604
0.483679
0.47046
0.456956
0.443174
0.429124
0.414812
0.400249
0.385443
0.370403
0.355138
0.339657
0.32397
0.308087
0.292016
0.275768
0.259353
0.24278
0.22606
0.209203
0.192219
0.175118
0.15791
0.140607
0.123218
0.105755
0.0882275
0.0706464
0.0530223
0.0353661
0.0176884
0
0
-0.0181056
-0.0362002
-0.0542728
-0.0723125
-0.0903083
-0.108249
-0.126125
-0.143923
-0.161634
-0.179248
-0.196752
-0.214137
-0.231392
-0.248506
-0.26547
-0.282272
-0.298903
-0.315353
-0.331611
-0.347668
-0.363513
-0.379138
-0.394533
-0.409689
-0.424595
-0.439244
-0.453626
-0.467733
-0.481556
-0.495086
-0.508316
-0.521238
-0.533842
-0.546123
-0.558072
-0.569683
-0.580947
-0.591859
-0.602412
-0.612599
-0.622414
-0.631851
-0.640904
-0.649569
-0.657839
-0.665709
-0.673176
-0.680234
-0.686879
-0.693106
-0.698914
-0.704296
-0.709252
-0.713776
-0.717867
-0.721523
-0.72474
-0.727518
-0.729854
-0.731746
-0.733195
-0.734198
-0.734756
-0.734867
-0.734533
-0.733752
-0.732526
-0.730855
-0.728741
-0.726184
-0.723186
-0.71975
-0.715876
-0.711568
-0.706827
-0.701658
-0.696063
-0.690045
-0.683608
-0.676756
-0.669493
-0.661824
-0.653753
-0.645285
-0.636425
-0.627179
-0.617553
-0.607551
-0.59718
-0.586447
-0.575358
-0.56392
-0.552139
-0.540023
-0.527579
-0.514815
-0.501739
-0.488357
-0.47468
-0.460714
-0.446468
-0.431951
-0.417173
-0.40214
-0.386864
-0.371353
-0.355616
-0.339664
-0.323505
-0.30715
-0.290609
-0.273891
-0.257006
-0.239966
-0.22278
-0.205459
-0.188013
-0.170453
-0.152789
-0.135033
-0.117194
-0.0992849
-0.0813152
-0.063296
-0.0452385
-0.0271535
-0.00905199
0.00905501
0.0271565
0.0452415
0.0632991
0.0813182
0.0992879
0.117197
0.135036
0.152792
0.170456
0.188016
0.205462
0.222783
0.239969
0.257009
0.273894
0.290612
0.307153
0.323508
0.339667
0.355619
0.371356
0.386867
0.402143
0.417175
0.431954
0.446471
0.460717
0.474682
0.48836
0.501741
0.514818
0.527582
0.540026
0.552142
0.563923
0.575361
0.58645
0.597183
0.607554
0.617555
0.627182
0.636428
0.645288
0.653755
0.661826
0.669496
0.676758
0.68361
0.690047
0.696065
0.70166
0.70683
0.71157
0.715878
0.719752
0.723189
0.726186
0.728743
0.730858
0.732528
0.733754
0.734535
0.734869
0.734758
0.7342
0.733197
0.731748
0.729856
0.72752
0.724742
0.721525
0.717869
0.713778
0.709253
0.704298
0.698915
0.693108
0.68688
0.680235
0.673178
0.665711
0.65784
0.64957
0.640906
0.631852
0.622415
0.6126
0.602413
0.591861
0.580949
0.569684
0.558074
0.546124
0.533844
0.521239
0.508317
0.495087
0.481557
0.467734
0.453627
0.439245
0.424596
0.409689
0.394534
0.379139
0.363514
0.347668
0.331612
0.315353
0.298904
0.282273
0.26547
0.248507
0.231392
0.214137
0.196752
0.179248
0.161635
0.143923
0.126125
0.108249
0.0903085
0.0723127
0.054273
0.0362003
0.0181056
0
0
-0.0185118
-0.0370124
-0.0554905
-0.0739349
-0.0923345
-0.110678
-0.128954
-0.147152
-0.165261
-0.183269
-0.201166
-0.218941
-0.236583
-0.254082
-0.271426
-0.288605
-0.305609
-0.322428
-0.339051
-0.355468
-0.371669
-0.387645
-0.403385
-0.41888
-0.434121
-0.449099
-0.463804
-0.478227
-0.49236
-0.506194
-0.519721
-0.532932
-0.54582
-0.558376
-0.570593
-0.582464
-0.593982
-0.605138
-0.615928
-0.626343
-0.636378
-0.646027
-0.655284
-0.664142
-0.672598
-0.680645
-0.688279
-0.695495
-0.702289
-0.708657
-0.714594
-0.720098
-0.725164
-0.72979
-0.733973
-0.737711
-0.741001
-0.74384
-0.746229
-0.748164
-0.749645
-0.75067
-0.751241
-0.751355
-0.751012
-0.750214
-0.748961
-0.747253
-0.745091
-0.742477
-0.739412
-0.735898
-0.731937
-0.727532
-0.722686
-0.7174
-0.711679
-0.705526
-0.698945
-0.691939
-0.684514
-0.676672
-0.66842
-0.659763
-0.650704
-0.641251
-0.631408
-0.621182
-0.610579
-0.599605
-0.588267
-0.576572
-0.564527
-0.552139
-0.539416
-0.526366
-0.512996
-0.499314
-0.485329
-0.47105
-0.456485
-0.441643
-0.426532
-0.411163
-0.395544
-0.379685
-0.363595
-0.347285
-0.330763
-0.314041
-0.297129
-0.280036
-0.262772
-0.24535
-0.227778
-0.210068
-0.192231
-0.174277
-0.156217
-0.138062
-0.119824
-0.101513
-0.0831396
-0.0647162
-0.0462535
-0.0277627
-0.00925512
0.00925812
0.0277657
0.0462565
0.0647192
0.0831426
0.101516
0.119827
0.138065
0.15622
0.17428
0.192234
0.210071
0.227781
0.245353
0.262775
0.280039
0.297132
0.314044
0.330766
0.347288
0.363598
0.379688
0.395547
0.411166
0.426535
0.441646
0.456488
0.471053
0.485332
0.499317
0.512998
0.526368
0.539419
0.552142
0.56453
0.576575
0.58827
0.599607
0.610581
0.621185
0.631411
0.641253
0.650707
0.659765
0.668423
0.676675
0.684516
0.691942
0.698948
0.705529
0.711682
0.717403
0.722688
0.727535
0.73194
0.7359
0.739414
0.742479
0.745093
0.747255
0.748963
0.750217
0.751015
0.751357
0.751243
0.750673
0.749647
0.748166
0.746231
0.743842
0.741003
0.737713
0.733975
0.729792
0.725166
0.7201
0.714596
0.708659
0.702291
0.695497
0.688281
0.680647
0.6726
0.664144
0.655285
0.646028
0.63638
0.626344
0.615929
0.60514
0.593983
0.582466
0.570595
0.558377
0.545821
0.532933
0.519722
0.506195
0.492361
0.478228
0.463805
0.4491
0.434122
0.418881
0.403386
0.387646
0.37167
0.355469
0.339052
0.322429
0.30561
0.288606
0.271426
0.254082
0.236584
0.218942
0.201167
0.18327
0.165261
0.147153
0.128954
0.110678
0.0923347
0.0739351
0.0554906
0.0370125
0.0185119
0
0
-0.0189068
-0.0378021
-0.0566745
-0.0755124
-0.0943046
-0.113039
-0.131706
-0.150292
-0.168787
-0.18718
-0.205459
-0.223613
-0.241631
-0.259503
-0.277217
-0.294763
-0.31213
-0.329307
-0.346285
-0.363052
-0.379599
-0.395916
-0.411992
-0.427818
-0.443384
-0.458681
-0.4737
-0.488431
-0.502865
-0.516995
-0.53081
-0.544303
-0.557466
-0.57029
-0.582768
-0.594892
-0.606655
-0.61805
-0.629069
-0.639707
-0.649956
-0.659811
-0.669265
-0.678313
-0.686949
-0.695168
-0.702965
-0.710335
-0.717274
-0.723777
-0.729841
-0.735462
-0.740637
-0.745362
-0.749634
-0.753451
-0.756811
-0.759711
-0.76215
-0.764127
-0.765639
-0.766687
-0.767269
-0.767386
-0.767036
-0.766221
-0.764941
-0.763196
-0.760989
-0.758319
-0.755188
-0.751599
-0.747554
-0.743055
-0.738105
-0.732707
-0.726864
-0.72058
-0.713858
-0.706703
-0.699119
-0.69111
-0.682682
-0.67384
-0.664588
-0.654933
-0.64488
-0.634436
-0.623606
-0.612398
-0.600818
-0.588874
-0.576572
-0.56392
-0.550925
-0.537596
-0.523941
-0.509968
-0.495685
-0.481101
-0.466225
-0.451066
-0.435633
-0.419936
-0.403983
-0.387786
-0.371353
-0.354695
-0.337821
-0.320742
-0.303468
-0.286011
-0.268379
-0.250585
-0.232638
-0.214551
-0.196333
-0.177995
-0.15955
-0.141008
-0.12238
-0.103678
-0.0849135
-0.0660971
-0.0472404
-0.0283551
-0.00945263
0.00945562
0.0283581
0.0472434
0.0661
0.0849165
0.103681
0.122383
0.141011
0.159553
0.177998
0.196336
0.214554
0.232641
0.250588
0.268382
0.286014
0.303471
0.320745
0.337824
0.354697
0.371356
0.387789
0.403986
0.419939
0.435636
0.451069
0.466228
0.481104
0.495688
0.509971
0.523944
0.537599
0.550928
0.563923
0.576575
0.588877
0.600821
0.612401
0.623609
0.634438
0.644883
0.654935
0.66459
0.673842
0.682685
0.691113
0.699121
0.706706
0.713861
0.720582
0.726867
0.73271
0.738108
0.743058
0.747557
0.751602
0.75519
0.758321
0.760991
0.763199
0.764943
0.766224
0.767039
0.767388
0.767272
0.766689
0.765641
0.764129
0.762152
0.759713
0.756813
0.753453
0.749636
0.745363
0.740639
0.735464
0.729843
0.723779
0.717276
0.710337
0.702966
0.695169
0.68695
0.678314
0.669267
0.659812
0.649958
0.639708
0.629071
0.618051
0.606656
0.594893
0.582769
0.570291
0.557467
0.544304
0.530811
0.516996
0.502866
0.488432
0.473701
0.458682
0.443385
0.427819
0.411993
0.395917
0.3796
0.363053
0.346286
0.329308
0.312131
0.294764
0.277218
0.259503
0.241632
0.223613
0.205459
0.18718
0.168787
0.150292
0.131706
0.11304
0.0943048
0.0755126
0.0566746
0.0378022
0.0189068
0
0
-0.0192903
-0.0385689
-0.0578241
-0.0770441
-0.0962174
-0.115332
-0.134377
-0.15334
-0.172211
-0.190976
-0.209626
-0.228148
-0.246532
-0.264767
-0.28284
-0.300742
-0.318461
-0.335987
-0.353309
-0.370416
-0.387299
-0.403946
-0.420349
-0.436496
-0.452378
-0.467985
-0.483308
-0.498338
-0.513065
-0.527481
-0.541577
-0.555343
-0.568773
-0.581857
-0.594589
-0.606959
-0.61896
-0.630586
-0.641829
-0.652683
-0.66314
-0.673194
-0.68284
-0.692072
-0.700883
-0.709268
-0.717223
-0.724743
-0.731823
-0.738458
-0.744645
-0.75038
-0.75566
-0.76048
-0.764839
-0.768734
-0.772162
-0.775121
-0.77761
-0.779626
-0.781169
-0.782238
-0.782832
-0.782951
-0.782595
-0.781763
-0.780457
-0.778677
-0.776424
-0.7737
-0.770506
-0.766845
-0.762717
-0.758127
-0.753077
-0.747569
-0.741608
-0.735196
-0.728338
-0.721038
-0.7133
-0.705129
-0.69653
-0.687508
-0.678068
-0.668217
-0.657961
-0.647304
-0.636255
-0.62482
-0.613005
-0.600818
-0.588267
-0.575358
-0.5621
-0.548501
-0.534569
-0.520312
-0.505739
-0.490859
-0.475682
-0.460215
-0.444469
-0.428454
-0.412178
-0.395652
-0.378885
-0.361889
-0.344673
-0.327248
-0.309624
-0.291812
-0.273823
-0.255668
-0.237357
-0.218903
-0.200315
-0.181606
-0.162787
-0.143868
-0.124863
-0.105781
-0.0866359
-0.0674378
-0.0481987
-0.0289303
-0.0096444
0.00964738
0.0289333
0.0482017
0.0674408
0.0866389
0.105784
0.124866
0.143871
0.16279
0.181609
0.200318
0.218905
0.23736
0.255671
0.273826
0.291815
0.309627
0.327251
0.344676
0.361892
0.378888
0.395654
0.412181
0.428456
0.444472
0.460218
0.475684
0.490862
0.505742
0.520315
0.534571
0.548504
0.562103
0.575361
0.58827
0.600821
0.613008
0.624823
0.636258
0.647307
0.657963
0.66822
0.678071
0.68751
0.696532
0.705131
0.713302
0.72104
0.72834
0.735198
0.74161
0.747572
0.753079
0.75813
0.76272
0.766847
0.770508
0.773702
0.776426
0.778679
0.780459
0.781765
0.782597
0.782953
0.782835
0.78224
0.781171
0.779628
0.777612
0.775123
0.772164
0.768736
0.764841
0.760482
0.755661
0.750382
0.744647
0.73846
0.731824
0.724745
0.717225
0.70927
0.700884
0.692073
0.682842
0.673196
0.663141
0.652684
0.641831
0.630588
0.618962
0.60696
0.59459
0.581859
0.568774
0.555345
0.541578
0.527482
0.513066
0.498339
0.483309
0.467986
0.452378
0.436496
0.420349
0.403947
0.3873
0.370417
0.35331
0.335988
0.318462
0.300743
0.282841
0.264767
0.246533
0.228149
0.209626
0.190977
0.172211
0.153341
0.134377
0.115333
0.0962176
0.0770443
0.0578242
0.038569
0.0192903
0
0
-0.0196621
-0.0393122
-0.0589385
-0.078529
-0.0980718
-0.117555
-0.136967
-0.156296
-0.17553
-0.194657
-0.213666
-0.232546
-0.251284
-0.26987
-0.288291
-0.306538
-0.324599
-0.342463
-0.360118
-0.377556
-0.394763
-0.411732
-0.42845
-0.444908
-0.461096
-0.477005
-0.492623
-0.507943
-0.522954
-0.537647
-0.552015
-0.566047
-0.579735
-0.593072
-0.606048
-0.618657
-0.63089
-0.64274
-0.654199
-0.665262
-0.675921
-0.686169
-0.696001
-0.70541
-0.714391
-0.722938
-0.731047
-0.738711
-0.745927
-0.752691
-0.758997
-0.764843
-0.770224
-0.775137
-0.77958
-0.78355
-0.787044
-0.79006
-0.792597
-0.794652
-0.796225
-0.797315
-0.79792
-0.798041
-0.797678
-0.79683
-0.795499
-0.793685
-0.791388
-0.788612
-0.785356
-0.781624
-0.777418
-0.772739
-0.767591
-0.761977
-0.755901
-0.749366
-0.742375
-0.734934
-0.727047
-0.718719
-0.709954
-0.700758
-0.691137
-0.681096
-0.670642
-0.65978
-0.648518
-0.636862
-0.62482
-0.612398
-0.599605
-0.586447
-0.572934
-0.559072
-0.544872
-0.53034
-0.515486
-0.50032
-0.48485
-0.469085
-0.453036
-0.436711
-0.420122
-0.403277
-0.386188
-0.368864
-0.351316
-0.333555
-0.315591
-0.297436
-0.2791
-0.260595
-0.241932
-0.223122
-0.204176
-0.185106
-0.165924
-0.146641
-0.127269
-0.10782
-0.0883057
-0.0687376
-0.0491277
-0.0294879
-0.00983032
0.00983328
0.0294909
0.0491306
0.0687405
0.0883087
0.107823
0.127272
0.146644
0.165927
0.185109
0.204179
0.223124
0.241935
0.260598
0.279103
0.297439
0.315594
0.333558
0.351319
0.368867
0.386191
0.40328
0.420125
0.436714
0.453039
0.469088
0.484852
0.500323
0.515489
0.530343
0.544874
0.559075
0.572936
0.58645
0.599607
0.612401
0.624823
0.636865
0.648521
0.659783
0.670644
0.681099
0.691139
0.700761
0.709957
0.718721
0.72705
0.734937
0.742378
0.749368
0.755903
0.76198
0.767593
0.772741
0.77742
0.781627
0.785359
0.788614
0.791391
0.793687
0.795501
0.796833
0.79768
0.798044
0.797922
0.797317
0.796227
0.794654
0.792599
0.790062
0.787046
0.783552
0.779582
0.775139
0.770226
0.764844
0.758999
0.752692
0.745929
0.738713
0.731048
0.72294
0.714393
0.705412
0.696002
0.686171
0.675922
0.665263
0.654201
0.642741
0.630891
0.618658
0.606049
0.593073
0.579736
0.566048
0.552016
0.537648
0.522955
0.507944
0.492624
0.477005
0.461097
0.444909
0.428451
0.411733
0.394764
0.377556
0.360119
0.342463
0.3246
0.306539
0.288292
0.26987
0.251284
0.232546
0.213667
0.194657
0.17553
0.156296
0.136967
0.117555
0.098072
0.0785292
0.0589386
0.0393123
0.0196621
0
0
-0.0200219
-0.0400317
-0.0600172
-0.0799662
-0.0998667
-0.119707
-0.139474
-0.159156
-0.178742
-0.19822
-0.217577
-0.236802
-0.255883
-0.274809
-0.293568
-0.312148
-0.33054
-0.34873
-0.366709
-0.384466
-0.401988
-0.419267
-0.436291
-0.453051
-0.469535
-0.485735
-0.501639
-0.517239
-0.532525
-0.547487
-0.562118
-0.576406
-0.590345
-0.603926
-0.61714
-0.629979
-0.642436
-0.654503
-0.666172
-0.677438
-0.688291
-0.698727
-0.708739
-0.71832
-0.727466
-0.736169
-0.744426
-0.752231
-0.759579
-0.766466
-0.772888
-0.778841
-0.78432
-0.789324
-0.793848
-0.79789
-0.801448
-0.80452
-0.807103
-0.809196
-0.810798
-0.811907
-0.812524
-0.812647
-0.812277
-0.811414
-0.810058
-0.808211
-0.805872
-0.803045
-0.79973
-0.795929
-0.791646
-0.786881
-0.781639
-0.775923
-0.769735
-0.76308
-0.755962
-0.748385
-0.740354
-0.731873
-0.722947
-0.713583
-0.703786
-0.693561
-0.682916
-0.671855
-0.660387
-0.648518
-0.636255
-0.623606
-0.610579
-0.59718
-0.583419
-0.569304
-0.554844
-0.540046
-0.524921
-0.509477
-0.493723
-0.47767
-0.461327
-0.444704
-0.427811
-0.410658
-0.393256
-0.375615
-0.357746
-0.33966
-0.321367
-0.30288
-0.284209
-0.265365
-0.24636
-0.227205
-0.207913
-0.188494
-0.168961
-0.149325
-0.129599
-0.109794
-0.0899219
-0.0699956
-0.0500268
-0.0300277
-0.0100103
0.0100132
0.0300306
0.0500298
0.0699986
0.0899249
0.109797
0.129602
0.149328
0.168964
0.188497
0.207916
0.227208
0.246363
0.265368
0.284211
0.302883
0.32137
0.339663
0.357749
0.375618
0.393259
0.410661
0.427814
0.444707
0.46133
0.477673
0.493726
0.509479
0.524924
0.540049
0.554846
0.569307
0.583422
0.597183
0.610581
0.623609
0.636258
0.648521
0.66039
0.671858
0.682918
0.693564
0.703788
0.713586
0.72295
0.731875
0.740356
0.748388
0.755965
0.763083
0.769738
0.775925
0.781642
0.786884
0.791648
0.795932
0.799732
0.803047
0.805875
0.808213
0.81006
0.811416
0.812279
0.812649
0.812526
0.811909
0.8108
0.809198
0.807105
0.804522
0.80145
0.797892
0.79385
0.789326
0.784322
0.778842
0.77289
0.766468
0.759581
0.752233
0.744428
0.736171
0.727467
0.718322
0.70874
0.698729
0.688293
0.677439
0.666174
0.654504
0.642437
0.629981
0.617141
0.603927
0.590347
0.576408
0.562119
0.547488
0.532526
0.51724
0.50164
0.485735
0.469536
0.453052
0.436292
0.419268
0.401989
0.384466
0.36671
0.348731
0.33054
0.312149
0.293568
0.274809
0.255883
0.236802
0.217577
0.19822
0.178743
0.159157
0.139474
0.119707
0.0998669
0.0799664
0.0600173
0.0400318
0.020022
0
0
-0.0203696
-0.0407269
-0.0610594
-0.0813549
-0.101601
-0.121785
-0.141896
-0.16192
-0.181846
-0.201662
-0.221355
-0.240914
-0.260326
-0.279581
-0.298666
-0.317569
-0.33628
-0.354786
-0.373077
-0.391142
-0.408969
-0.426548
-0.443868
-0.460918
-0.477689
-0.49417
-0.51035
-0.526221
-0.541772
-0.556995
-0.571879
-0.586416
-0.600597
-0.614414
-0.627857
-0.640919
-0.653593
-0.665869
-0.677741
-0.689202
-0.700244
-0.710861
-0.721047
-0.730795
-0.740099
-0.748954
-0.757354
-0.765294
-0.77277
-0.779777
-0.78631
-0.792366
-0.797941
-0.803031
-0.807634
-0.811746
-0.815366
-0.818491
-0.821119
-0.823248
-0.824878
-0.826006
-0.826634
-0.826759
-0.826383
-0.825505
-0.824125
-0.822246
-0.819867
-0.81699
-0.813618
-0.809751
-0.805393
-0.800546
-0.795213
-0.789397
-0.783102
-0.776332
-0.76909
-0.761381
-0.75321
-0.744582
-0.735502
-0.725975
-0.716008
-0.705606
-0.694775
-0.683523
-0.671855
-0.65978
-0.647304
-0.634436
-0.621182
-0.607551
-0.593551
-0.579191
-0.564479
-0.549425
-0.534036
-0.518324
-0.502297
-0.485965
-0.469338
-0.452427
-0.43524
-0.417789
-0.400085
-0.382138
-0.363958
-0.345558
-0.326948
-0.30814
-0.289144
-0.269973
-0.250638
-0.231151
-0.211523
-0.191767
-0.171895
-0.151918
-0.131849
-0.1117
-0.0914835
-0.0712112
-0.0508956
-0.0305492
-0.0101841
0.0101871
0.0305521
0.0508985
0.0712141
0.0914864
0.111703
0.131852
0.151921
0.171898
0.19177
0.211526
0.231154
0.250641
0.269976
0.289147
0.308142
0.326951
0.345561
0.363961
0.38214
0.400088
0.417792
0.435243
0.452429
0.469341
0.485968
0.5023
0.518327
0.534039
0.549427
0.564482
0.579194
0.593554
0.607554
0.621185
0.634438
0.647307
0.659783
0.671858
0.683525
0.694778
0.705608
0.71601
0.725978
0.735504
0.744585
0.753213
0.761384
0.769092
0.776334
0.783105
0.7894
0.795216
0.800549
0.805396
0.809754
0.81362
0.816993
0.819869
0.822248
0.824128
0.825507
0.826385
0.826761
0.826636
0.826009
0.82488
0.82325
0.821121
0.818493
0.815368
0.811748
0.807636
0.803033
0.797942
0.792367
0.786312
0.779778
0.772772
0.765296
0.757355
0.748955
0.7401
0.730796
0.721048
0.710863
0.700245
0.689203
0.677742
0.66587
0.653594
0.640921
0.627858
0.614415
0.600598
0.586417
0.57188
0.556996
0.541773
0.526222
0.510351
0.494171
0.47769
0.460919
0.443869
0.426549
0.40897
0.391143
0.373078
0.354787
0.33628
0.31757
0.298666
0.279581
0.260327
0.240914
0.221355
0.201662
0.181847
0.16192
0.141896
0.121786
0.101601
0.0813551
0.0610596
0.040727
0.0203697
0
0
-0.020705
-0.0413974
-0.0620646
-0.0826942
-0.103274
-0.12379
-0.144232
-0.164586
-0.18484
-0.204982
-0.224999
-0.24488
-0.264612
-0.284183
-0.303582
-0.322797
-0.341816
-0.360627
-0.379219
-0.397581
-0.415702
-0.43357
-0.451175
-0.468506
-0.485553
-0.502305
-0.518752
-0.534884
-0.550691
-0.566164
-0.581294
-0.59607
-0.610484
-0.624528
-0.638193
-0.65147
-0.664352
-0.676831
-0.688898
-0.700548
-0.711772
-0.722564
-0.732917
-0.742825
-0.752282
-0.761283
-0.769822
-0.777893
-0.785492
-0.792614
-0.799254
-0.80541
-0.811076
-0.816251
-0.820929
-0.82511
-0.828789
-0.831965
-0.834636
-0.836801
-0.838457
-0.839604
-0.840242
-0.84037
-0.839987
-0.839094
-0.837692
-0.835782
-0.833364
-0.83044
-0.827012
-0.823082
-0.818652
-0.813725
-0.808304
-0.802393
-0.795994
-0.789112
-0.781751
-0.773915
-0.76561
-0.75684
-0.74761
-0.737926
-0.727795
-0.717221
-0.706213
-0.694775
-0.682916
-0.670642
-0.657961
-0.64488
-0.631408
-0.617553
-0.603322
-0.588726
-0.573772
-0.558469
-0.542828
-0.526857
-0.510566
-0.493965
-0.477065
-0.459875
-0.442405
-0.424667
-0.406671
-0.388429
-0.36995
-0.351247
-0.33233
-0.313212
-0.293904
-0.274417
-0.254764
-0.234956
-0.215005
-0.194924
-0.174725
-0.154419
-0.13402
-0.113539
-0.0929896
-0.0723835
-0.0517335
-0.0310521
-0.0103518
0.0103547
0.031055
0.0517364
0.0723864
0.0929925
0.113542
0.134023
0.154422
0.174728
0.194927
0.215008
0.234959
0.254767
0.27442
0.293907
0.313215
0.332333
0.35125
0.369953
0.388431
0.406674
0.42467
0.442408
0.459877
0.477068
0.493968
0.510569
0.52686
0.542831
0.558472
0.573774
0.588728
0.603325
0.617555
0.631411
0.644883
0.657963
0.670644
0.682918
0.694778
0.706215
0.717224
0.727797
0.737929
0.747613
0.756842
0.765612
0.773918
0.781753
0.789114
0.795996
0.802395
0.808307
0.813727
0.818654
0.823084
0.827014
0.830442
0.833366
0.835784
0.837694
0.839096
0.839989
0.840372
0.840244
0.839606
0.838459
0.836803
0.834638
0.831967
0.828791
0.825111
0.820931
0.816252
0.811078
0.805412
0.799256
0.792615
0.785493
0.777894
0.769823
0.761285
0.752284
0.742827
0.732918
0.722565
0.711773
0.700549
0.6889
0.676832
0.664353
0.651472
0.638194
0.62453
0.610486
0.596071
0.581295
0.566165
0.550692
0.534885
0.518753
0.502306
0.485554
0.468507
0.451176
0.433571
0.415703
0.397582
0.37922
0.360628
0.341816
0.322798
0.303583
0.284184
0.264612
0.24488
0.224999
0.204982
0.18484
0.164586
0.144232
0.12379
0.103274
0.0826943
0.0620647
0.0413974
0.020705
0
0
-0.0210277
-0.0420427
-0.0630321
-0.0839833
-0.104883
-0.12572
-0.14648
-0.167151
-0.187721
-0.208177
-0.228506
-0.248697
-0.268737
-0.288613
-0.308315
-0.327829
-0.347144
-0.366249
-0.385131
-0.403779
-0.422182
-0.440329
-0.458208
-0.47581
-0.493122
-0.510135
-0.526838
-0.543222
-0.559276
-0.57499
-0.590355
-0.605362
-0.620001
-0.634264
-0.648142
-0.661626
-0.674708
-0.687381
-0.699637
-0.711468
-0.722867
-0.733827
-0.744342
-0.754405
-0.764009
-0.77315
-0.781822
-0.790019
-0.797736
-0.804969
-0.811714
-0.817965
-0.82372
-0.828975
-0.833726
-0.837972
-0.841709
-0.844934
-0.847647
-0.849845
-0.851527
-0.852693
-0.85334
-0.85347
-0.853081
-0.852175
-0.850751
-0.84881
-0.846355
-0.843385
-0.839904
-0.835912
-0.831413
-0.82641
-0.820905
-0.814901
-0.808402
-0.801413
-0.793937
-0.78598
-0.777545
-0.768638
-0.759264
-0.74943
-0.73914
-0.728402
-0.717221
-0.705606
-0.693561
-0.681096
-0.668217
-0.654933
-0.641251
-0.627179
-0.612727
-0.597903
-0.582716
-0.567175
-0.55129
-0.53507
-0.518525
-0.501666
-0.484502
-0.467043
-0.449302
-0.431287
-0.413011
-0.394484
-0.375717
-0.356722
-0.337511
-0.318095
-0.298486
-0.278695
-0.258735
-0.238619
-0.218357
-0.197963
-0.177448
-0.156826
-0.136109
-0.115309
-0.0944392
-0.0735119
-0.05254
-0.0315362
-0.0105132
0.0105161
0.0315391
0.0525429
0.0735148
0.0944421
0.115312
0.136112
0.156829
0.177451
0.197966
0.21836
0.238622
0.258738
0.278698
0.298488
0.318098
0.337514
0.356725
0.37572
0.394486
0.413013
0.43129
0.449304
0.467046
0.484504
0.501668
0.518528
0.535073
0.551293
0.567178
0.582719
0.597906
0.61273
0.627182
0.641253
0.654935
0.66822
0.681099
0.693564
0.705608
0.717224
0.728404
0.739143
0.749432
0.759267
0.76864
0.777547
0.785982
0.79394
0.801416
0.808405
0.814903
0.820907
0.826412
0.831416
0.835915
0.839906
0.843387
0.846357
0.848813
0.850753
0.852177
0.853083
0.853472
0.853342
0.852695
0.851529
0.849847
0.847649
0.844936
0.84171
0.837974
0.833728
0.828977
0.823722
0.817967
0.811715
0.804971
0.797738
0.79002
0.781824
0.773152
0.764011
0.754406
0.744343
0.733829
0.722869
0.711469
0.699638
0.687383
0.67471
0.661627
0.648143
0.634265
0.620002
0.605363
0.590356
0.574991
0.559277
0.543223
0.526839
0.510136
0.493123
0.47581
0.458209
0.44033
0.422183
0.40378
0.385131
0.366249
0.347145
0.32783
0.308315
0.288614
0.268737
0.248698
0.228507
0.208177
0.187722
0.167152
0.14648
0.12572
0.104884
0.0839834
0.0630322
0.0420428
0.0210278
0
0
-0.0213377
-0.0426625
-0.0639613
-0.0852214
-0.10643
-0.127573
-0.14864
-0.169616
-0.190489
-0.211246
-0.231875
-0.252363
-0.272699
-0.292868
-0.31286
-0.332662
-0.352262
-0.371648
-0.390808
-0.409731
-0.428406
-0.44682
-0.464963
-0.482824
-0.500392
-0.517656
-0.534605
-0.55123
-0.567521
-0.583467
-0.599058
-0.614286
-0.629141
-0.643614
-0.657697
-0.67138
-0.684655
-0.697515
-0.709951
-0.721957
-0.733524
-0.744645
-0.755315
-0.765526
-0.775273
-0.784548
-0.793348
-0.801665
-0.809497
-0.816836
-0.82368
-0.830024
-0.835863
-0.841196
-0.846017
-0.850325
-0.854117
-0.85739
-0.860143
-0.862374
-0.864081
-0.865263
-0.86592
-0.866052
-0.865657
-0.864738
-0.863293
-0.861324
-0.858832
-0.855819
-0.852286
-0.848236
-0.84367
-0.838593
-0.833006
-0.826914
-0.82032
-0.813228
-0.805642
-0.797567
-0.789007
-0.779969
-0.770457
-0.760478
-0.750037
-0.73914
-0.727795
-0.716008
-0.703786
-0.691137
-0.678068
-0.664588
-0.650704
-0.636425
-0.62176
-0.606717
-0.591306
-0.575536
-0.559417
-0.542958
-0.526169
-0.509061
-0.491644
-0.473929
-0.455925
-0.437645
-0.419099
-0.400299
-0.381256
-0.361981
-0.342487
-0.322784
-0.302886
-0.282804
-0.26255
-0.242136
-0.221576
-0.200881
-0.180064
-0.159138
-0.138116
-0.117009
-0.0958315
-0.0745957
-0.0533146
-0.0320011
-0.0106682
0.0106711
0.032004
0.0533174
0.0745985
0.0958343
0.117012
0.138118
0.159141
0.180067
0.200884
0.221579
0.242139
0.262553
0.282807
0.302889
0.322787
0.34249
0.361984
0.381259
0.400302
0.419102
0.437648
0.455928
0.473931
0.491647
0.509064
0.526172
0.542961
0.55942
0.575539
0.591309
0.60672
0.621763
0.636428
0.650707
0.66459
0.678071
0.691139
0.703788
0.71601
0.727797
0.739143
0.750039
0.76048
0.77046
0.779972
0.78901
0.797569
0.805644
0.81323
0.820322
0.826917
0.833009
0.838595
0.843673
0.848238
0.852288
0.855821
0.858834
0.861326
0.863295
0.86474
0.865659
0.866054
0.865922
0.865265
0.864083
0.862376
0.860145
0.857392
0.854119
0.850327
0.846019
0.841197
0.835865
0.830025
0.823682
0.816838
0.809498
0.801667
0.793349
0.78455
0.775274
0.765528
0.755317
0.744647
0.733525
0.721958
0.709953
0.697516
0.684656
0.671381
0.657698
0.643615
0.629142
0.614287
0.599059
0.583468
0.567522
0.551231
0.534606
0.517656
0.500393
0.482825
0.464964
0.446821
0.428407
0.409732
0.390809
0.371648
0.352262
0.332662
0.312861
0.292869
0.272699
0.252364
0.231876
0.211246
0.190489
0.169616
0.14864
0.127574
0.10643
0.0852215
0.0639615
0.0426626
0.0213378
0
0
-0.0216348
-0.0432564
-0.0648517
-0.0864077
-0.107911
-0.129349
-0.150709
-0.171977
-0.19314
-0.214187
-0.235103
-0.255877
-0.276495
-0.296945
-0.317215
-0.337293
-0.357166
-0.376822
-0.396249
-0.415435
-0.43437
-0.45304
-0.471436
-0.489545
-0.507358
-0.524862
-0.542047
-0.558904
-0.575421
-0.591589
-0.607398
-0.622838
-0.637899
-0.652574
-0.666852
-0.680726
-0.694186
-0.707225
-0.719835
-0.732007
-0.743735
-0.755012
-0.76583
-0.776183
-0.786065
-0.79547
-0.804392
-0.812825
-0.820765
-0.828207
-0.835146
-0.841578
-0.847499
-0.852906
-0.857795
-0.862163
-0.866007
-0.869326
-0.872117
-0.874379
-0.87611
-0.877308
-0.877975
-0.878108
-0.877708
-0.876775
-0.875311
-0.873314
-0.870788
-0.867732
-0.86415
-0.860044
-0.855415
-0.850267
-0.844603
-0.838426
-0.83174
-0.824549
-0.816857
-0.80867
-0.799991
-0.790827
-0.781183
-0.771064
-0.760478
-0.74943
-0.737926
-0.725975
-0.713583
-0.700758
-0.687508
-0.67384
-0.659763
-0.645285
-0.630416
-0.615164
-0.599538
-0.583548
-0.567205
-0.550517
-0.533494
-0.516148
-0.498488
-0.480526
-0.462272
-0.443738
-0.424934
-0.405872
-0.386563
-0.36702
-0.347254
-0.327278
-0.307102
-0.286741
-0.266205
-0.245507
-0.224661
-0.203678
-0.182571
-0.161354
-0.140038
-0.118638
-0.0971655
-0.0756341
-0.0540568
-0.0324466
-0.0108168
0.0108196
0.0324495
0.0540596
0.075637
0.0971684
0.118641
0.140041
0.161357
0.182574
0.203681
0.224664
0.24551
0.266208
0.286743
0.307105
0.327281
0.347257
0.367023
0.386566
0.405874
0.424936
0.44374
0.462275
0.480529
0.498491
0.516151
0.533497
0.550519
0.567207
0.583551
0.599541
0.615166
0.630418
0.645288
0.659765
0.673842
0.68751
0.700761
0.713586
0.725978
0.737929
0.749432
0.76048
0.771067
0.781185
0.79083
0.799994
0.808672
0.816859
0.824551
0.831742
0.838428
0.844605
0.850269
0.855417
0.860046
0.864153
0.867735
0.87079
0.873316
0.875313
0.876778
0.87771
0.87811
0.877977
0.87731
0.876112
0.874381
0.872119
0.869328
0.866009
0.862165
0.857796
0.852908
0.847501
0.84158
0.835148
0.828209
0.820767
0.812827
0.804393
0.795471
0.786067
0.776185
0.765831
0.755013
0.743736
0.732008
0.719836
0.707226
0.694187
0.680727
0.666854
0.652575
0.637901
0.622839
0.607399
0.59159
0.575422
0.558905
0.542048
0.524863
0.507358
0.489546
0.471437
0.453041
0.43437
0.415436
0.396249
0.376822
0.357166
0.337293
0.317216
0.296946
0.276495
0.255877
0.235103
0.214187
0.193141
0.171977
0.150709
0.12935
0.107911
0.0864079
0.0648519
0.0432565
0.0216348
0
0
-0.0219187
-0.043824
-0.0657028
-0.0875416
-0.109327
-0.131047
-0.152686
-0.174234
-0.195675
-0.216997
-0.238188
-0.259234
-0.280123
-0.300842
-0.321378
-0.341719
-0.361853
-0.381766
-0.401449
-0.420887
-0.44007
-0.458985
-0.477622
-0.49597
-0.514015
-0.531749
-0.549161
-0.566238
-0.582972
-0.599352
-0.615368
-0.631011
-0.64627
-0.661137
-0.675603
-0.689659
-0.703296
-0.716506
-0.729281
-0.741613
-0.753495
-0.764919
-0.77588
-0.786369
-0.79638
-0.805909
-0.814948
-0.823492
-0.831536
-0.839076
-0.846106
-0.852622
-0.858621
-0.864098
-0.869051
-0.873477
-0.877372
-0.880734
-0.883562
-0.885853
-0.887606
-0.888821
-0.889496
-0.889631
-0.889226
-0.888281
-0.886797
-0.884774
-0.882215
-0.879119
-0.87549
-0.87133
-0.86664
-0.861425
-0.855686
-0.849428
-0.842654
-0.835369
-0.827576
-0.819282
-0.810489
-0.801205
-0.791434
-0.781183
-0.770457
-0.759264
-0.74761
-0.735502
-0.722947
-0.709954
-0.69653
-0.682682
-0.66842
-0.653753
-0.638688
-0.623236
-0.607406
-0.591206
-0.574648
-0.557741
-0.540495
-0.522921
-0.50503
-0.486832
-0.468339
-0.449561
-0.43051
-0.411198
-0.391636
-0.371837
-0.351811
-0.331573
-0.311132
-0.290503
-0.269698
-0.248729
-0.227609
-0.206351
-0.184967
-0.163471
-0.141876
-0.120195
-0.0984406
-0.0766267
-0.0547662
-0.0328725
-0.0109588
0.0109616
0.0328753
0.054769
0.0766295
0.0984435
0.120198
0.141879
0.163474
0.18497
0.206353
0.227612
0.248732
0.269701
0.290506
0.311135
0.331575
0.351814
0.371839
0.391639
0.411201
0.430513
0.449563
0.468341
0.486835
0.505033
0.522924
0.540498
0.557743
0.574651
0.591209
0.607408
0.623239
0.638691
0.653755
0.668423
0.682685
0.696532
0.709957
0.72295
0.735504
0.747613
0.759267
0.77046
0.781185
0.791437
0.801207
0.810492
0.819284
0.827579
0.835371
0.842657
0.84943
0.855688
0.861427
0.866643
0.871332
0.875493
0.879122
0.882217
0.884776
0.886799
0.888283
0.889228
0.889633
0.889498
0.888823
0.887608
0.885855
0.883564
0.880736
0.877373
0.873478
0.869053
0.8641
0.858623
0.852624
0.846107
0.839077
0.831538
0.823493
0.814949
0.80591
0.796382
0.78637
0.775881
0.764921
0.753496
0.741614
0.729282
0.716507
0.703297
0.68966
0.675604
0.661139
0.646271
0.631012
0.615369
0.599353
0.582973
0.566239
0.549161
0.53175
0.514016
0.49597
0.477623
0.458986
0.44007
0.420888
0.401449
0.381767
0.361853
0.34172
0.321379
0.300842
0.280124
0.259235
0.238189
0.216998
0.195675
0.174234
0.152687
0.131047
0.109328
0.0875418
0.0657029
0.0438241
0.0219187
0
0
-0.0221893
-0.0443651
-0.0665139
-0.0886224
-0.110677
-0.132665
-0.154572
-0.176385
-0.198091
-0.219676
-0.241129
-0.262435
-0.283581
-0.304556
-0.325346
-0.345938
-0.36632
-0.38648
-0.406405
-0.426083
-0.445503
-0.464652
-0.483519
-0.502093
-0.520361
-0.538314
-0.55594
-0.573229
-0.590169
-0.606752
-0.622965
-0.638801
-0.654249
-0.6693
-0.683944
-0.698173
-0.711978
-0.725351
-0.738284
-0.750769
-0.762797
-0.774363
-0.785458
-0.796077
-0.806212
-0.815858
-0.825009
-0.833658
-0.841802
-0.849435
-0.856551
-0.863148
-0.869221
-0.874766
-0.87978
-0.88426
-0.888203
-0.891607
-0.89447
-0.896789
-0.898565
-0.899794
-0.900478
-0.900614
-0.900204
-0.899248
-0.897745
-0.895697
-0.893106
-0.889973
-0.886299
-0.882087
-0.87734
-0.87206
-0.86625
-0.859915
-0.853057
-0.845682
-0.837793
-0.829396
-0.820495
-0.811096
-0.801205
-0.790827
-0.779969
-0.768638
-0.75684
-0.744582
-0.731873
-0.718719
-0.705129
-0.69111
-0.676672
-0.661824
-0.646573
-0.63093
-0.614904
-0.598505
-0.581742
-0.564626
-0.547168
-0.529377
-0.511265
-0.492842
-0.47412
-0.455111
-0.435825
-0.416274
-0.396471
-0.376427
-0.356155
-0.335666
-0.314974
-0.29409
-0.273028
-0.2518
-0.230419
-0.208898
-0.187251
-0.165489
-0.143628
-0.121679
-0.099656
-0.0775727
-0.0554423
-0.0332783
-0.0110941
0.0110969
0.0332811
0.0554451
0.0775755
0.0996588
0.121682
0.14363
0.165492
0.187253
0.208901
0.230422
0.251802
0.27303
0.294093
0.314976
0.335669
0.356157
0.37643
0.396474
0.416277
0.435828
0.455114
0.474123
0.492845
0.511268
0.52938
0.547171
0.564629
0.581745
0.598508
0.614907
0.630933
0.646576
0.661826
0.676675
0.691113
0.705131
0.718721
0.731875
0.744585
0.756842
0.76864
0.779972
0.79083
0.801207
0.811099
0.820498
0.829398
0.837796
0.845684
0.85306
0.859917
0.866252
0.872062
0.877342
0.882089
0.886301
0.889975
0.893108
0.8957
0.897747
0.89925
0.900206
0.900616
0.900479
0.899796
0.898566
0.896791
0.894472
0.891609
0.888205
0.884262
0.879782
0.874768
0.869223
0.86315
0.856553
0.849436
0.841804
0.83366
0.82501
0.81586
0.806214
0.796078
0.78546
0.774364
0.762799
0.75077
0.738285
0.725353
0.71198
0.698174
0.683945
0.669301
0.65425
0.638802
0.622966
0.606753
0.59017
0.57323
0.555941
0.538315
0.520362
0.502093
0.48352
0.464653
0.445503
0.426084
0.406405
0.38648
0.36632
0.345938
0.325346
0.304556
0.283582
0.262435
0.241129
0.219677
0.198091
0.176385
0.154572
0.132665
0.110677
0.0886225
0.066514
0.0443651
0.0221893
0
0
-0.0224464
-0.0448792
-0.0672847
-0.0896493
-0.11196
-0.134202
-0.156363
-0.178429
-0.200386
-0.222222
-0.243923
-0.265476
-0.286868
-0.308085
-0.329116
-0.349946
-0.370565
-0.390958
-0.411114
-0.43102
-0.450665
-0.470036
-0.489122
-0.507911
-0.526391
-0.544552
-0.562382
-0.579871
-0.597008
-0.613783
-0.630184
-0.646203
-0.66183
-0.677055
-0.69187
-0.706264
-0.720229
-0.733757
-0.746839
-0.759468
-0.771636
-0.783336
-0.79456
-0.805302
-0.815555
-0.825312
-0.834569
-0.843319
-0.851557
-0.859278
-0.866477
-0.87315
-0.879294
-0.884903
-0.889975
-0.894507
-0.898496
-0.901939
-0.904835
-0.907181
-0.908977
-0.910221
-0.910912
-0.91105
-0.910636
-0.909668
-0.908148
-0.906077
-0.903455
-0.900286
-0.896569
-0.892309
-0.887506
-0.882165
-0.876288
-0.869879
-0.862943
-0.855482
-0.847502
-0.839007
-0.830003
-0.820495
-0.810489
-0.799991
-0.789007
-0.777545
-0.76561
-0.75321
-0.740354
-0.727047
-0.7133
-0.699119
-0.684514
-0.669493
-0.654066
-0.638242
-0.62203
-0.60544
-0.588484
-0.571169
-0.553508
-0.535511
-0.517189
-0.498553
-0.479615
-0.460385
-0.440875
-0.421098
-0.401065
-0.380789
-0.360282
-0.339556
-0.318624
-0.297498
-0.276192
-0.254718
-0.233089
-0.211319
-0.18942
-0.167407
-0.145292
-0.123089
-0.100811
-0.0784716
-0.0560848
-0.033664
-0.0112227
0.0112254
0.0336667
0.0560876
0.0784744
0.100814
0.123092
0.145295
0.16741
0.189423
0.211322
0.233092
0.25472
0.276194
0.297501
0.318626
0.339558
0.360285
0.380792
0.401068
0.421101
0.440878
0.460387
0.479617
0.498556
0.517192
0.535514
0.553511
0.571172
0.588486
0.605443
0.622032
0.638244
0.654068
0.669496
0.684516
0.699121
0.713302
0.72705
0.740356
0.753213
0.765612
0.777547
0.78901
0.799994
0.810492
0.820498
0.830005
0.839009
0.847504
0.855484
0.862945
0.869882
0.87629
0.882167
0.887508
0.892311
0.896571
0.900288
0.903458
0.906079
0.90815
0.90967
0.910638
0.911052
0.910914
0.910223
0.908979
0.907183
0.904837
0.901941
0.898498
0.894509
0.889977
0.884905
0.879295
0.873152
0.866479
0.859279
0.851558
0.84332
0.83457
0.825314
0.815556
0.805303
0.794562
0.783337
0.771638
0.75947
0.746841
0.733758
0.72023
0.706265
0.691871
0.677057
0.661831
0.646205
0.630185
0.613784
0.597009
0.579872
0.562383
0.544553
0.526392
0.507912
0.489123
0.470037
0.450666
0.431021
0.411115
0.390959
0.370565
0.349947
0.329116
0.308086
0.286868
0.265476
0.243923
0.222222
0.200386
0.178429
0.156363
0.134202
0.11196
0.0896495
0.0672848
0.0448792
0.0224464
0
0
-0.0226899
-0.045366
-0.0680146
-0.0906219
-0.113174
-0.135658
-0.158059
-0.180364
-0.20256
-0.224633
-0.246569
-0.268356
-0.28998
-0.311427
-0.332686
-0.353743
-0.374585
-0.395199
-0.415574
-0.435696
-0.455554
-0.475135
-0.494428
-0.513421
-0.532102
-0.55046
-0.568483
-0.586162
-0.603485
-0.620441
-0.637021
-0.653214
-0.66901
-0.6844
-0.699375
-0.713925
-0.728042
-0.741717
-0.754941
-0.767707
-0.780007
-0.791834
-0.80318
-0.814038
-0.824402
-0.834265
-0.843622
-0.852467
-0.860795
-0.868599
-0.875877
-0.882622
-0.888832
-0.894502
-0.89963
-0.904211
-0.908243
-0.911723
-0.914651
-0.917023
-0.918838
-0.920095
-0.920794
-0.920934
-0.920514
-0.919536
-0.918
-0.915906
-0.913256
-0.910052
-0.906295
-0.901988
-0.897134
-0.891735
-0.885794
-0.879316
-0.872304
-0.864762
-0.856696
-0.848109
-0.839007
-0.829396
-0.819282
-0.80867
-0.797567
-0.78598
-0.773915
-0.761381
-0.748385
-0.734934
-0.721038
-0.706703
-0.691939
-0.676756
-0.661161
-0.645165
-0.628778
-0.612008
-0.594868
-0.577366
-0.559513
-0.541321
-0.5228
-0.503962
-0.484817
-0.465379
-0.445658
-0.425666
-0.405416
-0.38492
-0.36419
-0.343239
-0.32208
-0.300725
-0.279188
-0.257481
-0.235618
-0.213611
-0.191475
-0.169223
-0.146868
-0.124424
-0.101904
-0.0793229
-0.0566933
-0.0340292
-0.0113444
0.0113472
0.0340319
0.056696
0.0793257
0.101907
0.124427
0.146871
0.169226
0.191478
0.213614
0.23562
0.257484
0.27919
0.300728
0.322083
0.343242
0.364193
0.384923
0.405419
0.425669
0.445661
0.465382
0.48482
0.503964
0.522803
0.541323
0.559516
0.577368
0.59487
0.612011
0.62878
0.645168
0.661164
0.676758
0.691942
0.706706
0.72104
0.734937
0.748388
0.761384
0.773918
0.785982
0.797569
0.808672
0.819284
0.829398
0.839009
0.848111
0.856698
0.864764
0.872306
0.879318
0.885796
0.891737
0.897136
0.901991
0.906297
0.910054
0.913258
0.915908
0.918002
0.919538
0.920516
0.920936
0.920796
0.920097
0.91884
0.917024
0.914652
0.911725
0.908245
0.904212
0.899631
0.894504
0.888834
0.882624
0.875878
0.868601
0.860796
0.852469
0.843624
0.834267
0.824403
0.814039
0.803181
0.791835
0.780009
0.767709
0.754942
0.741718
0.728043
0.713926
0.699376
0.684401
0.669011
0.653215
0.637022
0.620442
0.603486
0.586163
0.568484
0.55046
0.532102
0.513421
0.494429
0.475136
0.455555
0.435697
0.415574
0.3952
0.374585
0.353743
0.332687
0.311428
0.28998
0.268356
0.246569
0.224633
0.20256
0.180364
0.158059
0.135658
0.113174
0.090622
0.0680147
0.0453661
0.0226899
0
0
-0.0229196
-0.0458253
-0.0687032
-0.0915394
-0.11432
-0.137031
-0.159659
-0.18219
-0.204611
-0.226907
-0.249066
-0.271073
-0.292916
-0.31458
-0.336054
-0.357324
-0.378377
-0.3992
-0.419781
-0.440107
-0.460166
-0.479946
-0.499434
-0.518619
-0.537489
-0.556033
-0.574239
-0.592096
-0.609595
-0.626723
-0.64347
-0.659827
-0.675783
-0.69133
-0.706456
-0.721153
-0.735413
-0.749226
-0.762585
-0.77548
-0.787905
-0.799851
-0.811311
-0.82228
-0.832749
-0.842712
-0.852164
-0.861098
-0.86951
-0.877393
-0.884745
-0.891559
-0.897831
-0.903559
-0.908738
-0.913365
-0.917438
-0.920954
-0.923911
-0.926307
-0.928141
-0.929411
-0.930117
-0.930258
-0.929834
-0.928846
-0.927294
-0.925179
-0.922503
-0.919266
-0.915471
-0.911121
-0.906217
-0.900763
-0.894763
-0.888219
-0.881136
-0.873518
-0.865369
-0.856696
-0.847502
-0.837793
-0.827576
-0.816857
-0.805642
-0.793937
-0.781751
-0.76909
-0.755962
-0.742375
-0.728338
-0.713858
-0.698945
-0.683608
-0.667855
-0.651697
-0.635144
-0.618205
-0.60089
-0.583211
-0.565178
-0.546801
-0.528093
-0.509064
-0.489726
-0.470091
-0.45017
-0.429976
-0.409521
-0.388817
-0.367878
-0.346715
-0.325341
-0.30377
-0.282014
-0.260088
-0.238003
-0.215774
-0.193414
-0.170936
-0.148355
-0.125684
-0.102936
-0.0801261
-0.0572673
-0.0343737
-0.0114593
0.0114621
0.0343765
0.05727
0.0801288
0.102939
0.125687
0.148358
0.170939
0.193417
0.215777
0.238006
0.26009
0.282017
0.303773
0.325344
0.346717
0.36788
0.38882
0.409524
0.429979
0.450173
0.470093
0.489729
0.509067
0.528096
0.546804
0.56518
0.583214
0.600893
0.618207
0.635146
0.6517
0.667858
0.68361
0.698948
0.713861
0.72834
0.742378
0.755965
0.769092
0.781753
0.79394
0.805644
0.816859
0.827579
0.837796
0.847504
0.856698
0.865371
0.87352
0.881138
0.888221
0.894765
0.900765
0.906219
0.911123
0.915473
0.919268
0.922505
0.925181
0.927296
0.928848
0.929836
0.93026
0.930118
0.929413
0.928142
0.926309
0.923913
0.920956
0.91744
0.913367
0.90874
0.903561
0.897833
0.89156
0.884746
0.877395
0.869511
0.8611
0.852165
0.842713
0.83275
0.822281
0.811313
0.799852
0.787906
0.775481
0.762586
0.749227
0.735414
0.721155
0.706457
0.691331
0.675785
0.659828
0.643471
0.626724
0.609596
0.592097
0.57424
0.556034
0.53749
0.51862
0.499435
0.479947
0.460167
0.440108
0.419782
0.399201
0.378378
0.357325
0.336055
0.314581
0.292916
0.271073
0.249066
0.226907
0.204611
0.182191
0.159659
0.137031
0.11432
0.0915395
0.0687033
0.0458254
0.0229197
0
0
-0.0231354
-0.0462568
-0.0693501
-0.0924013
-0.115396
-0.138321
-0.161163
-0.183906
-0.206537
-0.229044
-0.251411
-0.273625
-0.295674
-0.317543
-0.339219
-0.360689
-0.38194
-0.402959
-0.423734
-0.444251
-0.464499
-0.484465
-0.504137
-0.523502
-0.54255
-0.561268
-0.579646
-0.597672
-0.615335
-0.632624
-0.649529
-0.66604
-0.682147
-0.697839
-0.713108
-0.727944
-0.742338
-0.756281
-0.769765
-0.782782
-0.795323
-0.807382
-0.818951
-0.830022
-0.84059
-0.850647
-0.860188
-0.869206
-0.877697
-0.885655
-0.893075
-0.899954
-0.906285
-0.912067
-0.917295
-0.921966
-0.926077
-0.929626
-0.932611
-0.935029
-0.93688
-0.938162
-0.938875
-0.939017
-0.93859
-0.937592
-0.936026
-0.933891
-0.931189
-0.927922
-0.924091
-0.9197
-0.91475
-0.909245
-0.903188
-0.896582
-0.889432
-0.881743
-0.873518
-0.864762
-0.855482
-0.845682
-0.835369
-0.824549
-0.813228
-0.801413
-0.789112
-0.776332
-0.76308
-0.749366
-0.735196
-0.72058
-0.705526
-0.690045
-0.674144
-0.657834
-0.641124
-0.624026
-0.606548
-0.588703
-0.5705
-0.55195
-0.533066
-0.513857
-0.494337
-0.474517
-0.454409
-0.434025
-0.413377
-0.392478
-0.371342
-0.349979
-0.328404
-0.30663
-0.28467
-0.262537
-0.240244
-0.217806
-0.195235
-0.172546
-0.149752
-0.126867
-0.103905
-0.0808806
-0.0578065
-0.0346974
-0.0115672
0.01157
0.0347001
0.0578093
0.0808833
0.103908
0.12687
0.149755
0.172549
0.195238
0.217808
0.240247
0.262539
0.284673
0.306633
0.328407
0.349982
0.371344
0.392481
0.41338
0.434027
0.454411
0.47452
0.49434
0.51386
0.533068
0.551953
0.570502
0.588705
0.606551
0.624028
0.641127
0.657836
0.674146
0.690047
0.705529
0.720582
0.735198
0.749368
0.763083
0.776334
0.789114
0.801416
0.81323
0.824551
0.835371
0.845684
0.855484
0.864764
0.87352
0.881745
0.889435
0.896584
0.90319
0.909247
0.914752
0.919702
0.924093
0.927924
0.931191
0.933893
0.936028
0.937594
0.938591
0.939019
0.938876
0.938164
0.936882
0.935031
0.932613
0.929628
0.926079
0.921967
0.917296
0.912069
0.906287
0.899955
0.893077
0.885657
0.877699
0.869208
0.860189
0.850648
0.840591
0.830024
0.818952
0.807384
0.795325
0.782783
0.769766
0.756282
0.742339
0.727945
0.713109
0.69784
0.682148
0.666041
0.64953
0.632625
0.615336
0.597673
0.579647
0.561269
0.542551
0.523503
0.504137
0.484466
0.4645
0.444252
0.423735
0.40296
0.381941
0.360689
0.339219
0.317543
0.295674
0.273626
0.251411
0.229044
0.206538
0.183906
0.161163
0.138322
0.115397
0.0924015
0.0693502
0.0462569
0.0231355
0
0
-0.0233372
-0.0466602
-0.0699549
-0.0932072
-0.116403
-0.139528
-0.162568
-0.18551
-0.208339
-0.231041
-0.253603
-0.276012
-0.298252
-0.320312
-0.342177
-0.363834
-0.385271
-0.406474
-0.427429
-0.448126
-0.46855
-0.48869
-0.508533
-0.528068
-0.547282
-0.566163
-0.584701
-0.602884
-0.620701
-0.638141
-0.655194
-0.671849
-0.688096
-0.703925
-0.719327
-0.734292
-0.748812
-0.762877
-0.776478
-0.789609
-0.80226
-0.814423
-0.826093
-0.837261
-0.847921
-0.858065
-0.867689
-0.876787
-0.885352
-0.893379
-0.900864
-0.907802
-0.914189
-0.920021
-0.925295
-0.930006
-0.934153
-0.937733
-0.940744
-0.943184
-0.945051
-0.946344
-0.947063
-0.947206
-0.946775
-0.945769
-0.944189
-0.942035
-0.93931
-0.936014
-0.93215
-0.927721
-0.922728
-0.917174
-0.911064
-0.904401
-0.897189
-0.889432
-0.881136
-0.872304
-0.862943
-0.853057
-0.842654
-0.83174
-0.82032
-0.808402
-0.795994
-0.783102
-0.769735
-0.755901
-0.741608
-0.726864
-0.711679
-0.696063
-0.680023
-0.663571
-0.646716
-0.629468
-0.611838
-0.593837
-0.575475
-0.556764
-0.537715
-0.518339
-0.498649
-0.478655
-0.458372
-0.43781
-0.416982
-0.395901
-0.37458
-0.353031
-0.331268
-0.309304
-0.287153
-0.264826
-0.242339
-0.219705
-0.196938
-0.174051
-0.151058
-0.127974
-0.104812
-0.081586
-0.0583107
-0.0350001
-0.0116682
0.0116708
0.0350027
0.0583134
0.0815886
0.104814
0.127976
0.151061
0.174054
0.196941
0.219708
0.242342
0.264829
0.287155
0.309307
0.331271
0.353034
0.374583
0.395904
0.416985
0.437813
0.458374
0.478658
0.498651
0.518341
0.537717
0.556766
0.575478
0.593839
0.611841
0.629471
0.646718
0.663573
0.680026
0.696065
0.711682
0.726867
0.74161
0.755903
0.769738
0.783105
0.795996
0.808405
0.820322
0.831742
0.842657
0.85306
0.862945
0.872306
0.881138
0.889435
0.897191
0.904404
0.911067
0.917177
0.92273
0.927723
0.932152
0.936016
0.939312
0.942037
0.944191
0.945771
0.946777
0.947208
0.947064
0.946346
0.945052
0.943185
0.940746
0.937735
0.934155
0.930008
0.925296
0.920023
0.914191
0.907804
0.900866
0.89338
0.885353
0.876788
0.867691
0.858067
0.847922
0.837262
0.826094
0.814425
0.802261
0.78961
0.77648
0.762878
0.748813
0.734293
0.719328
0.703926
0.688097
0.67185
0.655195
0.638142
0.620702
0.602885
0.584702
0.566164
0.547282
0.528068
0.508534
0.488691
0.468551
0.448127
0.42743
0.406474
0.385272
0.363835
0.342177
0.320312
0.298253
0.276012
0.253604
0.231041
0.208339
0.18551
0.162568
0.139528
0.116403
0.0932073
0.069955
0.0466603
0.0233372
0
0
-0.0235248
-0.0470353
-0.0705173
-0.0939564
-0.117339
-0.140649
-0.163875
-0.187001
-0.210013
-0.232898
-0.255642
-0.27823
-0.30065
-0.322887
-0.344928
-0.366759
-0.388368
-0.409741
-0.430865
-0.451728
-0.472317
-0.492618
-0.512621
-0.532313
-0.551681
-0.570714
-0.589401
-0.60773
-0.625691
-0.643271
-0.660461
-0.677249
-0.693627
-0.709584
-0.725109
-0.740195
-0.754831
-0.769009
-0.78272
-0.795956
-0.808709
-0.82097
-0.832734
-0.843991
-0.854737
-0.864963
-0.874664
-0.883835
-0.892469
-0.90056
-0.908106
-0.9151
-0.921538
-0.927417
-0.932733
-0.937482
-0.941663
-0.945271
-0.948306
-0.950766
-0.952648
-0.953951
-0.954676
-0.954821
-0.954386
-0.953372
-0.951779
-0.949608
-0.946861
-0.943539
-0.939644
-0.935178
-0.930145
-0.924547
-0.918388
-0.911672
-0.904401
-0.896582
-0.888219
-0.879316
-0.869879
-0.859915
-0.849428
-0.838426
-0.826914
-0.814901
-0.802393
-0.789397
-0.775923
-0.761977
-0.747569
-0.732707
-0.7174
-0.701658
-0.68549
-0.668905
-0.651914
-0.634528
-0.616756
-0.59861
-0.580101
-0.561239
-0.542037
-0.522506
-0.502657
-0.482503
-0.462057
-0.441329
-0.420334
-0.399084
-0.377591
-0.355869
-0.333931
-0.311791
-0.289461
-0.266955
-0.244288
-0.221471
-0.198521
-0.17545
-0.152272
-0.129003
-0.105654
-0.0822418
-0.0587795
-0.0352814
-0.011762
0.0117646
0.0352841
0.0587821
0.0822445
0.105657
0.129005
0.152275
0.175453
0.198524
0.221474
0.24429
0.266958
0.289464
0.311793
0.333934
0.355872
0.377594
0.399086
0.420337
0.441332
0.462059
0.482506
0.50266
0.522508
0.54204
0.561242
0.580104
0.598613
0.616759
0.634531
0.651917
0.668907
0.685492
0.70166
0.717403
0.73271
0.747572
0.76198
0.775925
0.7894
0.802395
0.814903
0.826917
0.838428
0.84943
0.859917
0.869882
0.879318
0.888221
0.896584
0.904404
0.911674
0.91839
0.924549
0.930147
0.93518
0.939646
0.943541
0.946863
0.94961
0.951781
0.953374
0.954388
0.954822
0.954678
0.953953
0.952649
0.950767
0.948308
0.945273
0.941664
0.937484
0.932734
0.927418
0.92154
0.915101
0.908107
0.900562
0.89247
0.883836
0.874666
0.864965
0.854738
0.843993
0.832735
0.820972
0.80871
0.795957
0.782721
0.76901
0.754832
0.740196
0.72511
0.709585
0.693628
0.67725
0.660462
0.643272
0.625691
0.607731
0.589402
0.570715
0.551682
0.532313
0.512622
0.492619
0.472317
0.451729
0.430866
0.409742
0.388369
0.36676
0.344928
0.322887
0.30065
0.278231
0.255642
0.232899
0.210014
0.187001
0.163875
0.14065
0.117339
0.0939566
0.0705174
0.0470354
0.0235248
0
0
-0.0236981
-0.0473818
-0.0710368
-0.0946486
-0.118203
-0.141686
-0.165082
-0.188379
-0.211561
-0.234614
-0.257525
-0.28028
-0.302865
-0.325266
-0.347469
-0.369461
-0.391229
-0.41276
-0.43404
-0.455056
-0.475796
-0.496248
-0.516398
-0.536234
-0.555745
-0.574919
-0.593744
-0.612208
-0.6303
-0.64801
-0.665326
-0.682239
-0.698737
-0.714811
-0.730452
-0.745648
-0.760392
-0.774675
-0.788487
-0.80182
-0.814667
-0.827019
-0.838869
-0.850209
-0.861034
-0.871336
-0.881108
-0.890346
-0.899044
-0.907195
-0.914796
-0.921841
-0.928327
-0.934249
-0.939604
-0.944389
-0.9486
-0.952236
-0.955293
-0.95777
-0.959666
-0.960979
-0.961709
-0.961855
-0.961417
-0.960396
-0.958791
-0.956604
-0.953837
-0.95049
-0.946566
-0.942068
-0.936998
-0.931359
-0.925154
-0.918388
-0.911064
-0.903188
-0.894763
-0.885794
-0.876288
-0.86625
-0.855686
-0.844603
-0.833006
-0.820905
-0.808304
-0.795213
-0.781639
-0.767591
-0.753077
-0.738105
-0.722686
-0.706827
-0.69054
-0.673833
-0.656717
-0.639203
-0.6213
-0.603021
-0.584375
-0.565374
-0.54603
-0.526355
-0.50636
-0.486058
-0.465461
-0.444581
-0.423431
-0.402024
-0.380373
-0.358491
-0.336392
-0.314088
-0.291593
-0.268922
-0.246087
-0.223103
-0.199984
-0.176743
-0.153394
-0.129953
-0.106433
-0.0828477
-0.0592125
-0.0355414
-0.0118486
0.0118513
0.035544
0.0592152
0.0828504
0.106435
0.129956
0.153397
0.176745
0.199986
0.223106
0.24609
0.268925
0.291596
0.31409
0.336394
0.358494
0.380376
0.402027
0.423433
0.444583
0.465463
0.486061
0.506363
0.526358
0.546033
0.565377
0.584377
0.603023
0.621303
0.639205
0.65672
0.673836
0.690542
0.70683
0.722688
0.738108
0.753079
0.767593
0.781642
0.795216
0.808307
0.820907
0.833009
0.844605
0.855688
0.866252
0.87629
0.885796
0.894765
0.90319
0.911067
0.91839
0.925156
0.931361
0.937
0.94207
0.946568
0.950492
0.953839
0.956606
0.958793
0.960397
0.961419
0.961857
0.961711
0.960981
0.959668
0.957772
0.955295
0.952237
0.948602
0.944391
0.939606
0.934251
0.928329
0.921843
0.914798
0.907197
0.899045
0.890348
0.88111
0.871337
0.861035
0.850211
0.83887
0.82702
0.814668
0.801821
0.788488
0.774676
0.760393
0.745649
0.730453
0.714812
0.698738
0.68224
0.665327
0.648011
0.630301
0.612209
0.593744
0.57492
0.555746
0.536235
0.516399
0.496248
0.475797
0.455057
0.43404
0.41276
0.39123
0.369462
0.347469
0.325266
0.302865
0.280281
0.257526
0.234615
0.211561
0.188379
0.165082
0.141686
0.118203
0.0946488
0.0710369
0.0473819
0.0236981
0
0
-0.023857
-0.0476996
-0.0715132
-0.0952834
-0.118996
-0.142636
-0.166189
-0.189642
-0.212979
-0.236188
-0.259252
-0.28216
-0.304896
-0.327447
-0.349799
-0.371939
-0.393853
-0.415528
-0.436951
-0.458108
-0.478987
-0.499576
-0.519861
-0.539831
-0.559472
-0.578775
-0.597726
-0.616313
-0.634527
-0.652356
-0.669788
-0.686814
-0.703423
-0.719605
-0.73535
-0.750649
-0.765492
-0.77987
-0.793775
-0.807197
-0.82013
-0.832565
-0.844494
-0.855911
-0.866808
-0.877179
-0.887018
-0.896317
-0.905073
-0.913279
-0.920931
-0.928024
-0.934553
-0.940515
-0.945906
-0.950723
-0.954962
-0.958622
-0.9617
-0.964193
-0.966102
-0.967424
-0.968159
-0.968306
-0.967865
-0.966836
-0.965221
-0.963019
-0.960233
-0.956864
-0.952914
-0.948386
-0.943282
-0.937605
-0.931359
-0.924547
-0.917174
-0.909245
-0.900763
-0.891735
-0.882165
-0.87206
-0.861425
-0.850267
-0.838593
-0.82641
-0.813725
-0.800546
-0.786881
-0.772739
-0.758127
-0.743055
-0.727532
-0.711568
-0.695171
-0.678352
-0.661122
-0.64349
-0.625467
-0.607065
-0.588294
-0.569166
-0.549692
-0.529885
-0.509756
-0.489318
-0.468582
-0.447562
-0.426271
-0.40472
-0.382924
-0.360895
-0.338648
-0.316194
-0.293549
-0.270726
-0.247738
-0.224599
-0.201325
-0.177928
-0.154423
-0.130824
-0.107146
-0.0834034
-0.0596097
-0.0357798
-0.0119281
0.0119307
0.0357824
0.0596123
0.083406
0.107149
0.130827
0.154426
0.177931
0.201327
0.224602
0.24774
0.270728
0.293552
0.316197
0.33865
0.360898
0.382927
0.404723
0.426273
0.447565
0.468585
0.48932
0.509759
0.529888
0.549695
0.569168
0.588296
0.607067
0.62547
0.643492
0.661124
0.678355
0.695173
0.71157
0.727535
0.743058
0.75813
0.772741
0.786884
0.800549
0.813727
0.826412
0.838595
0.850269
0.861427
0.872062
0.882167
0.891737
0.900765
0.909247
0.917177
0.924549
0.931361
0.937607
0.943284
0.948388
0.952916
0.956866
0.960235
0.963021
0.965223
0.966838
0.967867
0.968308
0.968161
0.967426
0.966104
0.964195
0.961701
0.958623
0.954964
0.950724
0.945907
0.940517
0.934555
0.928025
0.920933
0.913281
0.905075
0.896319
0.887019
0.877181
0.86681
0.855913
0.844496
0.832566
0.820131
0.807199
0.793776
0.779871
0.765493
0.75065
0.735351
0.719606
0.703424
0.686815
0.669789
0.652357
0.634528
0.616314
0.597726
0.578776
0.559473
0.539831
0.519862
0.499576
0.478988
0.458109
0.436951
0.415529
0.393854
0.371939
0.3498
0.327447
0.304896
0.28216
0.259253
0.236188
0.21298
0.189642
0.16619
0.142636
0.118996
0.0952835
0.0715133
0.0476997
0.0238571
0
0
-0.0240015
-0.0479884
-0.0719462
-0.0958603
-0.119716
-0.143499
-0.167196
-0.19079
-0.214269
-0.237618
-0.260822
-0.283868
-0.306742
-0.329429
-0.351917
-0.374191
-0.396238
-0.418044
-0.439596
-0.460882
-0.481887
-0.502601
-0.523009
-0.543099
-0.56286
-0.582279
-0.601345
-0.620045
-0.638369
-0.656306
-0.673844
-0.690973
-0.707682
-0.723962
-0.739803
-0.755194
-0.770127
-0.784592
-0.798581
-0.812085
-0.825096
-0.837606
-0.849608
-0.861093
-0.872057
-0.88249
-0.892388
-0.901744
-0.910553
-0.918809
-0.926507
-0.933643
-0.940211
-0.946209
-0.951633
-0.956479
-0.960744
-0.964426
-0.967522
-0.970031
-0.971951
-0.973281
-0.974021
-0.974168
-0.973725
-0.97269
-0.971065
-0.96885
-0.966047
-0.962658
-0.958684
-0.954128
-0.948993
-0.943282
-0.936998
-0.930145
-0.922728
-0.91475
-0.906217
-0.897134
-0.887506
-0.87734
-0.86664
-0.855415
-0.84367
-0.831413
-0.818652
-0.805393
-0.791646
-0.777418
-0.762717
-0.747554
-0.731937
-0.715876
-0.69938
-0.682459
-0.665124
-0.647386
-0.629254
-0.61074
-0.591856
-0.572612
-0.553021
-0.533093
-0.512843
-0.49228
-0.471419
-0.450272
-0.428852
-0.407171
-0.385243
-0.36308
-0.340698
-0.318109
-0.295326
-0.272365
-0.249238
-0.225959
-0.202544
-0.179005
-0.155358
-0.131617
-0.107795
-0.0839084
-0.0599706
-0.0359964
-0.0120004
0.012003
0.035999
0.0599732
0.083911
0.107798
0.131619
0.155361
0.179008
0.202546
0.225962
0.24924
0.272367
0.295329
0.318111
0.340701
0.363083
0.385245
0.407173
0.428854
0.450275
0.471422
0.492283
0.512845
0.533096
0.553023
0.572615
0.591858
0.610743
0.629257
0.647388
0.665127
0.682462
0.699382
0.715878
0.73194
0.747557
0.76272
0.77742
0.791648
0.805396
0.818654
0.831416
0.843673
0.855417
0.866643
0.877342
0.887508
0.897136
0.906219
0.914752
0.92273
0.930147
0.937
0.943284
0.948995
0.95413
0.958686
0.96266
0.966049
0.968852
0.971067
0.972692
0.973727
0.97417
0.974022
0.973283
0.971953
0.970033
0.967524
0.964428
0.960746
0.95648
0.951635
0.946211
0.940213
0.933644
0.926508
0.91881
0.910554
0.901746
0.89239
0.882492
0.872058
0.861095
0.849609
0.837607
0.825097
0.812086
0.798582
0.784593
0.770128
0.755195
0.739804
0.723963
0.707683
0.690974
0.673845
0.656307
0.63837
0.620046
0.601345
0.58228
0.562861
0.5431
0.523009
0.502601
0.481888
0.460882
0.439597
0.418044
0.396238
0.374191
0.351917
0.32943
0.306742
0.283869
0.260822
0.237618
0.214269
0.19079
0.167196
0.1435
0.119716
0.0958604
0.0719463
0.0479885
0.0240015
0
0
-0.0241314
-0.0482481
-0.0723355
-0.096379
-0.120364
-0.144276
-0.1681
-0.191823
-0.215428
-0.238903
-0.262233
-0.285404
-0.308402
-0.331212
-0.353821
-0.376216
-0.398382
-0.420306
-0.441975
-0.463376
-0.484495
-0.50532
-0.525839
-0.546038
-0.565906
-0.58543
-0.604598
-0.6234
-0.641823
-0.659857
-0.67749
-0.694712
-0.711512
-0.72788
-0.743806
-0.75928
-0.774294
-0.788837
-0.802902
-0.816479
-0.82956
-0.842138
-0.854205
-0.865753
-0.876775
-0.887265
-0.897217
-0.906624
-0.91548
-0.923781
-0.93152
-0.938695
-0.945299
-0.951329
-0.956782
-0.961654
-0.965943
-0.969645
-0.972758
-0.97528
-0.977211
-0.978548
-0.979291
-0.97944
-0.978994
-0.977954
-0.97632
-0.974093
-0.971275
-0.967867
-0.963872
-0.959291
-0.954128
-0.948386
-0.942068
-0.935178
-0.927721
-0.9197
-0.911121
-0.901988
-0.892309
-0.882087
-0.87133
-0.860044
-0.848236
-0.835912
-0.823082
-0.809751
-0.795929
-0.781624
-0.766845
-0.751599
-0.735898
-0.71975
-0.703164
-0.686152
-0.668724
-0.650889
-0.632659
-0.614045
-0.595058
-0.575711
-0.556013
-0.535978
-0.515618
-0.494944
-0.47397
-0.452709
-0.431172
-0.409374
-0.387327
-0.365045
-0.342542
-0.31983
-0.296924
-0.273839
-0.250586
-0.227182
-0.20364
-0.179974
-0.156199
-0.132329
-0.108379
-0.0843624
-0.0602951
-0.0361912
-0.0120653
0.0120679
0.0361938
0.0602977
0.084365
0.108381
0.132331
0.156201
0.179976
0.203642
0.227185
0.250589
0.273841
0.296927
0.319833
0.342544
0.365048
0.38733
0.409376
0.431175
0.452711
0.473973
0.494947
0.51562
0.535981
0.556016
0.575713
0.595061
0.614048
0.632661
0.650891
0.668726
0.686155
0.703167
0.719752
0.7359
0.751602
0.766847
0.781627
0.795932
0.809754
0.823084
0.835915
0.848238
0.860046
0.871332
0.882089
0.892311
0.901991
0.911123
0.919702
0.927723
0.93518
0.94207
0.948388
0.95413
0.959293
0.963874
0.967869
0.971277
0.974095
0.976321
0.977955
0.978996
0.979442
0.979293
0.97855
0.977213
0.975282
0.972759
0.969646
0.965944
0.961656
0.956784
0.951331
0.945301
0.938696
0.931522
0.923782
0.915482
0.906625
0.897218
0.887267
0.876777
0.865754
0.854206
0.84214
0.829562
0.81648
0.802903
0.788838
0.774295
0.759281
0.743807
0.727881
0.711513
0.694713
0.677491
0.659858
0.641824
0.623401
0.604599
0.585431
0.565906
0.546039
0.525839
0.505321
0.484496
0.463376
0.441975
0.420306
0.398382
0.376216
0.353822
0.331212
0.308402
0.285405
0.262234
0.238904
0.215429
0.191823
0.1681
0.144276
0.120364
0.0963791
0.0723356
0.0482481
0.0241314
0
0
-0.0242466
-0.0484785
-0.0726809
-0.0968392
-0.120939
-0.144965
-0.168903
-0.192738
-0.216457
-0.240044
-0.263486
-0.286767
-0.309874
-0.332794
-0.355511
-0.378012
-0.400284
-0.422313
-0.444085
-0.465588
-0.486808
-0.507733
-0.528349
-0.548645
-0.568608
-0.588225
-0.607485
-0.626377
-0.644888
-0.663008
-0.680725
-0.698029
-0.714909
-0.731355
-0.747357
-0.762906
-0.777991
-0.792604
-0.806736
-0.820378
-0.833522
-0.846159
-0.858284
-0.869887
-0.880962
-0.891502
-0.901501
-0.910953
-0.919851
-0.928192
-0.935968
-0.943177
-0.949813
-0.955872
-0.961351
-0.966246
-0.970555
-0.974274
-0.977402
-0.979937
-0.981877
-0.98322
-0.983967
-0.984117
-0.983668
-0.982623
-0.980981
-0.978744
-0.975912
-0.972488
-0.968474
-0.963872
-0.958684
-0.952914
-0.946566
-0.939644
-0.93215
-0.924091
-0.915471
-0.906295
-0.896569
-0.886299
-0.87549
-0.86415
-0.852286
-0.839904
-0.827012
-0.813618
-0.79973
-0.785356
-0.770506
-0.755188
-0.739412
-0.723186
-0.706522
-0.689429
-0.671917
-0.653997
-0.63568
-0.616977
-0.5979
-0.578459
-0.558668
-0.538537
-0.51808
-0.497308
-0.476233
-0.45487
-0.433231
-0.411329
-0.389177
-0.366788
-0.344177
-0.321357
-0.298342
-0.275146
-0.251783
-0.228267
-0.204612
-0.180833
-0.156945
-0.132961
-0.108896
-0.0847653
-0.060583
-0.036364
-0.012123
0.0121255
0.0363666
0.0605856
0.0847678
0.108899
0.132963
0.156947
0.180836
0.204615
0.228269
0.251785
0.275149
0.298345
0.32136
0.34418
0.366791
0.389179
0.411331
0.433233
0.454873
0.476236
0.49731
0.518082
0.53854
0.55867
0.578462
0.597902
0.61698
0.635682
0.653999
0.671919
0.689431
0.706524
0.723189
0.739414
0.75519
0.770508
0.785359
0.799732
0.81362
0.827014
0.839906
0.852288
0.864153
0.875493
0.886301
0.896571
0.906297
0.915473
0.924093
0.932152
0.939646
0.946568
0.952916
0.958686
0.963874
0.968476
0.97249
0.975914
0.978746
0.980983
0.982625
0.98367
0.984118
0.983969
0.983222
0.981879
0.979939
0.977404
0.974276
0.970557
0.966248
0.961353
0.955874
0.949814
0.943178
0.93597
0.928193
0.919853
0.910954
0.901502
0.891503
0.880963
0.869888
0.858285
0.846161
0.833523
0.820379
0.806737
0.792605
0.777992
0.762907
0.747358
0.731356
0.71491
0.69803
0.680726
0.663009
0.644889
0.626378
0.607486
0.588226
0.568608
0.548646
0.52835
0.507734
0.486809
0.465589
0.444086
0.422313
0.400284
0.378013
0.355511
0.332794
0.309875
0.286767
0.263486
0.240044
0.216457
0.192739
0.168903
0.144965
0.120939
0.0968393
0.072681
0.0484785
0.0242466
0
0
-0.0243471
-0.0486794
-0.0729822
-0.0972406
-0.12144
-0.145566
-0.169603
-0.193537
-0.217354
-0.241039
-0.264578
-0.287956
-0.311159
-0.334173
-0.356984
-0.379579
-0.401943
-0.424063
-0.445926
-0.467518
-0.488826
-0.509838
-0.53054
-0.550919
-0.570965
-0.590663
-0.610003
-0.628973
-0.647561
-0.665756
-0.683547
-0.700922
-0.717872
-0.734387
-0.750455
-0.766068
-0.781216
-0.795889
-0.81008
-0.823778
-0.836977
-0.849667
-0.861841
-0.873493
-0.884614
-0.895197
-0.905238
-0.914729
-0.923664
-0.932039
-0.939848
-0.947086
-0.95375
-0.959834
-0.965336
-0.970251
-0.974578
-0.978313
-0.981454
-0.983999
-0.985947
-0.987296
-0.988046
-0.988196
-0.987746
-0.986696
-0.985048
-0.982801
-0.979958
-0.976519
-0.972488
-0.967867
-0.962658
-0.956864
-0.95049
-0.943539
-0.936014
-0.927922
-0.919266
-0.910052
-0.900286
-0.889973
-0.879119
-0.867732
-0.855819
-0.843385
-0.83044
-0.81699
-0.803045
-0.788612
-0.7737
-0.758319
-0.742477
-0.726184
-0.709451
-0.692286
-0.674702
-0.656708
-0.638315
-0.619535
-0.600378
-0.580857
-0.560984
-0.54077
-0.520227
-0.499369
-0.478208
-0.456756
-0.435027
-0.413034
-0.39079
-0.368309
-0.345604
-0.322689
-0.299579
-0.276287
-0.252827
-0.229213
-0.20546
-0.181583
-0.157595
-0.133512
-0.109347
-0.0851167
-0.0608342
-0.0365148
-0.0121732
0.0121757
0.0365173
0.0608367
0.0851192
0.10935
0.133514
0.157598
0.181585
0.205463
0.229215
0.252829
0.276289
0.299581
0.322692
0.345606
0.368311
0.390792
0.413036
0.435029
0.456758
0.47821
0.499371
0.52023
0.540772
0.560986
0.58086
0.600381
0.619537
0.638317
0.65671
0.674704
0.692289
0.709453
0.726186
0.742479
0.758321
0.773702
0.788614
0.803047
0.816993
0.830442
0.843387
0.855821
0.867735
0.879122
0.889975
0.900288
0.910054
0.919268
0.927924
0.936016
0.943541
0.950492
0.956866
0.96266
0.967869
0.97249
0.976521
0.97996
0.982803
0.985049
0.986698
0.987748
0.988198
0.988048
0.987298
0.985949
0.984001
0.981456
0.978315
0.97458
0.970253
0.965337
0.959836
0.953751
0.947088
0.939849
0.932041
0.923666
0.91473
0.905239
0.895199
0.884615
0.873494
0.861843
0.849668
0.836978
0.823779
0.810081
0.79589
0.781217
0.766069
0.750456
0.734388
0.717873
0.700923
0.683548
0.665757
0.647562
0.628974
0.610004
0.590664
0.570965
0.55092
0.53054
0.509838
0.488827
0.467519
0.445927
0.424064
0.401944
0.379579
0.356985
0.334173
0.311159
0.287956
0.264578
0.241039
0.217355
0.193538
0.169603
0.145566
0.12144
0.0972407
0.0729823
0.0486795
0.0243471
0
0
-0.0244328
-0.0488508
-0.0732391
-0.097583
-0.121868
-0.146078
-0.1702
-0.194219
-0.21812
-0.241888
-0.265509
-0.28897
-0.312254
-0.33535
-0.358241
-0.380915
-0.403358
-0.425556
-0.447496
-0.469164
-0.490547
-0.511633
-0.532408
-0.552859
-0.572975
-0.592743
-0.612151
-0.631188
-0.649841
-0.6681
-0.685953
-0.70339
-0.7204
-0.736972
-0.753097
-0.768765
-0.783966
-0.798692
-0.812932
-0.826679
-0.839924
-0.852658
-0.864876
-0.876568
-0.887728
-0.898349
-0.908425
-0.917949
-0.926916
-0.935321
-0.943157
-0.950421
-0.957108
-0.963214
-0.968735
-0.973668
-0.978009
-0.981757
-0.98491
-0.987464
-0.989418
-0.990772
-0.991525
-0.991675
-0.991224
-0.99017
-0.988516
-0.986261
-0.983408
-0.979958
-0.975912
-0.971275
-0.966047
-0.960233
-0.953837
-0.946861
-0.93931
-0.931189
-0.922503
-0.913256
-0.903455
-0.893106
-0.882215
-0.870788
-0.858832
-0.846355
-0.833364
-0.819867
-0.805872
-0.791388
-0.776424
-0.760989
-0.745091
-0.728741
-0.711948
-0.694724
-0.677077
-0.65902
-0.640562
-0.621716
-0.602492
-0.582902
-0.562959
-0.542674
-0.522059
-0.501127
-0.479891
-0.458364
-0.436558
-0.414488
-0.392166
-0.369605
-0.346821
-0.323826
-0.300634
-0.277259
-0.253717
-0.23002
-0.206184
-0.182222
-0.15815
-0.133982
-0.109732
-0.0854164
-0.0610484
-0.0366434
-0.0122161
0.0122186
0.0366459
0.0610509
0.0854188
0.109735
0.133984
0.158153
0.182225
0.206186
0.230023
0.253719
0.277262
0.300636
0.323828
0.346823
0.369608
0.392168
0.41449
0.436561
0.458366
0.479894
0.50113
0.522061
0.542676
0.562961
0.582905
0.602494
0.621718
0.640565
0.659022
0.67708
0.694726
0.711951
0.728743
0.745093
0.760991
0.776426
0.791391
0.805875
0.819869
0.833366
0.846357
0.858834
0.87079
0.882217
0.893108
0.903458
0.913258
0.922505
0.931191
0.939312
0.946863
0.953839
0.960235
0.966049
0.971277
0.975914
0.97996
0.98341
0.986263
0.988518
0.990172
0.991225
0.991677
0.991526
0.990774
0.98942
0.987465
0.984911
0.981759
0.978011
0.973669
0.968736
0.963215
0.957109
0.950422
0.943159
0.935322
0.926918
0.917951
0.908426
0.898351
0.887729
0.876569
0.864877
0.85266
0.839925
0.82668
0.812933
0.798693
0.783967
0.768766
0.753098
0.736973
0.720401
0.703391
0.685954
0.668101
0.649842
0.631189
0.612152
0.592744
0.572976
0.55286
0.532408
0.511633
0.490548
0.469165
0.447497
0.425557
0.403359
0.380916
0.358242
0.33535
0.312255
0.28897
0.26551
0.241888
0.21812
0.194219
0.1702
0.146078
0.121868
0.0975831
0.0732392
0.0488509
0.0244328
0
0
-0.0245037
-0.0489925
-0.0734516
-0.0978661
-0.122221
-0.146502
-0.170694
-0.194782
-0.218752
-0.24259
-0.26628
-0.289808
-0.31316
-0.336323
-0.359281
-0.382021
-0.404529
-0.426791
-0.448795
-0.470525
-0.491971
-0.513117
-0.533952
-0.554463
-0.574637
-0.594463
-0.613927
-0.633019
-0.651727
-0.670039
-0.687944
-0.705431
-0.72249
-0.739111
-0.755283
-0.770996
-0.786241
-0.801009
-0.815291
-0.829077
-0.842361
-0.855132
-0.867385
-0.879111
-0.890304
-0.900956
-0.911061
-0.920613
-0.929606
-0.938034
-0.945894
-0.953179
-0.959885
-0.966008
-0.971545
-0.976493
-0.980847
-0.984606
-0.987767
-0.990329
-0.992289
-0.993647
-0.994402
-0.994552
-0.9941
-0.993043
-0.991384
-0.989123
-0.986261
-0.982801
-0.978744
-0.974093
-0.96885
-0.963019
-0.956604
-0.949608
-0.942035
-0.933891
-0.925179
-0.915906
-0.906077
-0.895697
-0.884774
-0.873314
-0.861324
-0.84881
-0.835782
-0.822246
-0.808211
-0.793685
-0.778677
-0.763196
-0.747253
-0.730855
-0.714014
-0.69674
-0.679042
-0.660932
-0.642421
-0.62352
-0.60424
-0.584594
-0.564592
-0.544248
-0.523574
-0.502581
-0.481284
-0.459694
-0.437825
-0.415691
-0.393304
-0.370678
-0.347827
-0.324765
-0.301506
-0.278064
-0.254453
-0.230687
-0.206782
-0.182751
-0.158609
-0.134371
-0.110051
-0.0856642
-0.0612255
-0.0367497
-0.0122516
0.012254
0.0367522
0.061228
0.0856667
0.110053
0.134373
0.158611
0.182753
0.206784
0.23069
0.254455
0.278066
0.301508
0.324768
0.347829
0.37068
0.393306
0.415693
0.437828
0.459696
0.481286
0.502584
0.523576
0.544251
0.564595
0.584596
0.604243
0.623522
0.642423
0.660934
0.679044
0.696742
0.714016
0.730858
0.747255
0.763199
0.778679
0.793687
0.808213
0.822248
0.835784
0.848813
0.861326
0.873316
0.884776
0.8957
0.906079
0.915908
0.925181
0.933893
0.942037
0.94961
0.956606
0.963021
0.968852
0.974095
0.978746
0.982803
0.986263
0.989125
0.991386
0.993045
0.994101
0.994554
0.994403
0.993649
0.992291
0.99033
0.987769
0.984608
0.980849
0.976494
0.971547
0.96601
0.959886
0.95318
0.945895
0.938036
0.929607
0.920614
0.911062
0.900957
0.890305
0.879113
0.867386
0.855134
0.842362
0.829078
0.815292
0.80101
0.786242
0.770997
0.755284
0.739112
0.722491
0.705432
0.687945
0.670039
0.651728
0.63302
0.613928
0.594464
0.574638
0.554464
0.533953
0.513118
0.491971
0.470526
0.448795
0.426792
0.404529
0.382021
0.359281
0.336323
0.313161
0.289808
0.26628
0.24259
0.218753
0.194783
0.170694
0.146502
0.122221
0.0978662
0.0734517
0.0489926
0.0245037
0
0
-0.0245597
-0.0491045
-0.0736195
-0.0980898
-0.122501
-0.146837
-0.171084
-0.195228
-0.219252
-0.243144
-0.266888
-0.29047
-0.313876
-0.337091
-0.360102
-0.382894
-0.405453
-0.427767
-0.44982
-0.471601
-0.493095
-0.51429
-0.535173
-0.555731
-0.575951
-0.595822
-0.615331
-0.634466
-0.653217
-0.67157
-0.689516
-0.707044
-0.724142
-0.7408
-0.757009
-0.772758
-0.788038
-0.80284
-0.817154
-0.830972
-0.844286
-0.857087
-0.869368
-0.881121
-0.892339
-0.903015
-0.913144
-0.922717
-0.931731
-0.940179
-0.948056
-0.955358
-0.962079
-0.968217
-0.973766
-0.978725
-0.983089
-0.986857
-0.990025
-0.992593
-0.994557
-0.995918
-0.996675
-0.996826
-0.996372
-0.995313
-0.99365
-0.991384
-0.988516
-0.985048
-0.980981
-0.97632
-0.971065
-0.965221
-0.958791
-0.951779
-0.944189
-0.936026
-0.927294
-0.918
-0.908148
-0.897745
-0.886797
-0.875311
-0.863293
-0.850751
-0.837692
-0.824125
-0.810058
-0.795499
-0.780457
-0.764941
-0.748961
-0.732526
-0.715646
-0.698332
-0.680594
-0.662443
-0.64389
-0.624945
-0.605621
-0.58593
-0.565883
-0.545492
-0.524771
-0.50373
-0.482384
-0.460745
-0.438826
-0.416641
-0.394203
-0.371525
-0.348622
-0.325508
-0.302195
-0.2787
-0.255035
-0.231215
-0.207255
-0.183169
-0.158972
-0.134678
-0.110302
-0.08586
-0.0613655
-0.0368337
-0.0122796
0.012282
0.0368362
0.0613679
0.0858625
0.110305
0.13468
0.158974
0.183171
0.207257
0.231217
0.255037
0.278702
0.302198
0.32551
0.348625
0.371528
0.394205
0.416643
0.438828
0.460747
0.482386
0.503732
0.524773
0.545495
0.565885
0.585932
0.605624
0.624947
0.643892
0.662445
0.680596
0.698334
0.715649
0.732528
0.748963
0.764943
0.780459
0.795501
0.81006
0.824128
0.837694
0.850753
0.863295
0.875313
0.886799
0.897747
0.90815
0.918002
0.927296
0.936028
0.944191
0.951781
0.958793
0.965223
0.971067
0.976321
0.980983
0.985049
0.988518
0.991386
0.993652
0.995315
0.996374
0.996828
0.996676
0.99592
0.994559
0.992594
0.990027
0.986858
0.983091
0.978726
0.973768
0.968218
0.962081
0.955359
0.948057
0.94018
0.931732
0.922719
0.913145
0.903017
0.89234
0.881122
0.869369
0.857088
0.844287
0.830974
0.817155
0.802841
0.788039
0.772759
0.75701
0.740801
0.724143
0.707045
0.689517
0.671571
0.653217
0.634467
0.615332
0.595823
0.575952
0.555731
0.535174
0.514291
0.493096
0.471602
0.449821
0.427767
0.405454
0.382894
0.360102
0.337092
0.313877
0.290471
0.266889
0.243145
0.219253
0.195228
0.171084
0.146837
0.122501
0.09809
0.0736196
0.0491046
0.0245598
0
0
-0.0246008
-0.0491867
-0.0737427
-0.098254
-0.122706
-0.147083
-0.171371
-0.195554
-0.219619
-0.243551
-0.267335
-0.290957
-0.314402
-0.337656
-0.360705
-0.383535
-0.406132
-0.428483
-0.450573
-0.47239
-0.493921
-0.515151
-0.536069
-0.556661
-0.576915
-0.596819
-0.616361
-0.635528
-0.65431
-0.672694
-0.69067
-0.708227
-0.725354
-0.74204
-0.758276
-0.774052
-0.789357
-0.804184
-0.818522
-0.832363
-0.845699
-0.858522
-0.870823
-0.882596
-0.893833
-0.904527
-0.914672
-0.924262
-0.93329
-0.941752
-0.949643
-0.956956
-0.963689
-0.969837
-0.975396
-0.980363
-0.984735
-0.988508
-0.991682
-0.994254
-0.996222
-0.997585
-0.998343
-0.998494
-0.99804
-0.996979
-0.995313
-0.993043
-0.99017
-0.986696
-0.982623
-0.977954
-0.97269
-0.966836
-0.960396
-0.953372
-0.945769
-0.937592
-0.928846
-0.919536
-0.909668
-0.899248
-0.888281
-0.876775
-0.864738
-0.852175
-0.839094
-0.825505
-0.811414
-0.79683
-0.781763
-0.766221
-0.750214
-0.733752
-0.716844
-0.699501
-0.681733
-0.663552
-0.644967
-0.625991
-0.606635
-0.586911
-0.56683
-0.546405
-0.525649
-0.504573
-0.483191
-0.461516
-0.43956
-0.417338
-0.394862
-0.372147
-0.349206
-0.326052
-0.302701
-0.279166
-0.255461
-0.231602
-0.207602
-0.183475
-0.159238
-0.134903
-0.110487
-0.0860038
-0.0614682
-0.0368954
-0.0123002
0.0123026
0.0368978
0.0614706
0.0860062
0.110489
0.134906
0.15924
0.183478
0.207604
0.231604
0.255464
0.279168
0.302703
0.326055
0.349208
0.372149
0.394865
0.41734
0.439563
0.461518
0.483194
0.504575
0.525651
0.546408
0.566832
0.586913
0.606637
0.625993
0.644969
0.663554
0.681735
0.699503
0.716846
0.733754
0.750217
0.766224
0.781765
0.796833
0.811416
0.825507
0.839096
0.852177
0.86474
0.876778
0.888283
0.89925
0.90967
0.919538
0.928848
0.937594
0.945771
0.953374
0.960397
0.966838
0.972692
0.977955
0.982625
0.986698
0.990172
0.993045
0.995315
0.996981
0.998041
0.998496
0.998344
0.997587
0.996224
0.994255
0.991684
0.98851
0.984736
0.980364
0.975398
0.969839
0.963691
0.956958
0.949644
0.941754
0.933292
0.924263
0.914673
0.904528
0.893834
0.882597
0.870824
0.858523
0.8457
0.832364
0.818523
0.804185
0.789358
0.774053
0.758277
0.742041
0.725355
0.708228
0.690671
0.672695
0.654311
0.635529
0.616361
0.59682
0.576916
0.556661
0.536069
0.515152
0.493921
0.472391
0.450574
0.428483
0.406133
0.383535
0.360705
0.337656
0.314402
0.290957
0.267335
0.243551
0.21962
0.195555
0.171371
0.147083
0.122706
0.0982541
0.0737428
0.0491868
0.0246009
0
0
-0.024627
-0.049239
-0.0738212
-0.0983585
-0.122836
-0.147239
-0.171553
-0.195762
-0.219853
-0.24381
-0.267619
-0.291266
-0.314736
-0.338015
-0.361088
-0.383943
-0.406564
-0.428939
-0.451053
-0.472893
-0.494446
-0.515699
-0.536639
-0.557253
-0.577529
-0.597454
-0.617016
-0.636204
-0.655006
-0.67341
-0.691405
-0.70898
-0.726125
-0.742829
-0.759083
-0.774875
-0.790197
-0.805039
-0.819393
-0.833249
-0.846599
-0.859435
-0.871749
-0.883535
-0.894783
-0.905489
-0.915645
-0.925245
-0.934283
-0.942754
-0.950653
-0.957974
-0.964714
-0.970869
-0.976434
-0.981406
-0.985782
-0.98956
-0.992737
-0.995311
-0.997282
-0.998646
-0.999405
-0.999556
-0.999101
-0.99804
-0.996372
-0.9941
-0.991224
-0.987746
-0.983668
-0.978994
-0.973725
-0.967865
-0.961417
-0.954386
-0.946775
-0.93859
-0.929834
-0.920514
-0.910636
-0.900204
-0.889226
-0.877708
-0.865657
-0.853081
-0.839987
-0.826383
-0.812277
-0.797678
-0.782595
-0.767036
-0.751012
-0.734533
-0.717607
-0.700245
-0.682458
-0.664257
-0.645653
-0.626657
-0.60728
-0.587535
-0.567433
-0.546987
-0.526208
-0.50511
-0.483705
-0.462007
-0.440028
-0.417782
-0.395282
-0.372543
-0.349577
-0.326399
-0.303023
-0.279463
-0.255733
-0.231848
-0.207822
-0.18367
-0.159407
-0.135047
-0.110605
-0.0860953
-0.0615336
-0.0369347
-0.0123133
0.0123156
0.036937
0.061536
0.0860976
0.110607
0.135049
0.159409
0.183673
0.207825
0.231851
0.255736
0.279465
0.303025
0.326402
0.349579
0.372545
0.395285
0.417784
0.44003
0.462009
0.483708
0.505112
0.52621
0.546989
0.567435
0.587537
0.607283
0.626659
0.645655
0.66426
0.682461
0.700247
0.717609
0.734535
0.751015
0.767039
0.782597
0.79768
0.812279
0.826385
0.839989
0.853083
0.865659
0.87771
0.889228
0.900206
0.910638
0.920516
0.929836
0.938591
0.946777
0.954388
0.961419
0.967867
0.973727
0.978996
0.98367
0.987748
0.991225
0.994101
0.996374
0.998041
0.999103
0.999558
0.999406
0.998648
0.997283
0.995313
0.992739
0.989562
0.985784
0.981407
0.976435
0.97087
0.964716
0.957976
0.950654
0.942755
0.934284
0.925246
0.915646
0.90549
0.894785
0.883536
0.871751
0.859436
0.8466
0.83325
0.819394
0.80504
0.790198
0.774876
0.759084
0.74283
0.726126
0.708981
0.691406
0.673411
0.655007
0.636205
0.617017
0.597455
0.577529
0.557254
0.536639
0.5157
0.494447
0.472893
0.451053
0.428939
0.406565
0.383943
0.361089
0.338015
0.314736
0.291266
0.26762
0.243811
0.219853
0.195763
0.171553
0.147239
0.122836
0.0983586
0.0738213
0.0492391
0.024627
0
0
-0.0246382
-0.0492615
-0.0738548
-0.0984033
-0.122892
-0.147306
-0.171631
-0.195852
-0.219953
-0.243921
-0.267741
-0.291399
-0.314879
-0.338169
-0.361253
-0.384118
-0.406749
-0.429134
-0.451258
-0.473108
-0.494671
-0.515934
-0.536883
-0.557507
-0.577792
-0.597726
-0.617297
-0.636494
-0.655304
-0.673717
-0.69172
-0.709303
-0.726456
-0.743168
-0.759428
-0.775228
-0.790557
-0.805406
-0.819766
-0.833628
-0.846984
-0.859826
-0.872146
-0.883937
-0.895191
-0.905901
-0.916062
-0.925666
-0.934709
-0.943184
-0.951086
-0.958411
-0.965154
-0.971311
-0.976878
-0.981853
-0.986231
-0.990011
-0.993189
-0.995765
-0.997736
-0.999101
-0.99986
-1.00001
-0.999556
-0.998494
-0.996826
-0.994552
-0.991675
-0.988196
-0.984117
-0.97944
-0.974168
-0.968306
-0.961855
-0.954821
-0.947206
-0.939017
-0.930258
-0.920934
-0.91105
-0.900614
-0.889631
-0.878108
-0.866052
-0.85347
-0.84037
-0.826759
-0.812647
-0.798041
-0.782951
-0.767386
-0.751355
-0.734867
-0.717934
-0.700564
-0.682769
-0.66456
-0.645947
-0.626943
-0.607557
-0.587803
-0.567692
-0.547236
-0.526448
-0.50534
-0.483926
-0.462217
-0.440229
-0.417972
-0.395463
-0.372713
-0.349736
-0.326548
-0.303161
-0.27959
-0.25585
-0.231954
-0.207917
-0.183754
-0.15948
-0.135108
-0.110655
-0.0861345
-0.0615617
-0.0369515
-0.0123189
0.0123212
0.0369538
0.061564
0.0861368
0.110657
0.135111
0.159482
0.183756
0.207919
0.231956
0.255852
0.279593
0.303163
0.32655
0.349739
0.372715
0.395465
0.417975
0.440231
0.46222
0.483928
0.505342
0.52645
0.547238
0.567694
0.587805
0.607559
0.626945
0.64595
0.664562
0.682772
0.700566
0.717936
0.734869
0.751357
0.767388
0.782953
0.798044
0.812649
0.826761
0.840372
0.853472
0.866054
0.87811
0.889633
0.900616
0.911052
0.920936
0.93026
0.939019
0.947208
0.954822
0.961857
0.968308
0.97417
0.979442
0.984118
0.988198
0.991677
0.994554
0.996828
0.998496
0.999558
1.00001
0.999862
0.999103
0.997738
0.995766
0.993191
0.990012
0.986233
0.981854
0.97688
0.971312
0.965155
0.958412
0.951087
0.943185
0.93471
0.925668
0.916063
0.905903
0.895192
0.883938
0.872148
0.859828
0.846986
0.833629
0.819767
0.805407
0.790558
0.775229
0.759429
0.743169
0.726457
0.709304
0.691721
0.673717
0.655305
0.636495
0.617298
0.597727
0.577792
0.557507
0.536884
0.515934
0.494672
0.473109
0.451259
0.429134
0.40675
0.384118
0.361253
0.338169
0.31488
0.291399
0.267742
0.243922
0.219953
0.195852
0.171631
0.147306
0.122892
0.0984034
0.0738549
0.0492615
0.0246382
0
0
-0.0246345
-0.049254
-0.0738436
-0.0983884
-0.122873
-0.147284
-0.171605
-0.195822
-0.21992
-0.243884
-0.267701
-0.291355
-0.314832
-0.338117
-0.361198
-0.384059
-0.406688
-0.429069
-0.45119
-0.473036
-0.494596
-0.515856
-0.536802
-0.557422
-0.577704
-0.597635
-0.617204
-0.636397
-0.655205
-0.673614
-0.691615
-0.709196
-0.726346
-0.743055
-0.759313
-0.77511
-0.790437
-0.805284
-0.819641
-0.833502
-0.846856
-0.859696
-0.872014
-0.883803
-0.895055
-0.905764
-0.915923
-0.925526
-0.934567
-0.94304
-0.950942
-0.958265
-0.965007
-0.971164
-0.97673
-0.981704
-0.986081
-0.98986
-0.993039
-0.995614
-0.997585
-0.99895
-0.999708
-0.99986
-0.999405
-0.998343
-0.996675
-0.994402
-0.991525
-0.988046
-0.983967
-0.979291
-0.974021
-0.968159
-0.961709
-0.954676
-0.947063
-0.938875
-0.930117
-0.920794
-0.910912
-0.900478
-0.889496
-0.877975
-0.86592
-0.85334
-0.840242
-0.826634
-0.812524
-0.79792
-0.782832
-0.767269
-0.751241
-0.734756
-0.717825
-0.700458
-0.682666
-0.664459
-0.645849
-0.626847
-0.607465
-0.587714
-0.567605
-0.547153
-0.526368
-0.505263
-0.483852
-0.462147
-0.440162
-0.417909
-0.395403
-0.372656
-0.349683
-0.326498
-0.303115
-0.279548
-0.255811
-0.231919
-0.207886
-0.183726
-0.159455
-0.135088
-0.110638
-0.0861214
-0.0615524
-0.0369459
-0.012317
0.0123193
0.0369482
0.0615547
0.0861237
0.110641
0.13509
0.159458
0.183729
0.207888
0.231921
0.255813
0.27955
0.303117
0.326501
0.349686
0.372658
0.395405
0.417911
0.440164
0.462149
0.483854
0.505266
0.52637
0.547155
0.567608
0.587716
0.607467
0.62685
0.645852
0.664461
0.682668
0.70046
0.717827
0.734758
0.751243
0.767272
0.782835
0.797922
0.812526
0.826636
0.840244
0.853342
0.865922
0.877977
0.889498
0.900479
0.910914
0.920796
0.930118
0.938876
0.947064
0.954678
0.961711
0.968161
0.974022
0.979293
0.983969
0.988048
0.991526
0.994403
0.996676
0.998344
0.999406
0.999862
0.99971
0.998951
0.997586
0.995615
0.99304
0.989862
0.986083
0.981705
0.976732
0.971165
0.965009
0.958267
0.950943
0.943042
0.934568
0.925527
0.915924
0.905765
0.895056
0.883804
0.872015
0.859697
0.846857
0.833503
0.819643
0.805285
0.790438
0.775111
0.759314
0.743056
0.726347
0.709197
0.691616
0.673615
0.655206
0.636398
0.617204
0.597636
0.577705
0.557423
0.536802
0.515856
0.494597
0.473037
0.45119
0.429069
0.406688
0.38406
0.361198
0.338118
0.314832
0.291355
0.267701
0.243885
0.21992
0.195822
0.171605
0.147284
0.122874
0.0983885
0.0738437
0.0492541
0.0246345
0
0
-0.0246158
-0.0492166
-0.0737876
-0.0983137
-0.12278
-0.147172
-0.171475
-0.195673
-0.219753
-0.243699
-0.267498
-0.291133
-0.314593
-0.337861
-0.360924
-0.383768
-0.406379
-0.428743
-0.450847
-0.472677
-0.494221
-0.515464
-0.536394
-0.556999
-0.577266
-0.597182
-0.616735
-0.635914
-0.654707
-0.673103
-0.69109
-0.708657
-0.725795
-0.742491
-0.758737
-0.774522
-0.789837
-0.804672
-0.819019
-0.832869
-0.846213
-0.859044
-0.871352
-0.883132
-0.894376
-0.905077
-0.915228
-0.924823
-0.933858
-0.942325
-0.95022
-0.957538
-0.964275
-0.970427
-0.975989
-0.980959
-0.985333
-0.989109
-0.992285
-0.994858
-0.996827
-0.998192
-0.99895
-0.999101
-0.998646
-0.997585
-0.995918
-0.993647
-0.990772
-0.987296
-0.98322
-0.978548
-0.973281
-0.967424
-0.960979
-0.953951
-0.946344
-0.938162
-0.929411
-0.920095
-0.910221
-0.899794
-0.888821
-0.877308
-0.865263
-0.852693
-0.839604
-0.826006
-0.811907
-0.797315
-0.782238
-0.766687
-0.75067
-0.734198
-0.71728
-0.699926
-0.682148
-0.663955
-0.645359
-0.626372
-0.607004
-0.587268
-0.567175
-0.546737
-0.525968
-0.50488
-0.483485
-0.461797
-0.439828
-0.417592
-0.395102
-0.372373
-0.349418
-0.326251
-0.302885
-0.279336
-0.255617
-0.231743
-0.207728
-0.183587
-0.159334
-0.134985
-0.110554
-0.0860561
-0.0615057
-0.0369179
-0.0123077
0.01231
0.0369202
0.0615079
0.0860584
0.110557
0.134988
0.159337
0.183589
0.20773
0.231745
0.255619
0.279338
0.302887
0.326253
0.34942
0.372376
0.395105
0.417594
0.43983
0.461799
0.483487
0.504882
0.525971
0.54674
0.567177
0.58727
0.607006
0.626374
0.645361
0.663957
0.68215
0.699928
0.717282
0.7342
0.750673
0.766689
0.78224
0.797317
0.811909
0.826009
0.839606
0.852695
0.865265
0.87731
0.888823
0.899796
0.910223
0.920097
0.929413
0.938164
0.946346
0.953953
0.960981
0.967426
0.973283
0.97855
0.983222
0.987298
0.990774
0.993649
0.99592
0.997587
0.998648
0.999103
0.998951
0.998193
0.996829
0.99486
0.992286
0.989111
0.985335
0.98096
0.97599
0.970428
0.964276
0.95754
0.950221
0.942326
0.933859
0.924825
0.915229
0.905078
0.894377
0.883133
0.871354
0.859045
0.846214
0.83287
0.81902
0.804674
0.789838
0.774523
0.758738
0.742492
0.725796
0.708658
0.691091
0.673104
0.654708
0.635915
0.616736
0.597182
0.577266
0.557
0.536395
0.515465
0.494221
0.472678
0.450848
0.428744
0.406379
0.383768
0.360924
0.337861
0.314593
0.291134
0.267498
0.243699
0.219753
0.195673
0.171475
0.147172
0.12278
0.0983138
0.0737877
0.0492167
0.0246158
0
0
-0.0245821
-0.0491494
-0.0736867
-0.0981794
-0.122612
-0.146971
-0.17124
-0.195406
-0.219453
-0.243366
-0.267132
-0.290736
-0.314163
-0.337399
-0.360431
-0.383243
-0.405824
-0.428157
-0.450231
-0.472031
-0.493545
-0.51476
-0.535661
-0.556238
-0.576477
-0.596366
-0.615892
-0.635045
-0.653813
-0.672183
-0.690146
-0.707689
-0.724803
-0.741476
-0.7577
-0.773464
-0.788758
-0.803573
-0.8179
-0.831731
-0.845057
-0.85787
-0.870162
-0.881925
-0.893154
-0.90384
-0.913977
-0.92356
-0.932581
-0.941037
-0.948921
-0.95623
-0.962957
-0.9691
-0.974655
-0.979618
-0.983987
-0.987758
-0.990929
-0.993499
-0.995465
-0.996827
-0.997585
-0.997736
-0.997282
-0.996222
-0.994557
-0.992289
-0.989418
-0.985947
-0.981877
-0.977211
-0.971951
-0.966102
-0.959666
-0.952648
-0.945051
-0.93688
-0.928141
-0.918838
-0.908977
-0.898565
-0.887606
-0.87611
-0.864081
-0.851527
-0.838457
-0.824878
-0.810798
-0.796225
-0.781169
-0.765639
-0.749645
-0.733195
-0.7163
-0.69897
-0.681215
-0.663048
-0.644477
-0.625516
-0.606174
-0.586465
-0.5664
-0.54599
-0.52525
-0.50419
-0.482824
-0.461165
-0.439227
-0.417021
-0.394563
-0.371864
-0.34894
-0.325805
-0.302471
-0.278954
-0.255267
-0.231426
-0.207444
-0.183336
-0.159117
-0.134801
-0.110403
-0.0859385
-0.0614216
-0.0368674
-0.0122909
0.0122931
0.0368697
0.0614239
0.0859408
0.110405
0.134803
0.159119
0.183338
0.207446
0.231428
0.25527
0.278956
0.302473
0.325807
0.348943
0.371867
0.394565
0.417023
0.439229
0.461168
0.482826
0.504192
0.525252
0.545992
0.566402
0.586467
0.606176
0.625518
0.644479
0.66305
0.681218
0.698972
0.716302
0.733197
0.749647
0.765641
0.781171
0.796227
0.8108
0.82488
0.838459
0.851529
0.864083
0.876112
0.887608
0.898566
0.908979
0.91884
0.928142
0.936882
0.945052
0.952649
0.959668
0.966104
0.971953
0.977213
0.981879
0.985949
0.98942
0.992291
0.994559
0.996224
0.997283
0.997738
0.997586
0.996829
0.995467
0.9935
0.99093
0.987759
0.983988
0.97962
0.974657
0.969102
0.962959
0.956231
0.948923
0.941038
0.932583
0.923561
0.913978
0.903841
0.893155
0.881926
0.870163
0.857871
0.845058
0.831732
0.817901
0.803574
0.788759
0.773465
0.757701
0.741477
0.724804
0.70769
0.690146
0.672184
0.653814
0.635046
0.615893
0.596366
0.576477
0.556239
0.535662
0.51476
0.493546
0.472032
0.450232
0.428158
0.405824
0.383244
0.360431
0.3374
0.314163
0.290736
0.267132
0.243366
0.219453
0.195406
0.171241
0.146971
0.122613
0.0981795
0.0736868
0.0491494
0.0245822
0
0
-0.0245336
-0.0490523
-0.0735412
-0.0979854
-0.12237
-0.146681
-0.170902
-0.19502
-0.219019
-0.242885
-0.266604
-0.290161
-0.313542
-0.336733
-0.359719
-0.382486
-0.405022
-0.427311
-0.449342
-0.471099
-0.49257
-0.513743
-0.534603
-0.555139
-0.575338
-0.595188
-0.614676
-0.633791
-0.652521
-0.670855
-0.688782
-0.706291
-0.723371
-0.740012
-0.756203
-0.771936
-0.787199
-0.801985
-0.816284
-0.830088
-0.843387
-0.856175
-0.868443
-0.880183
-0.891389
-0.902054
-0.912172
-0.921735
-0.930739
-0.939178
-0.947047
-0.954341
-0.961055
-0.967186
-0.97273
-0.977683
-0.982043
-0.985806
-0.988971
-0.991536
-0.993499
-0.994858
-0.995614
-0.995765
-0.995311
-0.994254
-0.992593
-0.990329
-0.987464
-0.983999
-0.979937
-0.97528
-0.970031
-0.964193
-0.95777
-0.950766
-0.943184
-0.935029
-0.926307
-0.917023
-0.907181
-0.896789
-0.885853
-0.874379
-0.862374
-0.849845
-0.836801
-0.823248
-0.809196
-0.794652
-0.779626
-0.764127
-0.748164
-0.731746
-0.714885
-0.697589
-0.67987
-0.661738
-0.643204
-0.62428
-0.604977
-0.585306
-0.565281
-0.544912
-0.524212
-0.503194
-0.48187
-0.460254
-0.438359
-0.416197
-0.393783
-0.37113
-0.348251
-0.325161
-0.301874
-0.278403
-0.254763
-0.230969
-0.207034
-0.182974
-0.158802
-0.134535
-0.110185
-0.0857687
-0.0613003
-0.0367946
-0.0122666
0.0122688
0.0367968
0.0613025
0.085771
0.110187
0.134537
0.158805
0.182976
0.207036
0.230971
0.254765
0.278405
0.301876
0.325163
0.348253
0.371132
0.393785
0.4162
0.438361
0.460257
0.481873
0.503196
0.524214
0.544914
0.565283
0.585309
0.604979
0.624282
0.643206
0.66174
0.679872
0.697591
0.714887
0.731748
0.748166
0.764129
0.779628
0.794654
0.809198
0.82325
0.836803
0.849847
0.862376
0.874381
0.885855
0.896791
0.907183
0.917024
0.926309
0.935031
0.943185
0.950767
0.957772
0.964195
0.970033
0.975282
0.979939
0.984001
0.987465
0.99033
0.992594
0.994255
0.995313
0.995766
0.995615
0.99486
0.9935
0.991537
0.988973
0.985808
0.982044
0.977684
0.972731
0.967187
0.961056
0.954342
0.947048
0.939179
0.93074
0.921736
0.912173
0.902055
0.89139
0.880184
0.868444
0.856176
0.843388
0.830089
0.816285
0.801986
0.7872
0.771937
0.756204
0.740013
0.723372
0.706292
0.688783
0.670856
0.652522
0.633792
0.614676
0.595188
0.575339
0.55514
0.534604
0.513743
0.492571
0.4711
0.449342
0.427312
0.405022
0.382487
0.359719
0.336733
0.313542
0.290162
0.266605
0.242886
0.219019
0.19502
0.170902
0.146681
0.12237
0.0979855
0.0735412
0.0490523
0.0245336
0
0
-0.0244701
-0.0489254
-0.0733509
-0.097732
-0.122054
-0.146301
-0.17046
-0.194515
-0.218453
-0.242257
-0.265915
-0.289411
-0.312731
-0.335862
-0.358788
-0.381497
-0.403974
-0.426206
-0.448179
-0.46988
-0.491296
-0.512414
-0.53322
-0.553703
-0.57385
-0.593648
-0.613086
-0.632152
-0.650833
-0.66912
-0.687001
-0.704464
-0.7215
-0.738098
-0.754247
-0.769939
-0.785163
-0.799911
-0.814173
-0.827941
-0.841206
-0.85396
-0.866196
-0.877906
-0.889084
-0.899721
-0.909812
-0.919351
-0.928332
-0.936749
-0.944597
-0.951872
-0.958569
-0.964684
-0.970214
-0.975154
-0.979503
-0.983256
-0.986413
-0.988971
-0.990929
-0.992285
-0.993039
-0.993189
-0.992737
-0.991682
-0.990025
-0.987767
-0.98491
-0.981454
-0.977402
-0.972758
-0.967522
-0.9617
-0.955293
-0.948306
-0.940744
-0.932611
-0.923911
-0.914651
-0.904835
-0.89447
-0.883562
-0.872117
-0.860143
-0.847647
-0.834636
-0.821119
-0.807103
-0.792597
-0.77761
-0.76215
-0.746229
-0.729854
-0.713036
-0.695785
-0.678111
-0.660026
-0.64154
-0.622665
-0.603412
-0.583793
-0.563819
-0.543502
-0.522856
-0.501892
-0.480624
-0.459064
-0.437225
-0.415121
-0.392765
-0.37017
-0.34735
-0.32432
-0.301093
-0.277683
-0.254104
-0.230371
-0.206499
-0.182501
-0.158392
-0.134187
-0.1099
-0.0855469
-0.0611417
-0.0366995
-0.0122349
0.0122371
0.0367017
0.0611439
0.0855491
0.109902
0.134189
0.158394
0.182503
0.206501
0.230374
0.254106
0.277685
0.301095
0.324322
0.347353
0.370172
0.392767
0.415123
0.437227
0.459066
0.480626
0.501895
0.522858
0.543504
0.563821
0.583795
0.603414
0.622667
0.641543
0.660028
0.678113
0.695787
0.713038
0.729856
0.746231
0.762152
0.777612
0.792599
0.807105
0.821121
0.834638
0.847649
0.860145
0.872119
0.883564
0.894472
0.904837
0.914652
0.923913
0.932613
0.940746
0.948308
0.955295
0.961701
0.967524
0.972759
0.977404
0.981456
0.984911
0.987769
0.990027
0.991684
0.992739
0.993191
0.99304
0.992286
0.99093
0.988973
0.986415
0.983258
0.979504
0.975156
0.970215
0.964686
0.958571
0.951873
0.944598
0.93675
0.928333
0.919352
0.909813
0.899722
0.889085
0.877908
0.866197
0.853961
0.841207
0.827942
0.814174
0.799912
0.785164
0.76994
0.754248
0.738099
0.721501
0.704465
0.687001
0.669121
0.650834
0.632152
0.613087
0.593649
0.57385
0.553704
0.533221
0.512414
0.491297
0.469881
0.44818
0.426207
0.403975
0.381497
0.358789
0.335862
0.312731
0.289411
0.265915
0.242257
0.218453
0.194516
0.17046
0.146301
0.122054
0.0977321
0.073351
0.0489254
0.0244701
0
0
-0.0243918
-0.0487688
-0.0731162
-0.0974192
-0.121663
-0.145833
-0.169915
-0.193893
-0.217753
-0.241482
-0.265064
-0.288485
-0.31173
-0.334787
-0.35764
-0.380276
-0.402681
-0.424842
-0.446745
-0.468377
-0.489724
-0.510774
-0.531514
-0.551931
-0.572013
-0.591748
-0.611124
-0.630128
-0.64875
-0.666979
-0.684802
-0.70221
-0.719191
-0.735735
-0.751833
-0.767475
-0.782651
-0.797351
-0.811567
-0.825291
-0.838514
-0.851227
-0.863424
-0.875097
-0.886238
-0.896842
-0.9069
-0.916409
-0.925361
-0.933751
-0.941574
-0.948826
-0.955501
-0.961597
-0.967109
-0.972033
-0.976368
-0.98011
-0.983256
-0.985806
-0.987758
-0.989109
-0.98986
-0.990011
-0.98956
-0.988508
-0.986857
-0.984606
-0.981757
-0.978313
-0.974274
-0.969645
-0.964426
-0.958622
-0.952236
-0.945271
-0.937733
-0.929626
-0.920954
-0.911723
-0.901939
-0.891607
-0.880734
-0.869326
-0.85739
-0.844934
-0.831965
-0.818491
-0.80452
-0.79006
-0.775121
-0.759711
-0.74384
-0.727518
-0.710754
-0.693558
-0.675941
-0.657914
-0.639487
-0.620673
-0.601481
-0.581924
-0.562014
-0.541763
-0.521183
-0.500286
-0.479086
-0.457595
-0.435826
-0.413792
-0.391508
-0.368985
-0.346239
-0.323282
-0.300129
-0.276794
-0.253291
-0.229634
-0.205838
-0.181917
-0.157885
-0.133757
-0.109548
-0.0852731
-0.0609461
-0.036582
-0.0121958
0.0121979
0.0365842
0.0609482
0.0852753
0.109551
0.133759
0.157887
0.181919
0.20584
0.229636
0.253293
0.276796
0.300131
0.323284
0.346241
0.368987
0.39151
0.413794
0.435828
0.457597
0.479088
0.500288
0.521185
0.541765
0.562016
0.581926
0.601483
0.620675
0.639489
0.657916
0.675943
0.69356
0.710756
0.72752
0.743842
0.759713
0.775123
0.790062
0.804522
0.818493
0.831967
0.844936
0.857392
0.869328
0.880736
0.891609
0.901941
0.911725
0.920956
0.929628
0.937735
0.945273
0.952237
0.958623
0.964428
0.969646
0.974276
0.978315
0.981759
0.984608
0.986858
0.98851
0.989562
0.990012
0.989862
0.989111
0.987759
0.985808
0.983258
0.980111
0.976369
0.972035
0.96711
0.961598
0.955503
0.948827
0.941575
0.933752
0.925362
0.91641
0.906902
0.896843
0.886239
0.875098
0.863425
0.851228
0.838515
0.825292
0.811568
0.797352
0.782652
0.767476
0.751834
0.735736
0.719192
0.70221
0.684803
0.666979
0.648751
0.630129
0.611124
0.591749
0.572014
0.551932
0.531515
0.510775
0.489725
0.468377
0.446746
0.424843
0.402682
0.380277
0.35764
0.334787
0.311731
0.288485
0.265064
0.241482
0.217754
0.193893
0.169915
0.145833
0.121663
0.0974193
0.0731163
0.0487689
0.0243918
0
0
-0.0242987
-0.0485826
-0.0728371
-0.0970473
-0.121199
-0.145276
-0.169266
-0.193153
-0.216922
-0.24056
-0.264052
-0.287383
-0.31054
-0.333509
-0.356275
-0.378824
-0.401144
-0.42322
-0.445039
-0.466589
-0.487854
-0.508824
-0.529485
-0.549824
-0.569829
-0.589489
-0.608791
-0.627723
-0.646274
-0.664432
-0.682188
-0.699529
-0.716445
-0.732927
-0.748963
-0.764545
-0.779663
-0.794307
-0.808469
-0.82214
-0.835313
-0.847978
-0.860128
-0.871756
-0.882855
-0.893418
-0.903438
-0.91291
-0.921828
-0.930186
-0.937979
-0.945203
-0.951854
-0.957926
-0.963417
-0.968322
-0.97264
-0.976368
-0.979503
-0.982043
-0.983987
-0.985333
-0.986081
-0.986231
-0.985782
-0.984735
-0.983089
-0.980847
-0.978009
-0.974578
-0.970555
-0.965943
-0.960744
-0.954962
-0.9486
-0.941663
-0.934153
-0.926077
-0.917438
-0.908243
-0.898496
-0.888203
-0.877372
-0.866007
-0.854117
-0.841709
-0.828789
-0.815366
-0.801448
-0.787044
-0.772162
-0.756811
-0.741001
-0.72474
-0.70804
-0.69091
-0.673361
-0.655402
-0.637046
-0.618303
-0.599185
-0.579703
-0.559869
-0.539695
-0.519193
-0.498376
-0.477257
-0.455848
-0.434162
-0.412213
-0.390013
-0.367577
-0.344917
-0.322048
-0.298983
-0.275737
-0.252324
-0.228757
-0.205052
-0.181222
-0.157282
-0.133247
-0.10913
-0.0849476
-0.0607134
-0.0364424
-0.0121492
0.0121513
0.0364445
0.0607155
0.0849497
0.109132
0.133249
0.157284
0.181224
0.205054
0.22876
0.252326
0.27574
0.298986
0.32205
0.344919
0.367579
0.390015
0.412215
0.434164
0.45585
0.477259
0.498378
0.519195
0.539697
0.559871
0.579705
0.599187
0.618305
0.637048
0.655404
0.673362
0.690912
0.708042
0.724742
0.741003
0.756813
0.772164
0.787046
0.80145
0.815368
0.828791
0.84171
0.854119
0.866009
0.877373
0.888205
0.898498
0.908245
0.91744
0.926079
0.934155
0.941664
0.948602
0.954964
0.960746
0.965944
0.970557
0.97458
0.978011
0.980849
0.983091
0.984736
0.985784
0.986233
0.986083
0.985335
0.983988
0.982044
0.979504
0.976369
0.972642
0.968324
0.963418
0.957927
0.951855
0.945205
0.937981
0.930187
0.921829
0.912911
0.903439
0.893419
0.882856
0.871757
0.860129
0.847979
0.835314
0.822141
0.80847
0.794308
0.779664
0.764546
0.748964
0.732927
0.716446
0.69953
0.682188
0.664433
0.646274
0.627723
0.608791
0.58949
0.56983
0.549825
0.529485
0.508825
0.487855
0.466589
0.44504
0.423221
0.401144
0.378825
0.356275
0.333509
0.310541
0.287383
0.264052
0.24056
0.216922
0.193153
0.169266
0.145276
0.121199
0.0970474
0.0728371
0.0485827
0.0242987
0
0
-0.0241908
-0.0483669
-0.0725137
-0.0966164
-0.120661
-0.144631
-0.168514
-0.192295
-0.215959
-0.239492
-0.262879
-0.286107
-0.309162
-0.332028
-0.354693
-0.377143
-0.399363
-0.421341
-0.443064
-0.464517
-0.485689
-0.506565
-0.527134
-0.547383
-0.5673
-0.586872
-0.606088
-0.624936
-0.643405
-0.661483
-0.679159
-0.696423
-0.713265
-0.729673
-0.745638
-0.761151
-0.776201
-0.790781
-0.80488
-0.818491
-0.831604
-0.844213
-0.856309
-0.867886
-0.878935
-0.889451
-0.899427
-0.908857
-0.917736
-0.926057
-0.933815
-0.941007
-0.947628
-0.953673
-0.95914
-0.964024
-0.968322
-0.972033
-0.975154
-0.977683
-0.979618
-0.980959
-0.981704
-0.981853
-0.981406
-0.980363
-0.978725
-0.976493
-0.973668
-0.970251
-0.966246
-0.961654
-0.956479
-0.950723
-0.944389
-0.937482
-0.930006
-0.921966
-0.913365
-0.904211
-0.894507
-0.88426
-0.873477
-0.862163
-0.850325
-0.837972
-0.82511
-0.811746
-0.79789
-0.78355
-0.768734
-0.753451
-0.737711
-0.721523
-0.704897
-0.687843
-0.670371
-0.652493
-0.634218
-0.615558
-0.596525
-0.577129
-0.557383
-0.537299
-0.516888
-0.496164
-0.475138
-0.453824
-0.432235
-0.410383
-0.388282
-0.365945
-0.343386
-0.320618
-0.297656
-0.274513
-0.251204
-0.227742
-0.204142
-0.180418
-0.156584
-0.132655
-0.108646
-0.0845705
-0.0604439
-0.0362806
-0.0120953
0.0120974
0.0362827
0.060446
0.0845726
0.108648
0.132657
0.156586
0.18042
0.204144
0.227744
0.251206
0.274515
0.297658
0.32062
0.343388
0.365947
0.388284
0.410385
0.432237
0.453826
0.47514
0.496166
0.51689
0.537301
0.557385
0.577131
0.596527
0.61556
0.63422
0.652495
0.670373
0.687845
0.704899
0.721525
0.737713
0.753453
0.768736
0.783552
0.797892
0.811748
0.825111
0.837974
0.850327
0.862165
0.873478
0.884262
0.894509
0.904212
0.913367
0.921967
0.930008
0.937484
0.944391
0.950724
0.95648
0.961656
0.966248
0.970253
0.973669
0.976494
0.978726
0.980364
0.981407
0.981854
0.981705
0.98096
0.97962
0.977684
0.975156
0.972035
0.968324
0.964025
0.959141
0.953675
0.947629
0.941009
0.933817
0.926058
0.917737
0.908859
0.899429
0.889453
0.878937
0.867887
0.85631
0.844214
0.831605
0.818492
0.804881
0.790782
0.776202
0.761152
0.745639
0.729674
0.713265
0.696424
0.67916
0.661483
0.643405
0.624937
0.606089
0.586873
0.5673
0.547384
0.527135
0.506566
0.485689
0.464518
0.443064
0.421342
0.399364
0.377143
0.354693
0.332028
0.309162
0.286108
0.26288
0.239492
0.215959
0.192295
0.168515
0.144632
0.120661
0.0966166
0.0725138
0.048367
0.0241908
0
0
-0.0240683
-0.0481219
-0.0721463
-0.096127
-0.120049
-0.143899
-0.167661
-0.191321
-0.214865
-0.238279
-0.261548
-0.284658
-0.307595
-0.330346
-0.352896
-0.375232
-0.39734
-0.419207
-0.440819
-0.462164
-0.483228
-0.503999
-0.524463
-0.54461
-0.564426
-0.583899
-0.603017
-0.62177
-0.640145
-0.658131
-0.675718
-0.692895
-0.709651
-0.725976
-0.741861
-0.757295
-0.772269
-0.786774
-0.800802
-0.814344
-0.827391
-0.839936
-0.851971
-0.863489
-0.874482
-0.884945
-0.894871
-0.904253
-0.913086
-0.921365
-0.929084
-0.93624
-0.942827
-0.948842
-0.95428
-0.95914
-0.963417
-0.967109
-0.970214
-0.97273
-0.974655
-0.975989
-0.97673
-0.976878
-0.976434
-0.975396
-0.973766
-0.971545
-0.968735
-0.965336
-0.961351
-0.956782
-0.951633
-0.945906
-0.939604
-0.932733
-0.925295
-0.917295
-0.908738
-0.89963
-0.889975
-0.87978
-0.869051
-0.857795
-0.846017
-0.833726
-0.820929
-0.807634
-0.793848
-0.77958
-0.764839
-0.749634
-0.733973
-0.717867
-0.701326
-0.684358
-0.666975
-0.649187
-0.631005
-0.612439
-0.593502
-0.574205
-0.554559
-0.534577
-0.514269
-0.49365
-0.472731
-0.451525
-0.430045
-0.408304
-0.386314
-0.364091
-0.341646
-0.318994
-0.296148
-0.273123
-0.249931
-0.226588
-0.203107
-0.179503
-0.155791
-0.131983
-0.108095
-0.084142
-0.0601377
-0.0360968
-0.012034
0.0120361
0.0360989
0.0601397
0.0841441
0.108097
0.131985
0.155793
0.179506
0.203109
0.22659
0.249933
0.273125
0.29615
0.318996
0.341648
0.364093
0.386316
0.408306
0.430047
0.451527
0.472733
0.493652
0.514271
0.534579
0.554561
0.574207
0.593504
0.612441
0.631007
0.649189
0.666977
0.68436
0.701327
0.717869
0.733975
0.749636
0.764841
0.779582
0.79385
0.807636
0.820931
0.833728
0.846019
0.857796
0.869053
0.879782
0.889977
0.899631
0.90874
0.917296
0.925296
0.932734
0.939606
0.945907
0.951635
0.956784
0.961353
0.965337
0.968736
0.971547
0.973768
0.975398
0.976435
0.97688
0.976732
0.97599
0.974657
0.972731
0.970215
0.96711
0.963418
0.959141
0.954282
0.948843
0.942828
0.936241
0.929086
0.921366
0.913087
0.904254
0.894872
0.884946
0.874484
0.86349
0.851972
0.839937
0.827392
0.814345
0.800803
0.786775
0.77227
0.757295
0.741861
0.725977
0.709652
0.692896
0.675719
0.658132
0.640146
0.621771
0.603018
0.583899
0.564426
0.54461
0.524464
0.503999
0.483228
0.462164
0.44082
0.419207
0.39734
0.375232
0.352896
0.330346
0.307596
0.284658
0.261548
0.238279
0.214865
0.191321
0.167661
0.143899
0.120049
0.0961271
0.0721464
0.048122
0.0240683
0
0
-0.0239311
-0.0478476
-0.0717352
-0.0955791
-0.119365
-0.143079
-0.166705
-0.190231
-0.21364
-0.236921
-0.260057
-0.283036
-0.305842
-0.328463
-0.350885
-0.373093
-0.395075
-0.416818
-0.438307
-0.45953
-0.480474
-0.501126
-0.521474
-0.541506
-0.561209
-0.580571
-0.599581
-0.618226
-0.636497
-0.654381
-0.671867
-0.688946
-0.705606
-0.721839
-0.737632
-0.752979
-0.767868
-0.78229
-0.796238
-0.809703
-0.822676
-0.835149
-0.847115
-0.858568
-0.869499
-0.879902
-0.889771
-0.899099
-0.907882
-0.916114
-0.923789
-0.930904
-0.937454
-0.943434
-0.948842
-0.953673
-0.957926
-0.961597
-0.964684
-0.967186
-0.9691
-0.970427
-0.971164
-0.971311
-0.970869
-0.969837
-0.968217
-0.966008
-0.963214
-0.959834
-0.955872
-0.951329
-0.946209
-0.940515
-0.934249
-0.927417
-0.920021
-0.912067
-0.903559
-0.894502
-0.884903
-0.874766
-0.864098
-0.852906
-0.841196
-0.828975
-0.816251
-0.803031
-0.789324
-0.775137
-0.76048
-0.745362
-0.72979
-0.713776
-0.697329
-0.680458
-0.663174
-0.645487
-0.627408
-0.608949
-0.59012
-0.570933
-0.551399
-0.53153
-0.511338
-0.490837
-0.470037
-0.448952
-0.427594
-0.405976
-0.384113
-0.362016
-0.339699
-0.317176
-0.29446
-0.271566
-0.248507
-0.225297
-0.20195
-0.17848
-0.154903
-0.131231
-0.107479
-0.0836625
-0.0597949
-0.0358911
-0.0119654
0.0119675
0.0358931
0.059797
0.0836645
0.107481
0.131233
0.154905
0.178482
0.201952
0.225299
0.248509
0.271568
0.294462
0.317178
0.339701
0.362018
0.384115
0.405978
0.427596
0.448954
0.470039
0.490839
0.51134
0.531532
0.551401
0.570935
0.590122
0.608951
0.62741
0.645489
0.663176
0.68046
0.69733
0.713778
0.729792
0.745363
0.760482
0.775139
0.789326
0.803033
0.816252
0.828977
0.841197
0.852908
0.8641
0.874768
0.884905
0.894504
0.903561
0.912069
0.920023
0.927418
0.934251
0.940517
0.946211
0.951331
0.955874
0.959836
0.963215
0.96601
0.968218
0.969839
0.97087
0.971312
0.971165
0.970428
0.969102
0.967187
0.964686
0.961598
0.957927
0.953675
0.948843
0.943435
0.937455
0.930905
0.92379
0.916115
0.907883
0.8991
0.889772
0.879903
0.8695
0.858569
0.847117
0.83515
0.822677
0.809704
0.796239
0.782291
0.767868
0.752979
0.737633
0.721839
0.705607
0.688947
0.671868
0.654381
0.636497
0.618227
0.599581
0.580572
0.561209
0.541507
0.521475
0.501127
0.480474
0.45953
0.438307
0.416818
0.395076
0.373094
0.350885
0.328464
0.305842
0.283036
0.260057
0.236921
0.213641
0.190231
0.166705
0.143079
0.119365
0.0955792
0.0717352
0.0478477
0.0239311
0
0
-0.0237794
-0.0475443
-0.0712804
-0.0949732
-0.118608
-0.142172
-0.165648
-0.189025
-0.212286
-0.235419
-0.258409
-0.281241
-0.303903
-0.326381
-0.34866
-0.370728
-0.392571
-0.414175
-0.435528
-0.456617
-0.477428
-0.49795
-0.518169
-0.538073
-0.557651
-0.576891
-0.59578
-0.614307
-0.632462
-0.650232
-0.667608
-0.684579
-0.701134
-0.717263
-0.732957
-0.748205
-0.763
-0.777331
-0.791191
-0.80457
-0.817461
-0.829855
-0.841746
-0.853125
-0.863987
-0.874324
-0.88413
-0.8934
-0.902127
-0.910307
-0.917933
-0.925003
-0.931511
-0.937454
-0.942827
-0.947628
-0.951854
-0.955501
-0.958569
-0.961055
-0.962957
-0.964275
-0.965007
-0.965154
-0.964714
-0.963689
-0.962079
-0.959885
-0.957108
-0.95375
-0.949813
-0.945299
-0.940211
-0.934553
-0.928327
-0.921538
-0.914189
-0.906285
-0.897831
-0.888832
-0.879294
-0.869221
-0.858621
-0.847499
-0.835863
-0.82372
-0.811076
-0.797941
-0.78432
-0.770224
-0.75566
-0.740637
-0.725164
-0.709252
-0.692908
-0.676144
-0.65897
-0.641395
-0.623431
-0.605089
-0.586379
-0.567313
-0.547903
-0.528161
-0.508097
-0.487725
-0.467057
-0.446106
-0.424883
-0.403403
-0.381678
-0.359721
-0.337546
-0.315165
-0.292594
-0.269845
-0.246932
-0.223869
-0.20067
-0.177349
-0.153921
-0.130399
-0.106798
-0.0831322
-0.0594159
-0.0356636
-0.0118896
0.0118916
0.0356656
0.0594179
0.0831342
0.1068
0.130401
0.153923
0.177351
0.200672
0.223871
0.246934
0.269847
0.292596
0.315167
0.337548
0.359723
0.38168
0.403405
0.424885
0.446108
0.467059
0.487727
0.508099
0.528162
0.547905
0.567315
0.586381
0.605091
0.623433
0.641397
0.658972
0.676146
0.69291
0.709253
0.725166
0.740639
0.755661
0.770226
0.784322
0.797942
0.811078
0.823722
0.835865
0.847501
0.858623
0.869223
0.879295
0.888834
0.897833
0.906287
0.914191
0.92154
0.928329
0.934555
0.940213
0.945301
0.949814
0.953751
0.957109
0.959886
0.962081
0.963691
0.964716
0.965155
0.965009
0.964276
0.962959
0.961056
0.958571
0.955503
0.951855
0.947629
0.942828
0.937455
0.931512
0.925004
0.917935
0.910308
0.902128
0.893401
0.884131
0.874325
0.863988
0.853126
0.841747
0.829856
0.817462
0.804571
0.791192
0.777332
0.763001
0.748206
0.732957
0.717264
0.701134
0.684579
0.667609
0.650233
0.632463
0.614308
0.595781
0.576891
0.557652
0.538074
0.518169
0.49795
0.477429
0.456617
0.435529
0.414176
0.392571
0.370729
0.348661
0.326381
0.303904
0.281242
0.258409
0.235419
0.212286
0.189025
0.165649
0.142172
0.118609
0.0949733
0.0712805
0.0475444
0.0237794
0
0
-0.0236133
-0.0472122
-0.0707824
-0.0943097
-0.11778
-0.141178
-0.164491
-0.187704
-0.210803
-0.233774
-0.256603
-0.279276
-0.30178
-0.324101
-0.346225
-0.368138
-0.389828
-0.411282
-0.432485
-0.453427
-0.474093
-0.494471
-0.514549
-0.534314
-0.553755
-0.57286
-0.591617
-0.610015
-0.628043
-0.64569
-0.662944
-0.679796
-0.696235
-0.712252
-0.727836
-0.742978
-0.757669
-0.771901
-0.785663
-0.798949
-0.811749
-0.824057
-0.835865
-0.847165
-0.857951
-0.868215
-0.877953
-0.887158
-0.895824
-0.903947
-0.91152
-0.91854
-0.925003
-0.930904
-0.93624
-0.941007
-0.945203
-0.948826
-0.951872
-0.954341
-0.95623
-0.957538
-0.958265
-0.958411
-0.957974
-0.956956
-0.955358
-0.953179
-0.950421
-0.947086
-0.943177
-0.938695
-0.933643
-0.928024
-0.921841
-0.9151
-0.907802
-0.899954
-0.891559
-0.882622
-0.87315
-0.863148
-0.852622
-0.841578
-0.830024
-0.817965
-0.80541
-0.792366
-0.778841
-0.764843
-0.75038
-0.735462
-0.720098
-0.704296
-0.688067
-0.67142
-0.654366
-0.636914
-0.619076
-0.600861
-0.582282
-0.56335
-0.544075
-0.524471
-0.504547
-0.484318
-0.463794
-0.442989
-0.421915
-0.400585
-0.379011
-0.357208
-0.335187
-0.312963
-0.29055
-0.267959
-0.245206
-0.222305
-0.199268
-0.17611
-0.152845
-0.129488
-0.106052
-0.0825514
-0.0590008
-0.0354144
-0.0118065
0.0118085
0.0354164
0.0590028
0.0825534
0.106054
0.12949
0.152847
0.176112
0.19927
0.222306
0.245208
0.267961
0.290552
0.312965
0.335189
0.35721
0.379013
0.400587
0.421917
0.442991
0.463796
0.48432
0.504549
0.524472
0.544077
0.563352
0.582284
0.600863
0.619078
0.636916
0.654368
0.671422
0.688069
0.704298
0.7201
0.735464
0.750382
0.764844
0.778842
0.792367
0.805412
0.817967
0.830025
0.84158
0.852624
0.86315
0.873152
0.882624
0.89156
0.899955
0.907804
0.915101
0.921843
0.928025
0.933644
0.938696
0.943178
0.947088
0.950422
0.95318
0.955359
0.956958
0.957976
0.958412
0.958267
0.95754
0.956231
0.954342
0.951873
0.948827
0.945205
0.941009
0.936241
0.930905
0.925004
0.918542
0.911521
0.903948
0.895825
0.887159
0.877954
0.868217
0.857952
0.847166
0.835866
0.824058
0.81175
0.79895
0.785664
0.771901
0.75767
0.742979
0.727837
0.712252
0.696236
0.679797
0.662945
0.64569
0.628044
0.610016
0.591618
0.572861
0.553756
0.534315
0.514549
0.494471
0.474093
0.453427
0.432486
0.411282
0.389829
0.368139
0.346225
0.324101
0.301781
0.279277
0.256603
0.233774
0.210803
0.187704
0.164491
0.141178
0.11778
0.0943098
0.0707825
0.0472122
0.0236133
0
0
-0.0234328
-0.0468513
-0.0702414
-0.0935889
-0.11688
-0.140099
-0.163234
-0.186269
-0.209192
-0.231987
-0.254642
-0.277142
-0.299474
-0.321624
-0.343578
-0.365325
-0.386849
-0.408138
-0.42918
-0.449961
-0.470469
-0.490692
-0.510616
-0.530231
-0.549523
-0.568482
-0.587096
-0.605353
-0.623243
-0.640755
-0.657877
-0.6746
-0.690914
-0.706808
-0.722273
-0.7373
-0.751879
-0.766001
-0.779659
-0.792843
-0.805545
-0.817759
-0.829476
-0.84069
-0.851393
-0.86158
-0.871243
-0.880378
-0.888978
-0.897038
-0.904554
-0.91152
-0.917933
-0.923789
-0.929084
-0.933815
-0.937979
-0.941574
-0.944597
-0.947047
-0.948921
-0.95022
-0.950942
-0.951086
-0.950653
-0.949643
-0.948056
-0.945894
-0.943157
-0.939848
-0.935968
-0.93152
-0.926507
-0.920931
-0.914796
-0.908106
-0.900864
-0.893075
-0.884745
-0.875877
-0.866477
-0.856551
-0.846106
-0.835146
-0.82368
-0.811714
-0.799254
-0.78631
-0.772888
-0.758997
-0.744645
-0.729841
-0.714594
-0.698914
-0.682808
-0.666289
-0.649365
-0.632046
-0.614344
-0.596269
-0.577832
-0.559044
-0.539917
-0.520462
-0.500691
-0.480616
-0.460249
-0.439603
-0.41869
-0.397523
-0.376115
-0.354478
-0.332626
-0.310572
-0.288329
-0.265911
-0.243332
-0.220606
-0.197745
-0.174764
-0.151677
-0.128498
-0.105241
-0.0819205
-0.0585499
-0.0351438
-0.0117163
0.0117183
0.0351457
0.0585518
0.0819224
0.105243
0.1285
0.151679
0.174766
0.197747
0.220607
0.243334
0.265913
0.288331
0.310573
0.332627
0.35448
0.376116
0.397525
0.418692
0.439605
0.460251
0.480618
0.500693
0.520464
0.539919
0.559046
0.577834
0.596271
0.614346
0.632048
0.649367
0.666291
0.68281
0.698915
0.714596
0.729843
0.744647
0.758999
0.77289
0.786312
0.799256
0.811715
0.823682
0.835148
0.846107
0.856553
0.866479
0.875878
0.884746
0.893077
0.900866
0.908107
0.914798
0.920933
0.926508
0.931522
0.93597
0.939849
0.943159
0.945895
0.948057
0.949644
0.950654
0.951087
0.950943
0.950221
0.948923
0.947048
0.944598
0.941575
0.937981
0.933817
0.929086
0.92379
0.917935
0.911521
0.904555
0.897039
0.888979
0.880379
0.871244
0.861581
0.851394
0.840691
0.829477
0.81776
0.805546
0.792844
0.779659
0.766002
0.751879
0.737301
0.722274
0.706809
0.690915
0.674601
0.657878
0.640755
0.623244
0.605354
0.587096
0.568483
0.549524
0.530231
0.510617
0.490692
0.47047
0.449962
0.429181
0.408139
0.386849
0.365325
0.343579
0.321624
0.299474
0.277142
0.254642
0.231988
0.209192
0.18627
0.163234
0.140099
0.11688
0.093589
0.0702415
0.0468514
0.0234328
0
0
-0.0232381
-0.0464621
-0.0696578
-0.0928113
-0.115908
-0.138935
-0.161878
-0.184722
-0.207454
-0.23006
-0.252526
-0.274839
-0.296986
-0.318951
-0.340724
-0.362289
-0.383635
-0.404747
-0.425614
-0.446223
-0.46656
-0.486615
-0.506373
-0.525825
-0.544957
-0.563759
-0.582218
-0.600324
-0.618065
-0.635431
-0.652411
-0.668995
-0.685173
-0.700935
-0.716272
-0.731174
-0.745631
-0.759637
-0.773181
-0.786255
-0.798852
-0.810965
-0.822585
-0.833705
-0.844319
-0.854421
-0.864004
-0.873063
-0.881591
-0.889585
-0.897038
-0.903947
-0.910307
-0.916114
-0.921365
-0.926057
-0.930186
-0.933751
-0.936749
-0.939178
-0.941037
-0.942325
-0.94304
-0.943184
-0.942754
-0.941752
-0.940179
-0.938034
-0.935321
-0.932039
-0.928192
-0.923781
-0.918809
-0.913279
-0.907195
-0.90056
-0.893379
-0.885655
-0.877393
-0.868599
-0.859278
-0.849435
-0.839076
-0.828207
-0.816836
-0.804969
-0.792614
-0.779777
-0.766466
-0.752691
-0.738458
-0.723777
-0.708657
-0.693106
-0.677135
-0.660753
-0.643969
-0.626795
-0.60924
-0.591315
-0.573031
-0.554399
-0.535431
-0.516138
-0.496531
-0.476623
-0.456425
-0.435951
-0.415212
-0.39422
-0.372989
-0.351532
-0.329862
-0.307991
-0.285933
-0.263702
-0.241311
-0.218773
-0.196102
-0.173312
-0.150417
-0.127431
-0.104367
-0.0812398
-0.0580634
-0.0348518
-0.011619
0.0116209
0.0348537
0.0580653
0.0812417
0.104369
0.127433
0.150419
0.173314
0.196104
0.218774
0.241312
0.263704
0.285935
0.307993
0.329864
0.351534
0.372991
0.394222
0.415213
0.435953
0.456427
0.476625
0.496533
0.51614
0.535433
0.554401
0.573033
0.591317
0.609242
0.626797
0.643971
0.660755
0.677137
0.693108
0.708659
0.723779
0.73846
0.752692
0.766468
0.779778
0.792615
0.804971
0.816838
0.828209
0.839077
0.849436
0.859279
0.868601
0.877395
0.885657
0.89338
0.900562
0.907197
0.913281
0.91881
0.923782
0.928193
0.932041
0.935322
0.938036
0.94018
0.941754
0.942755
0.943185
0.943042
0.942326
0.941038
0.939179
0.93675
0.933752
0.930187
0.926058
0.921366
0.916115
0.910308
0.903948
0.897039
0.889586
0.881593
0.873064
0.864005
0.854422
0.84432
0.833706
0.822585
0.810966
0.798853
0.786256
0.773181
0.759637
0.745632
0.731174
0.716273
0.700936
0.685174
0.668996
0.652412
0.635432
0.618065
0.600324
0.582218
0.563759
0.544958
0.525826
0.506374
0.486615
0.466561
0.446223
0.425615
0.404748
0.383635
0.36229
0.340724
0.318952
0.296986
0.27484
0.252526
0.23006
0.207454
0.184722
0.161878
0.138935
0.115909
0.0928114
0.0696579
0.0464621
0.0232381
0
0
-0.0230293
-0.0460446
-0.0690319
-0.0919774
-0.114867
-0.137687
-0.160423
-0.183062
-0.20559
-0.227993
-0.250257
-0.27237
-0.294317
-0.316086
-0.337662
-0.359034
-0.380188
-0.40111
-0.42179
-0.442213
-0.462368
-0.482242
-0.501823
-0.5211
-0.540061
-0.558693
-0.576986
-0.594929
-0.612511
-0.629721
-0.646549
-0.662984
-0.679017
-0.694637
-0.709836
-0.724604
-0.738932
-0.752811
-0.766233
-0.77919
-0.791674
-0.803678
-0.815193
-0.826214
-0.836733
-0.846744
-0.856241
-0.865218
-0.87367
-0.881591
-0.888978
-0.895824
-0.902127
-0.907882
-0.913086
-0.917736
-0.921828
-0.925361
-0.928332
-0.930739
-0.932581
-0.933858
-0.934567
-0.934709
-0.934283
-0.93329
-0.931731
-0.929606
-0.926916
-0.923664
-0.919851
-0.91548
-0.910553
-0.905073
-0.899044
-0.892469
-0.885352
-0.877697
-0.86951
-0.860795
-0.851557
-0.841802
-0.831536
-0.820765
-0.809497
-0.797736
-0.785492
-0.77277
-0.759579
-0.745927
-0.731823
-0.717274
-0.702289
-0.686879
-0.671051
-0.654816
-0.638183
-0.621163
-0.603766
-0.586002
-0.567882
-0.549418
-0.53062
-0.5115
-0.492069
-0.47234
-0.452324
-0.432034
-0.411481
-0.390678
-0.369638
-0.348374
-0.326898
-0.305224
-0.283364
-0.261332
-0.239142
-0.216807
-0.19434
-0.171755
-0.149065
-0.126286
-0.103429
-0.0805099
-0.0575417
-0.0345386
-0.0115146
0.0115165
0.0345405
0.0575436
0.0805117
0.103431
0.126287
0.149067
0.171757
0.194342
0.216809
0.239144
0.261334
0.283366
0.305225
0.3269
0.348376
0.36964
0.39068
0.411482
0.432035
0.452326
0.472342
0.492071
0.511502
0.530622
0.54942
0.567884
0.586004
0.603767
0.621165
0.638185
0.654817
0.671053
0.68688
0.702291
0.717276
0.731824
0.745929
0.759581
0.772772
0.785493
0.797738
0.809498
0.820767
0.831538
0.841804
0.851558
0.860796
0.869511
0.877699
0.885353
0.89247
0.899045
0.905075
0.910554
0.915482
0.919853
0.923666
0.926918
0.929607
0.931732
0.933292
0.934284
0.93471
0.934568
0.933859
0.932583
0.93074
0.928333
0.925362
0.921829
0.917737
0.913087
0.907883
0.902128
0.895825
0.888979
0.881593
0.873671
0.865219
0.856242
0.846745
0.836734
0.826215
0.815194
0.803679
0.791675
0.779191
0.766234
0.752812
0.738932
0.724605
0.709837
0.694638
0.679017
0.662985
0.64655
0.629722
0.612512
0.59493
0.576987
0.558694
0.540061
0.521101
0.501824
0.482243
0.462368
0.442214
0.42179
0.401111
0.380188
0.359034
0.337663
0.316086
0.294317
0.27237
0.250257
0.227993
0.20559
0.183062
0.160423
0.137687
0.114867
0.0919774
0.069032
0.0460446
0.0230293
0
0
-0.0228065
-0.0455991
-0.0683641
-0.0910876
-0.113756
-0.136355
-0.158871
-0.181291
-0.203601
-0.225787
-0.247836
-0.269735
-0.29147
-0.313028
-0.334396
-0.355561
-0.37651
-0.39723
-0.417709
-0.437935
-0.457895
-0.477577
-0.496969
-0.516059
-0.534836
-0.553288
-0.571405
-0.589174
-0.606586
-0.623629
-0.640294
-0.65657
-0.672448
-0.687917
-0.702969
-0.717594
-0.731783
-0.745528
-0.758821
-0.771652
-0.784016
-0.795903
-0.807307
-0.818221
-0.828638
-0.838552
-0.847958
-0.856848
-0.865218
-0.873063
-0.880378
-0.887158
-0.8934
-0.899099
-0.904253
-0.908857
-0.91291
-0.916409
-0.919351
-0.921735
-0.92356
-0.924823
-0.925526
-0.925666
-0.925245
-0.924262
-0.922717
-0.920613
-0.917949
-0.914729
-0.910953
-0.906624
-0.901744
-0.896317
-0.890346
-0.883835
-0.876787
-0.869206
-0.861098
-0.852467
-0.843319
-0.833658
-0.823492
-0.812825
-0.801665
-0.790019
-0.777893
-0.765294
-0.752231
-0.738711
-0.724743
-0.710335
-0.695495
-0.680234
-0.664559
-0.648481
-0.632009
-0.615154
-0.597925
-0.580333
-0.562389
-0.544103
-0.525487
-0.506552
-0.487309
-0.467771
-0.447948
-0.427854
-0.4075
-0.386899
-0.366062
-0.345004
-0.323736
-0.302271
-0.280623
-0.258804
-0.236829
-0.214709
-0.19246
-0.170093
-0.147623
-0.125064
-0.102429
-0.079731
-0.0569851
-0.0342045
-0.0114032
0.011405
0.0342063
0.0569869
0.0797328
0.10243
0.125066
0.147625
0.170095
0.192462
0.214711
0.236831
0.258806
0.280625
0.302273
0.323737
0.345005
0.366064
0.3869
0.407502
0.427856
0.44795
0.467773
0.487311
0.506554
0.525489
0.544105
0.56239
0.580335
0.597926
0.615155
0.632011
0.648483
0.664561
0.680235
0.695497
0.710337
0.724745
0.738713
0.752233
0.765296
0.777894
0.79002
0.801667
0.812827
0.823493
0.83366
0.84332
0.852469
0.8611
0.869208
0.876788
0.883836
0.890348
0.896319
0.901746
0.906625
0.910954
0.91473
0.917951
0.920614
0.922719
0.924263
0.925246
0.925668
0.925527
0.924825
0.923561
0.921736
0.919352
0.91641
0.912911
0.908859
0.904254
0.8991
0.893401
0.887159
0.880379
0.873064
0.865219
0.856849
0.847959
0.838553
0.828639
0.818222
0.807308
0.795904
0.784017
0.771653
0.758821
0.745529
0.731784
0.717595
0.70297
0.687918
0.672449
0.656571
0.640295
0.62363
0.606586
0.589175
0.571405
0.553289
0.534837
0.51606
0.496969
0.477577
0.457895
0.437936
0.41771
0.39723
0.37651
0.355561
0.334396
0.313028
0.29147
0.269735
0.247836
0.225787
0.203601
0.181291
0.158871
0.136355
0.113756
0.0910877
0.0683642
0.0455992
0.0228065
0
0
-0.0225699
-0.045126
-0.0676548
-0.0901425
-0.112575
-0.13494
-0.157223
-0.17941
-0.201488
-0.223444
-0.245265
-0.266936
-0.288446
-0.30978
-0.330926
-0.351871
-0.372603
-0.393109
-0.413375
-0.433391
-0.453144
-0.472622
-0.491812
-0.510705
-0.529287
-0.547548
-0.565476
-0.583061
-0.600292
-0.617159
-0.633651
-0.649758
-0.665471
-0.68078
-0.695675
-0.710148
-0.72419
-0.737793
-0.750947
-0.763646
-0.775881
-0.787645
-0.798931
-0.809731
-0.820041
-0.829852
-0.83916
-0.847958
-0.856241
-0.864004
-0.871243
-0.877953
-0.88413
-0.889771
-0.894871
-0.899427
-0.903438
-0.9069
-0.909812
-0.912172
-0.913977
-0.915228
-0.915923
-0.916062
-0.915645
-0.914672
-0.913144
-0.911061
-0.908425
-0.905238
-0.901501
-0.897217
-0.892388
-0.887018
-0.881108
-0.874664
-0.867689
-0.860188
-0.852164
-0.843622
-0.834569
-0.825009
-0.814948
-0.804392
-0.793348
-0.781822
-0.769822
-0.757354
-0.744426
-0.731047
-0.717223
-0.702965
-0.688279
-0.673176
-0.657664
-0.641753
-0.625452
-0.608771
-0.591721
-0.574311
-0.556553
-0.538457
-0.520035
-0.501296
-0.482253
-0.462917
-0.443301
-0.423415
-0.403272
-0.382884
-0.362264
-0.341424
-0.320377
-0.299135
-0.277711
-0.256119
-0.234372
-0.212482
-0.190463
-0.168328
-0.146092
-0.123766
-0.101366
-0.0789038
-0.0563938
-0.0338496
-0.0112849
0.0112867
0.0338514
0.0563956
0.0789056
0.101368
0.123768
0.146093
0.16833
0.190465
0.212483
0.234373
0.256121
0.277713
0.299136
0.320378
0.341426
0.362266
0.382886
0.403274
0.423417
0.443302
0.462919
0.482255
0.501298
0.520036
0.538459
0.556555
0.574313
0.591723
0.608773
0.625453
0.641754
0.657666
0.673178
0.688281
0.702966
0.717225
0.731048
0.744428
0.757355
0.769823
0.781824
0.793349
0.804393
0.814949
0.82501
0.83457
0.843624
0.852165
0.860189
0.867691
0.874666
0.88111
0.887019
0.89239
0.897218
0.901502
0.905239
0.908426
0.911062
0.913145
0.914673
0.915646
0.916063
0.915924
0.915229
0.913978
0.912173
0.909813
0.906902
0.903439
0.899429
0.894872
0.889772
0.884131
0.877954
0.871244
0.864005
0.856242
0.847959
0.839161
0.829853
0.820042
0.809732
0.798932
0.787646
0.775882
0.763647
0.750948
0.737794
0.724191
0.710149
0.695676
0.68078
0.665472
0.649759
0.633651
0.617159
0.600293
0.583062
0.565476
0.547548
0.529287
0.510705
0.491813
0.472622
0.453145
0.433392
0.413376
0.393109
0.372603
0.351872
0.330926
0.30978
0.288446
0.266936
0.245265
0.223445
0.201489
0.17941
0.157223
0.13494
0.112576
0.0901426
0.0676549
0.0451261
0.0225699
0
0
-0.0223195
-0.0446255
-0.0669044
-0.0891427
-0.111327
-0.133443
-0.155479
-0.17742
-0.199254
-0.220966
-0.242544
-0.263975
-0.285246
-0.306344
-0.327256
-0.347969
-0.36847
-0.388748
-0.40879
-0.428584
-0.448118
-0.46738
-0.486358
-0.50504
-0.523416
-0.541474
-0.559204
-0.576594
-0.593634
-0.610314
-0.626623
-0.642551
-0.65809
-0.673229
-0.687959
-0.702272
-0.716158
-0.72961
-0.742618
-0.755176
-0.767275
-0.778909
-0.790069
-0.80075
-0.810945
-0.820648
-0.829852
-0.838552
-0.846744
-0.854421
-0.86158
-0.868215
-0.874324
-0.879902
-0.884945
-0.889451
-0.893418
-0.896842
-0.899721
-0.902054
-0.90384
-0.905077
-0.905764
-0.905901
-0.905489
-0.904527
-0.903015
-0.900956
-0.898349
-0.895197
-0.891502
-0.887265
-0.88249
-0.877179
-0.871336
-0.864963
-0.858065
-0.850647
-0.842712
-0.834265
-0.825312
-0.815858
-0.805909
-0.79547
-0.784548
-0.77315
-0.761283
-0.748954
-0.736169
-0.722938
-0.709268
-0.695168
-0.680645
-0.665709
-0.650369
-0.634635
-0.618515
-0.602019
-0.585158
-0.567942
-0.55038
-0.532485
-0.514267
-0.495736
-0.476904
-0.457783
-0.438384
-0.418719
-0.398799
-0.378637
-0.358246
-0.337637
-0.316823
-0.295817
-0.274631
-0.253278
-0.231772
-0.210125
-0.18835
-0.166461
-0.144471
-0.122394
-0.100242
-0.0780286
-0.0557683
-0.0334742
-0.0111597
0.0111615
0.033476
0.0557701
0.0780304
0.100243
0.122395
0.144473
0.166463
0.188352
0.210127
0.231774
0.25328
0.274633
0.295819
0.316825
0.337639
0.358248
0.378639
0.398801
0.41872
0.438386
0.457785
0.476906
0.495738
0.514268
0.532487
0.550382
0.567943
0.58516
0.602021
0.618516
0.634636
0.650371
0.665711
0.680647
0.695169
0.70927
0.72294
0.736171
0.748955
0.761285
0.773152
0.78455
0.795471
0.80591
0.81586
0.825314
0.834267
0.842713
0.850648
0.858067
0.864965
0.871337
0.877181
0.882492
0.887267
0.891503
0.895199
0.898351
0.900957
0.903017
0.904528
0.90549
0.905903
0.905765
0.905078
0.903841
0.902055
0.899722
0.896843
0.893419
0.889453
0.884946
0.879903
0.874325
0.868217
0.861581
0.854422
0.846745
0.838553
0.829853
0.820649
0.810946
0.800751
0.79007
0.77891
0.767276
0.755177
0.742619
0.72961
0.716159
0.702273
0.68796
0.67323
0.658091
0.642552
0.626623
0.610314
0.593635
0.576595
0.559205
0.541475
0.523417
0.505041
0.486358
0.46738
0.448118
0.428585
0.408791
0.388749
0.368471
0.347969
0.327256
0.306344
0.285247
0.263976
0.242545
0.220966
0.199254
0.17742
0.155479
0.133444
0.111327
0.0891428
0.0669045
0.0446256
0.0223196
0
0
-0.0220556
-0.0440979
-0.0661134
-0.0880887
-0.110011
-0.131866
-0.153641
-0.175322
-0.196898
-0.218354
-0.239677
-0.260854
-0.281874
-0.302722
-0.323386
-0.343855
-0.364114
-0.384152
-0.403957
-0.423517
-0.44282
-0.461854
-0.480607
-0.499069
-0.517228
-0.535073
-0.552592
-0.569777
-0.586615
-0.603098
-0.619214
-0.634954
-0.650309
-0.665269
-0.679825
-0.693969
-0.707691
-0.720984
-0.733838
-0.746248
-0.758204
-0.7697
-0.780728
-0.791283
-0.801357
-0.810945
-0.820041
-0.828638
-0.836733
-0.844319
-0.851393
-0.857951
-0.863987
-0.869499
-0.874482
-0.878935
-0.882855
-0.886238
-0.889084
-0.891389
-0.893154
-0.894376
-0.895055
-0.895191
-0.894783
-0.893833
-0.892339
-0.890304
-0.887728
-0.884614
-0.880962
-0.876775
-0.872057
-0.866808
-0.861034
-0.854737
-0.847921
-0.84059
-0.832749
-0.824402
-0.815555
-0.806212
-0.79638
-0.786065
-0.775273
-0.764009
-0.752282
-0.740099
-0.727466
-0.714391
-0.700883
-0.686949
-0.672598
-0.657839
-0.64268
-0.627131
-0.611202
-0.594901
-0.57824
-0.561227
-0.543873
-0.52619
-0.508186
-0.489875
-0.471266
-0.452371
-0.433201
-0.413768
-0.394084
-0.374161
-0.35401
-0.333645
-0.313077
-0.292319
-0.271384
-0.250284
-0.229032
-0.207641
-0.186123
-0.164493
-0.142763
-0.120947
-0.0990564
-0.0771061
-0.055109
-0.0330784
-0.0110278
0.0110295
0.0330802
0.0551107
0.0771078
0.0990581
0.120948
0.142765
0.164495
0.186125
0.207642
0.229034
0.250286
0.271386
0.292321
0.313079
0.333647
0.354012
0.374163
0.394086
0.41377
0.433203
0.452372
0.471267
0.489876
0.508188
0.526191
0.543875
0.561228
0.578241
0.594903
0.611203
0.627133
0.642682
0.65784
0.6726
0.68695
0.700884
0.714393
0.727467
0.7401
0.752284
0.764011
0.775274
0.786067
0.796382
0.806214
0.815556
0.824403
0.83275
0.840591
0.847922
0.854738
0.861035
0.86681
0.872058
0.876777
0.880963
0.884615
0.887729
0.890305
0.89234
0.893834
0.894785
0.895192
0.895056
0.894377
0.893155
0.89139
0.889085
0.886239
0.882856
0.878937
0.874484
0.8695
0.863988
0.857952
0.851394
0.84432
0.836734
0.828639
0.820042
0.810946
0.801358
0.791284
0.780729
0.769701
0.758205
0.746248
0.733839
0.720984
0.707692
0.69397
0.679826
0.66527
0.65031
0.634955
0.619215
0.603098
0.586616
0.569777
0.552593
0.535073
0.517228
0.49907
0.480608
0.461854
0.44282
0.423518
0.403958
0.384153
0.364114
0.343855
0.323387
0.302722
0.281874
0.260855
0.239677
0.218354
0.196898
0.175323
0.153641
0.131866
0.110011
0.0880888
0.0661134
0.0440979
0.0220557
0
0
-0.0217784
-0.0435435
-0.0652822
-0.0869813
-0.108628
-0.130208
-0.151709
-0.173118
-0.194422
-0.215609
-0.236664
-0.257575
-0.27833
-0.298916
-0.319321
-0.339532
-0.359536
-0.379323
-0.398879
-0.418193
-0.437253
-0.456048
-0.474565
-0.492795
-0.510725
-0.528346
-0.545646
-0.562614
-0.579241
-0.595516
-0.61143
-0.626972
-0.642134
-0.656906
-0.671279
-0.685245
-0.698794
-0.71192
-0.724613
-0.736866
-0.748672
-0.760023
-0.770913
-0.781335
-0.791283
-0.80075
-0.809731
-0.818221
-0.826214
-0.833705
-0.84069
-0.847165
-0.853125
-0.858568
-0.863489
-0.867886
-0.871756
-0.875097
-0.877906
-0.880183
-0.881925
-0.883132
-0.883803
-0.883937
-0.883535
-0.882596
-0.881121
-0.879111
-0.876568
-0.873493
-0.869887
-0.865753
-0.861093
-0.855911
-0.850209
-0.843991
-0.837261
-0.830022
-0.82228
-0.814038
-0.805302
-0.796077
-0.786369
-0.776183
-0.765526
-0.754405
-0.742825
-0.730795
-0.71832
-0.70541
-0.692072
-0.678313
-0.664142
-0.649569
-0.634601
-0.619247
-0.603518
-0.587422
-0.57097
-0.554171
-0.537036
-0.519575
-0.501798
-0.483716
-0.465341
-0.446684
-0.427755
-0.408566
-0.38913
-0.369457
-0.34956
-0.329451
-0.309141
-0.288645
-0.267972
-0.247137
-0.226153
-0.20503
-0.183784
-0.162425
-0.140968
-0.119426
-0.0978111
-0.0761367
-0.0544162
-0.0326626
-0.0108892
0.0108909
0.0326643
0.0544179
0.0761384
0.0978128
0.119428
0.14097
0.162427
0.183785
0.205032
0.226154
0.247139
0.267974
0.288646
0.309143
0.329452
0.349562
0.369459
0.389131
0.408568
0.427756
0.446685
0.465343
0.483718
0.501799
0.519576
0.537038
0.554173
0.570972
0.587424
0.60352
0.619249
0.634602
0.64957
0.664144
0.678314
0.692073
0.705412
0.718322
0.730796
0.742827
0.754406
0.765528
0.776185
0.78637
0.796078
0.805303
0.814039
0.822281
0.830024
0.837262
0.843993
0.850211
0.855913
0.861095
0.865754
0.869888
0.873494
0.876569
0.879113
0.881122
0.882597
0.883536
0.883938
0.883804
0.883133
0.881926
0.880184
0.877908
0.875098
0.871757
0.867887
0.86349
0.858569
0.853126
0.847166
0.840691
0.833706
0.826215
0.818222
0.809732
0.800751
0.791284
0.781336
0.770914
0.760024
0.748673
0.736867
0.724614
0.71192
0.698795
0.685245
0.67128
0.656907
0.642135
0.626973
0.61143
0.595517
0.579241
0.562615
0.545646
0.528346
0.510726
0.492796
0.474566
0.456048
0.437253
0.418193
0.398879
0.379323
0.359537
0.339532
0.319321
0.298917
0.278331
0.257575
0.236664
0.215609
0.194423
0.173119
0.151709
0.130208
0.108628
0.0869814
0.0652823
0.0435436
0.0217784
0
0
-0.0214879
-0.0429627
-0.0644115
-0.0858211
-0.107179
-0.128471
-0.149686
-0.170809
-0.191829
-0.212733
-0.233507
-0.254139
-0.274618
-0.294929
-0.315062
-0.335003
-0.354741
-0.374263
-0.393558
-0.412615
-0.431421
-0.449965
-0.468235
-0.486222
-0.503913
-0.521298
-0.538367
-0.555109
-0.571514
-0.587573
-0.603274
-0.618609
-0.633569
-0.648144
-0.662325
-0.676104
-0.689473
-0.702424
-0.714947
-0.727037
-0.738686
-0.749886
-0.760631
-0.770913
-0.780728
-0.790069
-0.798931
-0.807307
-0.815193
-0.822585
-0.829476
-0.835865
-0.841746
-0.847115
-0.851971
-0.856309
-0.860128
-0.863424
-0.866196
-0.868443
-0.870162
-0.871352
-0.872014
-0.872146
-0.871749
-0.870823
-0.869368
-0.867385
-0.864876
-0.861841
-0.858284
-0.854205
-0.849608
-0.844494
-0.838869
-0.832734
-0.826093
-0.818951
-0.811311
-0.80318
-0.79456
-0.785458
-0.77588
-0.76583
-0.755315
-0.744342
-0.732917
-0.721047
-0.708739
-0.696001
-0.68284
-0.669265
-0.655284
-0.640904
-0.626136
-0.610987
-0.595468
-0.579587
-0.563354
-0.546779
-0.529873
-0.512644
-0.495104
-0.477264
-0.459134
-0.440725
-0.422049
-0.403117
-0.383939
-0.364529
-0.344897
-0.325056
-0.305018
-0.284794
-0.264398
-0.243841
-0.223136
-0.202295
-0.181332
-0.160259
-0.139088
-0.117833
-0.0965064
-0.0751212
-0.0536904
-0.0322269
-0.0107439
0.0107456
0.0322286
0.053692
0.0751229
0.0965081
0.117835
0.13909
0.16026
0.181334
0.202297
0.223138
0.243843
0.2644
0.284796
0.30502
0.325058
0.344899
0.364531
0.383941
0.403118
0.422051
0.440727
0.459136
0.477266
0.495106
0.512646
0.529874
0.546781
0.563356
0.579589
0.595469
0.610989
0.626137
0.640906
0.655285
0.669267
0.682842
0.696002
0.70874
0.721048
0.732918
0.744343
0.755317
0.765831
0.775881
0.78546
0.794562
0.803181
0.811313
0.818952
0.826094
0.832735
0.83887
0.844496
0.849609
0.854206
0.858285
0.861843
0.864877
0.867386
0.869369
0.870824
0.871751
0.872148
0.872015
0.871354
0.870163
0.868444
0.866197
0.863425
0.860129
0.85631
0.851972
0.847117
0.841747
0.835866
0.829477
0.822585
0.815194
0.807308
0.798932
0.79007
0.780729
0.770914
0.760631
0.749887
0.738687
0.727038
0.714948
0.702424
0.689474
0.676105
0.662326
0.648144
0.633569
0.61861
0.603275
0.587573
0.571515
0.55511
0.538368
0.521299
0.503914
0.486222
0.468236
0.449965
0.431421
0.412615
0.393559
0.374264
0.354741
0.335003
0.315062
0.294929
0.274618
0.25414
0.233507
0.212733
0.191829
0.170809
0.149686
0.128471
0.107179
0.0858212
0.0644115
0.0429627
0.0214879
0
0
-0.0211843
-0.0423558
-0.0635016
-0.0846088
-0.105665
-0.126656
-0.147571
-0.168396
-0.189119
-0.209727
-0.230208
-0.250549
-0.270738
-0.290763
-0.310611
-0.330271
-0.34973
-0.368976
-0.387999
-0.406786
-0.425326
-0.443608
-0.461621
-0.479353
-0.496795
-0.513935
-0.530762
-0.547268
-0.563441
-0.579272
-0.594752
-0.609871
-0.624619
-0.638988
-0.652969
-0.666554
-0.679734
-0.692501
-0.704848
-0.716767
-0.728251
-0.739293
-0.749886
-0.760023
-0.7697
-0.778909
-0.787645
-0.795903
-0.803678
-0.810965
-0.817759
-0.824057
-0.829855
-0.835149
-0.839936
-0.844213
-0.847978
-0.851227
-0.85396
-0.856175
-0.85787
-0.859044
-0.859696
-0.859826
-0.859435
-0.858522
-0.857087
-0.855132
-0.852658
-0.849667
-0.846159
-0.842138
-0.837606
-0.832565
-0.827019
-0.82097
-0.814423
-0.807382
-0.799851
-0.791834
-0.783336
-0.774363
-0.764919
-0.755012
-0.744645
-0.733827
-0.722564
-0.710861
-0.698727
-0.686169
-0.673194
-0.659811
-0.646027
-0.631851
-0.617291
-0.602357
-0.587056
-0.5714
-0.555396
-0.539055
-0.522388
-0.505402
-0.488111
-0.470522
-0.452648
-0.4345
-0.416087
-0.397422
-0.378516
-0.35938
-0.340025
-0.320465
-0.300709
-0.280771
-0.260663
-0.240396
-0.219984
-0.199438
-0.178771
-0.157995
-0.137123
-0.116169
-0.0951432
-0.07406
-0.0529319
-0.0317717
-0.0105922
0.0105938
0.0317733
0.0529336
0.0740617
0.0951448
0.11617
0.137125
0.157997
0.178772
0.199439
0.219986
0.240398
0.260665
0.280773
0.300711
0.320466
0.340027
0.359381
0.378517
0.397424
0.416089
0.434501
0.45265
0.470524
0.488112
0.505404
0.522389
0.539057
0.555398
0.571401
0.587058
0.602358
0.617293
0.631852
0.646028
0.659812
0.673196
0.686171
0.698729
0.710863
0.722565
0.733829
0.744647
0.755013
0.764921
0.774364
0.783337
0.791835
0.799852
0.807384
0.814425
0.820972
0.82702
0.832566
0.837607
0.84214
0.846161
0.849668
0.85266
0.855134
0.857088
0.858523
0.859436
0.859828
0.859697
0.859045
0.857871
0.856176
0.853961
0.851228
0.847979
0.844214
0.839937
0.83515
0.829856
0.824058
0.81776
0.810966
0.803679
0.795904
0.787646
0.77891
0.769701
0.760024
0.749887
0.739294
0.728252
0.716768
0.704849
0.692502
0.679734
0.666554
0.65297
0.638988
0.624619
0.609871
0.594753
0.579273
0.563442
0.547268
0.530763
0.513935
0.496795
0.479354
0.461621
0.443609
0.425327
0.406787
0.387999
0.368977
0.34973
0.330271
0.310611
0.290763
0.270739
0.25055
0.230209
0.209728
0.18912
0.168397
0.147571
0.126656
0.105665
0.0846089
0.0635016
0.0423559
0.0211844
0
0
-0.0208679
-0.0417232
-0.0625531
-0.0833451
-0.104086
-0.124765
-0.145367
-0.165881
-0.186295
-0.206595
-0.22677
-0.246807
-0.266695
-0.28642
-0.305972
-0.325338
-0.344506
-0.363465
-0.382204
-0.400711
-0.418974
-0.436983
-0.454726
-0.472194
-0.489375
-0.506259
-0.522835
-0.539094
-0.555026
-0.570621
-0.585869
-0.600762
-0.61529
-0.629444
-0.643216
-0.656598
-0.669581
-0.682158
-0.694321
-0.706062
-0.717374
-0.728251
-0.738686
-0.748672
-0.758204
-0.767275
-0.775881
-0.784016
-0.791674
-0.798852
-0.805545
-0.811749
-0.817461
-0.822676
-0.827391
-0.831604
-0.835313
-0.838514
-0.841206
-0.843387
-0.845057
-0.846213
-0.846856
-0.846984
-0.846599
-0.845699
-0.844286
-0.842361
-0.839924
-0.836977
-0.833522
-0.82956
-0.825096
-0.82013
-0.814667
-0.808709
-0.80226
-0.795323
-0.787905
-0.780007
-0.771636
-0.762797
-0.753495
-0.743735
-0.733524
-0.722867
-0.711772
-0.700244
-0.688291
-0.675921
-0.66314
-0.649956
-0.636378
-0.622414
-0.608071
-0.59336
-0.578288
-0.562865
-0.547101
-0.531004
-0.514585
-0.497854
-0.48082
-0.463495
-0.445888
-0.42801
-0.409873
-0.391486
-0.372862
-0.354012
-0.334947
-0.315678
-0.296218
-0.276578
-0.25677
-0.236806
-0.216698
-0.196459
-0.176101
-0.155635
-0.135075
-0.114433
-0.0937221
-0.0729539
-0.0521414
-0.0312972
-0.010434
0.0104356
0.0312988
0.052143
0.0729555
0.0937237
0.114435
0.135077
0.155637
0.176102
0.196461
0.2167
0.236808
0.256771
0.276579
0.29622
0.31568
0.334948
0.354014
0.372864
0.391488
0.409874
0.428012
0.445889
0.463496
0.480822
0.497855
0.514587
0.531006
0.547103
0.562867
0.57829
0.593361
0.608073
0.622415
0.63638
0.649958
0.663141
0.675922
0.688293
0.700245
0.711773
0.722869
0.733525
0.743736
0.753496
0.762799
0.771638
0.780009
0.787906
0.795325
0.802261
0.80871
0.814668
0.820131
0.825097
0.829562
0.833523
0.836978
0.839925
0.842362
0.844287
0.8457
0.8466
0.846986
0.846857
0.846214
0.845058
0.843388
0.841207
0.838515
0.835314
0.831605
0.827392
0.822677
0.817462
0.81175
0.805546
0.798853
0.791675
0.784017
0.775882
0.767276
0.758205
0.748673
0.738687
0.728252
0.717375
0.706062
0.694321
0.682159
0.669582
0.656599
0.643217
0.629445
0.61529
0.600762
0.58587
0.570621
0.555026
0.539095
0.522836
0.506259
0.489375
0.472194
0.454727
0.436983
0.418974
0.400711
0.382204
0.363466
0.344507
0.325338
0.305972
0.286421
0.266695
0.246808
0.22677
0.206595
0.186295
0.165881
0.145367
0.124765
0.104087
0.0833452
0.0625532
0.0417232
0.020868
0
0
-0.0205389
-0.0410653
-0.0615667
-0.0820308
-0.102445
-0.122797
-0.143075
-0.163265
-0.183357
-0.203337
-0.223194
-0.242915
-0.262489
-0.281904
-0.301147
-0.320208
-0.339074
-0.357734
-0.376177
-0.394392
-0.412367
-0.430092
-0.447556
-0.464748
-0.481658
-0.498275
-0.51459
-0.530593
-0.546274
-0.561622
-0.57663
-0.591288
-0.605587
-0.619518
-0.633073
-0.646244
-0.659023
-0.671401
-0.683372
-0.694928
-0.706062
-0.716767
-0.727037
-0.736866
-0.746248
-0.755176
-0.763646
-0.771652
-0.77919
-0.786255
-0.792843
-0.798949
-0.80457
-0.809703
-0.814344
-0.818491
-0.82214
-0.825291
-0.827941
-0.830088
-0.831731
-0.832869
-0.833502
-0.833628
-0.833249
-0.832363
-0.830972
-0.829077
-0.826679
-0.823778
-0.820378
-0.816479
-0.812085
-0.807197
-0.80182
-0.795956
-0.789609
-0.782782
-0.77548
-0.767707
-0.759468
-0.750769
-0.741613
-0.732007
-0.721957
-0.711468
-0.700548
-0.689202
-0.677438
-0.665262
-0.652683
-0.639707
-0.626343
-0.612599
-0.598483
-0.584003
-0.569169
-0.55399
-0.538474
-0.522631
-0.506471
-0.490003
-0.473238
-0.456186
-0.438857
-0.421261
-0.403409
-0.385313
-0.366983
-0.34843
-0.329665
-0.3107
-0.291547
-0.272216
-0.252721
-0.233072
-0.213281
-0.193361
-0.173324
-0.153181
-0.132945
-0.112629
-0.0922442
-0.0718035
-0.0513191
-0.0308036
-0.0102694
0.010271
0.0308052
0.0513207
0.071805
0.0922458
0.112631
0.132947
0.153183
0.173325
0.193363
0.213283
0.233073
0.252722
0.272218
0.291548
0.310702
0.329667
0.348431
0.366984
0.385315
0.403411
0.421262
0.438858
0.456187
0.47324
0.490005
0.506472
0.522632
0.538475
0.553991
0.569171
0.584005
0.598484
0.6126
0.626344
0.639708
0.652684
0.665263
0.677439
0.689203
0.700549
0.711469
0.721958
0.732008
0.741614
0.75077
0.75947
0.767709
0.775481
0.782783
0.78961
0.795957
0.801821
0.807199
0.812086
0.81648
0.820379
0.823779
0.82668
0.829078
0.830974
0.832364
0.83325
0.833629
0.833503
0.83287
0.831732
0.830089
0.827942
0.825292
0.822141
0.818492
0.814345
0.809704
0.804571
0.79895
0.792844
0.786256
0.779191
0.771653
0.763647
0.755177
0.746248
0.736867
0.727038
0.716768
0.706062
0.694928
0.683373
0.671402
0.659023
0.646245
0.633074
0.619519
0.605588
0.591289
0.576631
0.561623
0.546274
0.530594
0.514591
0.498276
0.481658
0.464748
0.447556
0.430092
0.412367
0.394392
0.376177
0.357734
0.339074
0.320208
0.301147
0.281904
0.262489
0.242916
0.223194
0.203337
0.183357
0.163266
0.143075
0.122797
0.102445
0.0820309
0.0615668
0.0410653
0.0205389
0
0
-0.0201973
-0.0403824
-0.0605429
-0.0806667
-0.100742
-0.120755
-0.140696
-0.160551
-0.180308
-0.199956
-0.219483
-0.238876
-0.258124
-0.277216
-0.296139
-0.314883
-0.333435
-0.351785
-0.369922
-0.387833
-0.40551
-0.42294
-0.440113
-0.45702
-0.473648
-0.48999
-0.506033
-0.52177
-0.53719
-0.552283
-0.567042
-0.581456
-0.595517
-0.609216
-0.622546
-0.635498
-0.648064
-0.660236
-0.672008
-0.683372
-0.694321
-0.704848
-0.714947
-0.724613
-0.733838
-0.742618
-0.750947
-0.758821
-0.766233
-0.773181
-0.779659
-0.785663
-0.791191
-0.796238
-0.800802
-0.80488
-0.808469
-0.811567
-0.814173
-0.816284
-0.8179
-0.819019
-0.819641
-0.819766
-0.819393
-0.818522
-0.817154
-0.815291
-0.812932
-0.81008
-0.806736
-0.802902
-0.798581
-0.793775
-0.788487
-0.78272
-0.776478
-0.769765
-0.762585
-0.754941
-0.746839
-0.738284
-0.729281
-0.719835
-0.709951
-0.699637
-0.688898
-0.677741
-0.666172
-0.654199
-0.641829
-0.629069
-0.615928
-0.602412
-0.588531
-0.574292
-0.559704
-0.544777
-0.529519
-0.51394
-0.498049
-0.481855
-0.465369
-0.4486
-0.431559
-0.414256
-0.396701
-0.378906
-0.36088
-0.342636
-0.324183
-0.305534
-0.286699
-0.26769
-0.248518
-0.229196
-0.209735
-0.190146
-0.170441
-0.150634
-0.130735
-0.110756
-0.0907103
-0.0706095
-0.0504658
-0.0302914
-0.0100987
0.0101002
0.0302929
0.0504673
0.070611
0.0907118
0.110758
0.130736
0.150635
0.170443
0.190147
0.209736
0.229198
0.24852
0.267691
0.2867
0.305535
0.324185
0.342637
0.360882
0.378907
0.396703
0.414257
0.43156
0.448601
0.46537
0.481856
0.49805
0.513942
0.529521
0.544779
0.559706
0.574293
0.588532
0.602413
0.615929
0.629071
0.641831
0.654201
0.666174
0.677742
0.6889
0.699638
0.709953
0.719836
0.729282
0.738285
0.746841
0.754942
0.762586
0.769766
0.77648
0.782721
0.788488
0.793776
0.798582
0.802903
0.806737
0.810081
0.812933
0.815292
0.817155
0.818523
0.819394
0.819767
0.819643
0.81902
0.817901
0.816285
0.814174
0.811568
0.80847
0.804881
0.800803
0.796239
0.791192
0.785664
0.779659
0.773181
0.766234
0.758821
0.750948
0.742619
0.733839
0.724614
0.714948
0.704849
0.694321
0.683373
0.672009
0.660237
0.648065
0.635499
0.622547
0.609217
0.595517
0.581456
0.567042
0.552284
0.53719
0.52177
0.506034
0.48999
0.473649
0.45702
0.440114
0.42294
0.40551
0.387834
0.369922
0.351786
0.333436
0.314883
0.29614
0.277216
0.258125
0.238876
0.219483
0.199956
0.180308
0.160551
0.140696
0.120755
0.100742
0.0806668
0.060543
0.0403824
0.0201973
0
0
-0.0198435
-0.039675
-0.0594824
-0.0792537
-0.0989768
-0.11864
-0.138231
-0.157738
-0.177149
-0.196453
-0.215638
-0.234692
-0.253603
-0.27236
-0.290952
-0.309367
-0.327594
-0.345623
-0.363442
-0.38104
-0.398406
-0.415531
-0.432404
-0.449014
-0.465351
-0.481406
-0.497169
-0.51263
-0.52778
-0.542609
-0.557109
-0.57127
-0.585085
-0.598545
-0.611641
-0.624366
-0.636712
-0.648671
-0.660236
-0.671401
-0.682158
-0.692501
-0.702424
-0.71192
-0.720984
-0.72961
-0.737793
-0.745528
-0.752811
-0.759637
-0.766001
-0.771901
-0.777331
-0.78229
-0.786774
-0.790781
-0.794307
-0.797351
-0.799911
-0.801985
-0.803573
-0.804672
-0.805284
-0.805406
-0.805039
-0.804184
-0.80284
-0.801009
-0.798692
-0.795889
-0.792604
-0.788837
-0.784592
-0.77987
-0.774675
-0.769009
-0.762877
-0.756281
-0.749226
-0.741717
-0.733757
-0.725351
-0.716506
-0.707225
-0.697515
-0.687381
-0.676831
-0.665869
-0.654503
-0.64274
-0.630586
-0.61805
-0.605138
-0.591859
-0.578221
-0.564232
-0.5499
-0.535234
-0.520244
-0.504937
-0.489324
-0.473414
-0.457217
-0.440742
-0.423999
-0.406999
-0.389752
-0.372268
-0.354559
-0.336634
-0.318504
-0.300182
-0.281677
-0.263001
-0.244165
-0.225181
-0.206061
-0.186815
-0.167456
-0.147995
-0.128445
-0.108816
-0.0891213
-0.0693726
-0.0495817
-0.0297608
-0.00992178
0.00992327
0.0297623
0.0495832
0.0693741
0.0891228
0.108817
0.128446
0.147997
0.167457
0.186816
0.206062
0.225183
0.244166
0.263002
0.281678
0.300183
0.318506
0.336635
0.35456
0.37227
0.389753
0.407001
0.424001
0.440743
0.457218
0.473416
0.489326
0.504939
0.520245
0.535236
0.549901
0.564233
0.578223
0.591861
0.60514
0.618051
0.630588
0.642741
0.654504
0.66587
0.676832
0.687383
0.697516
0.707226
0.716507
0.725353
0.733758
0.741718
0.749227
0.756282
0.762878
0.76901
0.774676
0.779871
0.784593
0.788838
0.792605
0.79589
0.798693
0.80101
0.802841
0.804185
0.80504
0.805407
0.805285
0.804674
0.803574
0.801986
0.799912
0.797352
0.794308
0.790782
0.786775
0.782291
0.777332
0.771901
0.766002
0.759637
0.752812
0.745529
0.737794
0.72961
0.720984
0.71192
0.702424
0.692502
0.682159
0.671402
0.660237
0.648672
0.636712
0.624366
0.611641
0.598545
0.585086
0.571271
0.557109
0.542609
0.52778
0.51263
0.497169
0.481407
0.465352
0.449014
0.432404
0.415532
0.398407
0.38104
0.363442
0.345623
0.327595
0.309367
0.290952
0.27236
0.253603
0.234692
0.215638
0.196453
0.17715
0.157738
0.138231
0.11864
0.0989769
0.0792538
0.0594825
0.039675
0.0198435
0
0
-0.0194777
-0.0389435
-0.0583857
-0.0777925
-0.097152
-0.116453
-0.135682
-0.15483
-0.173883
-0.192831
-0.211662
-0.230365
-0.248927
-0.267338
-0.285588
-0.303663
-0.321555
-0.339251
-0.356741
-0.374015
-0.391061
-0.40787
-0.424432
-0.440736
-0.456772
-0.472531
-0.488003
-0.503179
-0.518049
-0.532605
-0.546837
-0.560738
-0.574298
-0.587509
-0.600364
-0.612855
-0.624973
-0.636712
-0.648064
-0.659023
-0.669581
-0.679734
-0.689473
-0.698794
-0.707691
-0.716158
-0.72419
-0.731783
-0.738932
-0.745631
-0.751879
-0.757669
-0.763
-0.767868
-0.772269
-0.776201
-0.779663
-0.782651
-0.785163
-0.787199
-0.788758
-0.789837
-0.790437
-0.790557
-0.790197
-0.789357
-0.788038
-0.786241
-0.783966
-0.781216
-0.777991
-0.774294
-0.770127
-0.765492
-0.760392
-0.754831
-0.748812
-0.742338
-0.735413
-0.728042
-0.720229
-0.711978
-0.703296
-0.694186
-0.684655
-0.674708
-0.664352
-0.653593
-0.642436
-0.63089
-0.61896
-0.606655
-0.593982
-0.580947
-0.567561
-0.553829
-0.539762
-0.525366
-0.510652
-0.495628
-0.480303
-0.464686
-0.448787
-0.432616
-0.416182
-0.399495
-0.382566
-0.365405
-0.348022
-0.330427
-0.312632
-0.294647
-0.276483
-0.258152
-0.239663
-0.22103
-0.202262
-0.183371
-0.164369
-0.145267
-0.126076
-0.10681
-0.0874782
-0.0680936
-0.0486676
-0.0292121
-0.00973886
0.00974031
0.0292136
0.0486691
0.0680951
0.0874797
0.106811
0.126078
0.145268
0.16437
0.183372
0.202263
0.221031
0.239665
0.258153
0.276485
0.294649
0.312634
0.330429
0.348023
0.365406
0.382568
0.399497
0.416183
0.432617
0.448789
0.464687
0.480304
0.495629
0.510654
0.525368
0.539763
0.553831
0.567562
0.580949
0.593983
0.606656
0.618962
0.630891
0.642437
0.653594
0.664353
0.67471
0.684656
0.694187
0.703297
0.71198
0.72023
0.728043
0.735414
0.742339
0.748813
0.754832
0.760393
0.765493
0.770128
0.774295
0.777992
0.781217
0.783967
0.786242
0.788039
0.789358
0.790198
0.790558
0.790438
0.789838
0.788759
0.7872
0.785164
0.782652
0.779664
0.776202
0.77227
0.767868
0.763001
0.75767
0.751879
0.745632
0.738932
0.731784
0.724191
0.716159
0.707692
0.698795
0.689474
0.679734
0.669582
0.659023
0.648065
0.636712
0.624973
0.612855
0.600365
0.58751
0.574299
0.560739
0.546838
0.532605
0.51805
0.503179
0.488003
0.472531
0.456772
0.440736
0.424432
0.407871
0.391061
0.374015
0.356741
0.339251
0.321555
0.303664
0.285588
0.267339
0.248927
0.230365
0.211662
0.192832
0.173884
0.15483
0.135683
0.116453
0.0971521
0.0777926
0.0583858
0.0389436
0.0194777
0
0
-0.0191
-0.0381884
-0.0572536
-0.0762841
-0.0952683
-0.114195
-0.133052
-0.151828
-0.170512
-0.189092
-0.207558
-0.225898
-0.2441
-0.262155
-0.28005
-0.297775
-0.31532
-0.332673
-0.349824
-0.366762
-0.383478
-0.399962
-0.416202
-0.43219
-0.447915
-0.463368
-0.478541
-0.493422
-0.508004
-0.522278
-0.536234
-0.549865
-0.563162
-0.576118
-0.588723
-0.600971
-0.612855
-0.624366
-0.635498
-0.646244
-0.656598
-0.666554
-0.676104
-0.685245
-0.693969
-0.702272
-0.710148
-0.717594
-0.724604
-0.731174
-0.7373
-0.742978
-0.748205
-0.752979
-0.757295
-0.761151
-0.764545
-0.767475
-0.769939
-0.771936
-0.773464
-0.774522
-0.77511
-0.775228
-0.774875
-0.774052
-0.772758
-0.770996
-0.768765
-0.766068
-0.762906
-0.75928
-0.755194
-0.750649
-0.745648
-0.740195
-0.734292
-0.727944
-0.721153
-0.713925
-0.706264
-0.698173
-0.689659
-0.680726
-0.67138
-0.661626
-0.65147
-0.640919
-0.629979
-0.618657
-0.606959
-0.594892
-0.582464
-0.569683
-0.556556
-0.543091
-0.529296
-0.51518
-0.500751
-0.486018
-0.47099
-0.455676
-0.440085
-0.424228
-0.408112
-0.391749
-0.375148
-0.35832
-0.341274
-0.32402
-0.30657
-0.288934
-0.271122
-0.253146
-0.235016
-0.216744
-0.19834
-0.179815
-0.161181
-0.14245
-0.123632
-0.104739
-0.085782
-0.0667733
-0.047724
-0.0286457
-0.00955002
0.00955144
0.0286471
0.0477254
0.0667747
0.0857834
0.10474
0.123633
0.142451
0.161183
0.179817
0.198341
0.216745
0.235018
0.253148
0.271124
0.288935
0.306572
0.324022
0.341275
0.358321
0.37515
0.391751
0.408114
0.424229
0.440087
0.455677
0.470991
0.486019
0.500752
0.515181
0.529297
0.543092
0.556557
0.569684
0.582466
0.594893
0.60696
0.618658
0.629981
0.640921
0.651472
0.661627
0.671381
0.680727
0.68966
0.698174
0.706265
0.713926
0.721155
0.727945
0.734293
0.740196
0.745649
0.75065
0.755195
0.759281
0.762907
0.766069
0.768766
0.770997
0.772759
0.774053
0.774876
0.775229
0.775111
0.774523
0.773465
0.771937
0.76994
0.767476
0.764546
0.761152
0.757295
0.752979
0.748206
0.742979
0.737301
0.731174
0.724605
0.717595
0.710149
0.702273
0.69397
0.685245
0.676105
0.666554
0.656599
0.646245
0.635499
0.624366
0.612855
0.600972
0.588724
0.576118
0.563163
0.549866
0.536235
0.522278
0.508005
0.493423
0.478541
0.463369
0.447915
0.43219
0.416202
0.399962
0.383479
0.366763
0.349824
0.332673
0.31532
0.297776
0.28005
0.262155
0.244101
0.225898
0.207558
0.189093
0.170512
0.151828
0.133052
0.114195
0.0952684
0.0762842
0.0572537
0.0381885
0.0191
0
0
-0.0187107
-0.0374101
-0.0560868
-0.0747294
-0.0933267
-0.111867
-0.13034
-0.148733
-0.167037
-0.185239
-0.203328
-0.221294
-0.239126
-0.256812
-0.274342
-0.291706
-0.308893
-0.325893
-0.342694
-0.359288
-0.375663
-0.39181
-0.40772
-0.423381
-0.438786
-0.453925
-0.468788
-0.483366
-0.497651
-0.511633
-0.525306
-0.538659
-0.551685
-0.564376
-0.576725
-0.588723
-0.600364
-0.611641
-0.622546
-0.633073
-0.643216
-0.652969
-0.662325
-0.671279
-0.679825
-0.687959
-0.695675
-0.702969
-0.709836
-0.716272
-0.722273
-0.727836
-0.732957
-0.737632
-0.741861
-0.745638
-0.748963
-0.751833
-0.754247
-0.756203
-0.7577
-0.758737
-0.759313
-0.759428
-0.759083
-0.758276
-0.757009
-0.755283
-0.753097
-0.750455
-0.747357
-0.743806
-0.739803
-0.73535
-0.730452
-0.725109
-0.719327
-0.713108
-0.706456
-0.699375
-0.69187
-0.683944
-0.675603
-0.666852
-0.657697
-0.648142
-0.638193
-0.627857
-0.61714
-0.606048
-0.594589
-0.582768
-0.570593
-0.558072
-0.545213
-0.532022
-0.518508
-0.50468
-0.490545
-0.476112
-0.461391
-0.446389
-0.431116
-0.415582
-0.399795
-0.383765
-0.367503
-0.351017
-0.334318
-0.317417
-0.300322
-0.283045
-0.265597
-0.247987
-0.230227
-0.212326
-0.194297
-0.17615
-0.157896
-0.139547
-0.121112
-0.102604
-0.0840338
-0.0654124
-0.0467513
-0.0280619
-0.00935539
0.00935677
0.0280633
0.0467527
0.0654138
0.0840351
0.102605
0.121114
0.139548
0.157898
0.176152
0.194299
0.212328
0.230228
0.247988
0.265598
0.283047
0.300323
0.317418
0.33432
0.351018
0.367504
0.383767
0.399796
0.415583
0.431117
0.44639
0.461392
0.476114
0.490546
0.504681
0.51851
0.532023
0.545214
0.558074
0.570595
0.582769
0.59459
0.606049
0.617141
0.627858
0.638194
0.648143
0.657698
0.666854
0.675604
0.683945
0.691871
0.699376
0.706457
0.713109
0.719328
0.72511
0.730453
0.735351
0.739804
0.743807
0.747358
0.750456
0.753098
0.755284
0.75701
0.758277
0.759084
0.759429
0.759314
0.758738
0.757701
0.756204
0.754248
0.751834
0.748964
0.745639
0.741861
0.737633
0.732957
0.727837
0.722274
0.716273
0.709837
0.70297
0.695676
0.68796
0.679826
0.67128
0.662326
0.65297
0.643217
0.633074
0.622547
0.611641
0.600365
0.588724
0.576725
0.564377
0.551685
0.538659
0.525306
0.511634
0.497651
0.483366
0.468788
0.453925
0.438787
0.423382
0.40772
0.391811
0.375663
0.359288
0.342694
0.325893
0.308894
0.291707
0.274343
0.256812
0.239126
0.221294
0.203328
0.185239
0.167037
0.148734
0.13034
0.111867
0.0933267
0.0747295
0.0560868
0.0374102
0.0187108
0
0
-0.0183101
-0.0366091
-0.0548859
-0.0731293
-0.0913284
-0.109472
-0.127549
-0.145549
-0.16346
-0.181272
-0.198974
-0.216556
-0.234005
-0.251313
-0.268468
-0.285461
-0.302279
-0.318915
-0.335356
-0.351595
-0.367619
-0.383421
-0.39899
-0.414316
-0.429391
-0.444205
-0.45875
-0.473016
-0.486995
-0.500679
-0.514058
-0.527125
-0.539872
-0.552292
-0.564376
-0.576118
-0.587509
-0.598545
-0.609216
-0.619518
-0.629444
-0.638988
-0.648144
-0.656906
-0.665269
-0.673229
-0.68078
-0.687917
-0.694637
-0.700935
-0.706808
-0.712252
-0.717263
-0.721839
-0.725976
-0.729673
-0.732927
-0.735735
-0.738098
-0.740012
-0.741476
-0.742491
-0.743055
-0.743168
-0.742829
-0.74204
-0.7408
-0.739111
-0.736972
-0.734387
-0.731355
-0.72788
-0.723962
-0.719605
-0.714811
-0.709584
-0.703925
-0.697839
-0.69133
-0.6844
-0.677055
-0.6693
-0.661137
-0.652574
-0.643614
-0.634264
-0.624528
-0.614414
-0.603926
-0.593072
-0.581857
-0.57029
-0.558376
-0.546123
-0.533539
-0.520631
-0.507406
-0.493874
-0.480042
-0.465918
-0.451512
-0.436831
-0.421885
-0.406683
-0.391234
-0.375548
-0.359634
-0.343501
-0.32716
-0.31062
-0.293892
-0.276985
-0.25991
-0.242677
-0.225297
-0.20778
-0.190137
-0.172379
-0.154516
-0.136559
-0.118519
-0.100407
-0.0822345
-0.0640118
-0.0457503
-0.027461
-0.00915508
0.00915643
0.0274624
0.0457517
0.0640132
0.0822358
0.100409
0.11852
0.13656
0.154517
0.17238
0.190139
0.207782
0.225298
0.242678
0.259911
0.276986
0.293893
0.310621
0.327161
0.343502
0.359635
0.375549
0.391236
0.406685
0.421887
0.436832
0.451513
0.465919
0.480043
0.493875
0.507408
0.520632
0.53354
0.546124
0.558377
0.570291
0.581859
0.593073
0.603927
0.614415
0.62453
0.634265
0.643615
0.652575
0.661139
0.669301
0.677057
0.684401
0.691331
0.69784
0.703926
0.709585
0.714812
0.719606
0.723963
0.727881
0.731356
0.734388
0.736973
0.739112
0.740801
0.742041
0.74283
0.743169
0.743056
0.742492
0.741477
0.740013
0.738099
0.735736
0.732927
0.729674
0.725977
0.721839
0.717264
0.712252
0.706809
0.700936
0.694638
0.687918
0.68078
0.67323
0.66527
0.656907
0.648144
0.638988
0.629445
0.619519
0.609217
0.598545
0.58751
0.576118
0.564377
0.552292
0.539873
0.527126
0.514058
0.500679
0.486996
0.473017
0.458751
0.444206
0.429392
0.414317
0.39899
0.383421
0.36762
0.351595
0.335357
0.318915
0.30228
0.285461
0.268469
0.251313
0.234006
0.216556
0.198975
0.181272
0.16346
0.145549
0.127549
0.109472
0.0913285
0.0731294
0.0548859
0.0366091
0.0183101
0
0
-0.0178984
-0.0357859
-0.0536516
-0.0714849
-0.0892747
-0.10701
-0.124681
-0.142276
-0.159784
-0.177196
-0.1945
-0.211686
-0.228743
-0.245662
-0.262431
-0.279041
-0.295482
-0.311743
-0.327815
-0.343688
-0.359353
-0.374799
-0.390017
-0.404999
-0.419735
-0.434217
-0.448434
-0.462379
-0.476044
-0.48942
-0.502498
-0.515272
-0.527732
-0.539872
-0.551685
-0.563162
-0.574298
-0.585085
-0.595517
-0.605587
-0.61529
-0.624619
-0.633569
-0.642134
-0.650309
-0.65809
-0.665471
-0.672448
-0.679017
-0.685173
-0.690914
-0.696235
-0.701134
-0.705606
-0.709651
-0.713265
-0.716445
-0.719191
-0.7215
-0.723371
-0.724803
-0.725795
-0.726346
-0.726456
-0.726125
-0.725354
-0.724142
-0.72249
-0.7204
-0.717872
-0.714909
-0.711512
-0.707682
-0.703423
-0.698737
-0.693627
-0.688096
-0.682147
-0.675783
-0.66901
-0.66183
-0.654249
-0.64627
-0.637899
-0.629141
-0.620001
-0.610484
-0.600597
-0.590345
-0.579735
-0.568773
-0.557466
-0.54582
-0.533842
-0.521541
-0.508923
-0.495996
-0.482768
-0.469247
-0.455441
-0.441358
-0.427008
-0.412398
-0.397538
-0.382437
-0.367103
-0.351547
-0.335777
-0.319803
-0.303635
-0.287283
-0.270756
-0.254065
-0.23722
-0.220231
-0.203108
-0.185862
-0.168502
-0.151041
-0.133488
-0.115854
-0.0981493
-0.0803852
-0.0625724
-0.0447215
-0.0268435
-0.00894921
0.00895052
0.0268448
0.0447228
0.0625737
0.0803865
0.0981506
0.115855
0.133489
0.151042
0.168504
0.185863
0.203109
0.220232
0.237221
0.254067
0.270758
0.287284
0.303636
0.319804
0.335778
0.351548
0.367104
0.382438
0.397539
0.412399
0.427009
0.44136
0.455442
0.469248
0.482769
0.495997
0.508924
0.521542
0.533844
0.545821
0.557467
0.568774
0.579736
0.590347
0.600598
0.610486
0.620002
0.629142
0.637901
0.646271
0.65425
0.661831
0.669011
0.675785
0.682148
0.688097
0.693628
0.698738
0.703424
0.707683
0.711513
0.71491
0.717873
0.720401
0.722491
0.724143
0.725355
0.726126
0.726457
0.726347
0.725796
0.724804
0.723372
0.721501
0.719192
0.716446
0.713265
0.709652
0.705607
0.701134
0.696236
0.690915
0.685174
0.679017
0.672449
0.665472
0.658091
0.65031
0.642135
0.633569
0.624619
0.61529
0.605588
0.595517
0.585086
0.574299
0.563163
0.551685
0.539873
0.527733
0.515272
0.502499
0.48942
0.476045
0.46238
0.448435
0.434217
0.419736
0.405
0.390018
0.374799
0.359353
0.343689
0.327816
0.311744
0.295482
0.279042
0.262431
0.245662
0.228744
0.211686
0.1945
0.177196
0.159785
0.142276
0.124681
0.10701
0.0892747
0.0714849
0.0536517
0.0357859
0.0178984
0
0
-0.0174758
-0.0349409
-0.0523848
-0.069797
-0.0871667
-0.104484
-0.121737
-0.138916
-0.156012
-0.173012
-0.189908
-0.206688
-0.223342
-0.239861
-0.256235
-0.272453
-0.288505
-0.304382
-0.320075
-0.335573
-0.350868
-0.365949
-0.380809
-0.395437
-0.409825
-0.423964
-0.437846
-0.451462
-0.464804
-0.477864
-0.490633
-0.503105
-0.515272
-0.527125
-0.538659
-0.549865
-0.560738
-0.57127
-0.581456
-0.591288
-0.600762
-0.609871
-0.618609
-0.626972
-0.634954
-0.642551
-0.649758
-0.65657
-0.662984
-0.668995
-0.6746
-0.679796
-0.684579
-0.688946
-0.692895
-0.696423
-0.699529
-0.70221
-0.704464
-0.706291
-0.707689
-0.708657
-0.709196
-0.709303
-0.70898
-0.708227
-0.707044
-0.705431
-0.70339
-0.700922
-0.698029
-0.694712
-0.690973
-0.686814
-0.682239
-0.677249
-0.671849
-0.66604
-0.659827
-0.653214
-0.646203
-0.638801
-0.631011
-0.622838
-0.614286
-0.605362
-0.59607
-0.586416
-0.576406
-0.566047
-0.555343
-0.544303
-0.532932
-0.521238
-0.509227
-0.496907
-0.484285
-0.471369
-0.458167
-0.444687
-0.430937
-0.416926
-0.402661
-0.388152
-0.373407
-0.358435
-0.343246
-0.327849
-0.312252
-0.296466
-0.2805
-0.264363
-0.248066
-0.231619
-0.215031
-0.198312
-0.181473
-0.164524
-0.147475
-0.130336
-0.113118
-0.0958318
-0.0784872
-0.0610949
-0.0436656
-0.0262097
-0.00873791
0.00873918
0.026211
0.0436668
0.0610962
0.0784885
0.0958331
0.11312
0.130337
0.147476
0.164525
0.181474
0.198313
0.215032
0.23162
0.248068
0.264365
0.280501
0.296467
0.312253
0.32785
0.343247
0.358436
0.373408
0.388153
0.402662
0.416927
0.430938
0.444688
0.458168
0.47137
0.484286
0.496908
0.509228
0.521239
0.532933
0.544304
0.555345
0.566048
0.576408
0.586417
0.596071
0.605363
0.614287
0.622839
0.631012
0.638802
0.646205
0.653215
0.659828
0.666041
0.67185
0.67725
0.68224
0.686815
0.690974
0.694713
0.69803
0.700923
0.703391
0.705432
0.707045
0.708228
0.708981
0.709304
0.709197
0.708658
0.70769
0.706292
0.704465
0.70221
0.69953
0.696424
0.692896
0.688947
0.684579
0.679797
0.674601
0.668996
0.662985
0.656571
0.649759
0.642552
0.634955
0.626973
0.61861
0.609871
0.600762
0.591289
0.581456
0.571271
0.560739
0.549866
0.538659
0.527126
0.515272
0.503106
0.490634
0.477864
0.464804
0.451462
0.437846
0.423964
0.409825
0.395437
0.380809
0.36595
0.350868
0.335574
0.320075
0.304383
0.288505
0.272453
0.256235
0.239862
0.223343
0.206688
0.189908
0.173012
0.156012
0.138917
0.121737
0.104484
0.0871668
0.069797
0.0523849
0.0349409
0.0174758
0
0
-0.0170425
-0.0340747
-0.0510862
-0.0680667
-0.0850059
-0.101893
-0.118719
-0.135473
-0.152144
-0.168723
-0.1852
-0.201564
-0.217806
-0.233915
-0.249883
-0.265699
-0.281353
-0.296837
-0.31214
-0.327254
-0.34217
-0.356877
-0.371368
-0.385634
-0.399665
-0.413454
-0.426992
-0.44027
-0.453282
-0.466018
-0.478471
-0.490633
-0.502498
-0.514058
-0.525306
-0.536234
-0.546837
-0.557109
-0.567042
-0.57663
-0.585869
-0.594752
-0.603274
-0.61143
-0.619214
-0.626623
-0.633651
-0.640294
-0.646549
-0.652411
-0.657877
-0.662944
-0.667608
-0.671867
-0.675718
-0.679159
-0.682188
-0.684802
-0.687001
-0.688782
-0.690146
-0.69109
-0.691615
-0.69172
-0.691405
-0.69067
-0.689516
-0.687944
-0.685953
-0.683547
-0.680725
-0.67749
-0.673844
-0.669788
-0.665326
-0.660461
-0.655194
-0.649529
-0.64347
-0.637021
-0.630184
-0.622965
-0.615368
-0.607398
-0.599058
-0.590355
-0.581294
-0.571879
-0.562118
-0.552015
-0.541577
-0.53081
-0.519721
-0.508316
-0.496603
-0.484588
-0.47228
-0.459684
-0.446809
-0.433664
-0.420254
-0.40659
-0.392679
-0.378529
-0.36415
-0.34955
-0.334737
-0.319721
-0.304511
-0.289117
-0.273546
-0.25781
-0.241917
-0.225877
-0.2097
-0.193396
-0.176974
-0.160445
-0.143819
-0.127105
-0.110314
-0.0934562
-0.0765415
-0.0595804
-0.0425831
-0.02556
-0.00852131
0.00852254
0.0255612
0.0425844
0.0595816
0.0765428
0.0934574
0.110315
0.127106
0.14382
0.160447
0.176976
0.193397
0.209701
0.225878
0.241918
0.257811
0.273547
0.289118
0.304513
0.319722
0.334738
0.349551
0.364151
0.378531
0.39268
0.406591
0.420256
0.433665
0.446811
0.459685
0.472281
0.48459
0.496604
0.508317
0.519722
0.530811
0.541578
0.552016
0.562119
0.57188
0.581295
0.590356
0.599059
0.607399
0.615369
0.622966
0.630185
0.637022
0.643471
0.64953
0.655195
0.660462
0.665327
0.669789
0.673845
0.677491
0.680726
0.683548
0.685954
0.687945
0.689517
0.690671
0.691406
0.691721
0.691616
0.691091
0.690146
0.688783
0.687001
0.684803
0.682188
0.67916
0.675719
0.671868
0.667609
0.662945
0.657878
0.652412
0.64655
0.640295
0.633651
0.626623
0.619215
0.61143
0.603275
0.594753
0.58587
0.576631
0.567042
0.557109
0.546838
0.536235
0.525306
0.514058
0.502499
0.490634
0.478471
0.466018
0.453282
0.440271
0.426992
0.413454
0.399666
0.385634
0.371369
0.356878
0.34217
0.327255
0.312141
0.296837
0.281353
0.265699
0.249883
0.233915
0.217806
0.201564
0.1852
0.168723
0.152144
0.135473
0.118719
0.101894
0.085006
0.0680668
0.0510863
0.0340748
0.0170426
0
0
-0.016599
-0.0331879
-0.0497566
-0.0662952
-0.0827935
-0.0992415
-0.115629
-0.131947
-0.148184
-0.164332
-0.18038
-0.196318
-0.212137
-0.227827
-0.243379
-0.258783
-0.27403
-0.289111
-0.304016
-0.318737
-0.333264
-0.347589
-0.361703
-0.375597
-0.389263
-0.402693
-0.415878
-0.428811
-0.441484
-0.453889
-0.466018
-0.477864
-0.48942
-0.500679
-0.511633
-0.522278
-0.532605
-0.542609
-0.552283
-0.561622
-0.570621
-0.579272
-0.587573
-0.595516
-0.603098
-0.610314
-0.617159
-0.623629
-0.629721
-0.635431
-0.640755
-0.64569
-0.650232
-0.654381
-0.658131
-0.661483
-0.664432
-0.666979
-0.66912
-0.670855
-0.672183
-0.673103
-0.673614
-0.673717
-0.67341
-0.672694
-0.67157
-0.670039
-0.6681
-0.665756
-0.663008
-0.659857
-0.656306
-0.652356
-0.64801
-0.643271
-0.638141
-0.632624
-0.626723
-0.620441
-0.613783
-0.606752
-0.599352
-0.591589
-0.583467
-0.57499
-0.566164
-0.556995
-0.547487
-0.537647
-0.527481
-0.516995
-0.506194
-0.495086
-0.483678
-0.471976
-0.459988
-0.44772
-0.43518
-0.422377
-0.409316
-0.396008
-0.382459
-0.368678
-0.354672
-0.340452
-0.326025
-0.3114
-0.296586
-0.281592
-0.266427
-0.2511
-0.235621
-0.219998
-0.204242
-0.188363
-0.172368
-0.156269
-0.140076
-0.123797
-0.107443
-0.0910238
-0.0745494
-0.0580297
-0.0414748
-0.0248947
-0.00829952
0.00830072
0.0248959
0.041476
0.0580309
0.0745506
0.091025
0.107444
0.123798
0.140077
0.156271
0.172369
0.188364
0.204244
0.219999
0.235622
0.251101
0.266428
0.281593
0.296587
0.311401
0.326026
0.340453
0.354674
0.368679
0.38246
0.396009
0.409318
0.422378
0.435181
0.447721
0.459989
0.471977
0.483679
0.495087
0.506195
0.516996
0.527482
0.537648
0.547488
0.556996
0.566165
0.574991
0.583468
0.59159
0.599353
0.606753
0.613784
0.620442
0.626724
0.632625
0.638142
0.643272
0.648011
0.652357
0.656307
0.659858
0.663009
0.665757
0.668101
0.670039
0.671571
0.672695
0.673411
0.673717
0.673615
0.673104
0.672184
0.670856
0.669121
0.666979
0.664433
0.661483
0.658132
0.654381
0.650233
0.64569
0.640755
0.635432
0.629722
0.62363
0.617159
0.610314
0.603098
0.595517
0.587573
0.579273
0.570621
0.561623
0.552284
0.542609
0.532605
0.522278
0.511634
0.500679
0.48942
0.477864
0.466018
0.453889
0.441484
0.428812
0.415879
0.402693
0.389264
0.375597
0.361703
0.347589
0.333265
0.318737
0.304017
0.289111
0.274031
0.258784
0.243379
0.227827
0.212137
0.196318
0.18038
0.164332
0.148184
0.131947
0.115629
0.0992416
0.0827935
0.0662952
0.0497567
0.0331879
0.016599
0
0
-0.0161453
-0.0322809
-0.0483968
-0.0644833
-0.0805308
-0.0965293
-0.112469
-0.128341
-0.144135
-0.159841
-0.17545
-0.190953
-0.206339
-0.221601
-0.236728
-0.251711
-0.266541
-0.28121
-0.295708
-0.310026
-0.324156
-0.33809
-0.351818
-0.365332
-0.378625
-0.391688
-0.404513
-0.417092
-0.429418
-0.441484
-0.453282
-0.464804
-0.476044
-0.486995
-0.497651
-0.508004
-0.518049
-0.52778
-0.53719
-0.546274
-0.555026
-0.563441
-0.571514
-0.579241
-0.586615
-0.593634
-0.600292
-0.606586
-0.612511
-0.618065
-0.623243
-0.628043
-0.632462
-0.636497
-0.640145
-0.643405
-0.646274
-0.64875
-0.650833
-0.652521
-0.653813
-0.654707
-0.655205
-0.655304
-0.655006
-0.65431
-0.653217
-0.651727
-0.649841
-0.647561
-0.644888
-0.641823
-0.638369
-0.634527
-0.6303
-0.625691
-0.620701
-0.615335
-0.609595
-0.603485
-0.597008
-0.590169
-0.582972
-0.575421
-0.567521
-0.559276
-0.550691
-0.541772
-0.532525
-0.522954
-0.513065
-0.502865
-0.49236
-0.481556
-0.470459
-0.459077
-0.447416
-0.435484
-0.423287
-0.410833
-0.39813
-0.385185
-0.372006
-0.358602
-0.344979
-0.331148
-0.317115
-0.30289
-0.28848
-0.273896
-0.259145
-0.244237
-0.229181
-0.213986
-0.198661
-0.183215
-0.167658
-0.151999
-0.136247
-0.120414
-0.104507
-0.0885362
-0.072512
-0.0564438
-0.0403413
-0.0242144
-0.00807271
0.00807386
0.0242155
0.0403425
0.056445
0.0725132
0.0885373
0.104508
0.120415
0.136249
0.152
0.167659
0.183216
0.198662
0.213987
0.229182
0.244239
0.259146
0.273897
0.288481
0.302891
0.317116
0.331149
0.344981
0.358603
0.372007
0.385186
0.398131
0.410834
0.423288
0.435485
0.447417
0.459078
0.47046
0.481557
0.492361
0.502866
0.513066
0.522955
0.532526
0.541773
0.550692
0.559277
0.567522
0.575422
0.582973
0.59017
0.597009
0.603486
0.609596
0.615336
0.620702
0.625691
0.630301
0.634528
0.63837
0.641824
0.644889
0.647562
0.649842
0.651728
0.653217
0.654311
0.655007
0.655305
0.655206
0.654708
0.653814
0.652522
0.650834
0.648751
0.646274
0.643405
0.640146
0.636497
0.632463
0.628044
0.623244
0.618065
0.612512
0.606586
0.600293
0.593635
0.586616
0.579241
0.571515
0.563442
0.555026
0.546274
0.53719
0.52778
0.51805
0.508005
0.497651
0.486996
0.476045
0.464804
0.453282
0.441484
0.429419
0.417093
0.404513
0.391688
0.378625
0.365332
0.351818
0.33809
0.324157
0.310026
0.295708
0.28121
0.266542
0.251711
0.236728
0.221601
0.206339
0.190953
0.17545
0.159841
0.144135
0.128341
0.112469
0.0965294
0.0805308
0.0644834
0.0483968
0.0322809
0.0161453
0
0
-0.0156819
-0.0313543
-0.0470076
-0.0626324
-0.0782192
-0.0937584
-0.109241
-0.124657
-0.139997
-0.155253
-0.170414
-0.185471
-0.200416
-0.21524
-0.229933
-0.244486
-0.25889
-0.273138
-0.28722
-0.301127
-0.314851
-0.328385
-0.341719
-0.354845
-0.367757
-0.380444
-0.392901
-0.40512
-0.417092
-0.428811
-0.44027
-0.451462
-0.462379
-0.473016
-0.483366
-0.493422
-0.503179
-0.51263
-0.52177
-0.530593
-0.539094
-0.547268
-0.555109
-0.562614
-0.569777
-0.576594
-0.583061
-0.589174
-0.594929
-0.600324
-0.605353
-0.610015
-0.614307
-0.618226
-0.62177
-0.624936
-0.627723
-0.630128
-0.632152
-0.633791
-0.635045
-0.635914
-0.636397
-0.636494
-0.636204
-0.635528
-0.634466
-0.633019
-0.631188
-0.628973
-0.626377
-0.6234
-0.620045
-0.616313
-0.612208
-0.60773
-0.602884
-0.597672
-0.592096
-0.586162
-0.579871
-0.573229
-0.566238
-0.558904
-0.55123
-0.543222
-0.534884
-0.526221
-0.517239
-0.507943
-0.498338
-0.488431
-0.478227
-0.467733
-0.456955
-0.4459
-0.434574
-0.422984
-0.411137
-0.399041
-0.386702
-0.374129
-0.361328
-0.348308
-0.335077
-0.321642
-0.308012
-0.294195
-0.2802
-0.266034
-0.251707
-0.237227
-0.222603
-0.207843
-0.192958
-0.177956
-0.162845
-0.147636
-0.132337
-0.116957
-0.101507
-0.0859948
-0.0704306
-0.0548236
-0.0391834
-0.0235193
-0.00784098
0.0078421
0.0235204
0.0391845
0.0548247
0.0704317
0.0859959
0.101508
0.116958
0.132338
0.147637
0.162846
0.177957
0.192959
0.207845
0.222604
0.237228
0.251708
0.266035
0.280201
0.294196
0.308013
0.321643
0.335078
0.348309
0.361329
0.37413
0.386703
0.399042
0.411138
0.422985
0.434575
0.445901
0.456956
0.467734
0.478228
0.488432
0.498339
0.507944
0.51724
0.526222
0.534885
0.543223
0.551231
0.558905
0.566239
0.57323
0.579872
0.586163
0.592097
0.597673
0.602885
0.607731
0.612209
0.616314
0.620046
0.623401
0.626378
0.628974
0.631189
0.63302
0.634467
0.635529
0.636205
0.636495
0.636398
0.635915
0.635046
0.633792
0.632152
0.630129
0.627723
0.624937
0.621771
0.618227
0.614308
0.610016
0.605354
0.600324
0.59493
0.589175
0.583062
0.576595
0.569777
0.562615
0.55511
0.547268
0.539095
0.530594
0.52177
0.51263
0.503179
0.493423
0.483366
0.473017
0.46238
0.451462
0.440271
0.428812
0.417093
0.40512
0.392902
0.380445
0.367757
0.354846
0.341719
0.328385
0.314852
0.301127
0.28722
0.273138
0.258891
0.244486
0.229933
0.21524
0.200417
0.185472
0.170414
0.155253
0.139997
0.124657
0.109241
0.0937585
0.0782192
0.0626324
0.0470076
0.0313543
0.0156819
0
0
-0.0152089
-0.0304086
-0.0455898
-0.0607434
-0.0758601
-0.0909307
-0.105946
-0.120897
-0.135775
-0.15057
-0.165274
-0.179878
-0.194372
-0.208748
-0.222998
-0.237112
-0.251082
-0.2649
-0.278557
-0.292045
-0.305356
-0.318481
-0.331413
-0.344143
-0.356665
-0.36897
-0.381052
-0.392901
-0.404513
-0.415878
-0.426992
-0.437846
-0.448434
-0.45875
-0.468788
-0.478541
-0.488003
-0.497169
-0.506033
-0.51459
-0.522835
-0.530762
-0.538367
-0.545646
-0.552592
-0.559204
-0.565476
-0.571405
-0.576986
-0.582218
-0.587096
-0.591617
-0.59578
-0.599581
-0.603017
-0.606088
-0.608791
-0.611124
-0.613086
-0.614676
-0.615892
-0.616735
-0.617204
-0.617297
-0.617016
-0.616361
-0.615331
-0.613927
-0.612151
-0.610003
-0.607485
-0.604598
-0.601345
-0.597726
-0.593744
-0.589401
-0.584701
-0.579646
-0.574239
-0.568483
-0.562382
-0.55594
-0.549161
-0.542047
-0.534605
-0.526838
-0.518752
-0.51035
-0.501639
-0.492623
-0.483308
-0.4737
-0.463804
-0.453626
-0.443173
-0.432451
-0.421467
-0.410226
-0.398737
-0.387005
-0.375039
-0.362845
-0.35043
-0.337803
-0.324971
-0.311941
-0.298723
-0.285322
-0.271749
-0.25801
-0.244115
-0.230072
-0.215889
-0.201575
-0.187138
-0.172588
-0.157934
-0.143183
-0.128345
-0.11343
-0.0984454
-0.0834012
-0.0683064
-0.0531701
-0.0380016
-0.02281
-0.0076045
0.00760558
0.022811
0.0380027
0.0531712
0.0683075
0.0834023
0.0984465
0.113431
0.128346
0.143184
0.157935
0.17259
0.18714
0.201576
0.21589
0.230073
0.244116
0.258011
0.27175
0.285323
0.298724
0.311943
0.324972
0.337804
0.350431
0.362846
0.37504
0.387006
0.398738
0.410227
0.421468
0.432452
0.443174
0.453627
0.463805
0.473701
0.483309
0.492624
0.50164
0.510351
0.518753
0.526839
0.534606
0.542048
0.549161
0.555941
0.562383
0.568484
0.57424
0.579647
0.584702
0.589402
0.593744
0.597726
0.601345
0.604599
0.607486
0.610004
0.612152
0.613928
0.615332
0.616361
0.617017
0.617298
0.617204
0.616736
0.615893
0.614676
0.613087
0.611124
0.608791
0.606089
0.603018
0.599581
0.595781
0.591618
0.587096
0.582218
0.576987
0.571405
0.565476
0.559205
0.552593
0.545646
0.538368
0.530763
0.522836
0.514591
0.506034
0.497169
0.488003
0.478541
0.468788
0.458751
0.448435
0.437846
0.426992
0.415879
0.404513
0.392902
0.381052
0.368971
0.356665
0.344144
0.331413
0.318481
0.305356
0.292045
0.278557
0.2649
0.251082
0.237112
0.222998
0.208748
0.194372
0.179878
0.165274
0.15057
0.135775
0.120897
0.105946
0.0909308
0.0758601
0.0607434
0.0455899
0.0304086
0.0152089
0
0
-0.0147267
-0.0294445
-0.0441444
-0.0588175
-0.0734549
-0.0880477
-0.102587
-0.117064
-0.13147
-0.145796
-0.160034
-0.174175
-0.188209
-0.20213
-0.215928
-0.229594
-0.243122
-0.256501
-0.269725
-0.282786
-0.295674
-0.308383
-0.320905
-0.333232
-0.345357
-0.357272
-0.36897
-0.380444
-0.391688
-0.402693
-0.413454
-0.423964
-0.434217
-0.444205
-0.453925
-0.463368
-0.472531
-0.481406
-0.48999
-0.498275
-0.506259
-0.513935
-0.521298
-0.528346
-0.535073
-0.541474
-0.547548
-0.553288
-0.558693
-0.563759
-0.568482
-0.57286
-0.576891
-0.580571
-0.583899
-0.586872
-0.589489
-0.591748
-0.593648
-0.595188
-0.596366
-0.597182
-0.597635
-0.597726
-0.597454
-0.596819
-0.595822
-0.594463
-0.592743
-0.590663
-0.588225
-0.58543
-0.582279
-0.578775
-0.574919
-0.570714
-0.566163
-0.561268
-0.556033
-0.55046
-0.544552
-0.538314
-0.531749
-0.524862
-0.517656
-0.510135
-0.502305
-0.49417
-0.485735
-0.477005
-0.467985
-0.458681
-0.449099
-0.439244
-0.429123
-0.418741
-0.408104
-0.39722
-0.386095
-0.374736
-0.363148
-0.351341
-0.33932
-0.327093
-0.314668
-0.302051
-0.289252
-0.276276
-0.263133
-0.24983
-0.236376
-0.222778
-0.209044
-0.195184
-0.181205
-0.167117
-0.152926
-0.138643
-0.124276
-0.109833
-0.0953242
-0.080757
-0.0661408
-0.0514844
-0.0367968
-0.0220868
-0.00736341
0.00736444
0.0220878
0.0367978
0.0514854
0.0661418
0.080758
0.0953252
0.109835
0.124277
0.138644
0.152927
0.167118
0.181206
0.195185
0.209045
0.222779
0.236377
0.249831
0.263134
0.276277
0.289253
0.302052
0.314669
0.327094
0.339321
0.351342
0.363149
0.374736
0.386096
0.397221
0.408105
0.418741
0.429124
0.439245
0.4491
0.458682
0.467986
0.477005
0.485735
0.494171
0.502306
0.510136
0.517656
0.524863
0.53175
0.538315
0.544553
0.55046
0.556034
0.561269
0.566164
0.570715
0.57492
0.578776
0.58228
0.585431
0.588226
0.590664
0.592744
0.594464
0.595823
0.59682
0.597455
0.597727
0.597636
0.597182
0.596366
0.595188
0.593649
0.591749
0.58949
0.586873
0.583899
0.580572
0.576891
0.572861
0.568483
0.563759
0.558694
0.553289
0.547548
0.541475
0.535073
0.528346
0.521299
0.513935
0.506259
0.498276
0.48999
0.481407
0.472531
0.463369
0.453925
0.444206
0.434217
0.423964
0.413454
0.402693
0.391688
0.380445
0.368971
0.357272
0.345357
0.333233
0.320906
0.308384
0.295675
0.282786
0.269726
0.256502
0.243122
0.229595
0.215928
0.20213
0.18821
0.174175
0.160034
0.145796
0.13147
0.117064
0.102587
0.0880478
0.073455
0.0588176
0.0441445
0.0294445
0.0147267
0
0
-0.0142356
-0.0284625
-0.0426722
-0.056856
-0.0710052
-0.0851113
-0.0991658
-0.11316
-0.127086
-0.140934
-0.154697
-0.168366
-0.181933
-0.195389
-0.208726
-0.221937
-0.235014
-0.247947
-0.26073
-0.273355
-0.285814
-0.298099
-0.310203
-0.322119
-0.333839
-0.345357
-0.356665
-0.367757
-0.378625
-0.389263
-0.399665
-0.409825
-0.419735
-0.429391
-0.438786
-0.447915
-0.456772
-0.465351
-0.473648
-0.481658
-0.489375
-0.496795
-0.503913
-0.510725
-0.517228
-0.523416
-0.529287
-0.534836
-0.540061
-0.544957
-0.549523
-0.553755
-0.557651
-0.561209
-0.564426
-0.5673
-0.569829
-0.572013
-0.57385
-0.575338
-0.576477
-0.577266
-0.577704
-0.577792
-0.577529
-0.576915
-0.575951
-0.574637
-0.572975
-0.570965
-0.568608
-0.565906
-0.56286
-0.559472
-0.555745
-0.551681
-0.547282
-0.54255
-0.537489
-0.532102
-0.526391
-0.520361
-0.514015
-0.507358
-0.500392
-0.493122
-0.485553
-0.477689
-0.469535
-0.461096
-0.452378
-0.443384
-0.434121
-0.424595
-0.414811
-0.404775
-0.394494
-0.383973
-0.373219
-0.362238
-0.351037
-0.339624
-0.328004
-0.316185
-0.304174
-0.291978
-0.279605
-0.267062
-0.254358
-0.241498
-0.228492
-0.215348
-0.202073
-0.188675
-0.175162
-0.161543
-0.147826
-0.13402
-0.120132
-0.106171
-0.0921451
-0.0780637
-0.063935
-0.0497674
-0.0355696
-0.0213502
-0.00711784
0.00711884
0.0213512
0.0355706
0.0497684
0.063936
0.0780647
0.0921461
0.106172
0.120133
0.134021
0.147827
0.161544
0.175163
0.188676
0.202074
0.215349
0.228493
0.241499
0.254358
0.267063
0.279606
0.291979
0.304175
0.316186
0.328005
0.339625
0.351038
0.362239
0.37322
0.383974
0.394495
0.404776
0.414812
0.424596
0.434122
0.443385
0.452378
0.461097
0.469536
0.47769
0.485554
0.493123
0.500393
0.507358
0.514016
0.520362
0.526392
0.532102
0.53749
0.542551
0.547282
0.551682
0.555746
0.559473
0.562861
0.565906
0.568608
0.570965
0.572976
0.574638
0.575952
0.576916
0.577529
0.577792
0.577705
0.577266
0.576477
0.575339
0.57385
0.572014
0.56983
0.5673
0.564426
0.561209
0.557652
0.553756
0.549524
0.544958
0.540061
0.534837
0.529287
0.523417
0.517228
0.510726
0.503914
0.496795
0.489375
0.481658
0.473649
0.465352
0.456772
0.447915
0.438787
0.429392
0.419736
0.409825
0.399666
0.389264
0.378625
0.367757
0.356665
0.345357
0.33384
0.322119
0.310203
0.298099
0.285814
0.273355
0.26073
0.247947
0.235014
0.221938
0.208727
0.195389
0.181933
0.168366
0.154697
0.140934
0.127086
0.11316
0.0991659
0.0851114
0.0710053
0.056856
0.0426722
0.0284626
0.0142356
0
0
-0.0137358
-0.0274633
-0.0411741
-0.0548599
-0.0685124
-0.0821233
-0.0956843
-0.109187
-0.122624
-0.135986
-0.149266
-0.162455
-0.175545
-0.188529
-0.201399
-0.214146
-0.226763
-0.239242
-0.251576
-0.263758
-0.275779
-0.287633
-0.299312
-0.31081
-0.322119
-0.333232
-0.344143
-0.354845
-0.365332
-0.375597
-0.385634
-0.395437
-0.404999
-0.414316
-0.423381
-0.43219
-0.440736
-0.449014
-0.45702
-0.464748
-0.472194
-0.479353
-0.486222
-0.492795
-0.499069
-0.50504
-0.510705
-0.516059
-0.5211
-0.525825
-0.530231
-0.534314
-0.538073
-0.541506
-0.54461
-0.547383
-0.549824
-0.551931
-0.553703
-0.555139
-0.556238
-0.556999
-0.557422
-0.557507
-0.557253
-0.556661
-0.555731
-0.554463
-0.552859
-0.550919
-0.548645
-0.546038
-0.543099
-0.539831
-0.536234
-0.532313
-0.528068
-0.523502
-0.518619
-0.513421
-0.507911
-0.502093
-0.49597
-0.489545
-0.482824
-0.47581
-0.468506
-0.460918
-0.453051
-0.444908
-0.436496
-0.427818
-0.41888
-0.409689
-0.400248
-0.390565
-0.380644
-0.370492
-0.360116
-0.349521
-0.338713
-0.3277
-0.316488
-0.305084
-0.293495
-0.281727
-0.269789
-0.257686
-0.245428
-0.23302
-0.220471
-0.207787
-0.194978
-0.182051
-0.169012
-0.155872
-0.142636
-0.129314
-0.115914
-0.102443
-0.0889101
-0.0753231
-0.0616903
-0.0480202
-0.0343208
-0.0206006
-0.00686795
0.00686891
0.0206016
0.0343218
0.0480211
0.0616913
0.075324
0.088911
0.102444
0.115915
0.129315
0.142637
0.155873
0.169013
0.182052
0.194979
0.207788
0.220471
0.233021
0.245429
0.257687
0.26979
0.281728
0.293496
0.305085
0.316489
0.327701
0.338714
0.349522
0.360117
0.370493
0.380645
0.390566
0.400249
0.409689
0.418881
0.427819
0.436496
0.444909
0.453052
0.460919
0.468507
0.47581
0.482825
0.489546
0.49597
0.502093
0.507912
0.513421
0.51862
0.523503
0.528068
0.532313
0.536235
0.539831
0.5431
0.546039
0.548646
0.55092
0.55286
0.554464
0.555731
0.556661
0.557254
0.557507
0.557423
0.557
0.556239
0.55514
0.553704
0.551932
0.549825
0.547384
0.54461
0.541507
0.538074
0.534315
0.530231
0.525826
0.521101
0.51606
0.510705
0.505041
0.49907
0.492796
0.486222
0.479354
0.472194
0.464748
0.45702
0.449014
0.440736
0.43219
0.423382
0.414317
0.405
0.395437
0.385634
0.375597
0.365332
0.354846
0.344144
0.333233
0.322119
0.31081
0.299313
0.287633
0.275779
0.263758
0.251577
0.239242
0.226763
0.214146
0.201399
0.188529
0.175545
0.162455
0.149266
0.135986
0.122624
0.109187
0.0956844
0.0821233
0.0685124
0.0548599
0.0411741
0.0274633
0.0137358
0
0
-0.0132277
-0.0264473
-0.0396509
-0.0528305
-0.0659779
-0.0790853
-0.0921447
-0.105148
-0.118088
-0.130956
-0.143744
-0.156445
-0.169051
-0.181555
-0.193948
-0.206224
-0.218374
-0.230392
-0.24227
-0.254001
-0.265578
-0.276993
-0.28824
-0.299312
-0.310203
-0.320905
-0.331413
-0.341719
-0.351818
-0.361703
-0.371368
-0.380809
-0.390017
-0.39899
-0.40772
-0.416202
-0.424432
-0.432404
-0.440113
-0.447556
-0.454726
-0.461621
-0.468235
-0.474565
-0.480607
-0.486358
-0.491812
-0.496969
-0.501823
-0.506373
-0.510616
-0.514549
-0.518169
-0.521474
-0.524463
-0.527134
-0.529485
-0.531514
-0.53322
-0.534603
-0.535661
-0.536394
-0.536802
-0.536883
-0.536639
-0.536069
-0.535173
-0.533952
-0.532408
-0.53054
-0.528349
-0.525839
-0.523009
-0.519861
-0.516398
-0.512621
-0.508533
-0.504137
-0.499434
-0.494428
-0.489122
-0.483519
-0.477622
-0.471436
-0.464963
-0.458208
-0.451175
-0.443868
-0.436291
-0.42845
-0.420349
-0.411992
-0.403385
-0.394533
-0.385442
-0.376117
-0.366563
-0.356787
-0.346794
-0.336591
-0.326183
-0.315578
-0.304781
-0.293798
-0.282638
-0.271305
-0.259809
-0.248154
-0.236349
-0.2244
-0.212315
-0.200101
-0.187766
-0.175316
-0.16276
-0.150106
-0.13736
-0.124531
-0.111626
-0.0986535
-0.0856211
-0.0725367
-0.0594083
-0.0462438
-0.0330512
-0.0198386
-0.00661389
0.00661481
0.0198395
0.0330521
0.0462447
0.0594092
0.0725376
0.085622
0.0986544
0.111627
0.124532
0.137361
0.150107
0.162761
0.175317
0.187766
0.200102
0.212316
0.224401
0.23635
0.248155
0.259809
0.271306
0.282639
0.293799
0.304781
0.315579
0.326184
0.336592
0.346795
0.356788
0.366564
0.376118
0.385443
0.394534
0.403386
0.411993
0.420349
0.428451
0.436292
0.443869
0.451176
0.458209
0.464964
0.471437
0.477623
0.48352
0.489123
0.494429
0.499435
0.504137
0.508534
0.512622
0.516399
0.519862
0.523009
0.525839
0.52835
0.53054
0.532408
0.533953
0.535174
0.536069
0.536639
0.536884
0.536802
0.536395
0.535662
0.534604
0.533221
0.531515
0.529485
0.527135
0.524464
0.521475
0.518169
0.514549
0.510617
0.506374
0.501824
0.496969
0.491813
0.486358
0.480608
0.474566
0.468236
0.461621
0.454727
0.447556
0.440114
0.432404
0.424432
0.416202
0.40772
0.39899
0.390018
0.380809
0.371369
0.361703
0.351818
0.341719
0.331413
0.320906
0.310203
0.299313
0.28824
0.276993
0.265578
0.254001
0.24227
0.230392
0.218374
0.206224
0.193948
0.181555
0.169052
0.156445
0.143744
0.130956
0.118088
0.105148
0.0921448
0.0790854
0.065978
0.0528305
0.039651
0.0264474
0.0132277
0
0
-0.0127115
-0.0254154
-0.0381037
-0.050769
-0.0634034
-0.0759994
-0.0885492
-0.101045
-0.11348
-0.125846
-0.138135
-0.150341
-0.162455
-0.174471
-0.18638
-0.198177
-0.209853
-0.221402
-0.232817
-0.24409
-0.255215
-0.266185
-0.276993
-0.287633
-0.298099
-0.308383
-0.318481
-0.328385
-0.33809
-0.347589
-0.356877
-0.365949
-0.374799
-0.383421
-0.39181
-0.399962
-0.40787
-0.415531
-0.42294
-0.430092
-0.436983
-0.443608
-0.449965
-0.456048
-0.461854
-0.46738
-0.472622
-0.477577
-0.482242
-0.486615
-0.490692
-0.494471
-0.49795
-0.501126
-0.503999
-0.506565
-0.508824
-0.510774
-0.512414
-0.513743
-0.51476
-0.515464
-0.515856
-0.515934
-0.515699
-0.515151
-0.51429
-0.513117
-0.511633
-0.509838
-0.507733
-0.50532
-0.502601
-0.499576
-0.496248
-0.492618
-0.48869
-0.484465
-0.479946
-0.475135
-0.470036
-0.464652
-0.458985
-0.45304
-0.44682
-0.440329
-0.43357
-0.426548
-0.419267
-0.411732
-0.403946
-0.395916
-0.387645
-0.379138
-0.370402
-0.361441
-0.35226
-0.342865
-0.333262
-0.323457
-0.313456
-0.303264
-0.292888
-0.282334
-0.271609
-0.260719
-0.249671
-0.238471
-0.227126
-0.215644
-0.20403
-0.192293
-0.180439
-0.168475
-0.156409
-0.144249
-0.132
-0.119672
-0.10727
-0.094804
-0.0822801
-0.0697063
-0.0570901
-0.0444393
-0.0317615
-0.0190645
-0.00635581
0.0063567
0.0190653
0.0317624
0.0444402
0.057091
0.0697072
0.082281
0.0948049
0.107271
0.119672
0.132001
0.144249
0.15641
0.168476
0.18044
0.192294
0.204031
0.215645
0.227127
0.238472
0.249672
0.26072
0.27161
0.282335
0.292889
0.303265
0.313456
0.323458
0.333263
0.342866
0.352261
0.361441
0.370403
0.379139
0.387646
0.395917
0.403947
0.411733
0.419268
0.426549
0.433571
0.44033
0.446821
0.453041
0.458986
0.464653
0.470037
0.475136
0.479947
0.484466
0.488691
0.492619
0.496248
0.499576
0.502601
0.505321
0.507734
0.509838
0.511633
0.513118
0.514291
0.515152
0.5157
0.515934
0.515856
0.515465
0.51476
0.513743
0.512414
0.510775
0.508825
0.506566
0.503999
0.501127
0.49795
0.494471
0.490692
0.486615
0.482243
0.477577
0.472622
0.46738
0.461854
0.456048
0.449965
0.443609
0.436983
0.430092
0.42294
0.415532
0.407871
0.399962
0.391811
0.383421
0.374799
0.36595
0.356878
0.347589
0.33809
0.328385
0.318481
0.308384
0.298099
0.287633
0.276993
0.266185
0.255215
0.24409
0.232817
0.221402
0.209853
0.198177
0.186381
0.174471
0.162455
0.150341
0.138135
0.125846
0.11348
0.101045
0.0885493
0.0759994
0.0634035
0.050769
0.0381038
0.0254154
0.0127115
0
0
-0.0121877
-0.0243679
-0.0365334
-0.0486767
-0.0607905
-0.0728673
-0.0848999
-0.096881
-0.108803
-0.120659
-0.132442
-0.144145
-0.15576
-0.16728
-0.178699
-0.19001
-0.201205
-0.212278
-0.223222
-0.23403
-0.244697
-0.255215
-0.265578
-0.275779
-0.285814
-0.295674
-0.305356
-0.314851
-0.324156
-0.333264
-0.34217
-0.350868
-0.359353
-0.367619
-0.375663
-0.383478
-0.391061
-0.398406
-0.40551
-0.412367
-0.418974
-0.425326
-0.431421
-0.437253
-0.44282
-0.448118
-0.453144
-0.457895
-0.462368
-0.46656
-0.470469
-0.474093
-0.477428
-0.480474
-0.483228
-0.485689
-0.487854
-0.489724
-0.491296
-0.49257
-0.493545
-0.494221
-0.494596
-0.494671
-0.494446
-0.493921
-0.493095
-0.491971
-0.490547
-0.488826
-0.486808
-0.484495
-0.481887
-0.478987
-0.475796
-0.472317
-0.46855
-0.464499
-0.460166
-0.455554
-0.450665
-0.445503
-0.44007
-0.43437
-0.428406
-0.422182
-0.415702
-0.408969
-0.401988
-0.394763
-0.387299
-0.379599
-0.371669
-0.363513
-0.355137
-0.346545
-0.337742
-0.328735
-0.319528
-0.310127
-0.300537
-0.290766
-0.280817
-0.270699
-0.260416
-0.249974
-0.239381
-0.228643
-0.217766
-0.206757
-0.195622
-0.184368
-0.173003
-0.161532
-0.149963
-0.138304
-0.12656
-0.11474
-0.10285
-0.090897
-0.0788892
-0.0668336
-0.0547373
-0.0426079
-0.0304526
-0.0182788
-0.00609388
0.00609472
0.0182796
0.0304534
0.0426087
0.0547382
0.0668344
0.07889
0.0908978
0.10285
0.11474
0.126561
0.138305
0.149964
0.161533
0.173003
0.184369
0.195623
0.206757
0.217767
0.228644
0.239382
0.249975
0.260416
0.270699
0.280818
0.290767
0.300538
0.310128
0.319529
0.328736
0.337743
0.346546
0.355138
0.363514
0.37167
0.3796
0.3873
0.394764
0.401989
0.40897
0.415703
0.422183
0.428407
0.43437
0.44007
0.445503
0.450666
0.455555
0.460167
0.4645
0.468551
0.472317
0.475797
0.478988
0.481888
0.484496
0.486809
0.488827
0.490548
0.491971
0.493096
0.493921
0.494447
0.494672
0.494597
0.494221
0.493546
0.492571
0.491297
0.489725
0.487855
0.485689
0.483228
0.480474
0.477429
0.474093
0.47047
0.466561
0.462368
0.457895
0.453145
0.448118
0.44282
0.437253
0.431421
0.425327
0.418974
0.412367
0.40551
0.398407
0.391061
0.383479
0.375663
0.36762
0.359353
0.350868
0.34217
0.333265
0.324157
0.314852
0.305356
0.295675
0.285814
0.275779
0.265578
0.255215
0.244697
0.23403
0.223222
0.212278
0.201205
0.19001
0.178699
0.167281
0.15576
0.144145
0.132442
0.12066
0.108803
0.096881
0.0849
0.0728674
0.0607905
0.0486768
0.0365334
0.024368
0.0121877
0
0
-0.0116564
-0.0233057
-0.0349409
-0.0465549
-0.0581406
-0.069691
-0.0811991
-0.0926579
-0.10406
-0.1154
-0.126669
-0.137862
-0.14897
-0.159989
-0.17091
-0.181727
-0.192434
-0.203024
-0.213491
-0.223829
-0.23403
-0.24409
-0.254001
-0.263758
-0.273355
-0.282786
-0.292045
-0.301127
-0.310026
-0.318737
-0.327254
-0.335573
-0.343688
-0.351595
-0.359288
-0.366762
-0.374015
-0.38104
-0.387833
-0.394392
-0.400711
-0.406786
-0.412615
-0.418193
-0.423517
-0.428584
-0.433391
-0.437935
-0.442213
-0.446223
-0.449961
-0.453427
-0.456617
-0.45953
-0.462164
-0.464517
-0.466589
-0.468377
-0.46988
-0.471099
-0.472031
-0.472677
-0.473036
-0.473108
-0.472893
-0.47239
-0.471601
-0.470525
-0.469164
-0.467518
-0.465588
-0.463376
-0.460882
-0.458108
-0.455056
-0.451728
-0.448126
-0.444251
-0.440107
-0.435696
-0.43102
-0.426083
-0.420887
-0.415435
-0.409731
-0.403779
-0.397581
-0.391142
-0.384466
-0.377556
-0.370416
-0.363052
-0.355468
-0.347668
-0.339656
-0.331439
-0.32302
-0.314405
-0.305599
-0.296608
-0.287437
-0.278091
-0.268576
-0.258899
-0.249064
-0.239078
-0.228947
-0.218676
-0.208273
-0.197744
-0.187094
-0.176331
-0.165461
-0.154491
-0.143426
-0.132275
-0.121043
-0.109738
-0.0983663
-0.0869347
-0.0754504
-0.0639203
-0.0523513
-0.0407506
-0.0291251
-0.017482
-0.00582824
0.00582905
0.0174828
0.0291259
0.0407514
0.0523521
0.0639211
0.0754512
0.0869355
0.0983671
0.109739
0.121044
0.132276
0.143427
0.154492
0.165462
0.176332
0.187095
0.197745
0.208274
0.218677
0.228947
0.239079
0.249065
0.2589
0.268577
0.278092
0.287438
0.296609
0.3056
0.314406
0.323021
0.33144
0.339657
0.347668
0.355469
0.363053
0.370417
0.377556
0.384466
0.391143
0.397582
0.40378
0.409732
0.415436
0.420888
0.426084
0.431021
0.435697
0.440108
0.444252
0.448127
0.451729
0.455057
0.458109
0.460882
0.463376
0.465589
0.467519
0.469165
0.470526
0.471602
0.472391
0.472893
0.473109
0.473037
0.472678
0.472032
0.4711
0.469881
0.468377
0.466589
0.464518
0.462164
0.45953
0.456617
0.453427
0.449962
0.446223
0.442214
0.437936
0.433392
0.428585
0.423518
0.418193
0.412615
0.406787
0.400711
0.394392
0.387834
0.38104
0.374015
0.366763
0.359288
0.351595
0.343689
0.335574
0.327255
0.318737
0.310026
0.301127
0.292045
0.282786
0.273355
0.263758
0.254001
0.24409
0.23403
0.223829
0.213492
0.203025
0.192434
0.181727
0.17091
0.159989
0.14897
0.137862
0.126669
0.1154
0.104061
0.092658
0.0811991
0.069691
0.0581406
0.0465549
0.0349409
0.0233057
0.0116564
0
0
-0.0111181
-0.0222294
-0.0333272
-0.0444048
-0.0554554
-0.0664724
-0.077449
-0.0883785
-0.0992545
-0.11007
-0.120819
-0.131494
-0.14209
-0.1526
-0.163016
-0.173334
-0.183547
-0.193648
-0.203631
-0.213491
-0.223222
-0.232817
-0.24227
-0.251576
-0.26073
-0.269725
-0.278557
-0.28722
-0.295708
-0.304016
-0.31214
-0.320075
-0.327815
-0.335356
-0.342694
-0.349824
-0.356741
-0.363442
-0.369922
-0.376177
-0.382204
-0.387999
-0.393558
-0.398879
-0.403957
-0.40879
-0.413375
-0.417709
-0.42179
-0.425614
-0.42918
-0.432485
-0.435528
-0.438307
-0.440819
-0.443064
-0.445039
-0.446745
-0.448179
-0.449342
-0.450231
-0.450847
-0.45119
-0.451258
-0.451053
-0.450573
-0.44982
-0.448795
-0.447496
-0.445926
-0.444085
-0.441975
-0.439596
-0.436951
-0.43404
-0.430865
-0.427429
-0.423734
-0.419781
-0.415574
-0.411114
-0.406405
-0.401449
-0.396249
-0.390808
-0.385131
-0.379219
-0.373077
-0.366709
-0.360118
-0.353309
-0.346285
-0.339051
-0.331611
-0.32397
-0.316132
-0.308102
-0.299885
-0.291486
-0.28291
-0.274162
-0.265248
-0.256172
-0.246942
-0.237561
-0.228036
-0.218373
-0.208577
-0.198654
-0.188611
-0.178454
-0.168188
-0.15782
-0.147356
-0.136802
-0.126166
-0.115453
-0.10467
-0.0938233
-0.0829197
-0.0719658
-0.0609681
-0.0499335
-0.0388686
-0.02778
-0.0166746
-0.00555907
0.00555984
0.0166754
0.0277808
0.0388693
0.0499343
0.0609689
0.0719665
0.0829205
0.093824
0.104671
0.115454
0.126167
0.136803
0.147356
0.15782
0.168188
0.178454
0.188612
0.198655
0.208578
0.218374
0.228037
0.237562
0.246942
0.256173
0.265248
0.274163
0.28291
0.291486
0.299885
0.308102
0.316132
0.32397
0.331612
0.339052
0.346286
0.35331
0.360119
0.36671
0.373078
0.37922
0.385131
0.390809
0.396249
0.401449
0.406405
0.411115
0.415574
0.419782
0.423735
0.42743
0.430866
0.43404
0.436951
0.439597
0.441975
0.444086
0.445927
0.447497
0.448795
0.449821
0.450574
0.451053
0.451259
0.45119
0.450848
0.450232
0.449342
0.44818
0.446746
0.44504
0.443064
0.44082
0.438307
0.435529
0.432486
0.429181
0.425615
0.42179
0.41771
0.413376
0.408791
0.403958
0.398879
0.393559
0.387999
0.382204
0.376177
0.369922
0.363442
0.356741
0.349824
0.342694
0.335357
0.327816
0.320075
0.312141
0.304017
0.295708
0.28722
0.278557
0.269726
0.26073
0.251577
0.24227
0.232817
0.223222
0.213492
0.203632
0.193648
0.183547
0.173334
0.163016
0.1526
0.14209
0.131495
0.120819
0.11007
0.0992546
0.0883786
0.077449
0.0664724
0.0554554
0.0444048
0.0333272
0.0222294
0.0111181
0
0
-0.010573
-0.0211395
-0.0316932
-0.0422277
-0.0527365
-0.0632134
-0.0736518
-0.0840455
-0.0943883
-0.104674
-0.114896
-0.125048
-0.135124
-0.145118
-0.155024
-0.164836
-0.174548
-0.184154
-0.193648
-0.203024
-0.212278
-0.221402
-0.230392
-0.239242
-0.247947
-0.256501
-0.2649
-0.273138
-0.28121
-0.289111
-0.296837
-0.304382
-0.311743
-0.318915
-0.325893
-0.332673
-0.339251
-0.345623
-0.351785
-0.357734
-0.363465
-0.368976
-0.374263
-0.379323
-0.384152
-0.388748
-0.393109
-0.39723
-0.40111
-0.404747
-0.408138
-0.411282
-0.414175
-0.416818
-0.419207
-0.421341
-0.42322
-0.424842
-0.426206
-0.427311
-0.428157
-0.428743
-0.429069
-0.429134
-0.428939
-0.428483
-0.427767
-0.426791
-0.425556
-0.424063
-0.422313
-0.420306
-0.418044
-0.415528
-0.41276
-0.409741
-0.406474
-0.402959
-0.3992
-0.395199
-0.390958
-0.38648
-0.381766
-0.376822
-0.371648
-0.366249
-0.360627
-0.354786
-0.34873
-0.342463
-0.335987
-0.329307
-0.322428
-0.315353
-0.308086
-0.300632
-0.292996
-0.285182
-0.277195
-0.269039
-0.26072
-0.252243
-0.243613
-0.234835
-0.225914
-0.216856
-0.207667
-0.198351
-0.188915
-0.179364
-0.169704
-0.159942
-0.150082
-0.140131
-0.130095
-0.11998
-0.109793
-0.0995382
-0.0892233
-0.0788543
-0.0684374
-0.057979
-0.0474854
-0.0369629
-0.026418
-0.0158571
-0.00528652
0.00528725
0.0158578
0.0264188
0.0369637
0.0474861
0.0579797
0.0684382
0.0788551
0.0892241
0.0995389
0.109793
0.119981
0.130096
0.140132
0.150083
0.159943
0.169705
0.179365
0.188916
0.198352
0.207667
0.216857
0.225915
0.234835
0.243614
0.252244
0.260721
0.26904
0.277195
0.285183
0.292997
0.300633
0.308087
0.315353
0.322429
0.329308
0.335988
0.342463
0.348731
0.354787
0.360628
0.366249
0.371648
0.376822
0.381767
0.38648
0.390959
0.3952
0.399201
0.40296
0.406474
0.409742
0.41276
0.415529
0.418044
0.420306
0.422313
0.424064
0.425557
0.426792
0.427767
0.428483
0.428939
0.429134
0.429069
0.428744
0.428158
0.427312
0.426207
0.424843
0.423221
0.421342
0.419207
0.416818
0.414176
0.411282
0.408139
0.404748
0.401111
0.39723
0.393109
0.388749
0.384153
0.379323
0.374264
0.368977
0.363466
0.357734
0.351786
0.345623
0.339251
0.332673
0.325893
0.318915
0.311744
0.304383
0.296837
0.289111
0.28121
0.273138
0.2649
0.256502
0.247947
0.239242
0.230392
0.221402
0.212278
0.203025
0.193648
0.184154
0.174548
0.164836
0.155024
0.145118
0.135124
0.125048
0.114896
0.104674
0.0943883
0.0840456
0.0736519
0.0632134
0.0527366
0.0422277
0.0316933
0.0211395
0.010573
0
0
-0.0100215
-0.0200368
-0.03004
-0.040025
-0.0499857
-0.059916
-0.06981
-0.0796615
-0.0894647
-0.0992136
-0.108902
-0.118525
-0.128075
-0.137548
-0.146938
-0.156238
-0.165443
-0.174548
-0.183547
-0.192434
-0.201205
-0.209853
-0.218374
-0.226763
-0.235014
-0.243122
-0.251082
-0.25889
-0.266541
-0.27403
-0.281353
-0.288505
-0.295482
-0.302279
-0.308893
-0.31532
-0.321555
-0.327594
-0.333435
-0.339074
-0.344506
-0.34973
-0.354741
-0.359536
-0.364114
-0.36847
-0.372603
-0.37651
-0.380188
-0.383635
-0.386849
-0.389828
-0.392571
-0.395075
-0.39734
-0.399363
-0.401144
-0.402681
-0.403974
-0.405022
-0.405824
-0.406379
-0.406688
-0.406749
-0.406564
-0.406132
-0.405453
-0.404529
-0.403358
-0.401943
-0.400284
-0.398382
-0.396238
-0.393853
-0.391229
-0.388368
-0.385271
-0.38194
-0.378377
-0.374585
-0.370565
-0.36632
-0.361853
-0.357166
-0.352262
-0.347144
-0.341816
-0.33628
-0.33054
-0.324599
-0.318461
-0.31213
-0.305609
-0.298903
-0.292016
-0.284951
-0.277713
-0.270306
-0.262736
-0.255005
-0.247121
-0.239086
-0.230905
-0.222585
-0.21413
-0.205544
-0.196834
-0.188004
-0.179061
-0.170008
-0.160852
-0.151599
-0.142253
-0.132822
-0.123309
-0.113722
-0.104066
-0.094346
-0.0845692
-0.0747411
-0.0648676
-0.0549547
-0.0450084
-0.0350349
-0.02504
-0.0150299
-0.00501077
0.00501145
0.0150306
0.0250407
0.0350355
0.0450091
0.0549554
0.0648683
0.0747418
0.0845699
0.0943467
0.104066
0.113723
0.12331
0.132822
0.142254
0.1516
0.160853
0.170009
0.179061
0.188005
0.196835
0.205545
0.21413
0.222586
0.230906
0.239086
0.247121
0.255006
0.262736
0.270307
0.277713
0.284951
0.292016
0.298904
0.30561
0.312131
0.318462
0.3246
0.33054
0.33628
0.341816
0.347145
0.352262
0.357166
0.361853
0.36632
0.370565
0.374585
0.378378
0.381941
0.385272
0.388369
0.39123
0.393854
0.396238
0.398382
0.400284
0.401944
0.403359
0.404529
0.405454
0.406133
0.406565
0.40675
0.406688
0.406379
0.405824
0.405022
0.403975
0.402682
0.401144
0.399364
0.39734
0.395076
0.392571
0.389829
0.386849
0.383635
0.380188
0.37651
0.372603
0.368471
0.364114
0.359537
0.354741
0.34973
0.344507
0.339074
0.333436
0.327595
0.321555
0.31532
0.308894
0.30228
0.295482
0.288505
0.281353
0.274031
0.266542
0.258891
0.251082
0.243122
0.235014
0.226763
0.218374
0.209853
0.201205
0.192434
0.183547
0.174548
0.165443
0.156238
0.146938
0.137548
0.128076
0.118525
0.108902
0.0992137
0.0894648
0.0796616
0.06981
0.0599161
0.0499857
0.040025
0.0300401
0.0200368
0.0100215
0
0
-0.00946386
-0.018922
-0.0283686
-0.037798
-0.0472045
-0.0565823
-0.0659257
-0.0752291
-0.0844869
-0.0936934
-0.102843
-0.11193
-0.120949
-0.129895
-0.138762
-0.147545
-0.156238
-0.164836
-0.173334
-0.181727
-0.19001
-0.198177
-0.206224
-0.214146
-0.221937
-0.229594
-0.237112
-0.244486
-0.251711
-0.258783
-0.265699
-0.272453
-0.279041
-0.285461
-0.291706
-0.297775
-0.303663
-0.309367
-0.314883
-0.320208
-0.325338
-0.330271
-0.335003
-0.339532
-0.343855
-0.347969
-0.351871
-0.355561
-0.359034
-0.362289
-0.365325
-0.368138
-0.370728
-0.373093
-0.375232
-0.377143
-0.378824
-0.380276
-0.381497
-0.382486
-0.383243
-0.383768
-0.384059
-0.384118
-0.383943
-0.383535
-0.382894
-0.382021
-0.380915
-0.379579
-0.378012
-0.376216
-0.374191
-0.371939
-0.369461
-0.366759
-0.363834
-0.360689
-0.357324
-0.353743
-0.349946
-0.345938
-0.341719
-0.337293
-0.332662
-0.327829
-0.322797
-0.317569
-0.312148
-0.306538
-0.300742
-0.294763
-0.288605
-0.282272
-0.275768
-0.269096
-0.262261
-0.255266
-0.248117
-0.240817
-0.233371
-0.225783
-0.218058
-0.2102
-0.202216
-0.194108
-0.185882
-0.177544
-0.169098
-0.160549
-0.151902
-0.143164
-0.134338
-0.125431
-0.116448
-0.107394
-0.0982753
-0.0890966
-0.0798638
-0.0705825
-0.0612583
-0.051897
-0.0425042
-0.0330855
-0.0236468
-0.0141937
-0.00473197
0.00473261
0.0141943
0.0236474
0.0330862
0.0425048
0.0518977
0.061259
0.0705831
0.0798644
0.0890973
0.098276
0.107395
0.116449
0.125432
0.134339
0.143165
0.151903
0.160549
0.169098
0.177544
0.185883
0.194108
0.202216
0.210201
0.218058
0.225783
0.233371
0.240818
0.248118
0.255267
0.262261
0.269097
0.275768
0.282273
0.288606
0.294764
0.300743
0.306539
0.312149
0.31757
0.322798
0.32783
0.332662
0.337293
0.34172
0.345938
0.349947
0.353743
0.357325
0.360689
0.363835
0.36676
0.369462
0.371939
0.374191
0.376216
0.378013
0.379579
0.380916
0.382021
0.382894
0.383535
0.383943
0.384118
0.38406
0.383768
0.383244
0.382487
0.381497
0.380277
0.378825
0.377143
0.375232
0.373094
0.370729
0.368139
0.365325
0.36229
0.359034
0.355561
0.351872
0.347969
0.343855
0.339532
0.335003
0.330271
0.325338
0.320208
0.314883
0.309367
0.303664
0.297776
0.291707
0.285461
0.279042
0.272453
0.265699
0.258784
0.251711
0.244486
0.237112
0.229595
0.221938
0.214146
0.206224
0.198177
0.19001
0.181727
0.173334
0.164836
0.156238
0.147545
0.138762
0.129895
0.120949
0.11193
0.102843
0.0936934
0.084487
0.0752292
0.0659258
0.0565823
0.0472045
0.037798
0.0283686
0.018922
0.00946387
0
0
-0.00890052
-0.0177956
-0.0266799
-0.0355481
-0.0443946
-0.0532142
-0.0620015
-0.0707511
-0.0794578
-0.0881162
-0.0967212
-0.105267
-0.11375
-0.122163
-0.130502
-0.138762
-0.146938
-0.155024
-0.163016
-0.17091
-0.178699
-0.18638
-0.193948
-0.201399
-0.208726
-0.215928
-0.222998
-0.229933
-0.236728
-0.243379
-0.249883
-0.256235
-0.262431
-0.268468
-0.274342
-0.28005
-0.285588
-0.290952
-0.296139
-0.301147
-0.305972
-0.310611
-0.315062
-0.319321
-0.323386
-0.327256
-0.330926
-0.334396
-0.337662
-0.340724
-0.343578
-0.346225
-0.34866
-0.350885
-0.352896
-0.354693
-0.356275
-0.35764
-0.358788
-0.359719
-0.360431
-0.360924
-0.361198
-0.361253
-0.361088
-0.360705
-0.360102
-0.359281
-0.358241
-0.356984
-0.355511
-0.353821
-0.351917
-0.349799
-0.347469
-0.344928
-0.342177
-0.339219
-0.336054
-0.332686
-0.329116
-0.325346
-0.321378
-0.317215
-0.31286
-0.308315
-0.303582
-0.298666
-0.293568
-0.288291
-0.28284
-0.277217
-0.271426
-0.26547
-0.259353
-0.253078
-0.24665
-0.240071
-0.233348
-0.226482
-0.219479
-0.212343
-0.205078
-0.197688
-0.190179
-0.182553
-0.174818
-0.166975
-0.159032
-0.150992
-0.14286
-0.134642
-0.126342
-0.117965
-0.109517
-0.101002
-0.0924254
-0.0837931
-0.0751099
-0.066381
-0.0576119
-0.0488078
-0.0399741
-0.0311161
-0.0222392
-0.0133488
-0.0044503
0.0044509
0.0133494
0.0222398
0.0311167
0.0399747
0.0488084
0.0576125
0.0663816
0.0751105
0.0837937
0.092426
0.101002
0.109517
0.117966
0.126342
0.134643
0.142861
0.150993
0.159033
0.166976
0.174818
0.182554
0.190179
0.197689
0.205078
0.212344
0.21948
0.226483
0.233348
0.240072
0.24665
0.253078
0.259353
0.26547
0.271426
0.277218
0.282841
0.288292
0.293568
0.298666
0.303583
0.308315
0.312861
0.317216
0.321379
0.325346
0.329116
0.332687
0.336055
0.339219
0.342177
0.344928
0.347469
0.3498
0.351917
0.353822
0.355511
0.356985
0.358242
0.359281
0.360102
0.360705
0.361089
0.361253
0.361198
0.360924
0.360431
0.359719
0.358789
0.35764
0.356275
0.354693
0.352896
0.350885
0.348661
0.346225
0.343579
0.340724
0.337663
0.334396
0.330926
0.327256
0.323387
0.319321
0.315062
0.310611
0.305972
0.301147
0.29614
0.290952
0.285588
0.28005
0.274343
0.268469
0.262431
0.256235
0.249883
0.243379
0.236728
0.229933
0.222998
0.215928
0.208727
0.201399
0.193948
0.186381
0.178699
0.17091
0.163016
0.155024
0.146938
0.138762
0.130502
0.122163
0.11375
0.105267
0.0967213
0.0881163
0.0794578
0.0707512
0.0620015
0.0532142
0.0443946
0.0355481
0.02668
0.0177957
0.00890053
0
0
-0.00833178
-0.0166585
-0.0249751
-0.0332765
-0.0415578
-0.0498138
-0.0580396
-0.0662301
-0.0743804
-0.0824856
-0.0905407
-0.0985408
-0.106481
-0.114357
-0.122163
-0.129895
-0.137548
-0.145118
-0.1526
-0.159989
-0.16728
-0.174471
-0.181555
-0.188529
-0.195389
-0.20213
-0.208748
-0.21524
-0.221601
-0.227827
-0.233915
-0.239861
-0.245662
-0.251313
-0.256812
-0.262155
-0.267338
-0.27236
-0.277216
-0.281904
-0.28642
-0.290763
-0.294929
-0.298916
-0.302722
-0.306344
-0.30978
-0.313028
-0.316086
-0.318951
-0.321624
-0.324101
-0.326381
-0.328463
-0.330346
-0.332028
-0.333509
-0.334787
-0.335862
-0.336733
-0.337399
-0.337861
-0.338117
-0.338169
-0.338015
-0.337656
-0.337091
-0.336323
-0.33535
-0.334173
-0.332794
-0.331212
-0.329429
-0.327447
-0.325266
-0.322887
-0.320312
-0.317543
-0.31458
-0.311427
-0.308085
-0.304556
-0.300842
-0.296945
-0.292868
-0.288613
-0.284183
-0.279581
-0.274809
-0.26987
-0.264767
-0.259503
-0.254082
-0.248506
-0.24278
-0.236906
-0.230889
-0.224731
-0.218437
-0.21201
-0.205454
-0.198774
-0.191973
-0.185056
-0.178026
-0.170888
-0.163647
-0.156306
-0.14887
-0.141344
-0.133732
-0.126038
-0.118269
-0.110427
-0.102518
-0.0945477
-0.0865194
-0.0784387
-0.0703103
-0.0621393
-0.0539305
-0.045689
-0.0374197
-0.0291278
-0.0208181
-0.0124958
-0.00416592
0.00416649
0.0124964
0.0208187
0.0291283
0.0374203
0.0456896
0.0539311
0.0621398
0.0703109
0.0784393
0.08652
0.0945482
0.102519
0.110428
0.118269
0.126039
0.133732
0.141344
0.14887
0.156306
0.163647
0.170889
0.178027
0.185056
0.191974
0.198775
0.205455
0.21201
0.218437
0.224731
0.230889
0.236907
0.24278
0.248507
0.254082
0.259503
0.264767
0.26987
0.274809
0.279581
0.284184
0.288614
0.292869
0.296946
0.300842
0.304556
0.308086
0.311428
0.314581
0.317543
0.320312
0.322887
0.325266
0.327447
0.32943
0.331212
0.332794
0.334173
0.33535
0.336323
0.337092
0.337656
0.338015
0.338169
0.338118
0.337861
0.3374
0.336733
0.335862
0.334787
0.333509
0.332028
0.330346
0.328464
0.326381
0.324101
0.321624
0.318952
0.316086
0.313028
0.30978
0.306344
0.302722
0.298917
0.294929
0.290763
0.286421
0.281904
0.277216
0.27236
0.267339
0.262155
0.256812
0.251313
0.245662
0.239862
0.233915
0.227827
0.221601
0.21524
0.208748
0.20213
0.195389
0.188529
0.181555
0.174471
0.167281
0.159989
0.1526
0.145118
0.137548
0.129895
0.122163
0.114357
0.106481
0.0985409
0.0905407
0.0824857
0.0743805
0.0662301
0.0580396
0.0498138
0.0415578
0.0332766
0.0249751
0.0166585
0.00833178
0
0
-0.00775797
-0.0155112
-0.0232551
-0.0309848
-0.0386957
-0.0463832
-0.0540424
-0.0616689
-0.0692579
-0.0768049
-0.0843052
-0.0917544
-0.0991478
-0.106481
-0.11375
-0.120949
-0.128075
-0.135124
-0.14209
-0.14897
-0.15576
-0.162455
-0.169051
-0.175545
-0.181933
-0.188209
-0.194372
-0.200416
-0.206339
-0.212137
-0.217806
-0.223342
-0.228743
-0.234005
-0.239126
-0.2441
-0.248927
-0.253603
-0.258124
-0.262489
-0.266695
-0.270738
-0.274618
-0.27833
-0.281874
-0.285246
-0.288446
-0.29147
-0.294317
-0.296986
-0.299474
-0.30178
-0.303903
-0.305842
-0.307595
-0.309162
-0.31054
-0.31173
-0.312731
-0.313542
-0.314163
-0.314593
-0.314832
-0.314879
-0.314736
-0.314402
-0.313876
-0.31316
-0.312254
-0.311159
-0.309874
-0.308402
-0.306742
-0.304896
-0.302865
-0.30065
-0.298252
-0.295674
-0.292916
-0.28998
-0.286868
-0.283581
-0.280123
-0.276495
-0.272699
-0.268737
-0.264612
-0.260326
-0.255883
-0.251284
-0.246532
-0.241631
-0.236583
-0.231392
-0.22606
-0.220591
-0.214987
-0.209254
-0.203393
-0.197409
-0.191305
-0.185085
-0.178752
-0.172311
-0.165766
-0.159119
-0.152376
-0.145541
-0.138617
-0.131609
-0.124522
-0.117358
-0.110124
-0.102822
-0.0954581
-0.0880362
-0.0805609
-0.0730367
-0.0654681
-0.0578598
-0.0502164
-0.0425424
-0.0348427
-0.0271218
-0.0193844
-0.0116352
-0.00387902
0.00387955
0.0116358
0.0193849
0.0271223
0.0348432
0.0425429
0.0502169
0.0578603
0.0654686
0.0730372
0.0805614
0.0880368
0.0954586
0.102823
0.110124
0.117359
0.124522
0.13161
0.138618
0.145542
0.152377
0.15912
0.165766
0.172312
0.178753
0.185085
0.191305
0.197409
0.203394
0.209254
0.214988
0.220591
0.22606
0.231392
0.236584
0.241632
0.246533
0.251284
0.255883
0.260327
0.264612
0.268737
0.272699
0.276495
0.280124
0.283582
0.286868
0.28998
0.292916
0.295674
0.298253
0.30065
0.302865
0.304896
0.306742
0.308402
0.309875
0.311159
0.312255
0.313161
0.313877
0.314402
0.314736
0.31488
0.314832
0.314593
0.314163
0.313542
0.312731
0.311731
0.310541
0.309162
0.307596
0.305842
0.303904
0.301781
0.299474
0.296986
0.294317
0.29147
0.288446
0.285247
0.281874
0.278331
0.274618
0.270739
0.266695
0.262489
0.258125
0.253603
0.248927
0.244101
0.239126
0.234006
0.228744
0.223343
0.217806
0.212137
0.206339
0.200417
0.194372
0.18821
0.181933
0.175545
0.169052
0.162455
0.15576
0.14897
0.14209
0.135124
0.128076
0.120949
0.11375
0.106481
0.0991479
0.0917545
0.0843053
0.0768049
0.069258
0.0616689
0.0540425
0.0463832
0.0386958
0.0309848
0.0232551
0.0155112
0.00775798
0
0
-0.00717946
-0.0143546
-0.0215209
-0.0286743
-0.0358102
-0.0429244
-0.0500125
-0.0570702
-0.0640933
-0.0710775
-0.0780186
-0.0849122
-0.0917544
-0.0985408
-0.105267
-0.11193
-0.118525
-0.125048
-0.131494
-0.137862
-0.144145
-0.150341
-0.156445
-0.162455
-0.168366
-0.174175
-0.179878
-0.185471
-0.190953
-0.196318
-0.201564
-0.206688
-0.211686
-0.216556
-0.221294
-0.225898
-0.230365
-0.234692
-0.238876
-0.242915
-0.246807
-0.250549
-0.254139
-0.257575
-0.260854
-0.263975
-0.266936
-0.269735
-0.27237
-0.274839
-0.277142
-0.279276
-0.281241
-0.283036
-0.284658
-0.286107
-0.287383
-0.288485
-0.289411
-0.290161
-0.290736
-0.291133
-0.291355
-0.291399
-0.291266
-0.290957
-0.29047
-0.289808
-0.28897
-0.287956
-0.286767
-0.285404
-0.283868
-0.28216
-0.28028
-0.27823
-0.276012
-0.273625
-0.271073
-0.268356
-0.265476
-0.262435
-0.259234
-0.255877
-0.252363
-0.248697
-0.24488
-0.240914
-0.236802
-0.232546
-0.228148
-0.223613
-0.218941
-0.214137
-0.209203
-0.204141
-0.198956
-0.19365
-0.188226
-0.182688
-0.177039
-0.171283
-0.165423
-0.159462
-0.153404
-0.147254
-0.141014
-0.134688
-0.128281
-0.121795
-0.115236
-0.108607
-0.101912
-0.0951546
-0.0883398
-0.0814714
-0.0745535
-0.0675903
-0.0605862
-0.0535452
-0.0464717
-0.03937
-0.0322444
-0.0250993
-0.0179389
-0.0107676
-0.00358976
0.00359025
0.0107681
0.0179394
0.0250998
0.0322449
0.0393705
0.0464722
0.0535457
0.0605866
0.0675908
0.074554
0.0814719
0.0883403
0.0951551
0.101912
0.108607
0.115236
0.121796
0.128281
0.134689
0.141014
0.147254
0.153405
0.159462
0.165423
0.171283
0.17704
0.182689
0.188227
0.19365
0.198956
0.204142
0.209203
0.214137
0.218942
0.223613
0.228149
0.232546
0.236802
0.240914
0.24488
0.248698
0.252364
0.255877
0.259235
0.262435
0.265476
0.268356
0.271073
0.273626
0.276012
0.278231
0.280281
0.28216
0.283869
0.285405
0.286767
0.287956
0.28897
0.289808
0.290471
0.290957
0.291266
0.291399
0.291355
0.291134
0.290736
0.290162
0.289411
0.288485
0.287383
0.286108
0.284658
0.283036
0.281242
0.279277
0.277142
0.27484
0.27237
0.269735
0.266936
0.263976
0.260855
0.257575
0.25414
0.25055
0.246808
0.242916
0.238876
0.234692
0.230365
0.225898
0.221294
0.216556
0.211686
0.206688
0.201564
0.196318
0.190953
0.185472
0.179878
0.174175
0.168366
0.162455
0.156445
0.150341
0.144145
0.137862
0.131495
0.125048
0.118525
0.11193
0.105267
0.0985409
0.0917545
0.0849123
0.0780186
0.0710776
0.0640934
0.0570703
0.0500125
0.0429244
0.0358102
0.0286743
0.021521
0.0143546
0.00717947
0
0
-0.00659659
-0.0131892
-0.0197738
-0.0263463
-0.0329029
-0.0394395
-0.0459522
-0.0524369
-0.0588899
-0.065307
-0.0716846
-0.0780186
-0.0843052
-0.0905407
-0.0967212
-0.102843
-0.108902
-0.114896
-0.120819
-0.126669
-0.132442
-0.138135
-0.143744
-0.149266
-0.154697
-0.160034
-0.165274
-0.170414
-0.17545
-0.18038
-0.1852
-0.189908
-0.1945
-0.198974
-0.203328
-0.207558
-0.211662
-0.215638
-0.219483
-0.223194
-0.22677
-0.230208
-0.233507
-0.236664
-0.239677
-0.242544
-0.245265
-0.247836
-0.250257
-0.252526
-0.254642
-0.256603
-0.258409
-0.260057
-0.261548
-0.262879
-0.264052
-0.265064
-0.265915
-0.266604
-0.267132
-0.267498
-0.267701
-0.267741
-0.267619
-0.267335
-0.266888
-0.26628
-0.265509
-0.264578
-0.263486
-0.262233
-0.260822
-0.259252
-0.257525
-0.255642
-0.253603
-0.251411
-0.249066
-0.246569
-0.243923
-0.241129
-0.238188
-0.235103
-0.231875
-0.228506
-0.224999
-0.221355
-0.217577
-0.213666
-0.209626
-0.205459
-0.201166
-0.196752
-0.192218
-0.187568
-0.182803
-0.177928
-0.172945
-0.167856
-0.162666
-0.157377
-0.151993
-0.146516
-0.14095
-0.135299
-0.129565
-0.123753
-0.117866
-0.111907
-0.10588
-0.0997895
-0.0936378
-0.0874294
-0.0811679
-0.0748571
-0.0685008
-0.062103
-0.0556674
-0.0491981
-0.0426989
-0.0361737
-0.0296267
-0.0230616
-0.0164825
-0.00989341
-0.00329832
0.00329877
0.00989386
0.0164829
0.023062
0.0296271
0.0361742
0.0426993
0.0491985
0.0556679
0.0621034
0.0685012
0.0748575
0.0811683
0.0874298
0.0936383
0.0997899
0.105881
0.111908
0.117866
0.123754
0.129566
0.135299
0.140951
0.146516
0.151993
0.157378
0.162667
0.167857
0.172945
0.177929
0.182804
0.187568
0.192219
0.196752
0.201167
0.205459
0.209626
0.213667
0.217577
0.221355
0.224999
0.228507
0.231876
0.235103
0.238189
0.241129
0.243923
0.246569
0.249066
0.251411
0.253604
0.255642
0.257526
0.259253
0.260822
0.262234
0.263486
0.264578
0.26551
0.26628
0.266889
0.267335
0.26762
0.267742
0.267701
0.267498
0.267132
0.266605
0.265915
0.265064
0.264052
0.26288
0.261548
0.260057
0.258409
0.256603
0.254642
0.252526
0.250257
0.247836
0.245265
0.242545
0.239677
0.236664
0.233507
0.230209
0.22677
0.223194
0.219483
0.215638
0.211662
0.207558
0.203328
0.198975
0.1945
0.189908
0.1852
0.18038
0.17545
0.170414
0.165274
0.160034
0.154697
0.149266
0.143744
0.138135
0.132442
0.126669
0.120819
0.114896
0.108902
0.102843
0.0967213
0.0905407
0.0843053
0.0780186
0.0716846
0.0653071
0.0588899
0.052437
0.0459522
0.0394395
0.0329029
0.0263463
0.0197738
0.0131892
0.00659659
0
0
-0.00600971
-0.0120158
-0.0180145
-0.0240024
-0.0299756
-0.0359307
-0.041864
-0.0477718
-0.0536506
-0.0594969
-0.065307
-0.0710775
-0.0768049
-0.0824856
-0.0881162
-0.0936934
-0.0992136
-0.104674
-0.11007
-0.1154
-0.120659
-0.125846
-0.130956
-0.135986
-0.140934
-0.145796
-0.15057
-0.155253
-0.159841
-0.164332
-0.168723
-0.173012
-0.177196
-0.181272
-0.185239
-0.189092
-0.192831
-0.196453
-0.199956
-0.203337
-0.206595
-0.209727
-0.212733
-0.215609
-0.218354
-0.220966
-0.223444
-0.225787
-0.227993
-0.23006
-0.231987
-0.233774
-0.235419
-0.236921
-0.238279
-0.239492
-0.24056
-0.241482
-0.242257
-0.242885
-0.243366
-0.243699
-0.243884
-0.243921
-0.24381
-0.243551
-0.243144
-0.24259
-0.241888
-0.241039
-0.240044
-0.238903
-0.237618
-0.236188
-0.234614
-0.232898
-0.231041
-0.229044
-0.226907
-0.224633
-0.222222
-0.219676
-0.216997
-0.214187
-0.211246
-0.208177
-0.204982
-0.201662
-0.19822
-0.194657
-0.190976
-0.18718
-0.183269
-0.179248
-0.175117
-0.170881
-0.16654
-0.162098
-0.157558
-0.152923
-0.148194
-0.143376
-0.13847
-0.133481
-0.12841
-0.123262
-0.118038
-0.112743
-0.10738
-0.101951
-0.0964607
-0.0909115
-0.0853072
-0.0796511
-0.0739466
-0.0681973
-0.0624065
-0.0565779
-0.0507149
-0.0448211
-0.0389001
-0.0329555
-0.0269909
-0.0210099
-0.0150161
-0.00901323
-0.00300488
0.00300529
0.00901364
0.0150165
0.0210103
0.0269913
0.0329559
0.0389005
0.0448215
0.0507153
0.0565783
0.0624069
0.0681977
0.073947
0.0796515
0.0853076
0.0909119
0.0964611
0.101952
0.10738
0.112744
0.118039
0.123262
0.128411
0.133481
0.138471
0.143376
0.148195
0.152923
0.157559
0.162099
0.16654
0.170881
0.175118
0.179248
0.18327
0.18718
0.190977
0.194657
0.19822
0.201662
0.204982
0.208177
0.211246
0.214187
0.216998
0.219677
0.222222
0.224633
0.226907
0.229044
0.231041
0.232899
0.234615
0.236188
0.237618
0.238904
0.240044
0.241039
0.241888
0.24259
0.243145
0.243551
0.243811
0.243922
0.243885
0.243699
0.243366
0.242886
0.242257
0.241482
0.24056
0.239492
0.238279
0.236921
0.235419
0.233774
0.231988
0.23006
0.227993
0.225787
0.223445
0.220966
0.218354
0.215609
0.212733
0.209728
0.206595
0.203337
0.199956
0.196453
0.192832
0.189093
0.185239
0.181272
0.177196
0.173012
0.168723
0.164332
0.159841
0.155253
0.15057
0.145796
0.140934
0.135986
0.130956
0.125846
0.12066
0.1154
0.11007
0.104674
0.0992137
0.0936934
0.0881163
0.0824857
0.0768049
0.0710776
0.0653071
0.0594969
0.0536507
0.0477718
0.041864
0.0359307
0.0299757
0.0240024
0.0180146
0.0120158
0.00600972
0
0
-0.00541919
-0.0108351
-0.0162444
-0.0216439
-0.0270302
-0.0324001
-0.0377503
-0.0430777
-0.0483788
-0.0536506
-0.0588899
-0.0640933
-0.0692579
-0.0743804
-0.0794578
-0.0844869
-0.0894647
-0.0943883
-0.0992545
-0.10406
-0.108803
-0.11348
-0.118088
-0.122624
-0.127086
-0.13147
-0.135775
-0.139997
-0.144135
-0.148184
-0.152144
-0.156012
-0.159784
-0.16346
-0.167037
-0.170512
-0.173883
-0.177149
-0.180308
-0.183357
-0.186295
-0.189119
-0.191829
-0.194422
-0.196898
-0.199254
-0.201488
-0.203601
-0.20559
-0.207454
-0.209192
-0.210803
-0.212286
-0.21364
-0.214865
-0.215959
-0.216922
-0.217753
-0.218453
-0.219019
-0.219453
-0.219753
-0.21992
-0.219953
-0.219853
-0.219619
-0.219252
-0.218752
-0.21812
-0.217354
-0.216457
-0.215428
-0.214269
-0.212979
-0.211561
-0.210013
-0.208339
-0.206537
-0.204611
-0.20256
-0.200386
-0.198091
-0.195675
-0.19314
-0.190489
-0.187721
-0.18484
-0.181846
-0.178742
-0.17553
-0.172211
-0.168787
-0.165261
-0.161634
-0.15791
-0.15409
-0.150176
-0.14617
-0.142077
-0.137896
-0.133633
-0.129288
-0.124864
-0.120365
-0.115793
-0.11115
-0.10644
-0.101665
-0.0968286
-0.0919333
-0.0869823
-0.0819784
-0.0769248
-0.0718245
-0.0666805
-0.0614961
-0.0562744
-0.0510184
-0.0457316
-0.0404169
-0.0350777
-0.0297172
-0.0243387
-0.0189454
-0.0135406
-0.00812758
-0.00270962
0.00270998
0.00812794
0.013541
0.0189458
0.0243391
0.0297176
0.0350781
0.0404173
0.0457319
0.0510188
0.0562747
0.0614965
0.0666809
0.0718248
0.0769251
0.0819788
0.0869826
0.0919337
0.0968289
0.101665
0.10644
0.11115
0.115793
0.120365
0.124864
0.129288
0.133633
0.137897
0.142077
0.146171
0.150176
0.15409
0.15791
0.161635
0.165261
0.168787
0.172211
0.17553
0.178743
0.181847
0.18484
0.187722
0.190489
0.193141
0.195675
0.198091
0.200386
0.20256
0.204611
0.206538
0.208339
0.210014
0.211561
0.21298
0.214269
0.215429
0.216457
0.217355
0.21812
0.218753
0.219253
0.21962
0.219853
0.219953
0.21992
0.219753
0.219453
0.219019
0.218453
0.217754
0.216922
0.215959
0.214865
0.213641
0.212286
0.210803
0.209192
0.207454
0.20559
0.203601
0.201489
0.199254
0.196898
0.194423
0.191829
0.18912
0.186295
0.183357
0.180308
0.17715
0.173884
0.170512
0.167037
0.16346
0.159785
0.156012
0.152144
0.148184
0.144135
0.139997
0.135775
0.13147
0.127086
0.122624
0.118088
0.11348
0.108803
0.104061
0.0992546
0.0943883
0.0894648
0.084487
0.0794578
0.0743805
0.069258
0.0640934
0.0588899
0.0536507
0.0483789
0.0430777
0.0377504
0.0324001
0.0270302
0.0216439
0.0162444
0.0108351
0.00541919
0
0
-0.00482537
-0.00964782
-0.0144644
-0.0192722
-0.0240683
-0.0288498
-0.0336138
-0.0383574
-0.0430777
-0.0477718
-0.0524369
-0.0570702
-0.0616689
-0.0662301
-0.0707511
-0.0752291
-0.0796615
-0.0840455
-0.0883785
-0.0926579
-0.096881
-0.101045
-0.105148
-0.109187
-0.11316
-0.117064
-0.120897
-0.124657
-0.128341
-0.131947
-0.135473
-0.138916
-0.142276
-0.145549
-0.148733
-0.151828
-0.15483
-0.157738
-0.160551
-0.163265
-0.165881
-0.168396
-0.170809
-0.173118
-0.175322
-0.17742
-0.17941
-0.181291
-0.183062
-0.184722
-0.186269
-0.187704
-0.189025
-0.190231
-0.191321
-0.192295
-0.193153
-0.193893
-0.194515
-0.19502
-0.195406
-0.195673
-0.195822
-0.195852
-0.195762
-0.195554
-0.195228
-0.194782
-0.194219
-0.193537
-0.192738
-0.191823
-0.19079
-0.189642
-0.188379
-0.187001
-0.18551
-0.183906
-0.18219
-0.180364
-0.178429
-0.176385
-0.174234
-0.171977
-0.169616
-0.167151
-0.164586
-0.16192
-0.159156
-0.156296
-0.15334
-0.150292
-0.147152
-0.143923
-0.140607
-0.137205
-0.13372
-0.130154
-0.126508
-0.122786
-0.11899
-0.115121
-0.111182
-0.107176
-0.103104
-0.0989705
-0.0947765
-0.090525
-0.0862185
-0.0818596
-0.0774511
-0.0729955
-0.0684957
-0.0639542
-0.0593739
-0.0547576
-0.050108
-0.045428
-0.0407205
-0.0359882
-0.031234
-0.0264609
-0.0216718
-0.0168694
-0.0120569
-0.00723699
-0.00241271
0.00241303
0.00723731
0.0120572
0.0168698
0.0216721
0.0264613
0.0312344
0.0359885
0.0407208
0.0454284
0.0501083
0.0547579
0.0593742
0.0639545
0.068496
0.0729958
0.0774514
0.0818599
0.0862188
0.0905253
0.0947768
0.0989708
0.103105
0.107176
0.111182
0.115121
0.11899
0.122787
0.126509
0.130154
0.13372
0.137205
0.140607
0.143923
0.147153
0.150292
0.153341
0.156296
0.159157
0.16192
0.164586
0.167152
0.169616
0.171977
0.174234
0.176385
0.178429
0.180364
0.182191
0.183906
0.18551
0.187001
0.188379
0.189642
0.19079
0.191823
0.192739
0.193538
0.194219
0.194783
0.195228
0.195555
0.195763
0.195852
0.195822
0.195673
0.195406
0.19502
0.194516
0.193893
0.193153
0.192295
0.191321
0.190231
0.189025
0.187704
0.18627
0.184722
0.183062
0.181291
0.17941
0.17742
0.175323
0.173119
0.170809
0.168397
0.165881
0.163266
0.160551
0.157738
0.15483
0.151828
0.148734
0.145549
0.142276
0.138917
0.135473
0.131947
0.128341
0.124657
0.120897
0.117064
0.11316
0.109187
0.105148
0.101045
0.096881
0.092658
0.0883786
0.0840456
0.0796616
0.0752292
0.0707512
0.0662301
0.0616689
0.0570703
0.052437
0.0477718
0.0430777
0.0383574
0.0336138
0.0288498
0.0240683
0.0192722
0.0144644
0.00964783
0.00482538
0
0
-0.00422863
-0.0084547
-0.0126756
-0.0168889
-0.0210918
-0.025282
-0.0294569
-0.0336138
-0.0377503
-0.041864
-0.0459522
-0.0500125
-0.0540424
-0.0580396
-0.0620015
-0.0659257
-0.06981
-0.0736518
-0.077449
-0.0811991
-0.0848999
-0.0885492
-0.0921447
-0.0956843
-0.0991658
-0.102587
-0.105946
-0.109241
-0.112469
-0.115629
-0.118719
-0.121737
-0.124681
-0.127549
-0.13034
-0.133052
-0.135682
-0.138231
-0.140696
-0.143075
-0.145367
-0.147571
-0.149686
-0.151709
-0.153641
-0.155479
-0.157223
-0.158871
-0.160423
-0.161878
-0.163234
-0.164491
-0.165648
-0.166705
-0.167661
-0.168514
-0.169266
-0.169915
-0.17046
-0.170902
-0.17124
-0.171475
-0.171605
-0.171631
-0.171553
-0.171371
-0.171084
-0.170694
-0.1702
-0.169603
-0.168903
-0.1681
-0.167196
-0.166189
-0.165082
-0.163875
-0.162568
-0.161163
-0.159659
-0.158059
-0.156363
-0.154572
-0.152686
-0.150709
-0.14864
-0.14648
-0.144232
-0.141896
-0.139474
-0.136967
-0.134377
-0.131706
-0.128954
-0.126125
-0.123218
-0.120237
-0.117183
-0.114058
-0.110863
-0.107602
-0.104274
-0.100884
-0.0974324
-0.0939215
-0.0903537
-0.086731
-0.0830557
-0.0793299
-0.075556
-0.0717362
-0.0678729
-0.0639683
-0.0600249
-0.0560451
-0.0520313
-0.0479858
-0.0439113
-0.03981
-0.0356846
-0.0315376
-0.0273714
-0.0231886
-0.0189917
-0.0147832
-0.0105658
-0.006342
-0.00211433
0.00211462
0.00634229
0.0105661
0.0147835
0.0189919
0.0231888
0.0273717
0.0315379
0.0356849
0.0398103
0.0439116
0.0479861
0.0520316
0.0560454
0.0600252
0.0639686
0.0678732
0.0717365
0.0755563
0.0793302
0.083056
0.0867313
0.090354
0.0939218
0.0974326
0.100884
0.104275
0.107602
0.110864
0.114058
0.117183
0.120237
0.123218
0.126125
0.128954
0.131706
0.134377
0.136967
0.139474
0.141896
0.144232
0.14648
0.14864
0.150709
0.152687
0.154572
0.156363
0.158059
0.159659
0.161163
0.162568
0.163875
0.165082
0.16619
0.167196
0.1681
0.168903
0.169603
0.1702
0.170694
0.171084
0.171371
0.171553
0.171631
0.171605
0.171475
0.171241
0.170902
0.17046
0.169915
0.169266
0.168515
0.167661
0.166705
0.165649
0.164491
0.163234
0.161878
0.160423
0.158871
0.157223
0.155479
0.153641
0.151709
0.149686
0.147571
0.145367
0.143075
0.140696
0.138231
0.135683
0.133052
0.13034
0.127549
0.124681
0.121737
0.118719
0.115629
0.112469
0.109241
0.105946
0.102587
0.0991659
0.0956844
0.0921448
0.0885493
0.0849
0.0811991
0.077449
0.0736519
0.06981
0.0659258
0.0620015
0.0580396
0.0540425
0.0500125
0.0459522
0.041864
0.0377504
0.0336138
0.0294569
0.025282
0.0210919
0.0168889
0.0126756
0.0084547
0.00422863
0
0
-0.00362932
-0.00725644
-0.0108791
-0.0144953
-0.0181026
-0.0216989
-0.025282
-0.0288498
-0.0324001
-0.0359307
-0.0394395
-0.0429244
-0.0463832
-0.0498138
-0.0532142
-0.0565823
-0.059916
-0.0632134
-0.0664724
-0.069691
-0.0728673
-0.0759994
-0.0790853
-0.0821233
-0.0851113
-0.0880477
-0.0909307
-0.0937584
-0.0965293
-0.0992415
-0.101893
-0.104484
-0.10701
-0.109472
-0.111867
-0.114195
-0.116453
-0.11864
-0.120755
-0.122797
-0.124765
-0.126656
-0.128471
-0.130208
-0.131866
-0.133443
-0.13494
-0.136355
-0.137687
-0.138935
-0.140099
-0.141178
-0.142172
-0.143079
-0.143899
-0.144631
-0.145276
-0.145833
-0.146301
-0.146681
-0.146971
-0.147172
-0.147284
-0.147306
-0.147239
-0.147083
-0.146837
-0.146502
-0.146078
-0.145566
-0.144965
-0.144276
-0.143499
-0.142636
-0.141686
-0.140649
-0.139528
-0.138321
-0.137031
-0.135658
-0.134202
-0.132665
-0.131047
-0.129349
-0.127573
-0.12572
-0.12379
-0.121785
-0.119707
-0.117555
-0.115332
-0.113039
-0.110678
-0.108249
-0.105755
-0.103196
-0.100575
-0.0978927
-0.095151
-0.0923515
-0.0894959
-0.086586
-0.0836236
-0.0806103
-0.0775482
-0.0744389
-0.0712845
-0.0680867
-0.0648477
-0.0615693
-0.0582535
-0.0549023
-0.0515178
-0.048102
-0.044657
-0.041185
-0.0376879
-0.0341679
-0.0306272
-0.0270679
-0.0234921
-0.0199021
-0.0163
-0.012688
-0.00906836
-0.00544317
-0.00181468
0.00181492
0.00544342
0.00906861
0.0126883
0.0163003
0.0199024
0.0234924
0.0270681
0.0306274
0.0341681
0.0376881
0.0411852
0.0446573
0.0481023
0.051518
0.0549025
0.0582537
0.0615695
0.0648479
0.068087
0.0712847
0.0744391
0.0775484
0.0806106
0.0836238
0.0865863
0.0894962
0.0923517
0.0951512
0.097893
0.100575
0.103197
0.105755
0.108249
0.110678
0.11304
0.115333
0.117555
0.119707
0.121786
0.12379
0.12572
0.127574
0.12935
0.131047
0.132665
0.134202
0.135658
0.137031
0.138322
0.139528
0.14065
0.141686
0.142636
0.1435
0.144276
0.144965
0.145566
0.146078
0.146502
0.146837
0.147083
0.147239
0.147306
0.147284
0.147172
0.146971
0.146681
0.146301
0.145833
0.145276
0.144632
0.143899
0.143079
0.142172
0.141178
0.140099
0.138935
0.137687
0.136355
0.13494
0.133444
0.131866
0.130208
0.128471
0.126656
0.124765
0.122797
0.120755
0.11864
0.116453
0.114195
0.111867
0.109472
0.10701
0.104484
0.101894
0.0992416
0.0965294
0.0937585
0.0909308
0.0880478
0.0851114
0.0821233
0.0790854
0.0759994
0.0728674
0.069691
0.0664724
0.0632134
0.0599161
0.0565823
0.0532142
0.0498138
0.0463832
0.0429244
0.0394395
0.0359307
0.0324001
0.0288498
0.025282
0.0216989
0.0181026
0.0144953
0.0108792
0.00725644
0.00362932
0
0
-0.00302781
-0.00605377
-0.00907607
-0.0120928
-0.0151023
-0.0181026
-0.0210918
-0.0240683
-0.0270302
-0.0299756
-0.0329029
-0.0358102
-0.0386957
-0.0415578
-0.0443946
-0.0472045
-0.0499857
-0.0527365
-0.0554554
-0.0581406
-0.0607905
-0.0634034
-0.0659779
-0.0685124
-0.0710052
-0.0734549
-0.0758601
-0.0782192
-0.0805308
-0.0827935
-0.0850059
-0.0871667
-0.0892747
-0.0913284
-0.0933267
-0.0952683
-0.097152
-0.0989768
-0.100742
-0.102445
-0.104086
-0.105665
-0.107179
-0.108628
-0.110011
-0.111327
-0.112575
-0.113756
-0.114867
-0.115908
-0.11688
-0.11778
-0.118608
-0.119365
-0.120049
-0.120661
-0.121199
-0.121663
-0.122054
-0.12237
-0.122612
-0.12278
-0.122873
-0.122892
-0.122836
-0.122706
-0.122501
-0.122221
-0.121868
-0.12144
-0.120939
-0.120364
-0.119716
-0.118996
-0.118203
-0.117339
-0.116403
-0.115396
-0.11432
-0.113174
-0.11196
-0.110677
-0.109327
-0.107911
-0.10643
-0.104883
-0.103274
-0.101601
-0.0998667
-0.0980718
-0.0962174
-0.0943046
-0.0923345
-0.0903083
-0.0882273
-0.0860928
-0.083906
-0.0816682
-0.0793809
-0.0770454
-0.0746631
-0.0722355
-0.069764
-0.0672502
-0.0646955
-0.0621016
-0.05947
-0.0568022
-0.0541
-0.0513649
-0.0485987
-0.0458029
-0.0429794
-0.0401297
-0.0372557
-0.0343591
-0.0314416
-0.028505
-0.0255511
-0.0225817
-0.0195986
-0.0166036
-0.0135985
-0.0105852
-0.0075654
-0.00454103
-0.00151392
0.00151412
0.00454124
0.0075656
0.0105854
0.0135987
0.0166038
0.0195988
0.0225819
0.0255513
0.0285052
0.0314418
0.0343593
0.0372559
0.0401299
0.0429796
0.0458031
0.0485989
0.0513651
0.0541002
0.0568024
0.0594702
0.0621018
0.0646957
0.0672504
0.0697642
0.0722357
0.0746633
0.0770456
0.0793811
0.0816684
0.0839062
0.086093
0.0882275
0.0903085
0.0923347
0.0943048
0.0962176
0.098072
0.0998669
0.101601
0.103274
0.104884
0.10643
0.107911
0.109328
0.110677
0.11196
0.113174
0.11432
0.115397
0.116403
0.117339
0.118203
0.118996
0.119716
0.120364
0.120939
0.12144
0.121868
0.122221
0.122501
0.122706
0.122836
0.122892
0.122874
0.12278
0.122613
0.12237
0.122054
0.121663
0.121199
0.120661
0.120049
0.119365
0.118609
0.11778
0.11688
0.115909
0.114867
0.113756
0.112576
0.111327
0.110011
0.108628
0.107179
0.105665
0.104087
0.102445
0.100742
0.0989769
0.0971521
0.0952684
0.0933267
0.0913285
0.0892747
0.0871668
0.085006
0.0827935
0.0805308
0.0782192
0.0758601
0.073455
0.0710053
0.0685124
0.065978
0.0634035
0.0607905
0.0581406
0.0554554
0.0527366
0.0499857
0.0472045
0.0443946
0.0415578
0.0386958
0.0358102
0.0329029
0.0299757
0.0270302
0.0240683
0.0210919
0.0181026
0.0151023
0.0120929
0.00907607
0.00605378
0.00302781
0
0
-0.00242445
-0.00484744
-0.00726747
-0.0096831
-0.0120928
-0.0144953
-0.0168889
-0.0192722
-0.0216439
-0.0240024
-0.0263463
-0.0286743
-0.0309848
-0.0332765
-0.0355481
-0.037798
-0.040025
-0.0422277
-0.0444048
-0.0465549
-0.0486767
-0.050769
-0.0528305
-0.0548599
-0.056856
-0.0588175
-0.0607434
-0.0626324
-0.0644833
-0.0662952
-0.0680667
-0.069797
-0.0714849
-0.0731293
-0.0747294
-0.0762841
-0.0777925
-0.0792537
-0.0806667
-0.0820308
-0.0833451
-0.0846088
-0.0858211
-0.0869813
-0.0880887
-0.0891427
-0.0901425
-0.0910876
-0.0919774
-0.0928113
-0.0935889
-0.0943097
-0.0949732
-0.0955791
-0.096127
-0.0966164
-0.0970473
-0.0974192
-0.097732
-0.0979854
-0.0981794
-0.0983137
-0.0983884
-0.0984033
-0.0983585
-0.098254
-0.0980898
-0.0978661
-0.097583
-0.0972406
-0.0968392
-0.096379
-0.0958603
-0.0952834
-0.0946486
-0.0939564
-0.0932072
-0.0924013
-0.0915394
-0.0906219
-0.0896493
-0.0886224
-0.0875416
-0.0864077
-0.0852214
-0.0839833
-0.0826942
-0.0813549
-0.0799662
-0.078529
-0.0770441
-0.0755124
-0.0739349
-0.0723125
-0.0706462
-0.068937
-0.067186
-0.0653942
-0.0635626
-0.0616925
-0.0597849
-0.0578411
-0.0558621
-0.0538492
-0.0518036
-0.0497266
-0.0476193
-0.0454832
-0.0433195
-0.0411294
-0.0389144
-0.0366758
-0.0344148
-0.032133
-0.0298317
-0.0275123
-0.0251762
-0.0228248
-0.0204595
-0.0180818
-0.0156932
-0.013295
-0.0108887
-0.00847585
-0.00605784
-0.00363614
-0.00121224
0.0012124
0.0036363
0.006058
0.00847602
0.0108889
0.0132951
0.0156933
0.018082
0.0204597
0.0228249
0.0251764
0.0275125
0.0298319
0.0321332
0.034415
0.0366759
0.0389146
0.0411296
0.0433196
0.0454834
0.0476195
0.0497267
0.0518038
0.0538494
0.0558623
0.0578412
0.0597851
0.0616927
0.0635628
0.0653943
0.0671862
0.0689372
0.0706464
0.0723127
0.0739351
0.0755126
0.0770443
0.0785292
0.0799664
0.0813551
0.0826943
0.0839834
0.0852215
0.0864079
0.0875418
0.0886225
0.0896495
0.090622
0.0915395
0.0924015
0.0932073
0.0939566
0.0946488
0.0952835
0.0958604
0.0963791
0.0968393
0.0972407
0.0975831
0.0978662
0.09809
0.0982541
0.0983586
0.0984034
0.0983885
0.0983138
0.0981795
0.0979855
0.0977321
0.0974193
0.0970474
0.0966166
0.0961271
0.0955792
0.0949733
0.0943098
0.093589
0.0928114
0.0919774
0.0910877
0.0901426
0.0891428
0.0880888
0.0869814
0.0858212
0.0846089
0.0833452
0.0820309
0.0806668
0.0792538
0.0777926
0.0762842
0.0747295
0.0731294
0.0714849
0.069797
0.0680668
0.0662952
0.0644834
0.0626324
0.0607434
0.0588176
0.056856
0.0548599
0.0528305
0.050769
0.0486768
0.0465549
0.0444048
0.0422277
0.040025
0.037798
0.0355481
0.0332766
0.0309848
0.0286743
0.0263463
0.0240024
0.0216439
0.0192722
0.0168889
0.0144953
0.0120929
0.00968311
0.00726748
0.00484744
0.00242446
0
0
-0.00181963
-0.00363815
-0.00545447
-0.00726747
-0.00907607
-0.0108791
-0.0126756
-0.0144644
-0.0162444
-0.0180145
-0.0197738
-0.0215209
-0.0232551
-0.0249751
-0.0266799
-0.0283686
-0.03004
-0.0316932
-0.0333272
-0.0349409
-0.0365334
-0.0381037
-0.0396509
-0.0411741
-0.0426722
-0.0441444
-0.0455898
-0.0470076
-0.0483968
-0.0497566
-0.0510862
-0.0523848
-0.0536516
-0.0548859
-0.0560868
-0.0572536
-0.0583857
-0.0594824
-0.0605429
-0.0615667
-0.0625531
-0.0635016
-0.0644115
-0.0652822
-0.0661134
-0.0669044
-0.0676548
-0.0683641
-0.0690319
-0.0696578
-0.0702414
-0.0707824
-0.0712804
-0.0717352
-0.0721463
-0.0725137
-0.0728371
-0.0731162
-0.0733509
-0.0735412
-0.0736867
-0.0737876
-0.0738436
-0.0738548
-0.0738212
-0.0737427
-0.0736195
-0.0734516
-0.0732391
-0.0729822
-0.0726809
-0.0723355
-0.0719462
-0.0715132
-0.0710368
-0.0705173
-0.0699549
-0.0693501
-0.0687032
-0.0680146
-0.0672847
-0.0665139
-0.0657028
-0.0648517
-0.0639613
-0.0630321
-0.0620646
-0.0610594
-0.0600172
-0.0589385
-0.0578241
-0.0566745
-0.0554905
-0.0542728
-0.0530222
-0.0517394
-0.0504252
-0.0490804
-0.0477058
-0.0463022
-0.0448705
-0.0434116
-0.0419263
-0.0404155
-0.0388803
-0.0373214
-0.0357398
-0.0341366
-0.0325126
-0.0308689
-0.0292065
-0.0275263
-0.0258294
-0.0241169
-0.0223897
-0.0206489
-0.0188955
-0.0171307
-0.0153555
-0.013571
-0.0117782
-0.00997831
-0.00817233
-0.0063614
-0.0045466
-0.00272904
-0.000909823
0.000909945
0.00272916
0.00454672
0.00636152
0.00817245
0.00997843
0.0117783
0.0135711
0.0153556
0.0171308
0.0188957
0.020649
0.0223898
0.024117
0.0258296
0.0275264
0.0292066
0.030869
0.0325127
0.0341367
0.0357399
0.0373215
0.0388804
0.0404156
0.0419264
0.0434117
0.0448706
0.0463023
0.0477059
0.0490805
0.0504253
0.0517395
0.0530223
0.054273
0.0554906
0.0566746
0.0578242
0.0589386
0.0600173
0.0610596
0.0620647
0.0630322
0.0639615
0.0648519
0.0657029
0.066514
0.0672848
0.0680147
0.0687033
0.0693502
0.069955
0.0705174
0.0710369
0.0715133
0.0719463
0.0723356
0.072681
0.0729823
0.0732392
0.0734517
0.0736196
0.0737428
0.0738213
0.0738549
0.0738437
0.0737877
0.0736868
0.0735412
0.073351
0.0731163
0.0728371
0.0725138
0.0721464
0.0717352
0.0712805
0.0707825
0.0702415
0.0696579
0.069032
0.0683642
0.0676549
0.0669045
0.0661134
0.0652823
0.0644115
0.0635016
0.0625532
0.0615668
0.060543
0.0594825
0.0583858
0.0572537
0.0560868
0.0548859
0.0536517
0.0523849
0.0510863
0.0497567
0.0483968
0.0470076
0.0455899
0.0441445
0.0426722
0.0411741
0.039651
0.0381038
0.0365334
0.0349409
0.0333272
0.0316933
0.0300401
0.0283686
0.02668
0.0249751
0.0232551
0.021521
0.0197738
0.0180146
0.0162444
0.0144644
0.0126756
0.0108792
0.00907607
0.00726748
0.00545447
0.00363816
0.00181963
0
0
-0.0012137
-0.00242666
-0.00363815
-0.00484744
-0.00605377
-0.00725644
-0.0084547
-0.00964782
-0.0108351
-0.0120158
-0.0131892
-0.0143546
-0.0155112
-0.0166585
-0.0177956
-0.018922
-0.0200368
-0.0211395
-0.0222294
-0.0233057
-0.0243679
-0.0254154
-0.0264473
-0.0274633
-0.0284625
-0.0294445
-0.0304086
-0.0313543
-0.0322809
-0.0331879
-0.0340747
-0.0349409
-0.0357859
-0.0366091
-0.0374101
-0.0381884
-0.0389435
-0.039675
-0.0403824
-0.0410653
-0.0417232
-0.0423558
-0.0429627
-0.0435435
-0.0440979
-0.0446255
-0.045126
-0.0455991
-0.0460446
-0.0464621
-0.0468513
-0.0472122
-0.0475443
-0.0478476
-0.0481219
-0.0483669
-0.0485826
-0.0487688
-0.0489254
-0.0490523
-0.0491494
-0.0492166
-0.049254
-0.0492615
-0.049239
-0.0491867
-0.0491045
-0.0489925
-0.0488508
-0.0486794
-0.0484785
-0.0482481
-0.0479884
-0.0476996
-0.0473818
-0.0470353
-0.0466602
-0.0462568
-0.0458253
-0.045366
-0.0448792
-0.0443651
-0.043824
-0.0432564
-0.0426625
-0.0420427
-0.0413974
-0.0407269
-0.0400317
-0.0393122
-0.0385689
-0.0378021
-0.0370124
-0.0362002
-0.0353661
-0.0345104
-0.0336338
-0.0327368
-0.0318199
-0.0308838
-0.0299288
-0.0289557
-0.027965
-0.0269573
-0.0259333
-0.0248935
-0.0238386
-0.0227692
-0.0216861
-0.0205897
-0.0194808
-0.0183602
-0.0172283
-0.0160861
-0.014934
-0.0137729
-0.0126034
-0.0114263
-0.0102422
-0.00905191
-0.00785613
-0.00665557
-0.00545098
-0.00424308
-0.0030326
-0.00182028
-0.000606856
0.000606937
0.00182036
0.00303268
0.00424316
0.00545106
0.00665565
0.00785621
0.00905199
0.0102423
0.0114263
0.0126035
0.013773
0.0149341
0.0160861
0.0172284
0.0183602
0.0194809
0.0205898
0.0216861
0.0227693
0.0238387
0.0248936
0.0259334
0.0269574
0.0279651
0.0289558
0.0299289
0.0308838
0.03182
0.0327369
0.0336339
0.0345105
0.0353661
0.0362003
0.0370125
0.0378022
0.038569
0.0393123
0.0400318
0.040727
0.0413974
0.0420428
0.0426626
0.0432565
0.0438241
0.0443651
0.0448792
0.0453661
0.0458254
0.0462569
0.0466603
0.0470354
0.0473819
0.0476997
0.0479885
0.0482481
0.0484785
0.0486795
0.0488509
0.0489926
0.0491046
0.0491868
0.0492391
0.0492615
0.0492541
0.0492167
0.0491494
0.0490523
0.0489254
0.0487689
0.0485827
0.048367
0.048122
0.0478477
0.0475444
0.0472122
0.0468514
0.0464621
0.0460446
0.0455992
0.0451261
0.0446256
0.0440979
0.0435436
0.0429627
0.0423559
0.0417232
0.0410653
0.0403824
0.039675
0.0389436
0.0381885
0.0374102
0.0366091
0.0357859
0.0349409
0.0340748
0.0331879
0.0322809
0.0313543
0.0304086
0.0294445
0.0284626
0.0274633
0.0264474
0.0254154
0.024368
0.0233057
0.0222294
0.0211395
0.0200368
0.018922
0.0177957
0.0166585
0.0155112
0.0143546
0.0131892
0.0120158
0.0108351
0.00964783
0.0084547
0.00725644
0.00605378
0.00484744
0.00363816
0.00242667
0.0012137
0
0
-0.000607034
-0.0012137
-0.00181963
-0.00242445
-0.00302781
-0.00362932
-0.00422863
-0.00482537
-0.00541919
-0.00600971
-0.00659659
-0.00717946
-0.00775797
-0.00833178
-0.00890052
-0.00946386
-0.0100215
-0.010573
-0.0111181
-0.0116564
-0.0121877
-0.0127115
-0.0132277
-0.0137358
-0.0142356
-0.0147267
-0.0152089
-0.0156819
-0.0161453
-0.016599
-0.0170425
-0.0174758
-0.0178984
-0.0183101
-0.0187107
-0.0191
-0.0194777
-0.0198435
-0.0201973
-0.0205389
-0.0208679
-0.0211843
-0.0214879
-0.0217784
-0.0220556
-0.0223195
-0.0225699
-0.0228065
-0.0230293
-0.0232381
-0.0234328
-0.0236133
-0.0237794
-0.0239311
-0.0240683
-0.0241908
-0.0242987
-0.0243918
-0.0244701
-0.0245336
-0.0245821
-0.0246158
-0.0246345
-0.0246382
-0.024627
-0.0246008
-0.0245597
-0.0245037
-0.0244328
-0.0243471
-0.0242466
-0.0241314
-0.0240015
-0.023857
-0.0236981
-0.0235248
-0.0233372
-0.0231354
-0.0229196
-0.0226899
-0.0224464
-0.0221893
-0.0219187
-0.0216348
-0.0213377
-0.0210277
-0.020705
-0.0203696
-0.0200219
-0.0196621
-0.0192903
-0.0189068
-0.0185118
-0.0181056
-0.0176884
-0.0172604
-0.016822
-0.0163734
-0.0159148
-0.0154466
-0.0149689
-0.0144822
-0.0139867
-0.0134828
-0.0129706
-0.0124505
-0.0119229
-0.0113881
-0.0108463
-0.010298
-0.00974338
-0.00918287
-0.00861679
-0.00804547
-0.00746927
-0.00688853
-0.00630361
-0.00571487
-0.00512265
-0.00452733
-0.00392926
-0.0033288
-0.00272632
-0.00212218
-0.00151676
-0.000910416
-0.00030352
0.000303561
0.000910457
0.0015168
0.00212222
0.00272636
0.00332884
0.0039293
0.00452737
0.00512269
0.00571491
0.00630365
0.00688857
0.00746931
0.00804551
0.00861683
0.00918291
0.00974342
0.010298
0.0108464
0.0113881
0.011923
0.0124506
0.0129706
0.0134828
0.0139868
0.0144823
0.014969
0.0154466
0.0159148
0.0163734
0.0168221
0.0172605
0.0176884
0.0181056
0.0185119
0.0189068
0.0192903
0.0196621
0.020022
0.0203697
0.020705
0.0210278
0.0213378
0.0216348
0.0219187
0.0221893
0.0224464
0.0226899
0.0229197
0.0231355
0.0233372
0.0235248
0.0236981
0.0238571
0.0240015
0.0241314
0.0242466
0.0243471
0.0244328
0.0245037
0.0245598
0.0246009
0.024627
0.0246382
0.0246345
0.0246158
0.0245822
0.0245336
0.0244701
0.0243918
0.0242987
0.0241908
0.0240683
0.0239311
0.0237794
0.0236133
0.0234328
0.0232381
0.0230293
0.0228065
0.0225699
0.0223196
0.0220557
0.0217784
0.0214879
0.0211844
0.020868
0.0205389
0.0201973
0.0198435
0.0194777
0.0191
0.0187108
0.0183101
0.0178984
0.0174758
0.0170426
0.016599
0.0161453
0.0156819
0.0152089
0.0147267
0.0142356
0.0137358
0.0132277
0.0127115
0.0121877
0.0116564
0.0111181
0.010573
0.0100215
0.00946387
0.00890053
0.00833178
0.00775798
0.00717947
0.00659659
0.00600972
0.00541919
0.00482538
0.00422863
0.00362932
0.00302781
0.00242446
0.00181963
0.0012137
0.000607035
0
0
0
0
0
0
0
0
0
0
0
0
0
0
0
0
0
0
0
0
0
0
0
0
0
0
0
0
0
0
0
0
0
0
0
0
0
0
0
0
0
0
0
0
0
0
0
0
0
0
0
0
0
0
0
0
0
0
0
0
0
0
0
0
0
0
0
0
0
0
0
0
0
0
0
0
0
0
0
0
0
0
0
0
0
0
0
0
0
0
0
0
0
0
0
0
0
0
0
0
0
0
0
0
0
0
0
0
0
0
0
0
0
0
0
0
0
0
0
0
0
0
0
0
0
0
0
0
0
0
0
0
0
0
0
0
0
0
0
0
0
0
0
0
0
0
0
0
0
0
0
0
0
0
0
0
0
0
0
0
0
0
0
0
0
0
0
0
0
0
0
0
0
0
0
0
0
0
0
0
0
0
0
0
0
0
0
0
0
0
0
0
0
0
0
0
0
0
0
0
0
0
0
0
0
0
0
0
0
0
0
0
0
0
0
0
0
0
0
0
0
0
0
0
0
0
0
0
0
0
0
0
0
0
0
0
0
0
0
0
0
0
0
0
0
0
0
0
0
0
0
0
0
0
0
0
0
1
1
1
1
1
1
1
1
1
1
1
1
1
1
1
1
1
1
1
1
1
1
1
1
1
1
1
1
1
1
1
1
1
1
1
1
1
1
1
1
1
1
1
1
1
1
1
1
1
1
1
1
1
1
1
1
1
1
1
1
1
1
1
1
1
1
1
1
1
1
1
1
1
1
1
1
1
1
1
1
1
1
1
1
1
1
1
1
1
1
1
1
1
1
1
1
1
1
1
1
1
1
1
1
1
1
1
1
1
1
1
1
1
1
1
1
1
1
1
1
1
1
1
1
1
1
1
1
1
1
1
1
1
1
1
1
1
1
1
1
1
1
1
1
1
1
1
1
1
1
1
1
1
1
1
1
1
1
1
1
1
1
1
1
1
1
1
1
1
1
1
1
1
1
1
1
1
1
1
1
1
1
1
1
1
1
1
1
1
1
1
1
1
1
1
1
1
1
1
1
1
1
1
1
1
1
1
1
1
1
1
1
1
1
1
1
1
1
1
1
1
1
1
1
1
1
1
1
1
1
1
1
1
1
1
1
1
1
1
1
1
1
1
1
1
1
1
1
1
1
1
1
1
1
1
1
1
1
1
1
1
1
1
1
1
1
1
1
1
1
1
1
1
1
1
1
1
1
1
1
1
1
1
1
1
1
1
1
1
1
1
1
1
1
1
1
1
1
1
1
1
1
1
1
1
1
1
1
1
1
1
1
1
1
1
1
1
1
1
1
1
1
1
1
1
1
1
1
1
1
1
1
1
1
1
1
1
1
1
1
1
1
1
1
1
1
1
1
1
1
1
1
1
1
1
1
1
1
1
1
1
1
1
1
1
1
1
1
1
1
1
1
1
1
1
1
1
1
1
1
1
1
1
1
1
1
1
1
1
1
1
1
1
1
1
1
1
1
1
1
1
1
1
1
1
1
1
1
1
1
1
1
1
1
1
1
1
1
1
1
1
1
1
1
1
1
1
1
1
1
1
1
1
1
1
1
1
1
1
1
1
1
1
1
1
1
1
1
1
1
1
1
1
1
1
1
1
1
1
1
1
1
1
1
1
1
1
1
1
1
1
1
1
1
1
1
1
1
1
1
1
1
1
1
1
1
1
1
1
1
1
1
1
1
1
1
1
1
1
1
1
1
1
1
1
1
1
1
1
1
1
1
