x y solution
0 0 0
0.015873 0 0.00897717
0.031746 0 0.0178651
0.047619 0 0.0265755
0.0634921 0 0.0350218
0.0793651 0 0.04312
0.0952381 0 0.0507897
0.111111 0 0.0579546
0.126984 0 0.0645435
0.142857 0 0.070491
0.15873 0 0.0757379
0.174603 0 0.080232
0.190476 0 0.0839288
0.206349 0 0.0867915
0.222222 0 0.0887916
0.238095 0 0.0899092
0.253968 0 0.0901333
0.269841 0 0.0894616
0.285714 0 0.0879008
0.301587 0 0.0854664
0.31746 0 0.0821826
0.333333 0 0.078082
0.349206 0 0.0732054
0.365079 0 0.0676013
0.380952 0 0.0613253
0.396825 0 0.0544398
0.412698 0 0.0470133
0.428571 0 0.0391195
0.444444 0 0.030837
0.460317 0 0.022248
0.47619 0 0.0134378
0.492063 0 0.00449417
0.507937 0 -0.00449417
0.52381 0 -0.0134378
0.539683 0 -0.022248
0.555556 0 -0.030837
0.571429 0 -0.0391195
0.587302 0 -0.0470133
0.603175 0 -0.0544398
0.619048 0 -0.0613253
0.634921 0 -0.0676013
0.650794 0 -0.0732054
0.666667 0 -0.078082
0.68254 0 -0.0821826
0.698413 0 -0.0854664
0.714286 0 -0.0879008
0.730159 0 -0.0894616
0.746032 0 -0.0901333
0.761905 0 -0.0899092
0.777778 0 -0.0887916
0.793651 0 -0.0867915
0.809524 0 -0.0839288
0.825397 0 -0.080232
0.84127 0 -0.0757379
0.857143 0 -0.070491
0.873016 0 -0.0645435
0.888889 0 -0.0579546
0.904762 0 -0.0507897
0.920635 0 -0.04312
0.936508 0 -0.0350218
0.952381 0 -0.0265755
0.968254 0 -0.0178651
0.984127 0 -0.00897717
1 0 0
0 0.015873 0
0.015873 0.015873 0.0180436
0.031746 0.015873 0.0359078
0.047619 0.015873 0.0534152
0.0634921 0.015873 0.0703917
0.0793651 0.015873 0.0866686
0.0952381 0.015873 0.102084
0.111111 0.015873 0.116485
0.126984 0.015873 0.129729
0.142857 0.015873 0.141683
0.15873 0.015873 0.152229
0.174603 0.015873 0.161262
0.190476 0.015873 0.168692
0.206349 0.015873 0.174446
0.222222 0.015873 0.178466
0.238095 0.015873 0.180712
0.253968 0.015873 0.181163
0.269841 0.015873 0.179812
0.285714 0.015873 0.176675
0.301587 0.015873 0.171782
0.31746 0.015873 0.165182
0.333333 0.015873 0.15694
0.349206 0.015873 0.147138
0.365079 0.015873 0.135874
0.380952 0.015873 0.12326
0.396825 0.015873 0.109421
0.412698 0.015873 0.0944939
0.428571 0.015873 0.0786279
0.444444 0.015873 0.0619805
0.460317 0.015873 0.0447171
0.47619 0.015873 0.0270093
0.492063 0.015873 0.00903301
0.507937 0.015873 -0.00903301
0.52381 0.015873 -0.0270093
0.539683 0.015873 -0.0447171
0.555556 0.015873 -0.0619805
0.571429 0.015873 -0.0786279
0.587302 0.015873 -0.0944939
0.603175 0.015873 -0.109421
0.619048 0.015873 -0.12326
0.634921 0.015873 -0.135874
0.650794 0.015873 -0.147138
0.666667 0.015873 -0.15694
0.68254 0.015873 -0.165182
0.698413 0.015873 -0.171782
0.714286 0.015873 -0.176675
0.730159 0.015873 -0.179812
0.746032 0.015873 -0.181163
0.761905 0.015873 -0.180712
0.777778 0.015873 -0.178466
0.793651 0.015873 -0.174446
0.809524 0.015873 -0.168692
0.825397 0.015873 -0.161262
0.84127 0.015873 -0.152229
0.857143 0.015873 -0.141683
0.873016 0.015873 -0.129729
0.888889 0.015873 -0.116485
0.904762 0.015873 -0.102084
0.920635 0.015873 -0.0866686
0.936508 0.015873 -0.0703917
0.952381 0.015873 -0.0534152
0.968254 0.015873 -0.0359078
0.984127 0.015873 -0.0180436
1 0.015873 0
0 0.031746 0
0.015873 0.031746 0.0270921
0.031746 0.031746 0.053915
0.047619 0.031746 0.080202
0.0634921 0.031746 0.105692
0.0793651 0.031746 0.130131
0.0952381 0.031746 0.153278
0.111111 0.031746 0.174901
0.126984 0.031746 0.194785
0.142857 0.031746 0.212734
0.15873 0.031746 0.228568
0.174603 0.031746 0.242131
0.190476 0.031746 0.253288
0.206349 0.031746 0.261927
0.222222 0.031746 0.267963
0.238095 0.031746 0.271336
0.253968 0.031746 0.272012
0.269841 0.031746 0.269985
0.285714 0.031746 0.265275
0.301587 0.031746 0.257928
0.31746 0.031746 0.248018
0.333333 0.031746 0.235643
0.349206 0.031746 0.220926
0.365079 0.031746 0.204013
0.380952 0.031746 0.185073
0.396825 0.031746 0.164293
0.412698 0.031746 0.141881
0.428571 0.031746 0.118058
0.444444 0.031746 0.0930626
0.460317 0.031746 0.0671419
0.47619 0.031746 0.0405539
0.492063 0.031746 0.0135629
0.507937 0.031746 -0.0135629
0.52381 0.031746 -0.0405539
0.539683 0.031746 -0.0671419
0.555556 0.031746 -0.0930626
0.571429 0.031746 -0.118058
0.587302 0.031746 -0.141881
0.603175 0.031746 -0.164293
0.619048 0.031746 -0.185073
0.634921 0.031746 -0.204013
0.650794 0.031746 -0.220926
0.666667 0.031746 -0.235643
0.68254 0.031746 -0.248018
0.698413 0.031746 -0.257928
0.714286 0.031746 -0.265275
0.730159 0.031746 -0.269985
0.746032 0.031746 -0.272012
0.761905 0.031746 -0.271336
0.777778 0.031746 -0.267963
0.793651 0.031746 -0.261927
0.809524 0.031746 -0.253288
0.825397 0.031746 -0.242131
0.84127 0.031746 -0.228568
0.857143 0.031746 -0.212734
0.873016 0.031746 -0.194785
0.888889 0.031746 -0.174901
0.904762 0.031746 -0.153278
0.920635 0.031746 -0.130131
0.936508 0.031746 -0.105692
0.952381 0.031746 -0.080202
0.968254 0.031746 -0.053915
0.984127 0.031746 -0.0270921
1 0.031746 0
0 0.047619 0
0.015873 0.047619 0.0360175
0.031746 0.047619 0.071677
0.047619 0.047619 0.106624
0.0634921 0.047619 0.140512
0.0793651 0.047619 0.173003
0.0952381 0.047619 0.203774
0.111111 0.047619 0.232521
0.126984 0.047619 0.258956
0.142857 0.047619 0.282818
0.15873 0.047619 0.303869
0.174603 0.047619 0.3219
0.190476 0.047619 0.336732
0.206349 0.047619 0.348218
0.222222 0.047619 0.356242
0.238095 0.047619 0.360726
0.253968 0.047619 0.361625
0.269841 0.047619 0.35893
0.285714 0.047619 0.352668
0.301587 0.047619 0.342901
0.31746 0.047619 0.329726
0.333333 0.047619 0.313274
0.349206 0.047619 0.293709
0.365079 0.047619 0.271224
0.380952 0.047619 0.246044
0.396825 0.047619 0.218419
0.412698 0.047619 0.188623
0.428571 0.047619 0.156952
0.444444 0.047619 0.123722
0.460317 0.047619 0.0892615
0.47619 0.047619 0.0539142
0.492063 0.047619 0.0180311
0.507937 0.047619 -0.0180311
0.52381 0.047619 -0.0539142
0.539683 0.047619 -0.0892615
0.555556 0.047619 -0.123722
0.571429 0.047619 -0.156952
0.587302 0.047619 -0.188623
0.603175 0.047619 -0.218419
0.619048 0.047619 -0.246044
0.634921 0.047619 -0.271224
0.650794 0.047619 -0.293709
0.666667 0.047619 -0.313274
0.68254 0.047619 -0.329726
0.698413 0.047619 -0.342901
0.714286 0.047619 -0.352668
0.730159 0.047619 -0.35893
0.746032 0.047619 -0.361625
0.761905 0.047619 -0.360726
0.777778 0.047619 -0.356242
0.793651 0.047619 -0.348218
0.809524 0.047619 -0.336732
0.825397 0.047619 -0.3219
0.84127 0.047619 -0.303869
0.857143 0.047619 -0.282818
0.873016 0.047619 -0.258956
0.888889 0.047619 -0.232521
0.904762 0.047619 -0.203774
0.920635 0.047619 -0.173003
0.936508 0.047619 -0.140512
0.952381 0.047619 -0.106624
0.968254 0.047619 -0.071677
0.984127 0.047619 -0.0360175
1 0.047619 0
0 0.0634921 0
0.015873 0.0634921 0.044717
0.031746 0.0634921 0.0889896
0.047619 0.0634921 0.132378
0.0634921 0.0634921 0.17445
0.0793651 0.0634921 0.214789
0.0952381 0.0634921 0.252993
0.111111 0.0634921 0.288683
0.126984 0.0634921 0.321503
0.142857 0.0634921 0.351129
0.15873 0.0634921 0.377265
0.174603 0.0634921 0.399651
0.190476 0.0634921 0.418065
0.206349 0.0634921 0.432325
0.222222 0.0634921 0.442288
0.238095 0.0634921 0.447855
0.253968 0.0634921 0.448971
0.269841 0.0634921 0.445625
0.285714 0.0634921 0.437851
0.301587 0.0634921 0.425724
0.31746 0.0634921 0.409367
0.333333 0.0634921 0.388941
0.349206 0.0634921 0.36465
0.365079 0.0634921 0.336735
0.380952 0.0634921 0.305473
0.396825 0.0634921 0.271175
0.412698 0.0634921 0.234182
0.428571 0.0634921 0.194862
0.444444 0.0634921 0.153605
0.460317 0.0634921 0.110821
0.47619 0.0634921 0.0669365
0.492063 0.0634921 0.0223863
0.507937 0.0634921 -0.0223863
0.52381 0.0634921 -0.0669365
0.539683 0.0634921 -0.110821
0.555556 0.0634921 -0.153605
0.571429 0.0634921 -0.194862
0.587302 0.0634921 -0.234182
0.603175 0.0634921 -0.271175
0.619048 0.0634921 -0.305473
0.634921 0.0634921 -0.336735
0.650794 0.0634921 -0.36465
0.666667 0.0634921 -0.388941
0.68254 0.0634921 -0.409367
0.698413 0.0634921 -0.425724
0.714286 0.0634921 -0.437851
0.730159 0.0634921 -0.445625
0.746032 0.0634921 -0.448971
0.761905 0.0634921 -0.447855
0.777778 0.0634921 -0.442288
0.793651 0.0634921 -0.432325
0.809524 0.0634921 -0.418065
0.825397 0.0634921 -0.399651
0.84127 0.0634921 -0.377265
0.857143 0.0634921 -0.351129
0.873016 0.0634921 -0.321503
0.888889 0.0634921 -0.288683
0.904762 0.0634921 -0.252993
0.920635 0.0634921 -0.214789
0.936508 0.0634921 -0.17445
0.952381 0.0634921 -0.132378
0.968254 0.0634921 -0.0889896
0.984127 0.0634921 -0.044717
1 0.0634921 0
0 0.0793651 0
0.015873 0.0793651 0.0530916
0.031746 0.0793651 0.105656
0.047619 0.0793651 0.157169
0.0634921 0.0793651 0.207121
0.0793651 0.0793651 0.255015
0.0952381 0.0793651 0.300374
0.111111 0.0793651 0.342747
0.126984 0.0793651 0.381715
0.142857 0.0793651 0.416889
0.15873 0.0793651 0.447919
0.174603 0.0793651 0.474498
0.190476 0.0793651 0.496361
0.206349 0.0793651 0.513291
0.222222 0.0793651 0.52512
0.238095 0.0793651 0.531729
0.253968 0.0793651 0.533055
0.269841 0.0793651 0.529082
0.285714 0.0793651 0.519851
0.301587 0.0793651 0.505454
0.31746 0.0793651 0.486034
0.333333 0.0793651 0.461782
0.349206 0.0793651 0.432942
0.365079 0.0793651 0.399799
0.380952 0.0793651 0.362682
0.396825 0.0793651 0.321961
0.412698 0.0793651 0.27804
0.428571 0.0793651 0.231356
0.444444 0.0793651 0.182372
0.460317 0.0793651 0.131576
0.47619 0.0793651 0.0794724
0.492063 0.0793651 0.0265788
0.507937 0.0793651 -0.0265788
0.52381 0.0793651 -0.0794724
0.539683 0.0793651 -0.131576
0.555556 0.0793651 -0.182372
0.571429 0.0793651 -0.231356
0.587302 0.0793651 -0.27804
0.603175 0.0793651 -0.321961
0.619048 0.0793651 -0.362682
0.634921 0.0793651 -0.399799
0.650794 0.0793651 -0.432942
0.666667 0.0793651 -0.461782
0.68254 0.0793651 -0.486034
0.698413 0.0793651 -0.505454
0.714286 0.0793651 -0.519851
0.730159 0.0793651 -0.529082
0.746032 0.0793651 -0.533055
0.761905 0.0793651 -0.531729
0.777778 0.0793651 -0.52512
0.793651 0.0793651 -0.513291
0.809524 0.0793651 -0.496361
0.825397 0.0793651 -0.474498
0.84127 0.0793651 -0.447919
0.857143 0.0793651 -0.416889
0.873016 0.0793651 -0.381715
0.888889 0.0793651 -0.342747
0.904762 0.0793651 -0.300374
0.920635 0.0793651 -0.255015
0.936508 0.0793651 -0.207121
0.952381 0.0793651 -0.157169
0.968254 0.0793651 -0.105656
0.984127 0.0793651 -0.0530916
1 0.0793651 0
0 0.0952381 0
0.015873 0.0952381 0.0610467
0.031746 0.0952381 0.121487
0.047619 0.0952381 0.180719
0.0634921 0.0952381 0.238156
0.0793651 0.0952381 0.293225
0.0952381 0.0952381 0.345381
0.111111 0.0952381 0.394103
0.126984 0.0952381 0.43891
0.142857 0.0952381 0.479354
0.15873 0.0952381 0.515033
0.174603 0.0952381 0.545595
0.190476 0.0952381 0.570734
0.206349 0.0952381 0.590201
0.222222 0.0952381 0.603802
0.238095 0.0952381 0.611402
0.253968 0.0952381 0.612926
0.269841 0.0952381 0.608358
0.285714 0.0952381 0.597744
0.301587 0.0952381 0.58119
0.31746 0.0952381 0.558859
0.333333 0.0952381 0.530974
0.349206 0.0952381 0.497812
0.365079 0.0952381 0.459703
0.380952 0.0952381 0.417025
0.396825 0.0952381 0.370202
0.412698 0.0952381 0.3197
0.428571 0.0952381 0.266021
0.444444 0.0952381 0.209698
0.460317 0.0952381 0.151291
0.47619 0.0952381 0.0913802
0.492063 0.0952381 0.0305613
0.507937 0.0952381 -0.0305613
0.52381 0.0952381 -0.0913802
0.539683 0.0952381 -0.151291
0.555556 0.0952381 -0.209698
0.571429 0.0952381 -0.266021
0.587302 0.0952381 -0.3197
0.603175 0.0952381 -0.370202
0.619048 0.0952381 -0.417025
0.634921 0.0952381 -0.459703
0.650794 0.0952381 -0.497812
0.666667 0.0952381 -0.530974
0.68254 0.0952381 -0.558859
0.698413 0.0952381 -0.58119
0.714286 0.0952381 -0.597744
0.730159 0.0952381 -0.608358
0.746032 0.0952381 -0.612926
0.761905 0.0952381 -0.611402
0.777778 0.0952381 -0.603802
0.793651 0.0952381 -0.590201
0.809524 0.0952381 -0.570734
0.825397 0.0952381 -0.545595
0.84127 0.0952381 -0.515033
0.857143 0.0952381 -0.479354
0.873016 0.0952381 -0.43891
0.888889 0.0952381 -0.394103
0.904762 0.0952381 -0.345381
0.920635 0.0952381 -0.293225
0.936508 0.0952381 -0.238156
0.952381 0.0952381 -0.180719
0.968254 0.0952381 -0.121487
0.984127 0.0952381 -0.0610467
1 0.0952381 0
0 0.111111 0
0.015873 0.111111 0.0684927
0.031746 0.111111 0.136305
0.047619 0.111111 0.202762
0.0634921 0.111111 0.267204
0.0793651 0.111111 0.328991
0.0952381 0.111111 0.387508
0.111111 0.111111 0.442174
0.126984 0.111111 0.492445
0.142857 0.111111 0.537822
0.15873 0.111111 0.577854
0.174603 0.111111 0.612143
0.190476 0.111111 0.640348
0.206349 0.111111 0.662189
0.222222 0.111111 0.677449
0.238095 0.111111 0.685976
0.253968 0.111111 0.687686
0.269841 0.111111 0.682561
0.285714 0.111111 0.670653
0.301587 0.111111 0.652079
0.31746 0.111111 0.627025
0.333333 0.111111 0.595739
0.349206 0.111111 0.558532
0.365079 0.111111 0.515774
0.380952 0.111111 0.467891
0.396825 0.111111 0.415357
0.412698 0.111111 0.358695
0.428571 0.111111 0.298469
0.444444 0.111111 0.235276
0.460317 0.111111 0.169744
0.47619 0.111111 0.102526
0.492063 0.111111 0.034289
0.507937 0.111111 -0.034289
0.52381 0.111111 -0.102526
0.539683 0.111111 -0.169744
0.555556 0.111111 -0.235276
0.571429 0.111111 -0.298469
0.587302 0.111111 -0.358695
0.603175 0.111111 -0.415357
0.619048 0.111111 -0.467891
0.634921 0.111111 -0.515774
0.650794 0.111111 -0.558532
0.666667 0.111111 -0.595739
0.68254 0.111111 -0.627025
0.698413 0.111111 -0.652079
0.714286 0.111111 -0.670653
0.730159 0.111111 -0.682561
0.746032 0.111111 -0.687686
0.761905 0.111111 -0.685976
0.777778 0.111111 -0.677449
0.793651 0.111111 -0.662189
0.809524 0.111111 -0.640348
0.825397 0.111111 -0.612143
0.84127 0.111111 -0.577854
0.857143 0.111111 -0.537822
0.873016 0.111111 -0.492445
0.888889 0.111111 -0.442174
0.904762 0.111111 -0.387508
0.920635 0.111111 -0.328991
0.936508 0.111111 -0.267204
0.952381 0.111111 -0.202762
0.968254 0.111111 -0.136305
0.984127 0.111111 -0.0684927
1 0.111111 0
0 0.126984 0
0.015873 0.126984 0.0753464
0.031746 0.126984 0.149944
0.047619 0.126984 0.223051
0.0634921 0.126984 0.293942
0.0793651 0.126984 0.361911
0.0952381 0.126984 0.426283
0.111111 0.126984 0.486419
0.126984 0.126984 0.541721
0.142857 0.126984 0.591638
0.15873 0.126984 0.635676
0.174603 0.126984 0.673396
0.190476 0.126984 0.704424
0.206349 0.126984 0.728451
0.222222 0.126984 0.745238
0.238095 0.126984 0.754618
0.253968 0.126984 0.756499
0.269841 0.126984 0.750861
0.285714 0.126984 0.737761
0.301587 0.126984 0.717329
0.31746 0.126984 0.689767
0.333333 0.126984 0.655351
0.349206 0.126984 0.614421
0.365079 0.126984 0.567385
0.380952 0.126984 0.51471
0.396825 0.126984 0.456919
0.412698 0.126984 0.394588
0.428571 0.126984 0.328335
0.444444 0.126984 0.258818
0.460317 0.126984 0.18673
0.47619 0.126984 0.112785
0.492063 0.126984 0.0377201
0.507937 0.126984 -0.0377201
0.52381 0.126984 -0.112785
0.539683 0.126984 -0.18673
0.555556 0.126984 -0.258818
0.571429 0.126984 -0.328335
0.587302 0.126984 -0.394588
0.603175 0.126984 -0.456919
0.619048 0.126984 -0.51471
0.634921 0.126984 -0.567385
0.650794 0.126984 -0.614421
0.666667 0.126984 -0.655351
0.68254 0.126984 -0.689767
0.698413 0.126984 -0.717329
0.714286 0.126984 -0.737761
0.730159 0.126984 -0.750861
0.746032 0.126984 -0.756499
0.761905 0.126984 -0.754618
0.777778 0.126984 -0.745238
0.793651 0.126984 -0.728451
0.809524 0.126984 -0.704424
0.825397 0.126984 -0.673396
0.84127 0.126984 -0.635676
0.857143 0.126984 -0.591638
0.873016 0.126984 -0.541721
0.888889 0.126984 -0.486419
0.904762 0.126984 -0.426283
0.920635 0.126984 -0.361911
0.936508 0.126984 -0.293942
0.952381 0.126984 -0.223051
0.968254 0.126984 -0.149944
0.984127 0.126984 -0.0753464
1 0.126984 0
0 0.142857 0
0.015873 0.142857 0.081531
0.031746 0.142857 0.162252
0.047619 0.142857 0.24136
0.0634921 0.142857 0.318069
0.0793651 0.142857 0.391618
0.0952381 0.142857 0.461274
0.111111 0.142857 0.526346
0.126984 0.142857 0.586187
0.142857 0.142857 0.640202
0.15873 0.142857 0.687854
0.174603 0.142857 0.728671
0.190476 0.142857 0.762245
0.206349 0.142857 0.788244
0.222222 0.142857 0.806409
0.238095 0.142857 0.816559
0.253968 0.142857 0.818594
0.269841 0.142857 0.812494
0.285714 0.142857 0.798319
0.301587 0.142857 0.776209
0.31746 0.142857 0.746386
0.333333 0.142857 0.709144
0.349206 0.142857 0.664855
0.365079 0.142857 0.613958
0.380952 0.142857 0.556959
0.396825 0.142857 0.494425
0.412698 0.142857 0.426977
0.428571 0.142857 0.355285
0.444444 0.142857 0.280063
0.460317 0.142857 0.202057
0.47619 0.142857 0.122043
0.492063 0.142857 0.0408163
0.507937 0.142857 -0.0408163
0.52381 0.142857 -0.122043
0.539683 0.142857 -0.202057
0.555556 0.142857 -0.280063
0.571429 0.142857 -0.355285
0.587302 0.142857 -0.426977
0.603175 0.142857 -0.494425
0.619048 0.142857 -0.556959
0.634921 0.142857 -0.613958
0.650794 0.142857 -0.664855
0.666667 0.142857 -0.709144
0.68254 0.142857 -0.746386
0.698413 0.142857 -0.776209
0.714286 0.142857 -0.798319
0.730159 0.142857 -0.812494
0.746032 0.142857 -0.818594
0.761905 0.142857 -0.816559
0.777778 0.142857 -0.806409
0.793651 0.142857 -0.788244
0.809524 0.142857 -0.762245
0.825397 0.142857 -0.728671
0.84127 0.142857 -0.687854
0.857143 0.142857 -0.640202
0.873016 0.142857 -0.586187
0.888889 0.142857 -0.526346
0.904762 0.142857 -0.461274
0.920635 0.142857 -0.391618
0.936508 0.142857 -0.318069
0.952381 0.142857 -0.24136
0.968254 0.142857 -0.162252
0.984127 0.142857 -0.081531
1 0.142857 0
0 0.15873 0
0.015873 0.15873 0.0869775
0.031746 0.15873 0.173091
0.047619 0.15873 0.257483
0.0634921 0.15873 0.339317
0.0793651 0.15873 0.417779
0.0952381 0.15873 0.492088
0.111111 0.15873 0.561507
0.126984 0.15873 0.625345
0.142857 0.15873 0.682969
0.15873 0.15873 0.733805
0.174603 0.15873 0.777347
0.190476 0.15873 0.813165
0.206349 0.15873 0.8409
0.222222 0.15873 0.860279
0.238095 0.15873 0.871107
0.253968 0.15873 0.873278
0.269841 0.15873 0.86677
0.285714 0.15873 0.851648
0.301587 0.15873 0.828062
0.31746 0.15873 0.796246
0.333333 0.15873 0.756516
0.349206 0.15873 0.709268
0.365079 0.15873 0.654971
0.380952 0.15873 0.594165
0.396825 0.15873 0.527453
0.412698 0.15873 0.4555
0.428571 0.15873 0.379019
0.444444 0.15873 0.298772
0.460317 0.15873 0.215555
0.47619 0.15873 0.130196
0.492063 0.15873 0.0435429
0.507937 0.15873 -0.0435429
0.52381 0.15873 -0.130196
0.539683 0.15873 -0.215555
0.555556 0.15873 -0.298772
0.571429 0.15873 -0.379019
0.587302 0.15873 -0.4555
0.603175 0.15873 -0.527453
0.619048 0.15873 -0.594165
0.634921 0.15873 -0.654971
0.650794 0.15873 -0.709268
0.666667 0.15873 -0.756516
0.68254 0.15873 -0.796246
0.698413 0.15873 -0.828062
0.714286 0.15873 -0.851648
0.730159 0.15873 -0.86677
0.746032 0.15873 -0.873278
0.761905 0.15873 -0.871107
0.777778 0.15873 -0.860279
0.793651 0.15873 -0.8409
0.809524 0.15873 -0.813165
0.825397 0.15873 -0.777347
0.84127 0.15873 -0.733805
0.857143 0.15873 -0.682969
0.873016 0.15873 -0.625345
0.888889 0.15873 -0.561507
0.904762 0.15873 -0.492088
0.920635 0.15873 -0.417779
0.936508 0.15873 -0.339317
0.952381 0.15873 -0.257483
0.968254 0.15873 -0.173091
0.984127 0.15873 -0.0869775
1 0.15873 0
0 0.174603 0
0.015873 0.174603 0.0916246
0.031746 0.174603 0.182339
0.047619 0.174603 0.27124
0.0634921 0.174603 0.357447
0.0793651 0.174603 0.4401
0.0952381 0.174603 0.51838
0.111111 0.174603 0.591508
0.126984 0.174603 0.658757
0.142857 0.174603 0.719459
0.15873 0.174603 0.773011
0.174603 0.174603 0.81888
0.190476 0.174603 0.856611
0.206349 0.174603 0.885829
0.222222 0.174603 0.906242
0.238095 0.174603 0.91765
0.253968 0.174603 0.919937
0.269841 0.174603 0.913081
0.285714 0.174603 0.897151
0.301587 0.174603 0.872304
0.31746 0.174603 0.838788
0.333333 0.174603 0.796936
0.349206 0.174603 0.747164
0.365079 0.174603 0.689966
0.380952 0.174603 0.62591
0.396825 0.174603 0.555635
0.412698 0.174603 0.479837
0.428571 0.174603 0.39927
0.444444 0.174603 0.314735
0.460317 0.174603 0.227072
0.47619 0.174603 0.137152
0.492063 0.174603 0.0458693
0.507937 0.174603 -0.0458693
0.52381 0.174603 -0.137152
0.539683 0.174603 -0.227072
0.555556 0.174603 -0.314735
0.571429 0.174603 -0.39927
0.587302 0.174603 -0.479837
0.603175 0.174603 -0.555635
0.619048 0.174603 -0.62591
0.634921 0.174603 -0.689966
0.650794 0.174603 -0.747164
0.666667 0.174603 -0.796936
0.68254 0.174603 -0.838788
0.698413 0.174603 -0.872304
0.714286 0.174603 -0.897151
0.730159 0.174603 -0.913081
0.746032 0.174603 -0.919937
0.761905 0.174603 -0.91765
0.777778 0.174603 -0.906242
0.793651 0.174603 -0.885829
0.809524 0.174603 -0.856611
0.825397 0.174603 -0.81888
0.84127 0.174603 -0.773011
0.857143 0.174603 -0.719459
0.873016 0.174603 -0.658757
0.888889 0.174603 -0.591508
0.904762 0.174603 -0.51838
0.920635 0.174603 -0.4401
0.936508 0.174603 -0.357447
0.952381 0.174603 -0.27124
0.968254 0.174603 -0.182339
0.984127 0.174603 -0.0916246
1 0.174603 0
0 0.190476 0
0.015873 0.190476 0.0954198
0.031746 0.190476 0.189891
0.047619 0.190476 0.282476
0.0634921 0.190476 0.372253
0.0793651 0.190476 0.45833
0.0952381 0.190476 0.539852
0.111111 0.190476 0.616009
0.126984 0.190476 0.686044
0.142857 0.190476 0.74926
0.15873 0.190476 0.80503
0.174603 0.190476 0.8528
0.190476 0.190476 0.892093
0.206349 0.190476 0.922521
0.222222 0.190476 0.943781
0.238095 0.190476 0.95566
0.253968 0.190476 0.958042
0.269841 0.190476 0.950902
0.285714 0.190476 0.934312
0.301587 0.190476 0.908437
0.31746 0.190476 0.873532
0.333333 0.190476 0.829947
0.349206 0.190476 0.778113
0.365079 0.190476 0.718545
0.380952 0.190476 0.651837
0.396825 0.190476 0.57865
0.412698 0.190476 0.499712
0.428571 0.190476 0.415808
0.444444 0.190476 0.327772
0.460317 0.190476 0.236477
0.47619 0.190476 0.142833
0.492063 0.190476 0.0477693
0.507937 0.190476 -0.0477693
0.52381 0.190476 -0.142833
0.539683 0.190476 -0.236477
0.555556 0.190476 -0.327772
0.571429 0.190476 -0.415808
0.587302 0.190476 -0.499712
0.603175 0.190476 -0.57865
0.619048 0.190476 -0.651837
0.634921 0.190476 -0.718545
0.650794 0.190476 -0.778113
0.666667 0.190476 -0.829947
0.68254 0.190476 -0.873532
0.698413 0.190476 -0.908437
0.714286 0.190476 -0.934312
0.730159 0.190476 -0.950902
0.746032 0.190476 -0.958042
0.761905 0.190476 -0.95566
0.777778 0.190476 -0.943781
0.793651 0.190476 -0.922521
0.809524 0.190476 -0.892093
0.825397 0.190476 -0.8528
0.84127 0.190476 -0.80503
0.857143 0.190476 -0.74926
0.873016 0.190476 -0.686044
0.888889 0.190476 -0.616009
0.904762 0.190476 -0.539852
0.920635 0.190476 -0.45833
0.936508 0.190476 -0.372253
0.952381 0.190476 -0.282476
0.968254 0.190476 -0.189891
0.984127 0.190476 -0.0954198
1 0.190476 0
0 0.206349 0
0.015873 0.206349 0.0983197
0.031746 0.206349 0.195662
0.047619 0.206349 0.29106
0.0634921 0.206349 0.383566
0.0793651 0.206349 0.472259
0.0952381 0.206349 0.556259
0.111111 0.206349 0.63473
0.126984 0.206349 0.706893
0.142857 0.206349 0.772031
0.15873 0.206349 0.829496
0.174603 0.206349 0.878717
0.190476 0.206349 0.919205
0.206349 0.206349 0.950557
0.222222 0.206349 0.972463
0.238095 0.206349 0.984703
0.253968 0.206349 0.987158
0.269841 0.206349 0.979801
0.285714 0.206349 0.962707
0.301587 0.206349 0.936045
0.31746 0.206349 0.90008
0.333333 0.206349 0.855169
0.349206 0.206349 0.80176
0.365079 0.206349 0.740382
0.380952 0.206349 0.671647
0.396825 0.206349 0.596236
0.412698 0.206349 0.514899
0.428571 0.206349 0.428445
0.444444 0.206349 0.337733
0.460317 0.206349 0.243664
0.47619 0.206349 0.147174
0.492063 0.206349 0.049221
0.507937 0.206349 -0.049221
0.52381 0.206349 -0.147174
0.539683 0.206349 -0.243664
0.555556 0.206349 -0.337733
0.571429 0.206349 -0.428445
0.587302 0.206349 -0.514899
0.603175 0.206349 -0.596236
0.619048 0.206349 -0.671647
0.634921 0.206349 -0.740382
0.650794 0.206349 -0.80176
0.666667 0.206349 -0.855169
0.68254 0.206349 -0.90008
0.698413 0.206349 -0.936045
0.714286 0.206349 -0.962707
0.730159 0.206349 -0.979801
0.746032 0.206349 -0.987158
0.761905 0.206349 -0.984703
0.777778 0.206349 -0.972463
0.793651 0.206349 -0.950557
0.809524 0.206349 -0.919205
0.825397 0.206349 -0.878717
0.84127 0.206349 -0.829496
0.857143 0.206349 -0.772031
0.873016 0.206349 -0.706893
0.888889 0.206349 -0.63473
0.904762 0.206349 -0.556259
0.920635 0.206349 -0.472259
0.936508 0.206349 -0.383566
0.952381 0.206349 -0.29106
0.968254 0.206349 -0.195662
0.984127 0.206349 -0.0983197
1 0.206349 0
0 0.222222 0
0.015873 0.222222 0.10029
0.031746 0.222222 0.199584
0.047619 0.222222 0.296894
0.0634921 0.222222 0.391253
0.0793651 0.222222 0.481724
0.0952381 0.222222 0.567407
0.111111 0.222222 0.647451
0.126984 0.222222 0.72106
0.142857 0.222222 0.787503
0.15873 0.222222 0.84612
0.174603 0.222222 0.896328
0.190476 0.222222 0.937627
0.206349 0.222222 0.969608
0.222222 0.222222 0.991952
0.238095 0.222222 1.00444
0.253968 0.222222 1.00694
0.269841 0.222222 0.999438
0.285714 0.222222 0.982001
0.301587 0.222222 0.954804
0.31746 0.222222 0.918119
0.333333 0.222222 0.872308
0.349206 0.222222 0.817828
0.365079 0.222222 0.755221
0.380952 0.222222 0.685107
0.396825 0.222222 0.608185
0.412698 0.222222 0.525218
0.428571 0.222222 0.437031
0.444444 0.222222 0.344501
0.460317 0.222222 0.248548
0.47619 0.222222 0.150124
0.492063 0.222222 0.0502075
0.507937 0.222222 -0.0502075
0.52381 0.222222 -0.150124
0.539683 0.222222 -0.248548
0.555556 0.222222 -0.344501
0.571429 0.222222 -0.437031
0.587302 0.222222 -0.525218
0.603175 0.222222 -0.608185
0.619048 0.222222 -0.685107
0.634921 0.222222 -0.755221
0.650794 0.222222 -0.817828
0.666667 0.222222 -0.872308
0.68254 0.222222 -0.918119
0.698413 0.222222 -0.954804
0.714286 0.222222 -0.982001
0.730159 0.222222 -0.999438
0.746032 0.222222 -1.00694
0.761905 0.222222 -1.00444
0.777778 0.222222 -0.991952
0.793651 0.222222 -0.969608
0.809524 0.222222 -0.937627
0.825397 0.222222 -0.896328
0.84127 0.222222 -0.84612
0.857143 0.222222 -0.787503
0.873016 0.222222 -0.72106
0.888889 0.222222 -0.647451
0.904762 0.222222 -0.567407
0.920635 0.222222 -0.481724
0.936508 0.222222 -0.391253
0.952381 0.222222 -0.296894
0.968254 0.222222 -0.199584
0.984127 0.222222 -0.10029
1 0.222222 0
0 0.238095 0
0.015873 0.238095 0.101307
0.031746 0.238095 0.201607
0.047619 0.238095 0.299903
0.0634921 0.238095 0.395219
0.0793651 0.238095 0.486607
0.0952381 0.238095 0.573159
0.111111 0.238095 0.654014
0.126984 0.238095 0.72837
0.142857 0.238095 0.795487
0.15873 0.238095 0.854697
0.174603 0.238095 0.905414
0.190476 0.238095 0.947132
0.206349 0.238095 0.979437
0.222222 0.238095 1.00201
0.238095 0.238095 1.01462
0.253968 0.238095 1.01715
0.269841 0.238095 1.00957
0.285714 0.238095 0.991956
0.301587 0.238095 0.964483
0.31746 0.238095 0.927426
0.333333 0.238095 0.881151
0.349206 0.238095 0.826119
0.365079 0.238095 0.762877
0.380952 0.238095 0.692052
0.396825 0.238095 0.61435
0.412698 0.238095 0.530542
0.428571 0.238095 0.441462
0.444444 0.238095 0.347994
0.460317 0.238095 0.251067
0.47619 0.238095 0.151645
0.492063 0.238095 0.0507165
0.507937 0.238095 -0.0507165
0.52381 0.238095 -0.151645
0.539683 0.238095 -0.251067
0.555556 0.238095 -0.347994
0.571429 0.238095 -0.441462
0.587302 0.238095 -0.530542
0.603175 0.238095 -0.61435
0.619048 0.238095 -0.692052
0.634921 0.238095 -0.762877
0.650794 0.238095 -0.826119
0.666667 0.238095 -0.881151
0.68254 0.238095 -0.927426
0.698413 0.238095 -0.964483
0.714286 0.238095 -0.991956
0.730159 0.238095 -1.00957
0.746032 0.238095 -1.01715
0.761905 0.238095 -1.01462
0.777778 0.238095 -1.00201
0.793651 0.238095 -0.979437
0.809524 0.238095 -0.947132
0.825397 0.238095 -0.905414
0.84127 0.238095 -0.854697
0.857143 0.238095 -0.795487
0.873016 0.238095 -0.72837
0.888889 0.238095 -0.654014
0.904762 0.238095 -0.573159
0.920635 0.238095 -0.486607
0.936508 0.238095 -0.395219
0.952381 0.238095 -0.299903
0.968254 0.238095 -0.201607
0.984127 0.238095 -0.101307
1 0.238095 0
0 0.253968 0
0.015873 0.253968 0.101355
0.031746 0.253968 0.201703
0.047619 0.253968 0.300047
0.0634921 0.253968 0.395408
0.0793651 0.253968 0.48684
0.0952381 0.253968 0.573433
0.111111 0.253968 0.654327
0.126984 0.253968 0.728718
0.142857 0.253968 0.795867
0.15873 0.253968 0.855106
0.174603 0.253968 0.905847
0.190476 0.253968 0.947585
0.206349 0.253968 0.979905
0.222222 0.253968 1.00249
0.238095 0.253968 1.01511
0.253968 0.253968 1.01764
0.269841 0.253968 1.01005
0.285714 0.253968 0.99243
0.301587 0.253968 0.964945
0.31746 0.253968 0.927869
0.333333 0.253968 0.881572
0.349206 0.253968 0.826514
0.365079 0.253968 0.763241
0.380952 0.253968 0.692383
0.396825 0.253968 0.614644
0.412698 0.253968 0.530796
0.428571 0.253968 0.441673
0.444444 0.253968 0.34816
0.460317 0.253968 0.251187
0.47619 0.253968 0.151718
0.492063 0.253968 0.0507407
0.507937 0.253968 -0.0507407
0.52381 0.253968 -0.151718
0.539683 0.253968 -0.251187
0.555556 0.253968 -0.34816
0.571429 0.253968 -0.441673
0.587302 0.253968 -0.530796
0.603175 0.253968 -0.614644
0.619048 0.253968 -0.692383
0.634921 0.253968 -0.763241
0.650794 0.253968 -0.826514
0.666667 0.253968 -0.881572
0.68254 0.253968 -0.927869
0.698413 0.253968 -0.964945
0.714286 0.253968 -0.99243
0.730159 0.253968 -1.01005
0.746032 0.253968 -1.01764
0.761905 0.253968 -1.01511
0.777778 0.253968 -1.00249
0.793651 0.253968 -0.979905
0.809524 0.253968 -0.947585
0.825397 0.253968 -0.905847
0.84127 0.253968 -0.855106
0.857143 0.253968 -0.795867
0.873016 0.253968 -0.728718
0.888889 0.253968 -0.654327
0.904762 0.253968 -0.573433
0.920635 0.253968 -0.48684
0.936508 0.253968 -0.395408
0.952381 0.253968 -0.300047
0.968254 0.253968 -0.201703
0.984127 0.253968 -0.101355
1 0.253968 0
0 0.269841 0
0.015873 0.269841 0.100431
0.031746 0.269841 0.199864
0.047619 0.269841 0.297311
0.0634921 0.269841 0.391802
0.0793651 0.269841 0.4824
0.0952381 0.269841 0.568204
0.111111 0.269841 0.64836
0.126984 0.269841 0.722073
0.142857 0.269841 0.78861
0.15873 0.269841 0.847309
0.174603 0.269841 0.897587
0.190476 0.269841 0.938944
0.206349 0.269841 0.97097
0.222222 0.269841 0.993346
0.238095 0.269841 1.00585
0.253968 0.269841 1.00836
0.269841 0.269841 1.00084
0.285714 0.269841 0.98338
0.301587 0.269841 0.956146
0.31746 0.269841 0.919408
0.333333 0.269841 0.873534
0.349206 0.269841 0.818977
0.365079 0.269841 0.756282
0.380952 0.269841 0.68607
0.396825 0.269841 0.609039
0.412698 0.269841 0.525956
0.428571 0.269841 0.437645
0.444444 0.269841 0.344985
0.460317 0.269841 0.248897
0.47619 0.269841 0.150334
0.492063 0.269841 0.050278
0.507937 0.269841 -0.050278
0.52381 0.269841 -0.150334
0.539683 0.269841 -0.248897
0.555556 0.269841 -0.344985
0.571429 0.269841 -0.437645
0.587302 0.269841 -0.525956
0.603175 0.269841 -0.609039
0.619048 0.269841 -0.68607
0.634921 0.269841 -0.756282
0.650794 0.269841 -0.818977
0.666667 0.269841 -0.873534
0.68254 0.269841 -0.919408
0.698413 0.269841 -0.956146
0.714286 0.269841 -0.98338
0.730159 0.269841 -1.00084
0.746032 0.269841 -1.00836
0.761905 0.269841 -1.00585
0.777778 0.269841 -0.993346
0.793651 0.269841 -0.97097
0.809524 0.269841 -0.938944
0.825397 0.269841 -0.897587
0.84127 0.269841 -0.847309
0.857143 0.269841 -0.78861
0.873016 0.269841 -0.722073
0.888889 0.269841 -0.64836
0.904762 0.269841 -0.568204
0.920635 0.269841 -0.4824
0.936508 0.269841 -0.391802
0.952381 0.269841 -0.297311
0.968254 0.269841 -0.199864
0.984127 0.269841 -0.100431
1 0.269841 0
0 0.285714 0
0.015873 0.285714 0.0985397
0.031746 0.285714 0.1961
0.047619 0.285714 0.291712
0.0634921 0.285714 0.384424
0.0793651 0.285714 0.473316
0.0952381 0.285714 0.557503
0.111111 0.285714 0.63615
0.126984 0.285714 0.708475
0.142857 0.285714 0.773758
0.15873 0.285714 0.831352
0.174603 0.285714 0.880683
0.190476 0.285714 0.921262
0.206349 0.285714 0.952684
0.222222 0.285714 0.974639
0.238095 0.285714 0.986907
0.253968 0.285714 0.989367
0.269841 0.285714 0.981994
0.285714 0.285714 0.964861
0.301587 0.285714 0.938139
0.31746 0.285714 0.902094
0.333333 0.285714 0.857083
0.349206 0.285714 0.803554
0.365079 0.285714 0.742039
0.380952 0.285714 0.673149
0.396825 0.285714 0.59757
0.412698 0.285714 0.516051
0.428571 0.285714 0.429404
0.444444 0.285714 0.338489
0.460317 0.285714 0.244209
0.47619 0.285714 0.147503
0.492063 0.285714 0.0493312
0.507937 0.285714 -0.0493312
0.52381 0.285714 -0.147503
0.539683 0.285714 -0.244209
0.555556 0.285714 -0.338489
0.571429 0.285714 -0.429404
0.587302 0.285714 -0.516051
0.603175 0.285714 -0.59757
0.619048 0.285714 -0.673149
0.634921 0.285714 -0.742039
0.650794 0.285714 -0.803554
0.666667 0.285714 -0.857083
0.68254 0.285714 -0.902094
0.698413 0.285714 -0.938139
0.714286 0.285714 -0.964861
0.730159 0.285714 -0.981994
0.746032 0.285714 -0.989367
0.761905 0.285714 -0.986907
0.777778 0.285714 -0.974639
0.793651 0.285714 -0.952684
0.809524 0.285714 -0.921262
0.825397 0.285714 -0.880683
0.84127 0.285714 -0.831352
0.857143 0.285714 -0.773758
0.873016 0.285714 -0.708475
0.888889 0.285714 -0.63615
0.904762 0.285714 -0.557503
0.920635 0.285714 -0.473316
0.936508 0.285714 -0.384424
0.952381 0.285714 -0.291712
0.968254 0.285714 -0.1961
0.984127 0.285714 -0.0985397
1 0.285714 0
0 0.301587 0
0.015873 0.301587 0.0956968
0.031746 0.301587 0.190442
0.047619 0.301587 0.283295
0.0634921 0.301587 0.373333
0.0793651 0.301587 0.45966
0.0952381 0.301587 0.541419
0.111111 0.301587 0.617797
0.126984 0.301587 0.688035
0.142857 0.301587 0.751435
0.15873 0.301587 0.807367
0.174603 0.301587 0.855275
0.190476 0.301587 0.894683
0.206349 0.301587 0.925199
0.222222 0.301587 0.94652
0.238095 0.301587 0.958434
0.253968 0.301587 0.960823
0.269841 0.301587 0.953662
0.285714 0.301587 0.937024
0.301587 0.301587 0.911073
0.31746 0.301587 0.876068
0.333333 0.301587 0.832356
0.349206 0.301587 0.780371
0.365079 0.301587 0.720631
0.380952 0.301587 0.653729
0.396825 0.301587 0.580329
0.412698 0.301587 0.501163
0.428571 0.301587 0.417015
0.444444 0.301587 0.328723
0.460317 0.301587 0.237164
0.47619 0.301587 0.143248
0.492063 0.301587 0.0479079
0.507937 0.301587 -0.0479079
0.52381 0.301587 -0.143248
0.539683 0.301587 -0.237164
0.555556 0.301587 -0.328723
0.571429 0.301587 -0.417015
0.587302 0.301587 -0.501163
0.603175 0.301587 -0.580329
0.619048 0.301587 -0.653729
0.634921 0.301587 -0.720631
0.650794 0.301587 -0.780371
0.666667 0.301587 -0.832356
0.68254 0.301587 -0.876068
0.698413 0.301587 -0.911073
0.714286 0.301587 -0.937024
0.730159 0.301587 -0.953662
0.746032 0.301587 -0.960823
0.761905 0.301587 -0.958434
0.777778 0.301587 -0.94652
0.793651 0.301587 -0.925199
0.809524 0.301587 -0.894683
0.825397 0.301587 -0.855275
0.84127 0.301587 -0.807367
0.857143 0.301587 -0.751435
0.873016 0.301587 -0.688035
0.888889 0.301587 -0.617797
0.904762 0.301587 -0.541419
0.920635 0.301587 -0.45966
0.936508 0.301587 -0.373333
0.952381 0.301587 -0.283295
0.968254 0.301587 -0.190442
0.984127 0.301587 -0.0956968
1 0.301587 0
0 0.31746 0
0.015873 0.31746 0.0919274
0.031746 0.31746 0.182941
0.047619 0.31746 0.272137
0.0634921 0.31746 0.358628
0.0793651 0.31746 0.441555
0.0952381 0.31746 0.520093
0.111111 0.31746 0.593463
0.126984 0.31746 0.660934
0.142857 0.31746 0.721837
0.15873 0.31746 0.775566
0.174603 0.31746 0.821587
0.190476 0.31746 0.859443
0.206349 0.31746 0.888757
0.222222 0.31746 0.909238
0.238095 0.31746 0.920683
0.253968 0.31746 0.922977
0.269841 0.31746 0.916099
0.285714 0.31746 0.900116
0.301587 0.31746 0.875188
0.31746 0.31746 0.841561
0.333333 0.31746 0.79957
0.349206 0.31746 0.749633
0.365079 0.31746 0.692246
0.380952 0.31746 0.627979
0.396825 0.31746 0.557471
0.412698 0.31746 0.481423
0.428571 0.31746 0.400589
0.444444 0.31746 0.315775
0.460317 0.31746 0.227822
0.47619 0.31746 0.137605
0.492063 0.31746 0.0460209
0.507937 0.31746 -0.0460209
0.52381 0.31746 -0.137605
0.539683 0.31746 -0.227822
0.555556 0.31746 -0.315775
0.571429 0.31746 -0.400589
0.587302 0.31746 -0.481423
0.603175 0.31746 -0.557471
0.619048 0.31746 -0.627979
0.634921 0.31746 -0.692246
0.650794 0.31746 -0.749633
0.666667 0.31746 -0.79957
0.68254 0.31746 -0.841561
0.698413 0.31746 -0.875188
0.714286 0.31746 -0.900116
0.730159 0.31746 -0.916099
0.746032 0.31746 -0.922977
0.761905 0.31746 -0.920683
0.777778 0.31746 -0.909238
0.793651 0.31746 -0.888757
0.809524 0.31746 -0.859443
0.825397 0.31746 -0.821587
0.84127 0.31746 -0.775566
0.857143 0.31746 -0.721837
0.873016 0.31746 -0.660934
0.888889 0.31746 -0.593463
0.904762 0.31746 -0.520093
0.920635 0.31746 -0.441555
0.936508 0.31746 -0.358628
0.952381 0.31746 -0.272137
0.968254 0.31746 -0.182941
0.984127 0.31746 -0.0919274
1 0.31746 0
0 0.333333 0
0.015873 0.333333 0.0872664
0.031746 0.333333 0.173665
0.047619 0.333333 0.258339
0.0634921 0.333333 0.340444
0.0793651 0.333333 0.419166
0.0952381 0.333333 0.493723
0.111111 0.333333 0.563372
0.126984 0.333333 0.627423
0.142857 0.333333 0.685237
0.15873 0.333333 0.736242
0.174603 0.333333 0.779929
0.190476 0.333333 0.815866
0.206349 0.333333 0.843693
0.222222 0.333333 0.863136
0.238095 0.333333 0.874001
0.253968 0.333333 0.876179
0.269841 0.333333 0.86965
0.285714 0.333333 0.854477
0.301587 0.333333 0.830812
0.31746 0.333333 0.798891
0.333333 0.333333 0.759029
0.349206 0.333333 0.711624
0.365079 0.333333 0.657147
0.380952 0.333333 0.596138
0.396825 0.333333 0.529205
0.412698 0.333333 0.457013
0.428571 0.333333 0.380278
0.444444 0.333333 0.299764
0.460317 0.333333 0.216271
0.47619 0.333333 0.130628
0.492063 0.333333 0.0436875
0.507937 0.333333 -0.0436875
0.52381 0.333333 -0.130628
0.539683 0.333333 -0.216271
0.555556 0.333333 -0.299764
0.571429 0.333333 -0.380278
0.587302 0.333333 -0.457013
0.603175 0.333333 -0.529205
0.619048 0.333333 -0.596138
0.634921 0.333333 -0.657147
0.650794 0.333333 -0.711624
0.666667 0.333333 -0.759029
0.68254 0.333333 -0.798891
0.698413 0.333333 -0.830812
0.714286 0.333333 -0.854477
0.730159 0.333333 -0.86965
0.746032 0.333333 -0.876179
0.761905 0.333333 -0.874001
0.777778 0.333333 -0.863136
0.793651 0.333333 -0.843693
0.809524 0.333333 -0.815866
0.825397 0.333333 -0.779929
0.84127 0.333333 -0.736242
0.857143 0.333333 -0.685237
0.873016 0.333333 -0.627423
0.888889 0.333333 -0.563372
0.904762 0.333333 -0.493723
0.920635 0.333333 -0.419166
0.936508 0.333333 -0.340444
0.952381 0.333333 -0.258339
0.968254 0.333333 -0.173665
0.984127 0.333333 -0.0872664
1 0.333333 0
0 0.349206 0
0.015873 0.349206 0.0817574
0.031746 0.349206 0.162702
0.047619 0.349206 0.24203
0.0634921 0.349206 0.318952
0.0793651 0.349206 0.392705
0.0952381 0.349206 0.462555
0.111111 0.349206 0.527807
0.126984 0.349206 0.587814
0.142857 0.349206 0.641979
0.15873 0.349206 0.689764
0.174603 0.349206 0.730693
0.190476 0.349206 0.764361
0.206349 0.349206 0.790432
0.222222 0.349206 0.808647
0.238095 0.349206 0.818826
0.253968 0.349206 0.820867
0.269841 0.349206 0.81475
0.285714 0.349206 0.800535
0.301587 0.349206 0.778364
0.31746 0.349206 0.748458
0.333333 0.349206 0.711113
0.349206 0.349206 0.6667
0.365079 0.349206 0.615662
0.380952 0.349206 0.558505
0.396825 0.349206 0.495797
0.412698 0.349206 0.428162
0.428571 0.349206 0.356272
0.444444 0.349206 0.28084
0.460317 0.349206 0.202618
0.47619 0.349206 0.122382
0.492063 0.349206 0.0409296
0.507937 0.349206 -0.0409296
0.52381 0.349206 -0.122382
0.539683 0.349206 -0.202618
0.555556 0.349206 -0.28084
0.571429 0.349206 -0.356272
0.587302 0.349206 -0.428162
0.603175 0.349206 -0.495797
0.619048 0.349206 -0.558505
0.634921 0.349206 -0.615662
0.650794 0.349206 -0.6667
0.666667 0.349206 -0.711113
0.68254 0.349206 -0.748458
0.698413 0.349206 -0.778364
0.714286 0.349206 -0.800535
0.730159 0.349206 -0.81475
0.746032 0.349206 -0.820867
0.761905 0.349206 -0.818826
0.777778 0.349206 -0.808647
0.793651 0.349206 -0.790432
0.809524 0.349206 -0.764361
0.825397 0.349206 -0.730693
0.84127 0.349206 -0.689764
0.857143 0.349206 -0.641979
0.873016 0.349206 -0.587814
0.888889 0.349206 -0.527807
0.904762 0.349206 -0.462555
0.920635 0.349206 -0.392705
0.936508 0.349206 -0.318952
0.952381 0.349206 -0.24203
0.968254 0.349206 -0.162702
0.984127 0.349206 -0.0817574
1 0.349206 0
0 0.365079 0
0.015873 0.365079 0.0754528
0.031746 0.365079 0.150156
0.047619 0.365079 0.223366
0.0634921 0.365079 0.294357
0.0793651 0.365079 0.362422
0.0952381 0.365079 0.426885
0.111111 0.365079 0.487106
0.126984 0.365079 0.542486
0.142857 0.365079 0.592474
0.15873 0.365079 0.636574
0.174603 0.365079 0.674347
0.190476 0.365079 0.705418
0.206349 0.365079 0.729479
0.222222 0.365079 0.74629
0.238095 0.365079 0.755684
0.253968 0.365079 0.757567
0.269841 0.365079 0.751921
0.285714 0.365079 0.738803
0.301587 0.365079 0.718342
0.31746 0.365079 0.690741
0.333333 0.365079 0.656276
0.349206 0.365079 0.615289
0.365079 0.365079 0.568186
0.380952 0.365079 0.515437
0.396825 0.365079 0.457564
0.412698 0.365079 0.395145
0.428571 0.365079 0.328798
0.444444 0.365079 0.259184
0.460317 0.365079 0.186993
0.47619 0.365079 0.112945
0.492063 0.365079 0.0377733
0.507937 0.365079 -0.0377733
0.52381 0.365079 -0.112945
0.539683 0.365079 -0.186993
0.555556 0.365079 -0.259184
0.571429 0.365079 -0.328798
0.587302 0.365079 -0.395145
0.603175 0.365079 -0.457564
0.619048 0.365079 -0.515437
0.634921 0.365079 -0.568186
0.650794 0.365079 -0.615289
0.666667 0.365079 -0.656276
0.68254 0.365079 -0.690741
0.698413 0.365079 -0.718342
0.714286 0.365079 -0.738803
0.730159 0.365079 -0.751921
0.746032 0.365079 -0.757567
0.761905 0.365079 -0.755684
0.777778 0.365079 -0.74629
0.793651 0.365079 -0.729479
0.809524 0.365079 -0.705418
0.825397 0.365079 -0.674347
0.84127 0.365079 -0.636574
0.857143 0.365079 -0.592474
0.873016 0.365079 -0.542486
0.888889 0.365079 -0.487106
0.904762 0.365079 -0.426885
0.920635 0.365079 -0.362422
0.936508 0.365079 -0.294357
0.952381 0.365079 -0.223366
0.968254 0.365079 -0.150156
0.984127 0.365079 -0.0754528
1 0.365079 0
0 0.380952 0
0.015873 0.380952 0.068413
0.031746 0.380952 0.136146
0.047619 0.380952 0.202526
0.0634921 0.380952 0.266893
0.0793651 0.380952 0.328608
0.0952381 0.380952 0.387057
0.111111 0.380952 0.441659
0.126984 0.380952 0.491872
0.142857 0.380952 0.537196
0.15873 0.380952 0.577181
0.174603 0.380952 0.61143
0.190476 0.380952 0.639603
0.206349 0.380952 0.661419
0.222222 0.380952 0.676661
0.238095 0.380952 0.685178
0.253968 0.380952 0.686886
0.269841 0.380952 0.681767
0.285714 0.380952 0.669872
0.301587 0.380952 0.65132
0.31746 0.380952 0.626295
0.333333 0.380952 0.595046
0.349206 0.380952 0.557882
0.365079 0.380952 0.515174
0.380952 0.380952 0.467346
0.396825 0.380952 0.414874
0.412698 0.380952 0.358278
0.428571 0.380952 0.298121
0.444444 0.380952 0.235002
0.460317 0.380952 0.169547
0.47619 0.380952 0.102407
0.492063 0.380952 0.0342491
0.507937 0.380952 -0.0342491
0.52381 0.380952 -0.102407
0.539683 0.380952 -0.169547
0.555556 0.380952 -0.235002
0.571429 0.380952 -0.298121
0.587302 0.380952 -0.358278
0.603175 0.380952 -0.414874
0.619048 0.380952 -0.467346
0.634921 0.380952 -0.515174
0.650794 0.380952 -0.557882
0.666667 0.380952 -0.595046
0.68254 0.380952 -0.626295
0.698413 0.380952 -0.65132
0.714286 0.380952 -0.669872
0.730159 0.380952 -0.681767
0.746032 0.380952 -0.686886
0.761905 0.380952 -0.685178
0.777778 0.380952 -0.676661
0.793651 0.380952 -0.661419
0.809524 0.380952 -0.639603
0.825397 0.380952 -0.61143
0.84127 0.380952 -0.577181
0.857143 0.380952 -0.537196
0.873016 0.380952 -0.491872
0.888889 0.380952 -0.441659
0.904762 0.380952 -0.387057
0.920635 0.380952 -0.328608
0.936508 0.380952 -0.266893
0.952381 0.380952 -0.202526
0.968254 0.380952 -0.136146
0.984127 0.380952 -0.068413
1 0.380952 0
0 0.396825 0
0.015873 0.396825 0.060706
0.031746 0.396825 0.120809
0.047619 0.396825 0.179711
0.0634921 0.396825 0.236827
0.0793651 0.396825 0.291589
0.0952381 0.396825 0.343454
0.111111 0.396825 0.391905
0.126984 0.396825 0.436461
0.142857 0.396825 0.476679
0.15873 0.396825 0.51216
0.174603 0.396825 0.542551
0.190476 0.396825 0.567549
0.206349 0.396825 0.586907
0.222222 0.396825 0.600433
0.238095 0.396825 0.60799
0.253968 0.396825 0.609506
0.269841 0.396825 0.604963
0.285714 0.396825 0.594409
0.301587 0.396825 0.577947
0.31746 0.396825 0.555741
0.333333 0.396825 0.528012
0.349206 0.396825 0.495035
0.365079 0.396825 0.457138
0.380952 0.396825 0.414698
0.396825 0.396825 0.368137
0.412698 0.396825 0.317917
0.428571 0.396825 0.264537
0.444444 0.396825 0.208528
0.460317 0.396825 0.150447
0.47619 0.396825 0.0908704
0.492063 0.396825 0.0303908
0.507937 0.396825 -0.0303908
0.52381 0.396825 -0.0908704
0.539683 0.396825 -0.150447
0.555556 0.396825 -0.208528
0.571429 0.396825 -0.264537
0.587302 0.396825 -0.317917
0.603175 0.396825 -0.368137
0.619048 0.396825 -0.414698
0.634921 0.396825 -0.457138
0.650794 0.396825 -0.495035
0.666667 0.396825 -0.528012
0.68254 0.396825 -0.555741
0.698413 0.396825 -0.577947
0.714286 0.396825 -0.594409
0.730159 0.396825 -0.604963
0.746032 0.396825 -0.609506
0.761905 0.396825 -0.60799
0.777778 0.396825 -0.600433
0.793651 0.396825 -0.586907
0.809524 0.396825 -0.567549
0.825397 0.396825 -0.542551
0.84127 0.396825 -0.51216
0.857143 0.396825 -0.476679
0.873016 0.396825 -0.436461
0.888889 0.396825 -0.391905
0.904762 0.396825 -0.343454
0.920635 0.396825 -0.291589
0.936508 0.396825 -0.236827
0.952381 0.396825 -0.179711
0.968254 0.396825 -0.120809
0.984127 0.396825 -0.060706
1 0.396825 0
0 0.412698 0
0.015873 0.412698 0.0524065
0.031746 0.412698 0.104292
0.047619 0.412698 0.155141
0.0634921 0.412698 0.204449
0.0793651 0.412698 0.251724
0.0952381 0.412698 0.296498
0.111111 0.412698 0.338324
0.126984 0.412698 0.376789
0.142857 0.412698 0.411509
0.15873 0.412698 0.442139
0.174603 0.412698 0.468375
0.190476 0.412698 0.489956
0.206349 0.412698 0.506667
0.222222 0.412698 0.518343
0.238095 0.412698 0.524868
0.253968 0.412698 0.526176
0.269841 0.412698 0.522255
0.285714 0.412698 0.513143
0.301587 0.412698 0.498932
0.31746 0.412698 0.479761
0.333333 0.412698 0.455823
0.349206 0.412698 0.427355
0.365079 0.412698 0.394639
0.380952 0.412698 0.358002
0.396825 0.412698 0.317806
0.412698 0.412698 0.274452
0.428571 0.412698 0.22837
0.444444 0.412698 0.180019
0.460317 0.412698 0.129878
0.47619 0.412698 0.0784468
0.492063 0.412698 0.0262359
0.507937 0.412698 -0.0262359
0.52381 0.412698 -0.0784468
0.539683 0.412698 -0.129878
0.555556 0.412698 -0.180019
0.571429 0.412698 -0.22837
0.587302 0.412698 -0.274452
0.603175 0.412698 -0.317806
0.619048 0.412698 -0.358002
0.634921 0.412698 -0.394639
0.650794 0.412698 -0.427355
0.666667 0.412698 -0.455823
0.68254 0.412698 -0.479761
0.698413 0.412698 -0.498932
0.714286 0.412698 -0.513143
0.730159 0.412698 -0.522255
0.746032 0.412698 -0.526176
0.761905 0.412698 -0.524868
0.777778 0.412698 -0.518343
0.793651 0.412698 -0.506667
0.809524 0.412698 -0.489956
0.825397 0.412698 -0.468375
0.84127 0.412698 -0.442139
0.857143 0.412698 -0.411509
0.873016 0.412698 -0.376789
0.888889 0.412698 -0.338324
0.904762 0.412698 -0.296498
0.920635 0.412698 -0.251724
0.936508 0.412698 -0.204449
0.952381 0.412698 -0.155141
0.968254 0.412698 -0.104292
0.984127 0.412698 -0.0524065
1 0.412698 0
0 0.428571 0
0.015873 0.428571 0.043595
0.031746 0.428571 0.0867568
0.047619 0.428571 0.129056
0.0634921 0.428571 0.170073
0.0793651 0.428571 0.2094
0.0952381 0.428571 0.246645
0.111111 0.428571 0.28144
0.126984 0.428571 0.313437
0.142857 0.428571 0.342319
0.15873 0.428571 0.367799
0.174603 0.428571 0.389623
0.190476 0.428571 0.407576
0.206349 0.428571 0.421478
0.222222 0.428571 0.43119
0.238095 0.428571 0.436618
0.253968 0.428571 0.437706
0.269841 0.428571 0.434444
0.285714 0.428571 0.426865
0.301587 0.428571 0.415043
0.31746 0.428571 0.399096
0.333333 0.428571 0.379183
0.349206 0.428571 0.355501
0.365079 0.428571 0.328286
0.380952 0.428571 0.297808
0.396825 0.428571 0.264371
0.412698 0.428571 0.228306
0.428571 0.428571 0.189973
0.444444 0.428571 0.149751
0.460317 0.428571 0.108041
0.47619 0.428571 0.065257
0.492063 0.428571 0.0218246
0.507937 0.428571 -0.0218246
0.52381 0.428571 -0.065257
0.539683 0.428571 -0.108041
0.555556 0.428571 -0.149751
0.571429 0.428571 -0.189973
0.587302 0.428571 -0.228306
0.603175 0.428571 -0.264371
0.619048 0.428571 -0.297808
0.634921 0.428571 -0.328286
0.650794 0.428571 -0.355501
0.666667 0.428571 -0.379183
0.68254 0.428571 -0.399096
0.698413 0.428571 -0.415043
0.714286 0.428571 -0.426865
0.730159 0.428571 -0.434444
0.746032 0.428571 -0.437706
0.761905 0.428571 -0.436618
0.777778 0.428571 -0.43119
0.793651 0.428571 -0.421478
0.809524 0.428571 -0.407576
0.825397 0.428571 -0.389623
0.84127 0.428571 -0.367799
0.857143 0.428571 -0.342319
0.873016 0.428571 -0.313437
0.888889 0.428571 -0.28144
0.904762 0.428571 -0.246645
0.920635 0.428571 -0.2094
0.936508 0.428571 -0.170073
0.952381 0.428571 -0.129056
0.968254 0.428571 -0.0867568
0.984127 0.428571 -0.043595
1 0.428571 0
0 0.444444 0
0.015873 0.444444 0.0343575
0.031746 0.444444 0.0683734
0.047619 0.444444 0.10171
0.0634921 0.444444 0.134036
0.0793651 0.444444 0.165029
0.0952381 0.444444 0.194382
0.111111 0.444444 0.221804
0.126984 0.444444 0.247021
0.142857 0.444444 0.269783
0.15873 0.444444 0.289864
0.174603 0.444444 0.307064
0.190476 0.444444 0.321213
0.206349 0.444444 0.332169
0.222222 0.444444 0.339823
0.238095 0.444444 0.344101
0.253968 0.444444 0.344958
0.269841 0.444444 0.342388
0.285714 0.444444 0.336414
0.301587 0.444444 0.327097
0.31746 0.444444 0.314529
0.333333 0.444444 0.298836
0.349206 0.444444 0.280172
0.365079 0.444444 0.258724
0.380952 0.444444 0.234704
0.396825 0.444444 0.208352
0.412698 0.444444 0.179929
0.428571 0.444444 0.149718
0.444444 0.444444 0.118019
0.460317 0.444444 0.0851475
0.47619 0.444444 0.0514294
0.492063 0.444444 0.0172001
0.507937 0.444444 -0.0172001
0.52381 0.444444 -0.0514294
0.539683 0.444444 -0.0851475
0.555556 0.444444 -0.118019
0.571429 0.444444 -0.149718
0.587302 0.444444 -0.179929
0.603175 0.444444 -0.208352
0.619048 0.444444 -0.234704
0.634921 0.444444 -0.258724
0.650794 0.444444 -0.280172
0.666667 0.444444 -0.298836
0.68254 0.444444 -0.314529
0.698413 0.444444 -0.327097
0.714286 0.444444 -0.336414
0.730159 0.444444 -0.342388
0.746032 0.444444 -0.344958
0.761905 0.444444 -0.344101
0.777778 0.444444 -0.339823
0.793651 0.444444 -0.332169
0.809524 0.444444 -0.321213
0.825397 0.444444 -0.307064
0.84127 0.444444 -0.289864
0.857143 0.444444 -0.269783
0.873016 0.444444 -0.247021
0.888889 0.444444 -0.221804
0.904762 0.444444 -0.194382
0.920635 0.444444 -0.165029
0.936508 0.444444 -0.134036
0.952381 0.444444 -0.10171
0.968254 0.444444 -0.0683734
0.984127 0.444444 -0.0343575
1 0.444444 0
0 0.460317 0
0.015873 0.460317 0.0247839
0.031746 0.460317 0.0493216
0.047619 0.460317 0.073369
0.0634921 0.460317 0.0966873
0.0793651 0.460317 0.119045
0.0952381 0.460317 0.140219
0.111111 0.460317 0.16
0.126984 0.460317 0.17819
0.142857 0.460317 0.19461
0.15873 0.460317 0.209095
0.174603 0.460317 0.221503
0.190476 0.460317 0.231709
0.206349 0.460317 0.239612
0.222222 0.460317 0.245134
0.238095 0.460317 0.248219
0.253968 0.460317 0.248838
0.269841 0.460317 0.246983
0.285714 0.460317 0.242674
0.301587 0.460317 0.235953
0.31746 0.460317 0.226888
0.333333 0.460317 0.215567
0.349206 0.460317 0.202104
0.365079 0.460317 0.186632
0.380952 0.460317 0.169305
0.396825 0.460317 0.150296
0.412698 0.460317 0.129793
0.428571 0.460317 0.108
0.444444 0.460317 0.085134
0.460317 0.460317 0.0614217
0.47619 0.460317 0.0370989
0.492063 0.460317 0.0124074
0.507937 0.460317 -0.0124074
0.52381 0.460317 -0.0370989
0.539683 0.460317 -0.0614217
0.555556 0.460317 -0.085134
0.571429 0.460317 -0.108
0.587302 0.460317 -0.129793
0.603175 0.460317 -0.150296
0.619048 0.460317 -0.169305
0.634921 0.460317 -0.186632
0.650794 0.460317 -0.202104
0.666667 0.460317 -0.215567
0.68254 0.460317 -0.226888
0.698413 0.460317 -0.235953
0.714286 0.460317 -0.242674
0.730159 0.460317 -0.246983
0.746032 0.460317 -0.248838
0.761905 0.460317 -0.248219
0.777778 0.460317 -0.245134
0.793651 0.460317 -0.239612
0.809524 0.460317 -0.231709
0.825397 0.460317 -0.221503
0.84127 0.460317 -0.209095
0.857143 0.460317 -0.19461
0.873016 0.460317 -0.17819
0.888889 0.460317 -0.16
0.904762 0.460317 -0.140219
0.920635 0.460317 -0.119045
0.936508 0.460317 -0.0966873
0.952381 0.460317 -0.073369
0.968254 0.460317 -0.0493216
0.984127 0.460317 -0.0247839
1 0.460317 0
0 0.47619 0
0.015873 0.47619 0.014968
0.031746 0.47619 0.0297873
0.047619 0.47619 0.0443105
0.0634921 0.47619 0.0583934
0.0793651 0.47619 0.0718959
0.0952381 0.47619 0.0846838
0.111111 0.47619 0.0966302
0.126984 0.47619 0.107616
0.142857 0.47619 0.117533
0.15873 0.47619 0.126281
0.174603 0.47619 0.133774
0.190476 0.47619 0.139938
0.206349 0.47619 0.144711
0.222222 0.47619 0.148046
0.238095 0.47619 0.14991
0.253968 0.47619 0.150283
0.269841 0.47619 0.149163
0.285714 0.47619 0.146561
0.301587 0.47619 0.142502
0.31746 0.47619 0.137027
0.333333 0.47619 0.13019
0.349206 0.47619 0.122059
0.365079 0.47619 0.112715
0.380952 0.47619 0.10225
0.396825 0.47619 0.0907699
0.412698 0.47619 0.0783873
0.428571 0.47619 0.0652257
0.444444 0.47619 0.0514159
0.460317 0.47619 0.037095
0.47619 0.47619 0.0224055
0.492063 0.47619 0.00749333
0.507937 0.47619 -0.00749333
0.52381 0.47619 -0.0224055
0.539683 0.47619 -0.037095
0.555556 0.47619 -0.0514159
0.571429 0.47619 -0.0652257
0.587302 0.47619 -0.0783873
0.603175 0.47619 -0.0907699
0.619048 0.47619 -0.10225
0.634921 0.47619 -0.112715
0.650794 0.47619 -0.122059
0.666667 0.47619 -0.13019
0.68254 0.47619 -0.137027
0.698413 0.47619 -0.142502
0.714286 0.47619 -0.146561
0.730159 0.47619 -0.149163
0.746032 0.47619 -0.150283
0.761905 0.47619 -0.14991
0.777778 0.47619 -0.148046
0.793651 0.47619 -0.144711
0.809524 0.47619 -0.139938
0.825397 0.47619 -0.133774
0.84127 0.47619 -0.126281
0.857143 0.47619 -0.117533
0.873016 0.47619 -0.107616
0.888889 0.47619 -0.0966302
0.904762 0.47619 -0.0846838
0.920635 0.47619 -0.0718959
0.936508 0.47619 -0.0583934
0.952381 0.47619 -0.0443105
0.968254 0.47619 -0.0297873
0.984127 0.47619 -0.014968
1 0.47619 0
0 0.492063 0
0.015873 0.492063 0.00500567
0.031746 0.492063 0.00996159
0.047619 0.492063 0.0148185
0.0634921 0.492063 0.0195281
0.0793651 0.492063 0.0240437
0.0952381 0.492063 0.0283203
0.111111 0.492063 0.0323155
0.126984 0.492063 0.0359894
0.142857 0.492063 0.0393057
0.15873 0.492063 0.0422314
0.174603 0.492063 0.0447374
0.190476 0.492063 0.0467987
0.206349 0.492063 0.0483949
0.222222 0.492063 0.0495102
0.238095 0.492063 0.0501334
0.253968 0.492063 0.0502583
0.269841 0.492063 0.0498838
0.285714 0.492063 0.0490135
0.301587 0.492063 0.047656
0.31746 0.492063 0.045825
0.333333 0.492063 0.0435385
0.349206 0.492063 0.0408193
0.365079 0.492063 0.0376944
0.380952 0.492063 0.034195
0.396825 0.492063 0.0303556
0.412698 0.492063 0.0262146
0.428571 0.492063 0.021813
0.444444 0.492063 0.0171947
0.460317 0.492063 0.0124055
0.47619 0.492063 0.00749294
0.492063 0.492063 0.00250595
0.507937 0.492063 -0.00250595
0.52381 0.492063 -0.00749294
0.539683 0.492063 -0.0124055
0.555556 0.492063 -0.0171947
0.571429 0.492063 -0.021813
0.587302 0.492063 -0.0262146
0.603175 0.492063 -0.0303556
0.619048 0.492063 -0.034195
0.634921 0.492063 -0.0376944
0.650794 0.492063 -0.0408193
0.666667 0.492063 -0.0435385
0.68254 0.492063 -0.045825
0.698413 0.492063 -0.047656
0.714286 0.492063 -0.0490135
0.730159 0.492063 -0.0498838
0.746032 0.492063 -0.0502583
0.761905 0.492063 -0.0501334
0.777778 0.492063 -0.0495102
0.793651 0.492063 -0.0483949
0.809524 0.492063 -0.0467987
0.825397 0.492063 -0.0447374
0.84127 0.492063 -0.0422314
0.857143 0.492063 -0.0393057
0.873016 0.492063 -0.0359894
0.888889 0.492063 -0.0323155
0.904762 0.492063 -0.0283203
0.920635 0.492063 -0.0240437
0.936508 0.492063 -0.0195281
0.952381 0.492063 -0.0148185
0.968254 0.492063 -0.00996159
0.984127 0.492063 -0.00500567
1 0.492063 0
0 0.507937 0
0.015873 0.507937 -0.00500567
0.031746 0.507937 -0.00996159
0.047619 0.507937 -0.0148185
0.0634921 0.507937 -0.0195281
0.0793651 0.507937 -0.0240437
0.0952381 0.507937 -0.0283203
0.111111 0.507937 -0.0323155
0.126984 0.507937 -0.0359894
0.142857 0.507937 -0.0393057
0.15873 0.507937 -0.0422314
0.174603 0.507937 -0.0447374
0.190476 0.507937 -0.0467987
0.206349 0.507937 -0.0483949
0.222222 0.507937 -0.0495102
0.238095 0.507937 -0.0501334
0.253968 0.507937 -0.0502583
0.269841 0.507937 -0.0498838
0.285714 0.507937 -0.0490135
0.301587 0.507937 -0.047656
0.31746 0.507937 -0.045825
0.333333 0.507937 -0.0435385
0.349206 0.507937 -0.0408193
0.365079 0.507937 -0.0376944
0.380952 0.507937 -0.034195
0.396825 0.507937 -0.0303556
0.412698 0.507937 -0.0262146
0.428571 0.507937 -0.021813
0.444444 0.507937 -0.0171947
0.460317 0.507937 -0.0124055
0.47619 0.507937 -0.00749294
0.492063 0.507937 -0.00250595
0.507937 0.507937 0.00250595
0.52381 0.507937 0.00749294
0.539683 0.507937 0.0124055
0.555556 0.507937 0.0171947
0.571429 0.507937 0.021813
0.587302 0.507937 0.0262146
0.603175 0.507937 0.0303556
0.619048 0.507937 0.034195
0.634921 0.507937 0.0376944
0.650794 0.507937 0.0408193
0.666667 0.507937 0.0435385
0.68254 0.507937 0.045825
0.698413 0.507937 0.047656
0.714286 0.507937 0.0490135
0.730159 0.507937 0.0498838
0.746032 0.507937 0.0502583
0.761905 0.507937 0.0501334
0.777778 0.507937 0.0495102
0.793651 0.507937 0.0483949
0.809524 0.507937 0.0467987
0.825397 0.507937 0.0447374
0.84127 0.507937 0.0422314
0.857143 0.507937 0.0393057
0.873016 0.507937 0.0359894
0.888889 0.507937 0.0323155
0.904762 0.507937 0.0283203
0.920635 0.507937 0.0240437
0.936508 0.507937 0.0195281
0.952381 0.507937 0.0148185
0.968254 0.507937 0.00996159
0.984127 0.507937 0.00500567
1 0.507937 0
0 0.52381 0
0.015873 0.52381 -0.014968
0.031746 0.52381 -0.0297873
0.047619 0.52381 -0.0443105
0.0634921 0.52381 -0.0583934
0.0793651 0.52381 -0.0718959
0.0952381 0.52381 -0.0846838
0.111111 0.52381 -0.0966302
0.126984 0.52381 -0.107616
0.142857 0.52381 -0.117533
0.15873 0.52381 -0.126281
0.174603 0.52381 -0.133774
0.190476 0.52381 -0.139938
0.206349 0.52381 -0.144711
0.222222 0.52381 -0.148046
0.238095 0.52381 -0.14991
0.253968 0.52381 -0.150283
0.269841 0.52381 -0.149163
0.285714 0.52381 -0.146561
0.301587 0.52381 -0.142502
0.31746 0.52381 -0.137027
0.333333 0.52381 -0.13019
0.349206 0.52381 -0.122059
0.365079 0.52381 -0.112715
0.380952 0.52381 -0.10225
0.396825 0.52381 -0.0907699
0.412698 0.52381 -0.0783873
0.428571 0.52381 -0.0652257
0.444444 0.52381 -0.0514159
0.460317 0.52381 -0.037095
0.47619 0.52381 -0.0224055
0.492063 0.52381 -0.00749333
0.507937 0.52381 0.00749333
0.52381 0.52381 0.0224055
0.539683 0.52381 0.037095
0.555556 0.52381 0.0514159
0.571429 0.52381 0.0652257
0.587302 0.52381 0.0783873
0.603175 0.52381 0.0907699
0.619048 0.52381 0.10225
0.634921 0.52381 0.112715
0.650794 0.52381 0.122059
0.666667 0.52381 0.13019
0.68254 0.52381 0.137027
0.698413 0.52381 0.142502
0.714286 0.52381 0.146561
0.730159 0.52381 0.149163
0.746032 0.52381 0.150283
0.761905 0.52381 0.14991
0.777778 0.52381 0.148046
0.793651 0.52381 0.144711
0.809524 0.52381 0.139938
0.825397 0.52381 0.133774
0.84127 0.52381 0.126281
0.857143 0.52381 0.117533
0.873016 0.52381 0.107616
0.888889 0.52381 0.0966302
0.904762 0.52381 0.0846838
0.920635 0.52381 0.0718959
0.936508 0.52381 0.0583934
0.952381 0.52381 0.0443105
0.968254 0.52381 0.0297873
0.984127 0.52381 0.014968
1 0.52381 0
0 0.539683 0
0.015873 0.539683 -0.0247839
0.031746 0.539683 -0.0493216
0.047619 0.539683 -0.073369
0.0634921 0.539683 -0.0966873
0.0793651 0.539683 -0.119045
0.0952381 0.539683 -0.140219
0.111111 0.539683 -0.16
0.126984 0.539683 -0.17819
0.142857 0.539683 -0.19461
0.15873 0.539683 -0.209095
0.174603 0.539683 -0.221503
0.190476 0.539683 -0.231709
0.206349 0.539683 -0.239612
0.222222 0.539683 -0.245134
0.238095 0.539683 -0.248219
0.253968 0.539683 -0.248838
0.269841 0.539683 -0.246983
0.285714 0.539683 -0.242674
0.301587 0.539683 -0.235953
0.31746 0.539683 -0.226888
0.333333 0.539683 -0.215567
0.349206 0.539683 -0.202104
0.365079 0.539683 -0.186632
0.380952 0.539683 -0.169305
0.396825 0.539683 -0.150296
0.412698 0.539683 -0.129793
0.428571 0.539683 -0.108
0.444444 0.539683 -0.085134
0.460317 0.539683 -0.0614217
0.47619 0.539683 -0.0370989
0.492063 0.539683 -0.0124074
0.507937 0.539683 0.0124074
0.52381 0.539683 0.0370989
0.539683 0.539683 0.0614217
0.555556 0.539683 0.085134
0.571429 0.539683 0.108
0.587302 0.539683 0.129793
0.603175 0.539683 0.150296
0.619048 0.539683 0.169305
0.634921 0.539683 0.186632
0.650794 0.539683 0.202104
0.666667 0.539683 0.215567
0.68254 0.539683 0.226888
0.698413 0.539683 0.235953
0.714286 0.539683 0.242674
0.730159 0.539683 0.246983
0.746032 0.539683 0.248838
0.761905 0.539683 0.248219
0.777778 0.539683 0.245134
0.793651 0.539683 0.239612
0.809524 0.539683 0.231709
0.825397 0.539683 0.221503
0.84127 0.539683 0.209095
0.857143 0.539683 0.19461
0.873016 0.539683 0.17819
0.888889 0.539683 0.16
0.904762 0.539683 0.140219
0.920635 0.539683 0.119045
0.936508 0.539683 0.0966873
0.952381 0.539683 0.073369
0.968254 0.539683 0.0493216
0.984127 0.539683 0.0247839
1 0.539683 0
0 0.555556 0
0.015873 0.555556 -0.0343575
0.031746 0.555556 -0.0683734
0.047619 0.555556 -0.10171
0.0634921 0.555556 -0.134036
0.0793651 0.555556 -0.165029
0.0952381 0.555556 -0.194382
0.111111 0.555556 -0.221804
0.126984 0.555556 -0.247021
0.142857 0.555556 -0.269783
0.15873 0.555556 -0.289864
0.174603 0.555556 -0.307064
0.190476 0.555556 -0.321213
0.206349 0.555556 -0.332169
0.222222 0.555556 -0.339823
0.238095 0.555556 -0.344101
0.253968 0.555556 -0.344958
0.269841 0.555556 -0.342388
0.285714 0.555556 -0.336414
0.301587 0.555556 -0.327097
0.31746 0.555556 -0.314529
0.333333 0.555556 -0.298836
0.349206 0.555556 -0.280172
0.365079 0.555556 -0.258724
0.380952 0.555556 -0.234704
0.396825 0.555556 -0.208352
0.412698 0.555556 -0.179929
0.428571 0.555556 -0.149718
0.444444 0.555556 -0.118019
0.460317 0.555556 -0.0851475
0.47619 0.555556 -0.0514294
0.492063 0.555556 -0.0172001
0.507937 0.555556 0.0172001
0.52381 0.555556 0.0514294
0.539683 0.555556 0.0851475
0.555556 0.555556 0.118019
0.571429 0.555556 0.149718
0.587302 0.555556 0.179929
0.603175 0.555556 0.208352
0.619048 0.555556 0.234704
0.634921 0.555556 0.258724
0.650794 0.555556 0.280172
0.666667 0.555556 0.298836
0.68254 0.555556 0.314529
0.698413 0.555556 0.327097
0.714286 0.555556 0.336414
0.730159 0.555556 0.342388
0.746032 0.555556 0.344958
0.761905 0.555556 0.344101
0.777778 0.555556 0.339823
0.793651 0.555556 0.332169
0.809524 0.555556 0.321213
0.825397 0.555556 0.307064
0.84127 0.555556 0.289864
0.857143 0.555556 0.269783
0.873016 0.555556 0.247021
0.888889 0.555556 0.221804
0.904762 0.555556 0.194382
0.920635 0.555556 0.165029
0.936508 0.555556 0.134036
0.952381 0.555556 0.10171
0.968254 0.555556 0.0683734
0.984127 0.555556 0.0343575
1 0.555556 0
0 0.571429 0
0.015873 0.571429 -0.043595
0.031746 0.571429 -0.0867568
0.047619 0.571429 -0.129056
0.0634921 0.571429 -0.170073
0.0793651 0.571429 -0.2094
0.0952381 0.571429 -0.246645
0.111111 0.571429 -0.28144
0.126984 0.571429 -0.313437
0.142857 0.571429 -0.342319
0.15873 0.571429 -0.367799
0.174603 0.571429 -0.389623
0.190476 0.571429 -0.407576
0.206349 0.571429 -0.421478
0.222222 0.571429 -0.43119
0.238095 0.571429 -0.436618
0.253968 0.571429 -0.437706
0.269841 0.571429 -0.434444
0.285714 0.571429 -0.426865
0.301587 0.571429 -0.415043
0.31746 0.571429 -0.399096
0.333333 0.571429 -0.379183
0.349206 0.571429 -0.355501
0.365079 0.571429 -0.328286
0.380952 0.571429 -0.297808
0.396825 0.571429 -0.264371
0.412698 0.571429 -0.228306
0.428571 0.571429 -0.189973
0.444444 0.571429 -0.149751
0.460317 0.571429 -0.108041
0.47619 0.571429 -0.065257
0.492063 0.571429 -0.0218246
0.507937 0.571429 0.0218246
0.52381 0.571429 0.065257
0.539683 0.571429 0.108041
0.555556 0.571429 0.149751
0.571429 0.571429 0.189973
0.587302 0.571429 0.228306
0.603175 0.571429 0.264371
0.619048 0.571429 0.297808
0.634921 0.571429 0.328286
0.650794 0.571429 0.355501
0.666667 0.571429 0.379183
0.68254 0.571429 0.399096
0.698413 0.571429 0.415043
0.714286 0.571429 0.426865
0.730159 0.571429 0.434444
0.746032 0.571429 0.437706
0.761905 0.571429 0.436618
0.777778 0.571429 0.43119
0.793651 0.571429 0.421478
0.809524 0.571429 0.407576
0.825397 0.571429 0.389623
0.84127 0.571429 0.367799
0.857143 0.571429 0.342319
0.873016 0.571429 0.313437
0.888889 0.571429 0.28144
0.904762 0.571429 0.246645
0.920635 0.571429 0.2094
0.936508 0.571429 0.170073
0.952381 0.571429 0.129056
0.968254 0.571429 0.0867568
0.984127 0.571429 0.043595
1 0.571429 0
0 0.587302 0
0.015873 0.587302 -0.0524065
0.031746 0.587302 -0.104292
0.047619 0.587302 -0.155141
0.0634921 0.587302 -0.204449
0.0793651 0.587302 -0.251724
0.0952381 0.587302 -0.296498
0.111111 0.587302 -0.338324
0.126984 0.587302 -0.376789
0.142857 0.587302 -0.411509
0.15873 0.587302 -0.442139
0.174603 0.587302 -0.468375
0.190476 0.587302 -0.489956
0.206349 0.587302 -0.506667
0.222222 0.587302 -0.518343
0.238095 0.587302 -0.524868
0.253968 0.587302 -0.526176
0.269841 0.587302 -0.522255
0.285714 0.587302 -0.513143
0.301587 0.587302 -0.498932
0.31746 0.587302 -0.479761
0.333333 0.587302 -0.455823
0.349206 0.587302 -0.427355
0.365079 0.587302 -0.394639
0.380952 0.587302 -0.358002
0.396825 0.587302 -0.317806
0.412698 0.587302 -0.274452
0.428571 0.587302 -0.22837
0.444444 0.587302 -0.180019
0.460317 0.587302 -0.129878
0.47619 0.587302 -0.0784468
0.492063 0.587302 -0.0262359
0.507937 0.587302 0.0262359
0.52381 0.587302 0.0784468
0.539683 0.587302 0.129878
0.555556 0.587302 0.180019
0.571429 0.587302 0.22837
0.587302 0.587302 0.274452
0.603175 0.587302 0.317806
0.619048 0.587302 0.358002
0.634921 0.587302 0.394639
0.650794 0.587302 0.427355
0.666667 0.587302 0.455823
0.68254 0.587302 0.479761
0.698413 0.587302 0.498932
0.714286 0.587302 0.513143
0.730159 0.587302 0.522255
0.746032 0.587302 0.526176
0.761905 0.587302 0.524868
0.777778 0.587302 0.518343
0.793651 0.587302 0.506667
0.809524 0.587302 0.489956
0.825397 0.587302 0.468375
0.84127 0.587302 0.442139
0.857143 0.587302 0.411509
0.873016 0.587302 0.376789
0.888889 0.587302 0.338324
0.904762 0.587302 0.296498
0.920635 0.587302 0.251724
0.936508 0.587302 0.204449
0.952381 0.587302 0.155141
0.968254 0.587302 0.104292
0.984127 0.587302 0.0524065
1 0.587302 0
0 0.603175 0
0.015873 0.603175 -0.060706
0.031746 0.603175 -0.120809
0.047619 0.603175 -0.179711
0.0634921 0.603175 -0.236827
0.0793651 0.603175 -0.291589
0.0952381 0.603175 -0.343454
0.111111 0.603175 -0.391905
0.126984 0.603175 -0.436461
0.142857 0.603175 -0.476679
0.15873 0.603175 -0.51216
0.174603 0.603175 -0.542551
0.190476 0.603175 -0.567549
0.206349 0.603175 -0.586907
0.222222 0.603175 -0.600433
0.238095 0.603175 -0.60799
0.253968 0.603175 -0.609506
0.269841 0.603175 -0.604963
0.285714 0.603175 -0.594409
0.301587 0.603175 -0.577947
0.31746 0.603175 -0.555741
0.333333 0.603175 -0.528012
0.349206 0.603175 -0.495035
0.365079 0.603175 -0.457138
0.380952 0.603175 -0.414698
0.396825 0.603175 -0.368137
0.412698 0.603175 -0.317917
0.428571 0.603175 -0.264537
0.444444 0.603175 -0.208528
0.460317 0.603175 -0.150447
0.47619 0.603175 -0.0908704
0.492063 0.603175 -0.0303908
0.507937 0.603175 0.0303908
0.52381 0.603175 0.0908704
0.539683 0.603175 0.150447
0.555556 0.603175 0.208528
0.571429 0.603175 0.264537
0.587302 0.603175 0.317917
0.603175 0.603175 0.368137
0.619048 0.603175 0.414698
0.634921 0.603175 0.457138
0.650794 0.603175 0.495035
0.666667 0.603175 0.528012
0.68254 0.603175 0.555741
0.698413 0.603175 0.577947
0.714286 0.603175 0.594409
0.730159 0.603175 0.604963
0.746032 0.603175 0.609506
0.761905 0.603175 0.60799
0.777778 0.603175 0.600433
0.793651 0.603175 0.586907
0.809524 0.603175 0.567549
0.825397 0.603175 0.542551
0.84127 0.603175 0.51216
0.857143 0.603175 0.476679
0.873016 0.603175 0.436461
0.888889 0.603175 0.391905
0.904762 0.603175 0.343454
0.920635 0.603175 0.291589
0.936508 0.603175 0.236827
0.952381 0.603175 0.179711
0.968254 0.603175 0.120809
0.984127 0.603175 0.060706
1 0.603175 0
0 0.619048 0
0.015873 0.619048 -0.068413
0.031746 0.619048 -0.136146
0.047619 0.619048 -0.202526
0.0634921 0.619048 -0.266893
0.0793651 0.619048 -0.328608
0.0952381 0.619048 -0.387057
0.111111 0.619048 -0.441659
0.126984 0.619048 -0.491872
0.142857 0.619048 -0.537196
0.15873 0.619048 -0.577181
0.174603 0.619048 -0.61143
0.190476 0.619048 -0.639603
0.206349 0.619048 -0.661419
0.222222 0.619048 -0.676661
0.238095 0.619048 -0.685178
0.253968 0.619048 -0.686886
0.269841 0.619048 -0.681767
0.285714 0.619048 -0.669872
0.301587 0.619048 -0.65132
0.31746 0.619048 -0.626295
0.333333 0.619048 -0.595046
0.349206 0.619048 -0.557882
0.365079 0.619048 -0.515174
0.380952 0.619048 -0.467346
0.396825 0.619048 -0.414874
0.412698 0.619048 -0.358278
0.428571 0.619048 -0.298121
0.444444 0.619048 -0.235002
0.460317 0.619048 -0.169547
0.47619 0.619048 -0.102407
0.492063 0.619048 -0.0342491
0.507937 0.619048 0.0342491
0.52381 0.619048 0.102407
0.539683 0.619048 0.169547
0.555556 0.619048 0.235002
0.571429 0.619048 0.298121
0.587302 0.619048 0.358278
0.603175 0.619048 0.414874
0.619048 0.619048 0.467346
0.634921 0.619048 0.515174
0.650794 0.619048 0.557882
0.666667 0.619048 0.595046
0.68254 0.619048 0.626295
0.698413 0.619048 0.65132
0.714286 0.619048 0.669872
0.730159 0.619048 0.681767
0.746032 0.619048 0.686886
0.761905 0.619048 0.685178
0.777778 0.619048 0.676661
0.793651 0.619048 0.661419
0.809524 0.619048 0.639603
0.825397 0.619048 0.61143
0.84127 0.619048 0.577181
0.857143 0.619048 0.537196
0.873016 0.619048 0.491872
0.888889 0.619048 0.441659
0.904762 0.619048 0.387057
0.920635 0.619048 0.328608
0.936508 0.619048 0.266893
0.952381 0.619048 0.202526
0.968254 0.619048 0.136146
0.984127 0.619048 0.068413
1 0.619048 0
0 0.634921 0
0.015873 0.634921 -0.0754528
0.031746 0.634921 -0.150156
0.047619 0.634921 -0.223366
0.0634921 0.634921 -0.294357
0.0793651 0.634921 -0.362422
0.0952381 0.634921 -0.426885
0.111111 0.634921 -0.487106
0.126984 0.634921 -0.542486
0.142857 0.634921 -0.592474
0.15873 0.634921 -0.636574
0.174603 0.634921 -0.674347
0.190476 0.634921 -0.705418
0.206349 0.634921 -0.729479
0.222222 0.634921 -0.74629
0.238095 0.634921 -0.755684
0.253968 0.634921 -0.757567
0.269841 0.634921 -0.751921
0.285714 0.634921 -0.738803
0.301587 0.634921 -0.718342
0.31746 0.634921 -0.690741
0.333333 0.634921 -0.656276
0.349206 0.634921 -0.615289
0.365079 0.634921 -0.568186
0.380952 0.634921 -0.515437
0.396825 0.634921 -0.457564
0.412698 0.634921 -0.395145
0.428571 0.634921 -0.328798
0.444444 0.634921 -0.259184
0.460317 0.634921 -0.186993
0.47619 0.634921 -0.112945
0.492063 0.634921 -0.0377733
0.507937 0.634921 0.0377733
0.52381 0.634921 0.112945
0.539683 0.634921 0.186993
0.555556 0.634921 0.259184
0.571429 0.634921 0.328798
0.587302 0.634921 0.395145
0.603175 0.634921 0.457564
0.619048 0.634921 0.515437
0.634921 0.634921 0.568186
0.650794 0.634921 0.615289
0.666667 0.634921 0.656276
0.68254 0.634921 0.690741
0.698413 0.634921 0.718342
0.714286 0.634921 0.738803
0.730159 0.634921 0.751921
0.746032 0.634921 0.757567
0.761905 0.634921 0.755684
0.777778 0.634921 0.74629
0.793651 0.634921 0.729479
0.809524 0.634921 0.705418
0.825397 0.634921 0.674347
0.84127 0.634921 0.636574
0.857143 0.634921 0.592474
0.873016 0.634921 0.542486
0.888889 0.634921 0.487106
0.904762 0.634921 0.426885
0.920635 0.634921 0.362422
0.936508 0.634921 0.294357
0.952381 0.634921 0.223366
0.968254 0.634921 0.150156
0.984127 0.634921 0.0754528
1 0.634921 0
0 0.650794 0
0.015873 0.650794 -0.0817574
0.031746 0.650794 -0.162702
0.047619 0.650794 -0.24203
0.0634921 0.650794 -0.318952
0.0793651 0.650794 -0.392705
0.0952381 0.650794 -0.462555
0.111111 0.650794 -0.527807
0.126984 0.650794 -0.587814
0.142857 0.650794 -0.641979
0.15873 0.650794 -0.689764
0.174603 0.650794 -0.730693
0.190476 0.650794 -0.764361
0.206349 0.650794 -0.790432
0.222222 0.650794 -0.808647
0.238095 0.650794 -0.818826
0.253968 0.650794 -0.820867
0.269841 0.650794 -0.81475
0.285714 0.650794 -0.800535
0.301587 0.650794 -0.778364
0.31746 0.650794 -0.748458
0.333333 0.650794 -0.711113
0.349206 0.650794 -0.6667
0.365079 0.650794 -0.615662
0.380952 0.650794 -0.558505
0.396825 0.650794 -0.495797
0.412698 0.650794 -0.428162
0.428571 0.650794 -0.356272
0.444444 0.650794 -0.28084
0.460317 0.650794 -0.202618
0.47619 0.650794 -0.122382
0.492063 0.650794 -0.0409296
0.507937 0.650794 0.0409296
0.52381 0.650794 0.122382
0.539683 0.650794 0.202618
0.555556 0.650794 0.28084
0.571429 0.650794 0.356272
0.587302 0.650794 0.428162
0.603175 0.650794 0.495797
0.619048 0.650794 0.558505
0.634921 0.650794 0.615662
0.650794 0.650794 0.6667
0.666667 0.650794 0.711113
0.68254 0.650794 0.748458
0.698413 0.650794 0.778364
0.714286 0.650794 0.800535
0.730159 0.650794 0.81475
0.746032 0.650794 0.820867
0.761905 0.650794 0.818826
0.777778 0.650794 0.808647
0.793651 0.650794 0.790432
0.809524 0.650794 0.764361
0.825397 0.650794 0.730693
0.84127 0.650794 0.689764
0.857143 0.650794 0.641979
0.873016 0.650794 0.587814
0.888889 0.650794 0.527807
0.904762 0.650794 0.462555
0.920635 0.650794 0.392705
0.936508 0.650794 0.318952
0.952381 0.650794 0.24203
0.968254 0.650794 0.162702
0.984127 0.650794 0.0817574
1 0.650794 0
0 0.666667 0
0.015873 0.666667 -0.0872664
0.031746 0.666667 -0.173665
0.047619 0.666667 -0.258339
0.0634921 0.666667 -0.340444
0.0793651 0.666667 -0.419166
0.0952381 0.666667 -0.493723
0.111111 0.666667 -0.563372
0.126984 0.666667 -0.627423
0.142857 0.666667 -0.685237
0.15873 0.666667 -0.736242
0.174603 0.666667 -0.779929
0.190476 0.666667 -0.815866
0.206349 0.666667 -0.843693
0.222222 0.666667 -0.863136
0.238095 0.666667 -0.874001
0.253968 0.666667 -0.876179
0.269841 0.666667 -0.86965
0.285714 0.666667 -0.854477
0.301587 0.666667 -0.830812
0.31746 0.666667 -0.798891
0.333333 0.666667 -0.759029
0.349206 0.666667 -0.711624
0.365079 0.666667 -0.657147
0.380952 0.666667 -0.596138
0.396825 0.666667 -0.529205
0.412698 0.666667 -0.457013
0.428571 0.666667 -0.380278
0.444444 0.666667 -0.299764
0.460317 0.666667 -0.216271
0.47619 0.666667 -0.130628
0.492063 0.666667 -0.0436875
0.507937 0.666667 0.0436875
0.52381 0.666667 0.130628
0.539683 0.666667 0.216271
0.555556 0.666667 0.299764
0.571429 0.666667 0.380278
0.587302 0.666667 0.457013
0.603175 0.666667 0.529205
0.619048 0.666667 0.596138
0.634921 0.666667 0.657147
0.650794 0.666667 0.711624
0.666667 0.666667 0.759029
0.68254 0.666667 0.798891
0.698413 0.666667 0.830812
0.714286 0.666667 0.854477
0.730159 0.666667 0.86965
0.746032 0.666667 0.876179
0.761905 0.666667 0.874001
0.777778 0.666667 0.863136
0.793651 0.666667 0.843693
0.809524 0.666667 0.815866
0.825397 0.666667 0.779929
0.84127 0.666667 0.736242
0.857143 0.666667 0.685237
0.873016 0.666667 0.627423
0.888889 0.666667 0.563372
0.904762 0.666667 0.493723
0.920635 0.666667 0.419166
0.936508 0.666667 0.340444
0.952381 0.666667 0.258339
0.968254 0.666667 0.173665
0.984127 0.666667 0.0872664
1 0.666667 0
0 0.68254 0
0.015873 0.68254 -0.0919274
0.031746 0.68254 -0.182941
0.047619 0.68254 -0.272137
0.0634921 0.68254 -0.358628
0.0793651 0.68254 -0.441555
0.0952381 0.68254 -0.520093
0.111111 0.68254 -0.593463
0.126984 0.68254 -0.660934
0.142857 0.68254 -0.721837
0.15873 0.68254 -0.775566
0.174603 0.68254 -0.821587
0.190476 0.68254 -0.859443
0.206349 0.68254 -0.888757
0.222222 0.68254 -0.909238
0.238095 0.68254 -0.920683
0.253968 0.68254 -0.922977
0.269841 0.68254 -0.916099
0.285714 0.68254 -0.900116
0.301587 0.68254 -0.875188
0.31746 0.68254 -0.841561
0.333333 0.68254 -0.79957
0.349206 0.68254 -0.749633
0.365079 0.68254 -0.692246
0.380952 0.68254 -0.627979
0.396825 0.68254 -0.557471
0.412698 0.68254 -0.481423
0.428571 0.68254 -0.400589
0.444444 0.68254 -0.315775
0.460317 0.68254 -0.227822
0.47619 0.68254 -0.137605
0.492063 0.68254 -0.0460209
0.507937 0.68254 0.0460209
0.52381 0.68254 0.137605
0.539683 0.68254 0.227822
0.555556 0.68254 0.315775
0.571429 0.68254 0.400589
0.587302 0.68254 0.481423
0.603175 0.68254 0.557471
0.619048 0.68254 0.627979
0.634921 0.68254 0.692246
0.650794 0.68254 0.749633
0.666667 0.68254 0.79957
0.68254 0.68254 0.841561
0.698413 0.68254 0.875188
0.714286 0.68254 0.900116
0.730159 0.68254 0.916099
0.746032 0.68254 0.922977
0.761905 0.68254 0.920683
0.777778 0.68254 0.909238
0.793651 0.68254 0.888757
0.809524 0.68254 0.859443
0.825397 0.68254 0.821587
0.84127 0.68254 0.775566
0.857143 0.68254 0.721837
0.873016 0.68254 0.660934
0.888889 0.68254 0.593463
0.904762 0.68254 0.520093
0.920635 0.68254 0.441555
0.936508 0.68254 0.358628
0.952381 0.68254 0.272137
0.968254 0.68254 0.182941
0.984127 0.68254 0.0919274
1 0.68254 0
0 0.698413 0
0.015873 0.698413 -0.0956968
0.031746 0.698413 -0.190442
0.047619 0.698413 -0.283295
0.0634921 0.698413 -0.373333
0.0793651 0.698413 -0.45966
0.0952381 0.698413 -0.541419
0.111111 0.698413 -0.617797
0.126984 0.698413 -0.688035
0.142857 0.698413 -0.751435
0.15873 0.698413 -0.807367
0.174603 0.698413 -0.855275
0.190476 0.698413 -0.894683
0.206349 0.698413 -0.925199
0.222222 0.698413 -0.94652
0.238095 0.698413 -0.958434
0.253968 0.698413 -0.960823
0.269841 0.698413 -0.953662
0.285714 0.698413 -0.937024
0.301587 0.698413 -0.911073
0.31746 0.698413 -0.876068
0.333333 0.698413 -0.832356
0.349206 0.698413 -0.780371
0.365079 0.698413 -0.720631
0.380952 0.698413 -0.653729
0.396825 0.698413 -0.580329
0.412698 0.698413 -0.501163
0.428571 0.698413 -0.417015
0.444444 0.698413 -0.328723
0.460317 0.698413 -0.237164
0.47619 0.698413 -0.143248
0.492063 0.698413 -0.0479079
0.507937 0.698413 0.0479079
0.52381 0.698413 0.143248
0.539683 0.698413 0.237164
0.555556 0.698413 0.328723
0.571429 0.698413 0.417015
0.587302 0.698413 0.501163
0.603175 0.698413 0.580329
0.619048 0.698413 0.653729
0.634921 0.698413 0.720631
0.650794 0.698413 0.780371
0.666667 0.698413 0.832356
0.68254 0.698413 0.876068
0.698413 0.698413 0.911073
0.714286 0.698413 0.937024
0.730159 0.698413 0.953662
0.746032 0.698413 0.960823
0.761905 0.698413 0.958434
0.777778 0.698413 0.94652
0.793651 0.698413 0.925199
0.809524 0.698413 0.894683
0.825397 0.698413 0.855275
0.84127 0.698413 0.807367
0.857143 0.698413 0.751435
0.873016 0.698413 0.688035
0.888889 0.698413 0.617797
0.904762 0.698413 0.541419
0.920635 0.698413 0.45966
0.936508 0.698413 0.373333
0.952381 0.698413 0.283295
0.968254 0.698413 0.190442
0.984127 0.698413 0.0956968
1 0.698413 0
0 0.714286 0
0.015873 0.714286 -0.0985397
0.031746 0.714286 -0.1961
0.047619 0.714286 -0.291712
0.0634921 0.714286 -0.384424
0.0793651 0.714286 -0.473316
0.0952381 0.714286 -0.557503
0.111111 0.714286 -0.63615
0.126984 0.714286 -0.708475
0.142857 0.714286 -0.773758
0.15873 0.714286 -0.831352
0.174603 0.714286 -0.880683
0.190476 0.714286 -0.921262
0.206349 0.714286 -0.952684
0.222222 0.714286 -0.974639
0.238095 0.714286 -0.986907
0.253968 0.714286 -0.989367
0.269841 0.714286 -0.981994
0.285714 0.714286 -0.964861
0.301587 0.714286 -0.938139
0.31746 0.714286 -0.902094
0.333333 0.714286 -0.857083
0.349206 0.714286 -0.803554
0.365079 0.714286 -0.742039
0.380952 0.714286 -0.673149
0.396825 0.714286 -0.59757
0.412698 0.714286 -0.516051
0.428571 0.714286 -0.429404
0.444444 0.714286 -0.338489
0.460317 0.714286 -0.244209
0.47619 0.714286 -0.147503
0.492063 0.714286 -0.0493312
0.507937 0.714286 0.0493312
0.52381 0.714286 0.147503
0.539683 0.714286 0.244209
0.555556 0.714286 0.338489
0.571429 0.714286 0.429404
0.587302 0.714286 0.516051
0.603175 0.714286 0.59757
0.619048 0.714286 0.673149
0.634921 0.714286 0.742039
0.650794 0.714286 0.803554
0.666667 0.714286 0.857083
0.68254 0.714286 0.902094
0.698413 0.714286 0.938139
0.714286 0.714286 0.964861
0.730159 0.714286 0.981994
0.746032 0.714286 0.989367
0.761905 0.714286 0.986907
0.777778 0.714286 0.974639
0.793651 0.714286 0.952684
0.809524 0.714286 0.921262
0.825397 0.714286 0.880683
0.84127 0.714286 0.831352
0.857143 0.714286 0.773758
0.873016 0.714286 0.708475
0.888889 0.714286 0.63615
0.904762 0.714286 0.557503
0.920635 0.714286 0.473316
0.936508 0.714286 0.384424
0.952381 0.714286 0.291712
0.968254 0.714286 0.1961
0.984127 0.714286 0.0985397
1 0.714286 0
0 0.730159 0
0.015873 0.730159 -0.100431
0.031746 0.730159 -0.199864
0.047619 0.730159 -0.297311
0.0634921 0.730159 -0.391802
0.0793651 0.730159 -0.4824
0.0952381 0.730159 -0.568204
0.111111 0.730159 -0.64836
0.126984 0.730159 -0.722073
0.142857 0.730159 -0.78861
0.15873 0.730159 -0.847309
0.174603 0.730159 -0.897587
0.190476 0.730159 -0.938944
0.206349 0.730159 -0.97097
0.222222 0.730159 -0.993346
0.238095 0.730159 -1.00585
0.253968 0.730159 -1.00836
0.269841 0.730159 -1.00084
0.285714 0.730159 -0.98338
0.301587 0.730159 -0.956146
0.31746 0.730159 -0.919408
0.333333 0.730159 -0.873534
0.349206 0.730159 -0.818977
0.365079 0.730159 -0.756282
0.380952 0.730159 -0.68607
0.396825 0.730159 -0.609039
0.412698 0.730159 -0.525956
0.428571 0.730159 -0.437645
0.444444 0.730159 -0.344985
0.460317 0.730159 -0.248897
0.47619 0.730159 -0.150334
0.492063 0.730159 -0.050278
0.507937 0.730159 0.050278
0.52381 0.730159 0.150334
0.539683 0.730159 0.248897
0.555556 0.730159 0.344985
0.571429 0.730159 0.437645
0.587302 0.730159 0.525956
0.603175 0.730159 0.609039
0.619048 0.730159 0.68607
0.634921 0.730159 0.756282
0.650794 0.730159 0.818977
0.666667 0.730159 0.873534
0.68254 0.730159 0.919408
0.698413 0.730159 0.956146
0.714286 0.730159 0.98338
0.730159 0.730159 1.00084
0.746032 0.730159 1.00836
0.761905 0.730159 1.00585
0.777778 0.730159 0.993346
0.793651 0.730159 0.97097
0.809524 0.730159 0.938944
0.825397 0.730159 0.897587
0.84127 0.730159 0.847309
0.857143 0.730159 0.78861
0.873016 0.730159 0.722073
0.888889 0.730159 0.64836
0.904762 0.730159 0.568204
0.920635 0.730159 0.4824
0.936508 0.730159 0.391802
0.952381 0.730159 0.297311
0.968254 0.730159 0.199864
0.984127 0.730159 0.100431
1 0.730159 0
0 0.746032 0
0.015873 0.746032 -0.101355
0.031746 0.746032 -0.201703
0.047619 0.746032 -0.300047
0.0634921 0.746032 -0.395408
0.0793651 0.746032 -0.48684
0.0952381 0.746032 -0.573433
0.111111 0.746032 -0.654327
0.126984 0.746032 -0.728718
0.142857 0.746032 -0.795867
0.15873 0.746032 -0.855106
0.174603 0.746032 -0.905847
0.190476 0.746032 -0.947585
0.206349 0.746032 -0.979905
0.222222 0.746032 -1.00249
0.238095 0.746032 -1.01511
0.253968 0.746032 -1.01764
0.269841 0.746032 -1.01005
0.285714 0.746032 -0.99243
0.301587 0.746032 -0.964945
0.31746 0.746032 -0.927869
0.333333 0.746032 -0.881572
0.349206 0.746032 -0.826514
0.365079 0.746032 -0.763241
0.380952 0.746032 -0.692383
0.396825 0.746032 -0.614644
0.412698 0.746032 -0.530796
0.428571 0.746032 -0.441673
0.444444 0.746032 -0.34816
0.460317 0.746032 -0.251187
0.47619 0.746032 -0.151718
0.492063 0.746032 -0.0507407
0.507937 0.746032 0.0507407
0.52381 0.746032 0.151718
0.539683 0.746032 0.251187
0.555556 0.746032 0.34816
0.571429 0.746032 0.441673
0.587302 0.746032 0.530796
0.603175 0.746032 0.614644
0.619048 0.746032 0.692383
0.634921 0.746032 0.763241
0.650794 0.746032 0.826514
0.666667 0.746032 0.881572
0.68254 0.746032 0.927869
0.698413 0.746032 0.964945
0.714286 0.746032 0.99243
0.730159 0.746032 1.01005
0.746032 0.746032 1.01764
0.761905 0.746032 1.01511
0.777778 0.746032 1.00249
0.793651 0.746032 0.979905
0.809524 0.746032 0.947585
0.825397 0.746032 0.905847
0.84127 0.746032 0.855106
0.857143 0.746032 0.795867
0.873016 0.746032 0.728718
0.888889 0.746032 0.654327
0.904762 0.746032 0.573433
0.920635 0.746032 0.48684
0.936508 0.746032 0.395408
0.952381 0.746032 0.300047
0.968254 0.746032 0.201703
0.984127 0.746032 0.101355
1 0.746032 0
0 0.761905 0
0.015873 0.761905 -0.101307
0.031746 0.761905 -0.201607
0.047619 0.761905 -0.299903
0.0634921 0.761905 -0.395219
0.0793651 0.761905 -0.486607
0.0952381 0.761905 -0.573159
0.111111 0.761905 -0.654014
0.126984 0.761905 -0.72837
0.142857 0.761905 -0.795487
0.15873 0.761905 -0.854697
0.174603 0.761905 -0.905414
0.190476 0.761905 -0.947132
0.206349 0.761905 -0.979437
0.222222 0.761905 -1.00201
0.238095 0.761905 -1.01462
0.253968 0.761905 -1.01715
0.269841 0.761905 -1.00957
0.285714 0.761905 -0.991956
0.301587 0.761905 -0.964483
0.31746 0.761905 -0.927426
0.333333 0.761905 -0.881151
0.349206 0.761905 -0.826119
0.365079 0.761905 -0.762877
0.380952 0.761905 -0.692052
0.396825 0.761905 -0.61435
0.412698 0.761905 -0.530542
0.428571 0.761905 -0.441462
0.444444 0.761905 -0.347994
0.460317 0.761905 -0.251067
0.47619 0.761905 -0.151645
0.492063 0.761905 -0.0507165
0.507937 0.761905 0.0507165
0.52381 0.761905 0.151645
0.539683 0.761905 0.251067
0.555556 0.761905 0.347994
0.571429 0.761905 0.441462
0.587302 0.761905 0.530542
0.603175 0.761905 0.61435
0.619048 0.761905 0.692052
0.634921 0.761905 0.762877
0.650794 0.761905 0.826119
0.666667 0.761905 0.881151
0.68254 0.761905 0.927426
0.698413 0.761905 0.964483
0.714286 0.761905 0.991956
0.730159 0.761905 1.00957
0.746032 0.761905 1.01715
0.761905 0.761905 1.01462
0.777778 0.761905 1.00201
0.793651 0.761905 0.979437
0.809524 0.761905 0.947132
0.825397 0.761905 0.905414
0.84127 0.761905 0.854697
0.857143 0.761905 0.795487
0.873016 0.761905 0.72837
0.888889 0.761905 0.654014
0.904762 0.761905 0.573159
0.920635 0.761905 0.486607
0.936508 0.761905 0.395219
0.952381 0.761905 0.299903
0.968254 0.761905 0.201607
0.984127 0.761905 0.101307
1 0.761905 0
0 0.777778 0
0.015873 0.777778 -0.10029
0.031746 0.777778 -0.199584
0.047619 0.777778 -0.296894
0.0634921 0.777778 -0.391253
0.0793651 0.777778 -0.481724
0.0952381 0.777778 -0.567407
0.111111 0.777778 -0.647451
0.126984 0.777778 -0.72106
0.142857 0.777778 -0.787503
0.15873 0.777778 -0.84612
0.174603 0.777778 -0.896328
0.190476 0.777778 -0.937627
0.206349 0.777778 -0.969608
0.222222 0.777778 -0.991952
0.238095 0.777778 -1.00444
0.253968 0.777778 -1.00694
0.269841 0.777778 -0.999438
0.285714 0.777778 -0.982001
0.301587 0.777778 -0.954804
0.31746 0.777778 -0.918119
0.333333 0.777778 -0.872308
0.349206 0.777778 -0.817828
0.365079 0.777778 -0.755221
0.380952 0.777778 -0.685107
0.396825 0.777778 -0.608185
0.412698 0.777778 -0.525218
0.428571 0.777778 -0.437031
0.444444 0.777778 -0.344501
0.460317 0.777778 -0.248548
0.47619 0.777778 -0.150124
0.492063 0.777778 -0.0502075
0.507937 0.777778 0.0502075
0.52381 0.777778 0.150124
0.539683 0.777778 0.248548
0.555556 0.777778 0.344501
0.571429 0.777778 0.437031
0.587302 0.777778 0.525218
0.603175 0.777778 0.608185
0.619048 0.777778 0.685107
0.634921 0.777778 0.755221
0.650794 0.777778 0.817828
0.666667 0.777778 0.872308
0.68254 0.777778 0.918119
0.698413 0.777778 0.954804
0.714286 0.777778 0.982001
0.730159 0.777778 0.999438
0.746032 0.777778 1.00694
0.761905 0.777778 1.00444
0.777778 0.777778 0.991952
0.793651 0.777778 0.969608
0.809524 0.777778 0.937627
0.825397 0.777778 0.896328
0.84127 0.777778 0.84612
0.857143 0.777778 0.787503
0.873016 0.777778 0.72106
0.888889 0.777778 0.647451
0.904762 0.777778 0.567407
0.920635 0.777778 0.481724
0.936508 0.777778 0.391253
0.952381 0.777778 0.296894
0.968254 0.777778 0.199584
0.984127 0.777778 0.10029
1 0.777778 0
0 0.793651 0
0.015873 0.793651 -0.0983197
0.031746 0.793651 -0.195662
0.047619 0.793651 -0.29106
0.0634921 0.793651 -0.383566
0.0793651 0.793651 -0.472259
0.0952381 0.793651 -0.556259
0.111111 0.793651 -0.63473
0.126984 0.793651 -0.706893
0.142857 0.793651 -0.772031
0.15873 0.793651 -0.829496
0.174603 0.793651 -0.878717
0.190476 0.793651 -0.919205
0.206349 0.793651 -0.950557
0.222222 0.793651 -0.972463
0.238095 0.793651 -0.984703
0.253968 0.793651 -0.987158
0.269841 0.793651 -0.979801
0.285714 0.793651 -0.962707
0.301587 0.793651 -0.936045
0.31746 0.793651 -0.90008
0.333333 0.793651 -0.855169
0.349206 0.793651 -0.80176
0.365079 0.793651 -0.740382
0.380952 0.793651 -0.671647
0.396825 0.793651 -0.596236
0.412698 0.793651 -0.514899
0.428571 0.793651 -0.428445
0.444444 0.793651 -0.337733
0.460317 0.793651 -0.243664
0.47619 0.793651 -0.147174
0.492063 0.793651 -0.049221
0.507937 0.793651 0.049221
0.52381 0.793651 0.147174
0.539683 0.793651 0.243664
0.555556 0.793651 0.337733
0.571429 0.793651 0.428445
0.587302 0.793651 0.514899
0.603175 0.793651 0.596236
0.619048 0.793651 0.671647
0.634921 0.793651 0.740382
0.650794 0.793651 0.80176
0.666667 0.793651 0.855169
0.68254 0.793651 0.90008
0.698413 0.793651 0.936045
0.714286 0.793651 0.962707
0.730159 0.793651 0.979801
0.746032 0.793651 0.987158
0.761905 0.793651 0.984703
0.777778 0.793651 0.972463
0.793651 0.793651 0.950557
0.809524 0.793651 0.919205
0.825397 0.793651 0.878717
0.84127 0.793651 0.829496
0.857143 0.793651 0.772031
0.873016 0.793651 0.706893
0.888889 0.793651 0.63473
0.904762 0.793651 0.556259
0.920635 0.793651 0.472259
0.936508 0.793651 0.383566
0.952381 0.793651 0.29106
0.968254 0.793651 0.195662
0.984127 0.793651 0.0983197
1 0.793651 0
0 0.809524 0
0.015873 0.809524 -0.0954198
0.031746 0.809524 -0.189891
0.047619 0.809524 -0.282476
0.0634921 0.809524 -0.372253
0.0793651 0.809524 -0.45833
0.0952381 0.809524 -0.539852
0.111111 0.809524 -0.616009
0.126984 0.809524 -0.686044
0.142857 0.809524 -0.74926
0.15873 0.809524 -0.80503
0.174603 0.809524 -0.8528
0.190476 0.809524 -0.892093
0.206349 0.809524 -0.922521
0.222222 0.809524 -0.943781
0.238095 0.809524 -0.95566
0.253968 0.809524 -0.958042
0.269841 0.809524 -0.950902
0.285714 0.809524 -0.934312
0.301587 0.809524 -0.908437
0.31746 0.809524 -0.873532
0.333333 0.809524 -0.829947
0.349206 0.809524 -0.778113
0.365079 0.809524 -0.718545
0.380952 0.809524 -0.651837
0.396825 0.809524 -0.57865
0.412698 0.809524 -0.499712
0.428571 0.809524 -0.415808
0.444444 0.809524 -0.327772
0.460317 0.809524 -0.236477
0.47619 0.809524 -0.142833
0.492063 0.809524 -0.0477693
0.507937 0.809524 0.0477693
0.52381 0.809524 0.142833
0.539683 0.809524 0.236477
0.555556 0.809524 0.327772
0.571429 0.809524 0.415808
0.587302 0.809524 0.499712
0.603175 0.809524 0.57865
0.619048 0.809524 0.651837
0.634921 0.809524 0.718545
0.650794 0.809524 0.778113
0.666667 0.809524 0.829947
0.68254 0.809524 0.873532
0.698413 0.809524 0.908437
0.714286 0.809524 0.934312
0.730159 0.809524 0.950902
0.746032 0.809524 0.958042
0.761905 0.809524 0.95566
0.777778 0.809524 0.943781
0.793651 0.809524 0.922521
0.809524 0.809524 0.892093
0.825397 0.809524 0.8528
0.84127 0.809524 0.80503
0.857143 0.809524 0.74926
0.873016 0.809524 0.686044
0.888889 0.809524 0.616009
0.904762 0.809524 0.539852
0.920635 0.809524 0.45833
0.936508 0.809524 0.372253
0.952381 0.809524 0.282476
0.968254 0.809524 0.189891
0.984127 0.809524 0.0954198
1 0.809524 0
0 0.825397 0
0.015873 0.825397 -0.0916246
0.031746 0.825397 -0.182339
0.047619 0.825397 -0.27124
0.0634921 0.825397 -0.357447
0.0793651 0.825397 -0.4401
0.0952381 0.825397 -0.51838
0.111111 0.825397 -0.591508
0.126984 0.825397 -0.658757
0.142857 0.825397 -0.719459
0.15873 0.825397 -0.773011
0.174603 0.825397 -0.81888
0.190476 0.825397 -0.856611
0.206349 0.825397 -0.885829
0.222222 0.825397 -0.906242
0.238095 0.825397 -0.91765
0.253968 0.825397 -0.919937
0.269841 0.825397 -0.913081
0.285714 0.825397 -0.897151
0.301587 0.825397 -0.872304
0.31746 0.825397 -0.838788
0.333333 0.825397 -0.796936
0.349206 0.825397 -0.747164
0.365079 0.825397 -0.689966
0.380952 0.825397 -0.62591
0.396825 0.825397 -0.555635
0.412698 0.825397 -0.479837
0.428571 0.825397 -0.39927
0.444444 0.825397 -0.314735
0.460317 0.825397 -0.227072
0.47619 0.825397 -0.137152
0.492063 0.825397 -0.0458693
0.507937 0.825397 0.0458693
0.52381 0.825397 0.137152
0.539683 0.825397 0.227072
0.555556 0.825397 0.314735
0.571429 0.825397 0.39927
0.587302 0.825397 0.479837
0.603175 0.825397 0.555635
0.619048 0.825397 0.62591
0.634921 0.825397 0.689966
0.650794 0.825397 0.747164
0.666667 0.825397 0.796936
0.68254 0.825397 0.838788
0.698413 0.825397 0.872304
0.714286 0.825397 0.897151
0.730159 0.825397 0.913081
0.746032 0.825397 0.919937
0.761905 0.825397 0.91765
0.777778 0.825397 0.906242
0.793651 0.825397 0.885829
0.809524 0.825397 0.856611
0.825397 0.825397 0.81888
0.84127 0.825397 0.773011
0.857143 0.825397 0.719459
0.873016 0.825397 0.658757
0.888889 0.825397 0.591508
0.904762 0.825397 0.51838
0.920635 0.825397 0.4401
0.936508 0.825397 0.357447
0.952381 0.825397 0.27124
0.968254 0.825397 0.182339
0.984127 0.825397 0.0916246
1 0.825397 0
0 0.84127 0
0.015873 0.84127 -0.0869775
0.031746 0.84127 -0.173091
0.047619 0.84127 -0.257483
0.0634921 0.84127 -0.339317
0.0793651 0.84127 -0.417779
0.0952381 0.84127 -0.492088
0.111111 0.84127 -0.561507
0.126984 0.84127 -0.625345
0.142857 0.84127 -0.682969
0.15873 0.84127 -0.733805
0.174603 0.84127 -0.777347
0.190476 0.84127 -0.813165
0.206349 0.84127 -0.8409
0.222222 0.84127 -0.860279
0.238095 0.84127 -0.871107
0.253968 0.84127 -0.873278
0.269841 0.84127 -0.86677
0.285714 0.84127 -0.851648
0.301587 0.84127 -0.828062
0.31746 0.84127 -0.796246
0.333333 0.84127 -0.756516
0.349206 0.84127 -0.709268
0.365079 0.84127 -0.654971
0.380952 0.84127 -0.594165
0.396825 0.84127 -0.527453
0.412698 0.84127 -0.4555
0.428571 0.84127 -0.379019
0.444444 0.84127 -0.298772
0.460317 0.84127 -0.215555
0.47619 0.84127 -0.130196
0.492063 0.84127 -0.0435429
0.507937 0.84127 0.0435429
0.52381 0.84127 0.130196
0.539683 0.84127 0.215555
0.555556 0.84127 0.298772
0.571429 0.84127 0.379019
0.587302 0.84127 0.4555
0.603175 0.84127 0.527453
0.619048 0.84127 0.594165
0.634921 0.84127 0.654971
0.650794 0.84127 0.709268
0.666667 0.84127 0.756516
0.68254 0.84127 0.796246
0.698413 0.84127 0.828062
0.714286 0.84127 0.851648
0.730159 0.84127 0.86677
0.746032 0.84127 0.873278
0.761905 0.84127 0.871107
0.777778 0.84127 0.860279
0.793651 0.84127 0.8409
0.809524 0.84127 0.813165
0.825397 0.84127 0.777347
0.84127 0.84127 0.733805
0.857143 0.84127 0.682969
0.873016 0.84127 0.625345
0.888889 0.84127 0.561507
0.904762 0.84127 0.492088
0.920635 0.84127 0.417779
0.936508 0.84127 0.339317
0.952381 0.84127 0.257483
0.968254 0.84127 0.173091
0.984127 0.84127 0.0869775
1 0.84127 0
0 0.857143 0
0.015873 0.857143 -0.081531
0.031746 0.857143 -0.162252
0.047619 0.857143 -0.24136
0.0634921 0.857143 -0.318069
0.0793651 0.857143 -0.391618
0.0952381 0.857143 -0.461274
0.111111 0.857143 -0.526346
0.126984 0.857143 -0.586187
0.142857 0.857143 -0.640202
0.15873 0.857143 -0.687854
0.174603 0.857143 -0.728671
0.190476 0.857143 -0.762245
0.206349 0.857143 -0.788244
0.222222 0.857143 -0.806409
0.238095 0.857143 -0.816559
0.253968 0.857143 -0.818594
0.269841 0.857143 -0.812494
0.285714 0.857143 -0.798319
0.301587 0.857143 -0.776209
0.31746 0.857143 -0.746386
0.333333 0.857143 -0.709144
0.349206 0.857143 -0.664855
0.365079 0.857143 -0.613958
0.380952 0.857143 -0.556959
0.396825 0.857143 -0.494425
0.412698 0.857143 -0.426977
0.428571 0.857143 -0.355285
0.444444 0.857143 -0.280063
0.460317 0.857143 -0.202057
0.47619 0.857143 -0.122043
0.492063 0.857143 -0.0408163
0.507937 0.857143 0.0408163
0.52381 0.857143 0.122043
0.539683 0.857143 0.202057
0.555556 0.857143 0.280063
0.571429 0.857143 0.355285
0.587302 0.857143 0.426977
0.603175 0.857143 0.494425
0.619048 0.857143 0.556959
0.634921 0.857143 0.613958
0.650794 0.857143 0.664855
0.666667 0.857143 0.709144
0.68254 0.857143 0.746386
0.698413 0.857143 0.776209
0.714286 0.857143 0.798319
0.730159 0.857143 0.812494
0.746032 0.857143 0.818594
0.761905 0.857143 0.816559
0.777778 0.857143 0.806409
0.793651 0.857143 0.788244
0.809524 0.857143 0.762245
0.825397 0.857143 0.728671
0.84127 0.857143 0.687854
0.857143 0.857143 0.640202
0.873016 0.857143 0.586187
0.888889 0.857143 0.526346
0.904762 0.857143 0.461274
0.920635 0.857143 0.391618
0.936508 0.857143 0.318069
0.952381 0.857143 0.24136
0.968254 0.857143 0.162252
0.984127 0.857143 0.081531
1 0.857143 0
0 0.873016 0
0.015873 0.873016 -0.0753464
0.031746 0.873016 -0.149944
0.047619 0.873016 -0.223051
0.0634921 0.873016 -0.293942
0.0793651 0.873016 -0.361911
0.0952381 0.873016 -0.426283
0.111111 0.873016 -0.486419
0.126984 0.873016 -0.541721
0.142857 0.873016 -0.591638
0.15873 0.873016 -0.635676
0.174603 0.873016 -0.673396
0.190476 0.873016 -0.704424
0.206349 0.873016 -0.728451
0.222222 0.873016 -0.745238
0.238095 0.873016 -0.754618
0.253968 0.873016 -0.756499
0.269841 0.873016 -0.750861
0.285714 0.873016 -0.737761
0.301587 0.873016 -0.717329
0.31746 0.873016 -0.689767
0.333333 0.873016 -0.655351
0.349206 0.873016 -0.614421
0.365079 0.873016 -0.567385
0.380952 0.873016 -0.51471
0.396825 0.873016 -0.456919
0.412698 0.873016 -0.394588
0.428571 0.873016 -0.328335
0.444444 0.873016 -0.258818
0.460317 0.873016 -0.18673
0.47619 0.873016 -0.112785
0.492063 0.873016 -0.0377201
0.507937 0.873016 0.0377201
0.52381 0.873016 0.112785
0.539683 0.873016 0.18673
0.555556 0.873016 0.258818
0.571429 0.873016 0.328335
0.587302 0.873016 0.394588
0.603175 0.873016 0.456919
0.619048 0.873016 0.51471
0.634921 0.873016 0.567385
0.650794 0.873016 0.614421
0.666667 0.873016 0.655351
0.68254 0.873016 0.689767
0.698413 0.873016 0.717329
0.714286 0.873016 0.737761
0.730159 0.873016 0.750861
0.746032 0.873016 0.756499
0.761905 0.873016 0.754618
0.777778 0.873016 0.745238
0.793651 0.873016 0.728451
0.809524 0.873016 0.704424
0.825397 0.873016 0.673396
0.84127 0.873016 0.635676
0.857143 0.873016 0.591638
0.873016 0.873016 0.541721
0.888889 0.873016 0.486419
0.904762 0.873016 0.426283
0.920635 0.873016 0.361911
0.936508 0.873016 0.293942
0.952381 0.873016 0.223051
0.968254 0.873016 0.149944
0.984127 0.873016 0.0753464
1 0.873016 0
0 0.888889 0
0.015873 0.888889 -0.0684927
0.031746 0.888889 -0.136305
0.047619 0.888889 -0.202762
0.0634921 0.888889 -0.267204
0.0793651 0.888889 -0.328991
0.0952381 0.888889 -0.387508
0.111111 0.888889 -0.442174
0.126984 0.888889 -0.492445
0.142857 0.888889 -0.537822
0.15873 0.888889 -0.577854
0.174603 0.888889 -0.612143
0.190476 0.888889 -0.640348
0.206349 0.888889 -0.662189
0.222222 0.888889 -0.677449
0.238095 0.888889 -0.685976
0.253968 0.888889 -0.687686
0.269841 0.888889 -0.682561
0.285714 0.888889 -0.670653
0.301587 0.888889 -0.652079
0.31746 0.888889 -0.627025
0.333333 0.888889 -0.595739
0.349206 0.888889 -0.558532
0.365079 0.888889 -0.515774
0.380952 0.888889 -0.467891
0.396825 0.888889 -0.415357
0.412698 0.888889 -0.358695
0.428571 0.888889 -0.298469
0.444444 0.888889 -0.235276
0.460317 0.888889 -0.169744
0.47619 0.888889 -0.102526
0.492063 0.888889 -0.034289
0.507937 0.888889 0.034289
0.52381 0.888889 0.102526
0.539683 0.888889 0.169744
0.555556 0.888889 0.235276
0.571429 0.888889 0.298469
0.587302 0.888889 0.358695
0.603175 0.888889 0.415357
0.619048 0.888889 0.467891
0.634921 0.888889 0.515774
0.650794 0.888889 0.558532
0.666667 0.888889 0.595739
0.68254 0.888889 0.627025
0.698413 0.888889 0.652079
0.714286 0.888889 0.670653
0.730159 0.888889 0.682561
0.746032 0.888889 0.687686
0.761905 0.888889 0.685976
0.777778 0.888889 0.677449
0.793651 0.888889 0.662189
0.809524 0.888889 0.640348
0.825397 0.888889 0.612143
0.84127 0.888889 0.577854
0.857143 0.888889 0.537822
0.873016 0.888889 0.492445
0.888889 0.888889 0.442174
0.904762 0.888889 0.387508
0.920635 0.888889 0.328991
0.936508 0.888889 0.267204
0.952381 0.888889 0.202762
0.968254 0.888889 0.136305
0.984127 0.888889 0.0684927
1 0.888889 0
0 0.904762 0
0.015873 0.904762 -0.0610467
0.031746 0.904762 -0.121487
0.047619 0.904762 -0.180719
0.0634921 0.904762 -0.238156
0.0793651 0.904762 -0.293225
0.0952381 0.904762 -0.345381
0.111111 0.904762 -0.394103
0.126984 0.904762 -0.43891
0.142857 0.904762 -0.479354
0.15873 0.904762 -0.515033
0.174603 0.904762 -0.545595
0.190476 0.904762 -0.570734
0.206349 0.904762 -0.590201
0.222222 0.904762 -0.603802
0.238095 0.904762 -0.611402
0.253968 0.904762 -0.612926
0.269841 0.904762 -0.608358
0.285714 0.904762 -0.597744
0.301587 0.904762 -0.58119
0.31746 0.904762 -0.558859
0.333333 0.904762 -0.530974
0.349206 0.904762 -0.497812
0.365079 0.904762 -0.459703
0.380952 0.904762 -0.417025
0.396825 0.904762 -0.370202
0.412698 0.904762 -0.3197
0.428571 0.904762 -0.266021
0.444444 0.904762 -0.209698
0.460317 0.904762 -0.151291
0.47619 0.904762 -0.0913802
0.492063 0.904762 -0.0305613
0.507937 0.904762 0.0305613
0.52381 0.904762 0.0913802
0.539683 0.904762 0.151291
0.555556 0.904762 0.209698
0.571429 0.904762 0.266021
0.587302 0.904762 0.3197
0.603175 0.904762 0.370202
0.619048 0.904762 0.417025
0.634921 0.904762 0.459703
0.650794 0.904762 0.497812
0.666667 0.904762 0.530974
0.68254 0.904762 0.558859
0.698413 0.904762 0.58119
0.714286 0.904762 0.597744
0.730159 0.904762 0.608358
0.746032 0.904762 0.612926
0.761905 0.904762 0.611402
0.777778 0.904762 0.603802
0.793651 0.904762 0.590201
0.809524 0.904762 0.570734
0.825397 0.904762 0.545595
0.84127 0.904762 0.515033
0.857143 0.904762 0.479354
0.873016 0.904762 0.43891
0.888889 0.904762 0.394103
0.904762 0.904762 0.345381
0.920635 0.904762 0.293225
0.936508 0.904762 0.238156
0.952381 0.904762 0.180719
0.968254 0.904762 0.121487
0.984127 0.904762 0.0610467
1 0.904762 0
0 0.920635 0
0.015873 0.920635 -0.0530916
0.031746 0.920635 -0.105656
0.047619 0.920635 -0.157169
0.0634921 0.920635 -0.207121
0.0793651 0.920635 -0.255015
0.0952381 0.920635 -0.300374
0.111111 0.920635 -0.342747
0.126984 0.920635 -0.381715
0.142857 0.920635 -0.416889
0.15873 0.920635 -0.447919
0.174603 0.920635 -0.474498
0.190476 0.920635 -0.496361
0.206349 0.920635 -0.513291
0.222222 0.920635 -0.52512
0.238095 0.920635 -0.531729
0.253968 0.920635 -0.533055
0.269841 0.920635 -0.529082
0.285714 0.920635 -0.519851
0.301587 0.920635 -0.505454
0.31746 0.920635 -0.486034
0.333333 0.920635 -0.461782
0.349206 0.920635 -0.432942
0.365079 0.920635 -0.399799
0.380952 0.920635 -0.362682
0.396825 0.920635 -0.321961
0.412698 0.920635 -0.27804
0.428571 0.920635 -0.231356
0.444444 0.920635 -0.182372
0.460317 0.920635 -0.131576
0.47619 0.920635 -0.0794724
0.492063 0.920635 -0.0265788
0.507937 0.920635 0.0265788
0.52381 0.920635 0.0794724
0.539683 0.920635 0.131576
0.555556 0.920635 0.182372
0.571429 0.920635 0.231356
0.587302 0.920635 0.27804
0.603175 0.920635 0.321961
0.619048 0.920635 0.362682
0.634921 0.920635 0.399799
0.650794 0.920635 0.432942
0.666667 0.920635 0.461782
0.68254 0.920635 0.486034
0.698413 0.920635 0.505454
0.714286 0.920635 0.519851
0.730159 0.920635 0.529082
0.746032 0.920635 0.533055
0.761905 0.920635 0.531729
0.777778 0.920635 0.52512
0.793651 0.920635 0.513291
0.809524 0.920635 0.496361
0.825397 0.920635 0.474498
0.84127 0.920635 0.447919
0.857143 0.920635 0.416889
0.873016 0.920635 0.381715
0.888889 0.920635 0.342747
0.904762 0.920635 0.300374
0.920635 0.920635 0.255015
0.936508 0.920635 0.207121
0.952381 0.920635 0.157169
0.968254 0.920635 0.105656
0.984127 0.920635 0.0530916
1 0.920635 0
0 0.936508 0
0.015873 0.936508 -0.044717
0.031746 0.936508 -0.0889896
0.047619 0.936508 -0.132378
0.0634921 0.936508 -0.17445
0.0793651 0.936508 -0.214789
0.0952381 0.936508 -0.252993
0.111111 0.936508 -0.288683
0.126984 0.936508 -0.321503
0.142857 0.936508 -0.351129
0.15873 0.936508 -0.377265
0.174603 0.936508 -0.399651
0.190476 0.936508 -0.418065
0.206349 0.936508 -0.432325
0.222222 0.936508 -0.442288
0.238095 0.936508 -0.447855
0.253968 0.936508 -0.448971
0.269841 0.936508 -0.445625
0.285714 0.936508 -0.437851
0.301587 0.936508 -0.425724
0.31746 0.936508 -0.409367
0.333333 0.936508 -0.388941
0.349206 0.936508 -0.36465
0.365079 0.936508 -0.336735
0.380952 0.936508 -0.305473
0.396825 0.936508 -0.271175
0.412698 0.936508 -0.234182
0.428571 0.936508 -0.194862
0.444444 0.936508 -0.153605
0.460317 0.936508 -0.110821
0.47619 0.936508 -0.0669365
0.492063 0.936508 -0.0223863
0.507937 0.936508 0.0223863
0.52381 0.936508 0.0669365
0.539683 0.936508 0.110821
0.555556 0.936508 0.153605
0.571429 0.936508 0.194862
0.587302 0.936508 0.234182
0.603175 0.936508 0.271175
0.619048 0.936508 0.305473
0.634921 0.936508 0.336735
0.650794 0.936508 0.36465
0.666667 0.936508 0.388941
0.68254 0.936508 0.409367
0.698413 0.936508 0.425724
0.714286 0.936508 0.437851
0.730159 0.936508 0.445625
0.746032 0.936508 0.448971
0.761905 0.936508 0.447855
0.777778 0.936508 0.442288
0.793651 0.936508 0.432325
0.809524 0.936508 0.418065
0.825397 0.936508 0.399651
0.84127 0.936508 0.377265
0.857143 0.936508 0.351129
0.873016 0.936508 0.321503
0.888889 0.936508 0.288683
0.904762 0.936508 0.252993
0.920635 0.936508 0.214789
0.936508 0.936508 0.17445
0.952381 0.936508 0.132378
0.968254 0.936508 0.0889896
0.984127 0.936508 0.044717
1 0.936508 0
0 0.952381 0
0.015873 0.952381 -0.0360175
0.031746 0.952381 -0.071677
0.047619 0.952381 -0.106624
0.0634921 0.952381 -0.140512
0.0793651 0.952381 -0.173003
0.0952381 0.952381 -0.203774
0.111111 0.952381 -0.232521
0.126984 0.952381 -0.258956
0.142857 0.952381 -0.282818
0.15873 0.952381 -0.303869
0.174603 0.952381 -0.3219
0.190476 0.952381 -0.336732
0.206349 0.952381 -0.348218
0.222222 0.952381 -0.356242
0.238095 0.952381 -0.360726
0.253968 0.952381 -0.361625
0.269841 0.952381 -0.35893
0.285714 0.952381 -0.352668
0.301587 0.952381 -0.342901
0.31746 0.952381 -0.329726
0.333333 0.952381 -0.313274
0.349206 0.952381 -0.293709
0.365079 0.952381 -0.271224
0.380952 0.952381 -0.246044
0.396825 0.952381 -0.218419
0.412698 0.952381 -0.188623
0.428571 0.952381 -0.156952
0.444444 0.952381 -0.123722
0.460317 0.952381 -0.0892615
0.47619 0.952381 -0.0539142
0.492063 0.952381 -0.0180311
0.507937 0.952381 0.0180311
0.52381 0.952381 0.0539142
0.539683 0.952381 0.0892615
0.555556 0.952381 0.123722
0.571429 0.952381 0.156952
0.587302 0.952381 0.188623
0.603175 0.952381 0.218419
0.619048 0.952381 0.246044
0.634921 0.952381 0.271224
0.650794 0.952381 0.293709
0.666667 0.952381 0.313274
0.68254 0.952381 0.329726
0.698413 0.952381 0.342901
0.714286 0.952381 0.352668
0.730159 0.952381 0.35893
0.746032 0.952381 0.361625
0.761905 0.952381 0.360726
0.777778 0.952381 0.356242
0.793651 0.952381 0.348218
0.809524 0.952381 0.336732
0.825397 0.952381 0.3219
0.84127 0.952381 0.303869
0.857143 0.952381 0.282818
0.873016 0.952381 0.258956
0.888889 0.952381 0.232521
0.904762 0.952381 0.203774
0.920635 0.952381 0.173003
0.936508 0.952381 0.140512
0.952381 0.952381 0.106624
0.968254 0.952381 0.071677
0.984127 0.952381 0.0360175
1 0.952381 0
0 0.968254 0
0.015873 0.968254 -0.0270921
0.031746 0.968254 -0.053915
0.047619 0.968254 -0.080202
0.0634921 0.968254 -0.105692
0.0793651 0.968254 -0.130131
0.0952381 0.968254 -0.153278
0.111111 0.968254 -0.174901
0.126984 0.968254 -0.194785
0.142857 0.968254 -0.212734
0.15873 0.968254 -0.228568
0.174603 0.968254 -0.242131
0.190476 0.968254 -0.253288
0.206349 0.968254 -0.261927
0.222222 0.968254 -0.267963
0.238095 0.968254 -0.271336
0.253968 0.968254 -0.272012
0.269841 0.968254 -0.269985
0.285714 0.968254 -0.265275
0.301587 0.968254 -0.257928
0.31746 0.968254 -0.248018
0.333333 0.968254 -0.235643
0.349206 0.968254 -0.220926
0.365079 0.968254 -0.204013
0.380952 0.968254 -0.185073
0.396825 0.968254 -0.164293
0.412698 0.968254 -0.141881
0.428571 0.968254 -0.118058
0.444444 0.968254 -0.0930626
0.460317 0.968254 -0.0671419
0.47619 0.968254 -0.0405539
0.492063 0.968254 -0.0135629
0.507937 0.968254 0.0135629
0.52381 0.968254 0.0405539
0.539683 0.968254 0.0671419
0.555556 0.968254 0.0930626
0.571429 0.968254 0.118058
0.587302 0.968254 0.141881
0.603175 0.968254 0.164293
0.619048 0.968254 0.185073
0.634921 0.968254 0.204013
0.650794 0.968254 0.220926
0.666667 0.968254 0.235643
0.68254 0.968254 0.248018
0.698413 0.968254 0.257928
0.714286 0.968254 0.265275
0.730159 0.968254 0.269985
0.746032 0.968254 0.272012
0.761905 0.968254 0.271336
0.777778 0.968254 0.267963
0.793651 0.968254 0.261927
0.809524 0.968254 0.253288
0.825397 0.968254 0.242131
0.84127 0.968254 0.228568
0.857143 0.968254 0.212734
0.873016 0.968254 0.194785
0.888889 0.968254 0.174901
0.904762 0.968254 0.153278
0.920635 0.968254 0.130131
0.936508 0.968254 0.105692
0.952381 0.968254 0.080202
0.968254 0.968254 0.053915
0.984127 0.968254 0.0270921
1 0.968254 0
0 0.984127 0
0.015873 0.984127 -0.0180436
0.031746 0.984127 -0.0359078
0.047619 0.984127 -0.0534152
0.0634921 0.984127 -0.0703917
0.0793651 0.984127 -0.0866686
0.0952381 0.984127 -0.102084
0.111111 0.984127 -0.116485
0.126984 0.984127 -0.129729
0.142857 0.984127 -0.141683
0.15873 0.984127 -0.152229
0.174603 0.984127 -0.161262
0.190476 0.984127 -0.168692
0.206349 0.984127 -0.174446
0.222222 0.984127 -0.178466
0.238095 0.984127 -0.180712
0.253968 0.984127 -0.181163
0.269841 0.984127 -0.179812
0.285714 0.984127 -0.176675
0.301587 0.984127 -0.171782
0.31746 0.984127 -0.165182
0.333333 0.984127 -0.15694
0.349206 0.984127 -0.147138
0.365079 0.984127 -0.135874
0.380952 0.984127 -0.12326
0.396825 0.984127 -0.109421
0.412698 0.984127 -0.0944939
0.428571 0.984127 -0.0786279
0.444444 0.984127 -0.0619805
0.460317 0.984127 -0.0447171
0.47619 0.984127 -0.0270093
0.492063 0.984127 -0.00903301
0.507937 0.984127 0.00903301
0.52381 0.984127 0.0270093
0.539683 0.984127 0.0447171
0.555556 0.984127 0.0619805
0.571429 0.984127 0.0786279
0.587302 0.984127 0.0944939
0.603175 0.984127 0.109421
0.619048 0.984127 0.12326
0.634921 0.984127 0.135874
0.650794 0.984127 0.147138
0.666667 0.984127 0.15694
0.68254 0.984127 0.165182
0.698413 0.984127 0.171782
0.714286 0.984127 0.176675
0.730159 0.984127 0.179812
0.746032 0.984127 0.181163
0.761905 0.984127 0.180712
0.777778 0.984127 0.178466
0.793651 0.984127 0.174446
0.809524 0.984127 0.168692
0.825397 0.984127 0.161262
0.84127 0.984127 0.152229
0.857143 0.984127 0.141683
0.873016 0.984127 0.129729
0.888889 0.984127 0.116485
0.904762 0.984127 0.102084
0.920635 0.984127 0.0866686
0.936508 0.984127 0.0703917
0.952381 0.984127 0.0534152
0.968254 0.984127 0.0359078
0.984127 0.984127 0.0180436
1 0.984127 0
0 1 0
0.015873 1 -0.00897717
0.031746 1 -0.0178651
0.047619 1 -0.0265755
0.0634921 1 -0.0350218
0.0793651 1 -0.04312
0.0952381 1 -0.0507897
0.111111 1 -0.0579546
0.126984 1 -0.0645435
0.142857 1 -0.070491
0.15873 1 -0.0757379
0.174603 1 -0.080232
0.190476 1 -0.0839288
0.206349 1 -0.0867915
0.222222 1 -0.0887916
0.238095 1 -0.0899092
0.253968 1 -0.0901333
0.269841 1 -0.0894616
0.285714 1 -0.0879008
0.301587 1 -0.0854664
0.31746 1 -0.0821826
0.333333 1 -0.078082
0.349206 1 -0.0732054
0.365079 1 -0.0676013
0.380952 1 -0.0613253
0.396825 1 -0.0544398
0.412698 1 -0.0470133
0.428571 1 -0.0391195
0.444444 1 -0.030837
0.460317 1 -0.022248
0.47619 1 -0.0134378
0.492063 1 -0.00449417
0.507937 1 0.00449417
0.52381 1 0.0134378
0.539683 1 0.022248
0.555556 1 0.030837
0.571429 1 0.0391195
0.587302 1 0.0470133
0.603175 1 0.0544398
0.619048 1 0.0613253
0.634921 1 0.0676013
0.650794 1 0.0732054
0.666667 1 0.078082
0.68254 1 0.0821826
0.698413 1 0.0854664
0.714286 1 0.0879008
0.730159 1 0.0894616
0.746032 1 0.0901333
0.761905 1 0.0899092
0.777778 1 0.0887916
0.793651 1 0.0867915
0.809524 1 0.0839288
0.825397 1 0.080232
0.84127 1 0.0757379
0.857143 1 0.070491
0.873016 1 0.0645435
0.888889 1 0.0579546
0.904762 1 0.0507897
0.920635 1 0.04312
0.936508 1 0.0350218
0.952381 1 0.0265755
0.968254 1 0.0178651
0.984127 1 0.00897717
1 1 0
